pair_id,candidate_a,candidate_b,rank_a,rank_b,score_a,score_b,delta_score,delta_corr,delta_psr,delta_context128,delta_context_combined,delta_neigh,delta_gradient,delta_phase,delta_center,delta_family,label
pair_001,GT,Rank_2,1,2,0.9393008501952909,0.4367169203451027,0.5025839298501882,0.03623151779174805,0,0.0325629109136355,-0.0002779940113961654,0.02324432134628296,0.0748286247253418,0.0,-24.526029749220356,0.0,1
pair_001,GT,Rank_3,1,3,0.9393008501952909,0.07575783688259086,0.8635430133127,0.01045238971710205,0,-0.039408272674654854,-0.011505760692601452,0.0032961666584014893,0.028369486331939697,0.0,-22.022067165655073,0.0,1
pair_001,GT,Rank_4,1,4,0.9393008501952909,0.06560242765432289,0.873698422540968,0.07732933759689331,0,0.0805613522559272,0.021542228173825118,0.042667001485824585,0.0990605354309082,0.0,16.4921043605448,0.0,1
pair_001,GT,Rank_5,1,5,0.9393008501952909,0.05000690722468329,0.8892939429706076,0.06867289543151855,0,0.04299138135529179,0.022611590739705756,0.013739362359046936,0.07877081632614136,0.0,94.95184245755877,0.0,1
pair_001,GT,Rank_6,1,6,0.9393008501952909,0.04611968831235495,0.893181161882936,0.16404402256011963,0,0.15105228198893017,0.11400656806205889,0.09315288066864014,0.16797930002212524,0.0,60.173622511359,0.0,1
pair_001,GT,Rank_7,1,7,0.9393008501952909,0.03922917663098823,0.9000716735643026,0.010060489177703857,0,0.04303047782467362,0.01215182870808984,0.002743348479270935,0.022089481353759766,0.0,102.74633237930568,0.0,1
pair_001,GT,Rank_8,1,8,0.9393008501952909,0.036077022021198786,0.9032238281740921,0.06808561086654663,0,0.11844781888463118,0.03563451481756541,0.011357381939888,0.07806235551834106,0.0,84.45700780627055,0.0,1
pair_001,GT,Rank_9,1,9,0.9393008501952909,0.033897531607040184,0.9054033185882506,0.06766808032989502,0,0.03696455472028515,0.017039872107986964,0.01655837893486023,0.079795241355896,0.0,73.76338291543439,0.0,1
pair_001,GT,Rank_10,1,10,0.9393008501952909,0.03001235369584951,0.9092884964994413,0.07075613737106323,0,0.12309217149440677,0.03988983872805896,0.017442286014556885,0.08116310834884644,0.0,104.98008918468688,0.0,1
pair_001,GT,Rank_11,1,11,0.9393008501952909,0.023305952275851027,0.9159948979194399,0.11259812116622925,0,0.0029360120015327063,0.020571000428310615,0.06639087200164795,0.15274471044540405,0.0,-33.02155806227546,0.0,1
pair_001,GT,Rank_12,1,12,0.9393008501952909,0.022765854761775874,0.916534995433515,0.030816078186035156,0,-0.02259089945999926,-0.002639060425978279,0.02108493447303772,0.044891357421875,0.0,-69.78839285721031,0.0,1
pair_001,GT,Rank_13,1,13,0.9393008501952909,0.02143138552098904,0.9178694646743019,0.05637079477310181,0,0.0327777491531569,0.020254135822673547,0.02168433368206024,0.06813663244247437,0.0,-60.25383037201911,0.0,1
pair_001,GT,Rank_14,1,14,0.9393008501952909,0.02019714953566497,0.9191037006596259,0.08930009603500366,0,0.1066235682708141,0.027767617784657084,0.05729381740093231,0.11579716205596924,0.0,62.968234410574425,0.0,1
pair_001,GT,Rank_15,1,15,0.9393008501952909,0.015908862876384013,0.9233919873189068,0.07055765390396118,0,0.027093594838722423,0.010511921398660529,0.010566756129264832,0.08420652151107788,0.0,1.9844195933400783,0.0,1
pair_001,GT,Rank_16,1,16,0.9393008501952909,0.014484055758326604,0.9248167944369643,0.22001343965530396,0,0.1615392142132055,0.06629948602880487,0.11816726624965668,0.17593425512313843,0.0,52.11460179128308,0.0,1
pair_001,GT,Rank_17,1,17,0.9393008501952909,0.014309163523322068,0.9249916866719687,0.07418638467788696,0,-0.010810901617223534,0.006564233850507417,0.01558065414428711,0.09824812412261963,0.0,-20.03563454843706,0.0,1
pair_001,GT,Rank_18,1,18,0.9393008501952909,0.0138739477938021,0.9254269024014887,0.21821951866149902,0,0.21912462129435362,0.14029357686103427,0.15057794749736786,0.179610013961792,0.0,41.22430528629637,0.0,1
pair_001,GT,Rank_19,1,19,0.9393008501952909,0.012585775551870121,0.9267150746434207,0.07374364137649536,0,-0.015103839546125042,-0.002190803696747845,0.03889681398868561,0.07402408123016357,0.0,-40.23477481910007,0.0,1
pair_001,GT,Rank_20,1,20,0.9393008501952909,0.011160592846111246,0.9281402573491796,0.0721278190612793,0,0.11948456343485647,0.0374688346273484,0.012623578310012817,0.08794623613357544,0.0,1.5503849839121528,0.0,1
pair_003,GT,Rank_1,105,1,0.0014671849147112118,0.21380722888656947,-0.21234004397185827,0.007498264312744141,0,0.004947569314260991,0.009744017522111736,0.04095546901226044,0.01788991689682007,0.037500000000000006,108.5433315993987,-0.305,1
pair_003,GT,Rank_2,105,2,0.0014671849147112118,0.19535414611923302,-0.1938869612045218,-0.007453858852386475,0,-0.010514807509812485,-0.005858127175854433,0.03589479625225067,-0.028531193733215332,0.075,89.17626551894509,-0.305,1
pair_003,GT,Rank_3,105,3,0.0014671849147112118,0.07647733623627884,-0.07501015132156763,0.008436858654022217,0,0.0033144917729788226,0.004852315995752532,0.03388674557209015,0.0228765606880188,0.075,92.94062720989311,-0.305,1
pair_003,GT,Rank_4,105,4,0.0014671849147112118,0.0506798771867397,-0.049212692272028485,-0.006027102470397949,0,-0.008935778265074412,-0.004993158126165076,-0.00032278895378112793,-0.019207417964935303,0.0314145877436858,84.62843178058458,-0.305,1
pair_003,GT,Rank_5,105,5,0.0014671849147112118,0.04285353388589661,-0.0413863489711854,0.002665996551513672,0,0.0004487197694816869,0.0012477721740953296,0.0362248420715332,-0.0003421902656555176,-0.004616460960662205,60.658057004649294,0.0,1
pair_003,GT,Rank_6,105,6,0.0014671849147112118,0.031688568003945705,-0.030221383089234492,-0.001886129379272461,0,-0.009376430864738827,-0.0074022029416969115,0.023455947637557983,-0.0101127028465271,0.075,98.92966720596064,-0.305,1
pair_003,GT,Rank_7,105,7,0.0014671849147112118,0.030992573208741298,-0.029525388294030085,0.0067490339279174805,0,0.006147845568419186,0.012031838825241836,0.01755918562412262,0.019535839557647705,0.0,88.51812927376615,-0.305,1
pair_003,GT,Rank_8,105,8,0.0014671849147112118,0.030005138885078244,-0.02853795397036703,0.00941324234008789,0,0.008964558037092507,0.013284008708288608,0.04829603433609009,0.0201570987701416,0.075,86.23250682759269,-0.305,1
pair_003,GT,Rank_9,105,9,0.0014671849147112118,0.02774213628071574,-0.026274951366004527,0.008922755718231201,0,0.006342727190896014,0.008506987105969976,0.007015809416770935,0.028090953826904297,0.0314145877436858,69.48607268724285,-0.305,1
pair_003,GT,Rank_10,105,10,0.0014671849147112118,0.027125193371262388,-0.025658008456551175,0.013160169124603271,0,0.015228799755762301,0.017390234266382865,0.03608320653438568,0.03285104036331177,0.0314145877436858,100.84482658240282,-0.305,1
pair_003,GT,Rank_11,105,11,0.0014671849147112118,0.02313007249434669,-0.021662887579635477,-0.00851297378540039,0,-0.01278712828946782,-0.00606588265395458,0.02316451072692871,-0.022061824798583984,0.037500000000000006,75.23478072648669,-0.305,1
pair_003,GT,Rank_12,105,12,0.0014671849147112118,0.022714198933156935,-0.021247014018445722,-0.006218433380126953,0,-0.007939523587980224,-0.006769941312216088,-0.00325794517993927,-0.025938987731933594,0.075,61.610480359231516,-0.305,1
pair_003,GT,Rank_13,105,13,0.0014671849147112118,0.022254681891292365,-0.020787496976581152,-0.0032096505165100098,0,-0.0043496339662807415,-0.002498979249973221,0.03505612909793854,-0.01218348741531372,0.014791827170100497,85.07864138853748,-0.305,1
pair_003,GT,Rank_14,105,14,0.0014671849147112118,0.020879625133273298,-0.019412440218562085,-0.007056474685668945,0,-0.009589802499737066,-0.005682973912570777,-0.004268616437911987,-0.020206570625305176,0.0314145877436858,64.25400971805345,-0.305,1
pair_003,GT,Rank_15,105,15,0.0014671849147112118,0.020771742439413477,-0.019304557524702264,0.0036743879318237305,0,0.0003778248649257687,0.0012975767579650466,0.027966752648353577,0.011232852935791016,0.0,67.52218793034609,-0.305,1
pair_003,GT,Rank_16,105,16,0.0014671849147112118,0.020712521137172337,-0.019245336222461124,-0.0056247711181640625,0,-0.009791314647925153,-0.006786092583471071,0.020209774374961853,-0.013018012046813965,0.075,25.48470198728424,-0.305,1
pair_003,GT,Rank_17,105,17,0.0014671849147112118,0.01867527834212062,-0.017208093427409407,0.006337463855743408,0,0.004152082958876369,0.006842416071353941,0.044671013951301575,0.013821244239807129,0.075,70.78742500183775,-0.305,1
pair_003,GT,Rank_18,105,18,0.0014671849147112118,0.017708409172579476,-0.016241224257868263,0.013925671577453613,0,0.014964900860583885,0.013451108574825787,0.009447574615478516,0.03182721138000488,0.0,59.2831799301421,-0.305,1
pair_003,GT,Rank_19,105,19,0.0014671849147112118,0.017624508710669912,-0.0161573237959587,0.01637357473373413,0,0.015968736106389936,0.021337833129256856,0.008712783455848694,0.045039474964141846,-0.004616460960662205,43.74755230734553,-0.305,1
pair_003,GT,Rank_20,105,20,0.0014671849147112118,0.017338928255489102,-0.01587174334077789,0.008669078350067139,0,0.006173819959862326,0.006549080247954975,0.01150926947593689,0.02215743064880371,0.075,41.45342916775243,-0.305,1
pair_004,GT,Rank_1,26,1,0.0073734514711256,0.8336105827711408,-0.8262371313000152,-0.08883547782897949,0,-0.09373743119653455,0.0824273510794169,-0.039773418335244115,-0.1984269618988037,0.1162132317597294,-60.80855490286467,0.0,1
pair_004,GT,Rank_2,26,2,0.0073734514711256,0.8040903018532356,-0.79671685038211,-0.08696311712265015,0,-0.10731544862695586,0.06772765206024023,-0.02944060298614201,-0.15960842370986938,0.1162132317597294,-34.82886207017228,0.0,1
pair_004,GT,Rank_3,26,3,0.0073734514711256,0.49134249054923884,-0.48396903907811323,-0.08758819103240967,0,-0.10566966496109331,0.06326461851593645,-0.0061364739667624235,-0.180411696434021,0.1162132317597294,-78.79562418179768,0.0,1
pair_004,GT,Rank_4,26,4,0.0073734514711256,0.3566147850132696,-0.349241333542144,-0.0867236852645874,0,-0.10216568377341562,0.07302008050001996,-0.11034251074306672,-0.15962785482406616,0.1162132317597294,-136.79202710603852,0.0,1
pair_004,GT,Rank_5,26,5,0.0073734514711256,0.3272489412096908,-0.31987548973856517,-0.0701972246170044,0,-0.08000098443876502,0.11384212377257774,-0.02676946739666161,-0.12432068586349487,0.07871323175972941,-70.77294174630202,0.0,1
pair_004,GT,Rank_6,26,6,0.0073734514711256,0.3002872505092355,-0.2929137990381099,-0.0014429092407226562,0,0.013055035482811506,0.11654391923400664,-0.011146951699629398,-0.013947278261184692,0.1162132317597294,-36.8384077701313,0.0,1
pair_004,GT,Rank_7,26,7,0.0073734514711256,0.2970315727208956,-0.28965812124977,-0.08601570129394531,0,-0.1017149780691039,0.08856778526090514,-0.031082705361768603,-0.155595600605011,0.07871323175972941,-52.79202710603852,0.0,1
pair_004,GT,Rank_8,26,8,0.0073734514711256,0.2571607450962374,-0.24978729362511176,-0.08284878730773926,0,-0.09482553377697833,0.005059334651255187,-0.017549891723319916,-0.1823466420173645,0.1162132317597294,11.834426404170188,0.0,1
pair_004,GT,Rank_9,26,9,0.0073734514711256,0.22023022133566772,-0.2128567698645421,-0.009865045547485352,0,-0.003570101709655882,0.21614972946183775,-0.02074865368194881,-0.0372222363948822,0.07871323175972941,-30.87989677044554,0.0,1
pair_004,GT,Rank_10,26,10,0.0073734514711256,0.14856545386580025,-0.14119200239467466,-0.07999157905578613,0,-0.09192961797294708,0.0256051499462826,-0.026945973513647914,-0.14568930864334106,0.07871323175972941,-19.854502711030904,0.0,1
pair_004,GT,Rank_11,26,11,0.0073734514711256,0.0837135510753278,-0.0763400996042022,-0.06603097915649414,0,-0.06520419722290227,0.10989408923983501,-0.0336759842466563,-0.1698644757270813,0.1162132317597294,-42.83570716454574,0.0,1
pair_004,GT,Rank_12,26,12,0.0073734514711256,0.05194071713897573,-0.04456726566785013,-0.034648239612579346,0,-0.034845980317773195,0.09182826820642531,-0.016034827334806323,-0.05645295977592468,0.1162132317597294,-76.72996925502804,0.0,1
pair_004,GT,Rank_13,26,13,0.0073734514711256,0.050016769798160526,-0.042643318327034926,-0.05992293357849121,0,-0.07287499269277653,0.14660852602093166,-0.0218467998784036,-0.08064502477645874,0.1162132317597294,-66.80777416127572,0.0,1
pair_004,GT,Rank_14,26,14,0.0073734514711256,0.045643311442881904,-0.038269859971756304,-0.06142401695251465,0,-0.07023204152171536,0.04464138181765587,-0.020362754119560122,-0.09101253747940063,0.1162132317597294,-40.76727159695322,0.0,1
pair_004,GT,Rank_15,26,15,0.0073734514711256,0.04403653714246834,-0.03666308567134274,-0.05464071035385132,0,-0.07190526929883323,0.08117791776556393,-0.017889422131702304,-0.09975522756576538,0.1162132317597294,5.875662065136986,0.0,1
pair_004,GT,Rank_16,26,16,0.0073734514711256,0.036509451442903136,-0.029135999971777536,-0.05677253007888794,0,-0.06021414488275634,0.005884899291665802,-0.01990465703420341,-0.16008752584457397,0.1162132317597294,-5.981150079530167,0.0,1
pair_004,GT,Rank_17,26,17,0.0073734514711256,0.03479974923917638,-0.027426297768050778,-0.06402426958084106,0,-0.09888285416248466,0.05664953785441984,0.002219434129074188,-0.15440988540649414,0.07871323175972941,26.473717307095484,0.0,1
pair_004,GT,Rank_18,26,18,0.0073734514711256,0.027363771400547427,-0.019990319929421827,-0.03446871042251587,0,-0.01719895915302616,0.1599575347038631,-0.0283738586585969,-0.1419827938079834,0.07871323175972941,-24.886092704057745,0.0,1
pair_004,GT,Rank_19,26,19,0.0073734514711256,0.025989638822548445,-0.018616187351422845,-0.05341428518295288,0,-0.05989336337960449,0.07309195810427505,-0.02146884216926992,-0.08063185214996338,0.1162132317597294,-58.7415962519585,0.0,1
pair_004,GT,Rank_20,26,20,0.0073734514711256,0.025257429533947186,-0.017883978062821587,-0.00956428050994873,0,0.007144399765579457,0.13144342270370735,-0.01191410725004971,-0.04139077663421625,0.1162132317597294,-94.72749754454074,0.0,1
pair_005,GT,Rank_1,6,1,0.07716594457460359,0.34089019374740187,-0.2637242491727983,-0.01023721694946289,0,-0.16914408749912357,-0.03353960160906089,-0.004251904785633087,-0.021229267120361328,0.043585412256314196,-48.98648710593331,0.0,1
pair_005,GT,Rank_2,6,2,0.07716594457460359,0.27679068061162726,-0.1996247360370237,-0.03168821334838867,0,-0.14983177979892914,-0.01340288188545935,-0.004193736240267809,-0.10678958892822266,0.043585412256314196,-3.3457779972775796,0.0,1
pair_005,GT,Rank_3,6,3,0.07716594457460359,0.15725962186959624,-0.08009367729499266,-0.01202303171157837,0,-0.17374673975319233,-0.05587195833775149,-0.005146347451955108,-0.04775702953338623,0.012519395078332093,-8.959892619190256,0.0,1
pair_005,GT,Rank_4,6,4,0.07716594457460359,0.12422252108695145,-0.04705657651234786,-0.010147392749786377,0,-0.0485483878042966,0.07383883535661695,-0.0036632539704442024,-0.044691622257232666,-0.0314145877436858,0.32440248423611706,0.0,1
pair_005,GT,Rank_5,6,5,0.07716594457460359,0.10988881861128032,-0.03272287403667673,0.04603689908981323,0,-0.12788328507430236,-0.026696086238188976,0.03252425603568551,-0.07590728998184204,0.043585412256314196,-11.95249281464892,0.0,1
pair_005,GT,Rank_7,6,7,0.07716594457460359,0.03854884800146269,0.0386170965731409,0.06889957189559937,0,-0.1355966669572679,0.00046025704384755617,0.047958729788661,-0.021549642086029053,-0.0314145877436858,2.877475371623362,0.0,1
pair_005,GT,Rank_8,6,8,0.07716594457460359,0.03812678883932745,0.03903915573527614,0.04691314697265625,0,-0.12302326102691885,0.01580385713290411,0.0321270693093538,-0.07502371072769165,0.006085412256314204,-33.12156242052946,0.0,1
pair_005,GT,Rank_9,6,9,0.07716594457460359,0.03726575127557107,0.039900193299032514,0.0523989200592041,0,-0.14522779122479212,-0.09079269257787137,0.03347052447497839,-0.05264824628829956,0.006085412256314204,79.15115240487,0.0,1
pair_005,GT,Rank_10,6,10,0.07716594457460359,0.034293642191116046,0.04287230238348754,-0.01076573133468628,0,-0.17142988882514432,-0.033705041039054584,3.911554813107454e-07,-0.03812134265899658,-0.1000752838003845,-6.276663224805773,0.0,1
pair_005,GT,Rank_11,6,11,0.07716594457460359,0.03411791764659389,0.0430480269280097,0.04544675350189209,0,-0.12302751156251446,0.006608916453855862,0.03414036147296429,-0.07413804531097412,0.043585412256314196,-38.27422223164005,0.0,1
pair_005,GT,Rank_12,6,12,0.07716594457460359,0.025419746497356704,0.05174619807724688,0.06767416000366211,0,-0.16498771358969155,-0.031925115495438416,0.03423394449055189,-0.04398643970489502,0.043585412256314196,-32.034376241574634,0.0,1
pair_005,GT,Rank_13,6,13,0.07716594457460359,0.024605238161671497,0.05256070641293209,0.06460779905319214,0,-0.10642518536890166,-0.025674982157247617,0.0296525526791811,-0.016223430633544922,-0.016622760573585305,80.02422245167381,0.0,1
pair_005,GT,Rank_14,6,14,0.07716594457460359,0.020294141289900702,0.056871803284702885,0.04689604043960571,0,-0.11945173197662873,-0.09415936921694412,0.02972204051911831,-0.07953721284866333,0.043585412256314196,-35.04521640243685,0.0,1
pair_005,GT,Rank_15,6,15,0.07716594457460359,0.0189468346556082,0.058219109918995385,0.04841482639312744,0,-0.11409288156238007,-0.0903851980566116,0.028942843899130793,-0.06969493627548218,0.043585412256314196,79.27791151029231,0.0,1
pair_005,GT,Rank_16,6,16,0.07716594457460359,0.018853805331661488,0.058312139242942096,-0.030025362968444824,0,-0.10593890323785093,0.02332385435467066,-0.005740966647863388,-0.10450929403305054,0.006085412256314204,-1.1328340187919963,0.0,1
pair_005,GT,Rank_17,6,17,0.07716594457460359,0.01878645626914719,0.058379488305456397,0.05996125936508179,0,-0.11319259113595193,-0.0769640913049251,0.048673840239643995,-0.042237281799316406,0.006085412256314204,40.01229008305515,0.0,1
pair_005,GT,Rank_18,6,18,0.07716594457460359,0.017566144316413616,0.05959980025818997,0.05107378959655762,0,-0.13819944653262695,-0.0022177563203195083,0.030381171032786314,-0.07541710138320923,0.043585412256314196,-29.587748818895605,0.0,1
pair_005,GT,Rank_19,6,19,0.07716594457460359,0.01632201109995885,0.060843933474644736,0.045046448707580566,0,-0.10578942809651559,-0.09388261414891208,0.0331924203783274,-0.08162784576416016,0.043585412256314196,3.5097978837671207,0.0,1
pair_005,GT,Rank_20,6,20,0.07716594457460359,0.014536462229332256,0.06262948234527133,-0.013278961181640625,0,-0.05347017503002638,0.06698079227519027,-0.007204574532806901,-0.043188631534576416,0.006085412256314204,-70.48585127067933,0.0,1
pair_006,GT,Rank_1,37,1,0.005273884682665874,0.06920918471653013,-0.06393530003386426,-0.007485806941986084,0,0.024911203177905003,0.0025210455139321186,0.03539653867483139,-0.04751220345497137,-0.0749999999999999,-21.161114463200818,0.0,1
pair_006,GT,Rank_2,37,2,0.005273884682665874,0.059472014826886375,-0.0541981301442205,-0.025930583477020264,0,0.010468520621899402,-0.0016799511988910831,0.07228777743875978,-0.05488970875740057,-0.006085412256314204,6.7556333425061155,0.0,1
pair_006,GT,Rank_3,37,3,0.005273884682665874,0.02950097329430395,-0.024227088611638074,-0.016468822956085205,0,0.046272947844820514,0.013972789896586513,0.02916593477129939,-0.024496823549270685,-0.006085412256314204,4.5605599532386805,0.0,1
pair_006,GT,Rank_4,37,4,0.005273884682665874,0.029433447863337917,-0.024159563180672042,-0.024246811866760254,0,-0.7867300253638124,-0.006410287079823995,0.08776165917515749,-0.0474983155727387,-0.006085412256314204,-83.87119034067267,0.0,1
pair_006,GT,Rank_5,37,5,0.005273884682665874,0.024914719025995256,-0.01964083434332938,-0.022940993309020996,0,-0.3068287976322196,0.015607198603535932,0.03259328752756119,-0.04981043934822088,0.03749999999999999,-9.742582940832762,0.0,1
pair_006,GT,Rank_6,37,6,0.005273884682665874,0.02411582034948915,-0.018841935666823274,-0.018279612064361572,0,-0.78332521780778,-0.001275461844190362,0.0713062733411789,-0.03659477829933172,0.028647450843757895,33.68065600421725,0.0,1
pair_006,GT,Rank_7,37,7,0.005273884682665874,0.021890930405236778,-0.016617045722570903,-0.0061383843421936035,0,-0.7803962283175405,-0.01847926619223439,0.025904752314090673,-0.062142342329025324,0.0,-12.04206871915882,0.0,1
pair_006,GT,Rank_8,37,8,0.005273884682665874,0.02057477976885428,-0.015300895086188405,0.006676197052001953,0,-0.7499012927464288,0.0034400457806423312,0.007727993652224485,0.0008763968944549005,-0.046599025766973196,29.316533772283172,0.0,1
pair_006,GT,Rank_9,37,9,0.005273884682665874,0.01866876530853722,-0.013394880625871346,-0.017341136932373047,0,-0.036410361161614196,-0.027686919308313074,0.01861866377294058,-0.04532679915428167,-0.037500000000000006,26.78699631494328,0.0,1
pair_006,GT,Rank_10,37,10,0.005273884682665874,0.017785136496393517,-0.012511251813727642,0.005561769008636475,0,-0.7603389373564907,0.005984125567896514,0.016601433977484703,0.015346378087997381,0.03749999999999999,28.978678702425825,0.0,1
pair_006,GT,Rank_11,37,11,0.005273884682665874,0.01579275515351062,-0.010518870470844745,-0.028371870517730713,0,-0.7920514249249236,-0.005453308610336494,0.00685462169349188,-0.05135300755500799,-0.0749999999999999,-14.253605088650204,0.0,1
pair_006,GT,Rank_12,37,12,0.005273884682665874,0.015704322893670457,-0.010430438211004582,-0.0015180110931396484,0,-0.3027783036559753,-0.006553857307570576,0.024575531482696478,-0.02553021907806402,-0.037500000000000006,9.496734468806835,0.0,1
pair_006,GT,Rank_13,37,13,0.005273884682665874,0.015521155278026232,-0.010247270595360358,0.004925847053527832,0,0.0786867236106611,0.06064456241091981,0.028077015653252574,-0.0023083984851837713,0.03749999999999999,-94.09917795500034,0.0,1
pair_006,GT,Rank_14,37,14,0.005273884682665874,0.015028865638142007,-0.009754980955476132,-0.025572121143341064,0,-0.7905047633644445,-0.0006293865321326808,0.10382650909014049,-0.033142358064651545,0.03749999999999999,-96.8032461093715,0.0,1
pair_006,GT,Rank_15,37,15,0.005273884682665874,0.014496971606822673,-0.009223086924156798,0.004249632358551025,0,-0.3070106962023061,0.032229444533103835,0.07544449716806409,0.0034924149513244074,-0.04211646096066221,-76.25003293792257,0.0,1
pair_006,GT,Rank_16,37,16,0.005273884682665874,0.01332670041691024,-0.008052815734244365,-0.01325291395187378,0,-0.3702333198843232,0.04137944387566572,0.035463789477944374,-0.036219328641891535,-0.05520509831248421,-62.37867971546662,0.0,1
pair_006,GT,Rank_17,37,17,0.005273884682665874,0.013235396536443268,-0.007961511853777394,-0.014435172080993652,0,0.0889546121851295,0.048509577222051514,0.03388352319598198,0.0028397738933563232,-0.037500000000000006,-95.05140659132273,0.0,1
pair_006,GT,Rank_18,37,18,0.005273884682665874,0.011437616094016428,-0.006163731411350554,-0.029249608516693115,0,-0.3408828628486024,-0.007309180485982003,0.10238113238301588,-0.05239561200141912,0.03749999999999999,-73.12944147034331,0.0,1
pair_006,GT,Rank_19,37,19,0.005273884682665874,0.011136750367502555,-0.005862865684836681,-0.021974802017211914,0,-0.7857218586227983,0.004730307013468438,0.00795535184442997,-0.037499397993087824,0.03749999999999999,-26.2221569176686,0.0,1
pair_006,GT,Rank_20,37,20,0.005273884682665874,0.010594354454732266,-0.005320469772066392,-0.027987658977508545,0,-0.7871215009429545,0.0025952059603734923,0.0048428755253552835,-0.033990114927291926,-0.0749999999999999,-87.69416752874362,0.0,1
pair_007,GT,Rank_2,1,2,0.9126342140254174,0.8179003638448333,0.09473385018058411,-0.004847347736358643,0,-0.015047911238547651,-0.009615629003787651,0.03956422209739685,-0.006014764308929443,0.0,47.62990966828939,0.0,1
pair_007,GT,Rank_3,1,3,0.9126342140254174,0.8074008402132589,0.10523337381215858,0.0019124150276184082,0,0.0014991839607533253,-0.004500019205271544,0.00022520124912261963,-0.006455063819885254,0.0,36.499713395421296,0.0,1
pair_007,GT,Rank_4,1,4,0.9126342140254174,0.7969583455382001,0.11567586848721734,0.01565486192703247,0,0.02500132312323622,0.006656565511556689,0.03877044469118118,0.052783966064453125,0.0,20.381625120891613,0.0,1
pair_007,GT,Rank_5,1,5,0.9126342140254174,0.7467053844579212,0.16592882956749622,0.015725135803222656,0,0.027778644883031944,0.011955600882113782,0.020660430192947388,0.05002075433731079,0.0,16.667171543721764,0.0,1
pair_007,GT,Rank_6,1,6,0.9126342140254174,0.477498508500607,0.43513570552481046,0.026485443115234375,0,0.03318348825391426,0.018393180206433324,0.02249060571193695,0.08895301818847656,0.0,42.34143416603154,0.0,1
pair_007,GT,Rank_7,1,7,0.9126342140254174,0.30436314173579815,0.6082710722896193,0.0670623779296875,0,0.06004680085915648,0.032147912037865156,0.06395209580659866,0.13183563947677612,-0.008852549156242097,30.210003320243885,0.0,1
pair_007,GT,Rank_8,1,8,0.9126342140254174,0.19691894537857219,0.7157152686468453,0.02025020122528076,0,0.029189954593808354,0.02029039888042039,0.005742967128753662,0.08644634485244751,0.0,-100.40933091232418,0.0,1
pair_007,GT,Rank_9,1,9,0.9126342140254174,0.1380262786319563,0.7746079353934612,0.13642960786819458,0,0.14088652640542754,0.06218303335627706,0.05848649889230728,0.1171068549156189,-0.043585412256314196,-1.1500221521475709,0.0,1
pair_007,GT,Rank_10,1,10,0.9126342140254174,0.11190530856546303,0.8007289054599545,-0.0027663111686706543,0,-0.014149560032222674,-0.015321757775561995,0.005747027695178986,0.0020273923873901367,-0.03749999999999999,25.991944837204528,0.0,1
pair_007,GT,Rank_11,1,11,0.9126342140254174,0.0967770697879636,0.8158571442374538,-0.00038760900497436523,0,-0.015124219392891991,-0.015921632179070833,0.05821080505847931,0.0019124150276184082,-0.0602081728298995,12.499846555411253,0.0,1
pair_007,GT,Rank_12,1,12,0.9126342140254174,0.09449108358934138,0.818143130436076,0.06907689571380615,0,0.022955640614024553,0.009410914384993863,0.04548134654760361,0.07003909349441528,0.0,-80.57635679082233,0.0,1
pair_007,GT,Rank_13,1,13,0.9126342140254174,0.08913274048619488,0.8235014735392225,0.14718276262283325,0,0.1495591657371288,0.1123449183364289,0.09362828731536865,0.12388080358505249,-0.0796164609606622,-36.540168411792166,0.0,1
pair_007,GT,Rank_14,1,14,0.9126342140254174,0.07973911039664332,0.8328951036287742,-0.004677534103393555,0,-0.014766702663405407,-0.009388510031080655,-0.0004768669605255127,0.00477445125579834,-0.043585412256314196,10.746904759775433,0.0,1
pair_007,GT,Rank_15,1,15,0.9126342140254174,0.07965720874859768,0.8329770052768197,-0.0065582990646362305,0,-0.013514099309725691,-0.014397180522618624,0.055007204413414,-0.0014680027961730957,-0.0796164609606622,24.34477781768757,0.0,1
pair_007,GT,Rank_16,1,16,0.9126342140254174,0.07500312620504004,0.8376310878203774,0.07439994812011719,0,0.06125849218613444,0.04963296590130262,0.06178317964076996,0.12193071842193604,0.0,-17.678542503059376,0.0,1
pair_007,GT,Rank_17,1,17,0.9126342140254174,0.06883833028133694,0.8437958837440805,0.04036480188369751,0,0.051067833619118375,0.048550781836868895,0.0633777529001236,0.09890526533126831,-0.0796164609606622,53.274084185893535,0.0,1
pair_007,GT,Rank_18,1,18,0.9126342140254174,0.06036400297722653,0.8522702110481909,0.12662363052368164,0,0.12722413911543018,0.11153478204538358,0.0927526205778122,0.10466456413269043,-0.0927050983124842,-10.07504223745066,0.0,1
pair_007,GT,Rank_19,1,19,0.9126342140254174,0.04976545262343995,0.8628687614019775,-0.010167539119720459,0,-0.016594507381362256,-0.01631619905064796,0.04601939767599106,-0.016648411750793457,0.0,-119.23839181588167,0.0,1
pair_007,GT,Rank_20,1,20,0.9126342140254174,0.03160302169027999,0.8810311923351375,0.1621403694152832,0,0.1517623102919382,0.20923774343861234,0.11698679625988007,0.16998517513275146,-0.075,-51.44952431720651,0.0,1
pair_008,GT,Rank_1,6,1,0.13998198661934003,0.9388054131701601,-0.7988234265508201,0.02022254467010498,0,0.02096284975952567,-0.06313552008354617,0.01504833996295929,0.030741989612579346,0.075,13.391331125140837,0.0,1
pair_008,GT,Rank_2,6,2,0.13998198661934003,0.6821928593768092,-0.5422108727574692,-0.000813901424407959,0,-0.03310631723561708,-0.00868605067758449,-0.0025496110320090692,-0.0007799267768859863,0.075,-60.67230411785992,0.0,1
pair_008,GT,Rank_3,6,3,0.13998198661934003,0.2131415756510106,-0.07315958903167058,0.016453683376312256,0,-0.05155570909677909,-0.002450332182428294,0.010106593370437622,0.02203315496444702,0.0,-36.02314137401714,0.0,1
pair_008,GT,Rank_4,6,4,0.13998198661934003,0.1934397450975903,-0.05345775847825027,0.11255592107772827,0,0.18713404209334927,-0.02104890313886809,0.0386364683508873,0.2410838007926941,-0.037499999999999895,22.4592121873886,0.0,1
pair_008,GT,Rank_5,6,5,0.13998198661934003,0.16568875129598826,-0.02570676467664823,0.10415369272232056,0,0.18214079478303036,-0.09270632648584709,0.03618674725294113,0.2179048359394074,-0.037499999999999895,11.773588526101065,0.0,1
pair_008,GT,Rank_7,6,7,0.13998198661934003,0.11956666312013976,0.020415323499200264,0.016665518283843994,0,-0.07837579359666735,-0.11010989826501849,0.015416882932186127,0.030673861503601074,0.0,-45.5292468677376,0.0,1
pair_008,GT,Rank_8,6,8,0.13998198661934003,0.10782252795159533,0.032159458667744695,0.04399311542510986,0,-0.10655281022591057,-0.051033121402908055,0.024976186454296112,0.08436203002929688,0.075,-72.08569818742218,0.0,1
pair_008,GT,Rank_9,6,9,0.13998198661934003,0.08103726425330375,0.058944722366036276,0.09475678205490112,0,0.10605965513430066,-0.03276579944676805,0.04126356169581413,0.1801007091999054,-0.037499999999999895,-53.21126419903207,0.0,1
pair_008,GT,Rank_10,6,10,0.13998198661934003,0.07105777330531018,0.06892421331402984,0.11329895257949829,0,0.07317746410010367,-0.06039008312695704,0.046513244509697016,0.2344207465648651,0.075,6.928960918974013,0.0,1
pair_008,GT,Rank_11,6,11,0.13998198661934003,0.06466246876213239,0.07531951785720764,0.08109885454177856,0,0.10439075808024245,0.05164694753312432,0.04168480262160301,0.14970654249191284,-0.037499999999999895,-60.645507620160245,0.0,1
pair_008,GT,Rank_12,6,12,0.13998198661934003,0.0571375802681363,0.08284440635120373,0.0521356463432312,0,0.14874182132005553,0.04769792785114829,0.04199520498514181,0.08959710597991943,0.075,28.09574074190055,0.0,1
pair_008,GT,Rank_13,6,13,0.13998198661934003,0.05042915148742348,0.08955283513191654,-0.0027822256088256836,0,-0.07732322925581525,-0.10731682439255819,-0.003994904458522797,-0.004679203033447266,-0.004616460960662205,-17.65184231289726,0.0,1
pair_008,GT,Rank_14,6,14,0.13998198661934003,0.04905393017372385,0.09092805644561618,0.023318350315093994,0,0.10462764061731666,0.0259662708736082,0.014361485838890131,0.04072308540344238,0.075,-95.34354268641802,0.0,1
pair_008,GT,Rank_15,6,15,0.13998198661934003,0.047275713012154254,0.09270627360718578,0.06723392009735107,0,0.20216537638085647,-0.08605017852708663,0.04814689606428152,0.094368577003479,0.075,38.56935315824706,0.0,1
pair_008,GT,Rank_16,6,16,0.13998198661934003,0.04459029355292985,0.09539169306641018,0.11732006072998047,0,0.04275612031396725,-0.07359409030304453,0.07133795320987701,0.2479837834835053,-0.04121323175972941,54.31418715416659,0.0,1
pair_008,GT,Rank_17,6,17,0.13998198661934003,0.03806216563768838,0.10191982098165164,0.04423236846923828,0,0.008064836891317206,0.008922948803866237,0.018757455050945337,0.06635069847106934,0.0,15.72743424088533,0.0,1
pair_008,GT,Rank_18,6,18,0.13998198661934003,0.033564980115724244,0.10641700650361578,0.05130714178085327,0,-0.005112081866302298,-0.11845210130381434,0.03805539011955261,0.10241860151290894,-0.0686606960566987,46.77535588350752,0.0,1
pair_008,GT,Rank_19,6,19,0.13998198661934003,0.03334061706972869,0.10664136954961134,0.11775392293930054,0,0.08545100939129463,-0.051712754918717185,0.085203617811203,0.2423621118068695,-0.037499999999999895,16.209222609568556,0.0,1
pair_009,GT,Rank_1,3,1,0.548759039847498,0.6119737933136875,-0.06321475346618954,0.011926412582397461,0,0.046307750089749744,0.058568243134881626,0.0033832788467407227,0.01586294174194336,0.0,-8.664312727943539,-0.010000000000000009,1
pair_009,GT,Rank_2,3,2,0.548759039847498,0.5956973747616623,-0.046938334914164326,0.006619751453399658,0,0.018944865090085306,0.025783448839765133,0.002346426248550415,0.023169398307800293,0.0,18.14905709452313,0.0,1
pair_009,GT,Rank_4,3,4,0.548759039847498,0.5435402334362641,0.005218806411233845,0.009472906589508057,0,0.025581490258697603,0.029814460165397905,0.0026678815484046936,0.016772925853729248,0.0,-16.734504991122165,-0.010000000000000009,1
pair_009,GT,Rank_5,3,5,0.548759039847498,0.4855010868008519,0.06325795304664605,0.014492452144622803,0,0.03952980455662747,0.05008859722623671,0.005115166306495611,0.052770376205444336,0.0,30.575053864884595,0.0,1
pair_009,GT,Rank_6,3,6,0.548759039847498,0.46882835811129914,0.07993068173619883,0.015320122241973877,0,0.015836073487024538,0.015016242948532765,0.002941727638244629,0.04066818952560425,0.0,-29.840759653903987,-0.010000000000000009,1
pair_009,GT,Rank_7,3,7,0.548759039847498,0.4219121489016096,0.12684689094588836,0.014938831329345703,0,-0.014049561955335355,-0.01939510198330885,0.003466747701168005,0.025459229946136475,0.0,-23.170274964131707,-0.010000000000000009,1
pair_009,GT,Rank_8,3,8,0.548759039847498,0.3641611722879736,0.18459786755952434,0.021725058555603027,0,0.03334307048539886,0.039543707439197995,0.023263648152351324,0.04114806652069092,0.0,-54.31705571965904,-0.010000000000000009,1
pair_009,GT,Rank_9,3,9,0.548759039847498,0.29715322224440033,0.25160581760309764,0.019239723682403564,0,-0.025266834805669935,-0.035083875153612776,0.008187435567378998,0.05487358570098877,0.0,-38.2066546192213,-0.010000000000000009,1
pair_009,GT,Rank_10,3,10,0.548759039847498,0.23713351615860054,0.3116255236888974,0.021641075611114502,0,-0.007211831263586155,-0.011621092235102215,0.0022484213113784235,0.05480068922042847,0.0,-64.65158152472003,0.0,1
pair_009,GT,Rank_11,3,11,0.548759039847498,0.21273214124486572,0.33602689860263224,0.03238743543624878,0,0.03719725992998146,0.04758698006068629,0.026895377784967422,0.08059144020080566,0.0,-30.15081555786955,0.0,1
pair_009,GT,Rank_12,3,12,0.548759039847498,0.17087075613269131,0.37788828371480665,0.022649526596069336,0,-0.00899661797308815,-0.011747311264372784,0.0013153590261936188,0.043774962425231934,0.0,9.95541819892044,0.0,1
pair_009,GT,Rank_13,3,13,0.548759039847498,0.12505392925640116,0.42370511059109683,0.014217555522918701,0,0.0022571136365925337,0.004754426573128634,0.0034631714224814814,0.0210568904876709,-0.008852549156242097,-12.450144564912819,-0.010000000000000009,1
pair_009,GT,Rank_14,3,14,0.548759039847498,0.1216286207821905,0.42713041906530747,0.019469261169433594,0,-0.027153178329447747,-0.034815597362222395,0.0026462823152542114,0.04070371389389038,0.0,-10.026359103382191,0.0,1
pair_009,GT,Rank_15,3,15,0.548759039847498,0.07722043604766675,0.4715386037998312,0.02513068914413452,0,0.028317938861675107,0.041271931867390754,0.02621041238307953,0.05446302890777588,0.0,-7.421875727594141,-0.010000000000000009,1
pair_009,GT,Rank_16,3,16,0.548759039847498,0.0666999236746186,0.48205911617287933,0.02397477626800537,0,-0.005623571184434573,-0.00955470410666337,0.020260624587535803,0.04265153408050537,-0.03749999999999999,-21.20227248533166,0.0,1
pair_009,GT,Rank_17,3,17,0.548759039847498,0.05494531511043218,0.4938137247370658,0.09506958723068237,0,0.06839389948963992,0.10911689661833435,0.024176020175218527,0.12715023756027222,0.0,11.440853162023757,0.0,1
pair_009,GT,Rank_18,3,18,0.548759039847498,0.04654329877926252,0.5022157410682354,0.09142279624938965,0,0.10577863271887356,0.13102921199044426,0.02505264058709139,0.1409265398979187,0.0,1.7199736789062143,0.0,1
pair_009,GT,Rank_19,3,19,0.548759039847498,0.04309344014910775,0.5056655996983902,0.09817290306091309,0,0.11642760655785644,0.1365833675036544,0.0247797854244709,0.1476351022720337,0.0,-28.15614845990342,-0.010000000000000009,1
pair_009,GT,Rank_20,3,20,0.548759039847498,0.03961239372599465,0.5091466461215033,0.22644484043121338,0,0.1874938915607295,0.06850786392061581,0.10679192841053012,0.2149093747138977,0.0,4.6767649884581886,0.0,1
pair_010,GT,Rank_2,1,2,0.9046659485654094,0.9026308979627375,0.0020350506026718396,0.05620068311691284,0,0.2458626261381759,0.027858687109338087,-0.055812060832977295,0.03686106204986578,0.0,54.14199384842934,0.0,1
pair_010,GT,Rank_3,1,3,0.9046659485654094,0.8598905844597106,0.04477536410569882,0.05601835250854492,0,-0.009881311508871393,-0.03144031240148898,-0.05072564631700521,0.023054897785186768,0.0,47.61593618800721,0.0,1
pair_010,GT,Rank_4,1,4,0.9046659485654094,0.8467786111870027,0.05788733737840668,0.05936521291732788,0,-0.005313534846877022,-0.030429582608446304,-0.05070643126964569,0.015473157167434692,0.0,36.65359758153761,0.0,1
pair_010,GT,Rank_5,1,5,0.9046659485654094,0.8157434844586482,0.08892246410676119,0.0615764856338501,0,0.2604521188812288,0.038006989673649294,-0.05475766211748129,0.04124751687049871,0.0,51.259902649518466,0.0,1
pair_010,GT,Rank_6,1,6,0.9046659485654094,0.7997467244440013,0.10491922412140808,-0.002844572067260742,0,0.013662582385512434,-0.09482481701873674,-0.0031917430460453033,-0.06370502710342407,0.0,18.676227718470315,0.0,1
pair_010,GT,Rank_7,1,7,0.9046659485654094,0.7966619146903301,0.10800403387507929,0.056417644023895264,0,-0.0064789033043080035,-0.03208625343111249,-0.05479360371828079,0.05415329337120062,0.0,53.46976194427597,0.0,1
pair_010,GT,Rank_8,1,8,0.9046659485654094,0.7850852191794245,0.11958072938598485,0.017276406288146973,0,0.3548877823251872,-0.01093326344960538,-0.008076976984739304,-0.006501615047454834,0.0,-11.2996740373612,0.0,1
pair_010,GT,Rank_9,1,9,0.9046659485654094,0.637313569130912,0.2673523794344974,0.05591171979904175,0,0.2637271070889721,0.0608441867645495,-0.016072250902652796,-0.015162646770477295,0.0,13.535011084103218,0.0,1
pair_010,GT,Rank_10,1,10,0.9046659485654094,0.627958508122821,0.27670744044258844,0.06452673673629761,0,-2.241713276363022e-05,-0.03486045403452437,-0.0471251979470253,0.04172578454017639,0.0,53.243174585430054,0.0,1
pair_010,GT,Rank_11,1,11,0.9046659485654094,0.5497800645673591,0.3548858839980503,0.06155848503112793,0,0.16597171582673376,-0.04767331872510028,-0.051507011055946406,0.0344659686088562,0.0,44.15121567866046,0.0,1
pair_010,GT,Rank_12,1,12,0.9046659485654094,0.3154582619390531,0.5892076866263563,0.06607884168624878,0,0.2918333297560856,0.01161945175027812,-0.07639221847057348,0.02504745125770569,0.0,17.33280766229535,0.0,1
pair_010,GT,Rank_13,1,13,0.9046659485654094,0.14000357999144006,0.7646623685739693,0.05511575937271118,0,-0.008471176964072069,-0.02445437322236249,-0.01216050237417221,0.033242374658584595,0.0,-52.45459945444392,0.0,1
pair_010,GT,Rank_14,1,14,0.9046659485654094,0.13508783395992935,0.7695781146054801,0.04325425624847412,0,0.20457815550730452,-0.006674114606768089,-0.06324326992034918,0.05373984575271612,-0.075,-6.130073269040508,0.0,1
pair_010,GT,Rank_15,1,15,0.9046659485654094,0.13486680052821157,0.7697991480371978,0.033643245697021484,0,-0.004186447294870388,-0.014474072840851893,-0.07152067869901657,-0.0033789873123168945,-0.075,24.321123827620966,0.0,1
pair_010,GT,Rank_16,1,16,0.9046659485654094,0.12801157203021307,0.7766543765351963,0.06589442491531372,0,0.2892909085320684,0.006045370013579632,-0.0584638267755509,0.02825811505317688,-0.03749999999999999,33.730567250890175,0.0,1
pair_010,GT,Rank_17,1,17,0.9046659485654094,0.10132306003778319,0.8033428885276261,0.06345385313034058,0,0.2393105709108998,0.0233942217550821,-0.008314162492752075,0.04245290160179138,-0.075,50.817783942141006,0.0,1
pair_010,GT,Rank_18,1,18,0.9046659485654094,0.08336779887612425,0.8212981496892852,0.05865120887756348,0,0.18142854695783323,-0.03233083538340559,-0.07460307329893118,0.021580517292022705,-0.075,31.814678000125568,0.0,1
pair_010,GT,Rank_19,1,19,0.9046659485654094,0.06345191595425223,0.8412140326111571,0.01793062686920166,0,0.2628887303324438,-0.0025573552473248107,-0.0014916211366653997,-0.0498775839805603,-0.075,3.198634423702174,0.0,1
pair_010,GT,Rank_20,1,20,0.9046659485654094,0.055802158243773575,0.8488637903216358,0.05944406986236572,0,0.4872287624785905,0.03061836762184783,-0.054157949984073694,0.019223511219024714,-0.075,30.612819880825327,0.0,1
pair_011,GT,Rank_2,1,2,0.963110741146089,0.909612548669449,0.053498192476640005,0.021964430809020996,0,0.011021470001468692,0.017610641695566143,0.004087451845407486,0.06399369239807129,-0.05,-57.59017203873742,0.0,1
pair_011,GT,Rank_3,1,3,0.963110741146089,0.9027627171371368,0.06034802400895212,0.02721637487411499,0,0.021604665994293004,0.027995245555471726,0.005666984245181084,0.053608834743499756,-0.05,-45.77031756068277,0.0,1
pair_011,GT,Rank_4,1,4,0.963110741146089,0.8962573805675272,0.06685336057856173,0.016792654991149902,0,-0.003328938972922857,0.003082654620320535,0.0027813203632831573,0.05255448818206787,-0.05,-43.6148789947876,0.0,1
pair_011,GT,Rank_5,1,5,0.963110741146089,0.8636032142022899,0.09950752694379905,0.01465839147567749,0,0.08427320055239573,0.08392637976037376,0.0049863699823617935,0.030149221420288086,-0.05,-55.52038184805667,0.0,1
pair_011,GT,Rank_6,1,6,0.963110741146089,0.8389539239203587,0.12415681722573024,0.026158630847930908,0,0.02471917814638902,0.03683453800630265,0.027461865916848183,0.06729549169540405,-0.05,-45.682334660534565,0.0,1
pair_011,GT,Rank_7,1,7,0.963110741146089,0.8234721562426521,0.13963858490343684,0.021625041961669922,0,0.022234203959049292,0.022103242249168153,-0.0013385694473981302,0.06225770711898804,-0.05,-21.60872477318972,0.0,1
pair_011,GT,Rank_8,1,8,0.963110741146089,0.8183296882642515,0.1447810528818375,0.023963570594787598,0,0.10221977081243416,0.10161051839216984,0.02853388898074627,0.04536932706832886,-0.05,-26.30234403257967,0.0,1
pair_011,GT,Rank_9,1,9,0.963110741146089,0.8128769899457992,0.1502337512002898,0.018227219581604004,0,0.02634301657348781,0.029053656494996916,0.0201708003878594,0.0288352370262146,-0.05,-59.107682048811654,0.0,1
pair_011,GT,Rank_10,1,10,0.963110741146089,0.7979104133678743,0.1652003277782147,0.02503383159637451,0,0.034251141458634504,0.043648770758925814,0.01766497828066349,0.0735434889793396,-0.05,-47.8541254401421,0.0,1
pair_011,GT,Rank_11,1,11,0.963110741146089,0.793261891237244,0.16984884990884497,0.02258247137069702,0,0.023838578927017795,0.029087996752347856,0.018175045028328896,0.07272219657897949,-0.05,-32.7153369429077,0.0,1
pair_011,GT,Rank_12,1,12,0.963110741146089,0.7622454449593002,0.20086529618678872,0.02338927984237671,0,0.02455165794949765,0.032409125350378765,0.004153346642851885,0.06294673681259155,-0.05,-9.70121765756771,0.0,1
pair_011,GT,Rank_13,1,13,0.963110741146089,0.7595179580982641,0.2035927830478249,0.015282034873962402,0,0.0887140728432868,0.09049087835706249,0.0026831496506929953,0.03324979543685913,-0.05,-30.72513111569242,0.0,1
pair_011,GT,Rank_14,1,14,0.963110741146089,0.73933330892468,0.223777432221409,0.012488305568695068,0,-0.004656576980893057,0.0021621282891132187,0.021144704893231392,0.04165846109390259,-0.05,-19.70013471162052,0.0,1
pair_011,GT,Rank_15,1,15,0.963110741146089,0.7062966004804342,0.2568141406656548,0.01694178581237793,0,0.008235608057884591,0.013909102183965683,0.02104201354086399,0.047070443630218506,-0.05,-35.971099844326886,0.0,1
pair_011,GT,Rank_16,1,16,0.963110741146089,0.7021574499780808,0.26095329116800814,0.016564905643463135,0,0.02358609831545433,0.03646226250032758,-0.004013987258076612,0.0330960750579834,-0.05,-37.328792898300065,0.0,1
pair_011,GT,Rank_17,1,17,0.963110741146089,0.56008942198996,0.40302131915612893,0.005357265472412109,0,0.015232302257406793,0.014088047825379202,0.012241963297128677,0.002927839756011963,-0.05,-4.11317680971564,0.0,1
pair_011,GT,Rank_18,1,18,0.963110741146089,0.4773898047979973,0.48572093634809166,0.011978626251220703,0,0.00907108880378582,0.017800567296083702,0.010314369574189186,0.035015881061553955,-0.05,17.357724524815822,0.0,1
pair_011,GT,Rank_19,1,19,0.963110741146089,0.45615110273372933,0.5069596384123596,0.01827031373977661,0,0.09330901184917739,0.09230586451786815,0.02394118718802929,0.0387645959854126,-0.05,-7.9118113808647905,0.0,1
pair_011,GT,Rank_20,1,20,0.963110741146089,0.45116535244666345,0.5119453886994255,0.02274298667907715,0,0.012772277360047712,0.021171500841516533,0.004659133031964358,0.041054368019104004,-0.05,-68.49468381301705,0.0,1
pair_012,GT,Rank_2,1,2,0.5360214234869294,0.4660263118934695,0.06999511159345989,0.03260517120361328,0,-0.13870609145728763,-0.06881653401990828,-0.004125744104385376,0.057095885276794434,0.0,-17.33808625294128,0.0,1
pair_012,GT,Rank_3,1,3,0.5360214234869294,0.34770361152068846,0.18831781196624092,0.04485362768173218,0,-0.10496492048700101,-0.032048570982572855,0.04901459813117981,0.09171444177627563,0.0,-13.57359307686366,0.0,1
pair_012,GT,Rank_4,1,4,0.5360214234869294,0.3118888621011962,0.22413256138573318,0.03156173229217529,0,0.19789337863568496,0.1527151588870137,0.04694744944572449,0.03203457593917847,0.0,-69.56700648455627,0.0,1
pair_012,GT,Rank_5,1,5,0.5360214234869294,0.22806482656808086,0.3079565969188485,-0.017111361026763916,0,-0.17642524995627806,-0.11657327404893614,0.0033209025859832764,-0.03435313701629639,0.0,-83.22536800305774,0.0,1
pair_012,GT,Rank_6,1,6,0.5360214234869294,0.1923202170908083,0.3437012063961211,-0.0073046088218688965,0,0.055827501345465325,0.06782017517327543,0.023527055978775024,-0.027127981185913086,0.0,-58.34294259265049,0.0,1
pair_012,GT,Rank_7,1,7,0.5360214234869294,0.18029345194435847,0.3557279715425709,0.01424717903137207,0,-0.1500285334817455,-0.06568400373088079,-0.013911709189414978,-0.0010648369789123535,0.0,-96.2072765537673,0.0,1
pair_012,GT,Rank_8,1,8,0.5360214234869294,0.10786122725181226,0.42816019623511714,-0.009398996829986572,0,0.001481053254028808,0.014204804690274742,0.021640256047248896,-0.03283339738845825,0.0,3.79064793717248,0.0,1
pair_012,GT,Rank_9,1,9,0.5360214234869294,0.10137532297738625,0.4346461005095431,0.006759822368621826,0,0.23191868997010978,0.21876780246990596,-0.005190849304199219,0.01670074462890625,0.0,-41.565816848885945,0.0,1
pair_012,GT,Rank_10,1,10,0.5360214234869294,0.08850171812975816,0.4475197053571712,0.0018603205680847168,0,-0.16969436584062314,-0.10861383646627853,0.009659931063652094,-0.004016757011413574,-0.11249999999999989,-34.367437752155524,0.0,1
pair_012,GT,Rank_11,1,11,0.5360214234869294,0.05519938338178458,0.4808220401051448,0.0007247328758239746,0,0.38064609215973716,0.3059880877427391,0.00030283629894262143,-0.01283198595046997,0.0,2.12355163194853,0.0,1
pair_012,GT,Rank_12,1,12,0.5360214234869294,0.05231066709068223,0.48371075639624717,0.004285037517547607,0,-0.15565867493387564,-0.07645176021088473,-0.003586605191230774,-0.014533519744873047,0.0,-106.8192195121811,0.0,1
pair_012,GT,Rank_13,1,13,0.5360214234869294,0.0467867518303655,0.48923467165656387,-0.0053910017013549805,0,0.45039835291875147,0.3705319458127767,-0.0013162493705748957,-0.021893680095672607,0.0,-6.028926840872941,0.0,1
pair_012,GT,Rank_14,1,14,0.5360214234869294,0.04361373131041663,0.49240769217651276,-0.015232622623443604,0,0.12917530782604303,0.12247596039350483,0.00257757306098938,-0.03636491298675537,0.0,-23.318451565660226,0.0,1
pair_012,GT,Rank_15,1,15,0.5360214234869294,0.03851361570691445,0.4975078077800149,-0.013539433479309082,0,-0.18101145313554357,-0.10674377206378338,-0.012462392449378912,-0.02884584665298462,0.0,-106.37281481218018,0.0,1
pair_012,GT,Rank_16,1,16,0.5360214234869294,0.03697232981313634,0.499049093673793,0.031167328357696533,0,0.24159112524615117,0.19789061163434124,0.021403864026069697,0.021685421466827393,0.0,-85.28498592347565,0.0,1
pair_012,GT,Rank_17,1,17,0.5360214234869294,0.030009866040862566,0.5060115574460669,0.1833173632621765,0,0.3505193800426968,0.31439354166691164,0.0484667643904686,0.26376575231552124,0.0,-52.59653502202603,0.0,1
pair_012,GT,Rank_18,1,18,0.5360214234869294,0.02559633531014504,0.5104250881767843,0.03126251697540283,0,0.08760920751873091,0.057779041939432396,0.016284272074699402,0.06673920154571533,0.0,-92.15784057076407,0.0,1
pair_012,GT,Rank_19,1,19,0.5360214234869294,0.02308938830304969,0.5129320351838796,0.10280352830886841,0,0.40191438869968216,0.32596304057625664,0.045088812708854675,0.1037822961807251,0.0,-44.55248519620797,0.0,1
pair_012,GT,Rank_20,1,20,0.5360214234869294,0.02102875764818093,0.5149926658387485,0.17030662298202515,0,-0.00813949823823834,0.11933846781985569,0.1296416968107224,0.2127713859081269,-0.008852549156242097,-7.844843953945983,0.0,1
pair_013,GT,Rank_2,1,2,0.8655650756516637,0.12518665479587984,0.7403784208557839,0.057594895362854004,0,-0.0024112329093749496,0.06669330189275635,0.013676207512617111,0.149408221244812,-0.043585412256314196,28.02936560112377,0.0,1
pair_013,GT,Rank_3,1,3,0.8655650756516637,0.1173274886752812,0.7482375869763825,0.02550584077835083,0,-0.10407534086347037,-0.005385885941281643,-0.006080951541662216,0.06483513116836548,0.0,-10.996933665705555,0.0,1
pair_013,GT,Rank_4,1,4,0.8655650756516637,0.10924480354957655,0.7563202721020872,0.007174551486968994,0,-0.0768569254208673,-0.02491823401504667,-0.0027032941579818726,0.008301854133605957,-0.1162132317597294,-53.09996183027816,0.0,1
pair_013,GT,Rank_5,1,5,0.8655650756516637,0.062134340915574,0.8034307347360897,0.007879137992858887,0,0.06289301901113697,0.042794544802543966,-0.0016707777976989746,0.02452719211578369,0.0,-53.71060373687952,0.0,1
pair_013,GT,Rank_6,1,6,0.8655650756516637,0.05673773091440895,0.8088273447372548,0.008813083171844482,0,-0.11602414246270931,-0.028880112391521662,-0.0004170648753643036,0.020337343215942383,0.0,-48.63492517760098,0.0,1
pair_013,GT,Rank_7,1,7,0.8655650756516637,0.04997235268751479,0.815592722964149,0.023466825485229492,0,-0.09734004258008289,-0.037386454714850026,-0.0014746040105819702,0.041848063468933105,0.0,10.996180325625275,0.0,1
pair_013,GT,Rank_8,1,8,0.8655650756516637,0.04011731411202934,0.8254477615396344,0.006052970886230469,0,0.11423899598857246,0.056197047395249555,-0.00014821812510490417,0.02130568027496338,0.0,-58.44846871585581,0.0,1
pair_013,GT,Rank_9,1,9,0.8655650756516637,0.03176988218455197,0.8337951934671117,0.017680346965789795,0,-0.10552540492341944,-0.04697616633027235,0.006045550107955933,0.060715556144714355,-0.031066017177982103,-59.382949690123056,0.0,1
pair_013,GT,Rank_10,1,10,0.8655650756516637,0.023909070074460064,0.8416560055772037,0.014344215393066406,0,0.15948708339381812,0.08599669868025406,0.026193566620349884,0.045953989028930664,0.0,-36.66402681261097,0.0,1
pair_013,GT,Rank_11,1,11,0.8655650756516637,0.021884887825056452,0.8436801878266073,0.03090643882751465,0,-0.034252930126540515,-0.01193585924690388,0.019158389419317245,0.07199788093566895,-0.0602081728298995,-64.35826712414801,0.0,1
pair_013,GT,Rank_12,1,12,0.8655650756516637,0.020320585430672035,0.8452444902209917,0.01951909065246582,0,0.045464874462205596,0.029198961170474602,0.027711741626262665,0.04798799753189087,0.0,-56.81724996127842,0.0,1
pair_013,GT,Rank_13,1,13,0.8655650756516637,0.018454977126691856,0.8471100985249719,0.12385421991348267,0,-0.0015789484739000548,0.039937089291935624,0.077013049274683,0.10640299320220947,0.0,-35.08048795827982,0.0,1
pair_013,GT,Rank_14,1,14,0.8655650756516637,0.017347673394658508,0.8482174022570053,0.028873980045318604,0,-0.1087229628238483,-0.020198852054205907,0.02582920715212822,0.03498297929763794,0.0,6.0191857064140635,0.0,1
pair_013,GT,Rank_15,1,15,0.8655650756516637,0.016343225282318546,0.8492218503693452,0.1633475422859192,0,0.0015415494801347407,0.03372408199172283,0.17451002076268202,0.11213576793670654,-0.0927050983124842,-49.04999197294843,0.0,1
pair_013,GT,Rank_16,1,16,0.8655650756516637,0.016036186076050406,0.8495288895756133,0.011116743087768555,0,-0.07486542706304322,-0.025321502673256058,0.00012273713946342468,0.01868915557861328,0.0,60.02800341639697,0.0,1
pair_013,GT,Rank_17,1,17,0.8655650756516637,0.014764402974449841,0.8508006726772139,0.017636120319366455,0,0.0009202152657030727,0.005482316136806498,0.0018758848309516907,0.018686354160308838,0.0,-48.37324198472429,0.0,1
pair_013,GT,Rank_18,1,18,0.8655650756516637,0.012496493305637879,0.8530685823460259,0.00957024097442627,0,-0.11534121142881781,-0.04385359503591735,0.025133993476629257,0.024243950843811035,-0.11249999999999989,-35.969826029289734,0.0,1
pair_013,GT,Rank_19,1,19,0.8655650756516637,0.012073583959676445,0.8534914916919873,0.028254449367523193,0,-0.10059738104902538,0.003309461306153949,0.033508412539958954,0.07604265213012695,-0.043585412256314196,-55.880227007570156,0.0,1
pair_013,GT,Rank_20,1,20,0.8655650756516637,0.010752066972584228,0.8548130086790795,0.021291375160217285,0,0.1242860259705818,0.07947375155845338,0.0042280592024326324,0.07062900066375732,-0.043585412256314196,-37.73134191057632,0.0,1
pair_015,GT,Rank_2,1,2,0.9229879651900139,0.9192243917062318,0.00376357348378209,-0.005832672119140625,0,-0.009321550694612712,-0.0018663053399659013,0.008747443556785583,-0.03336989879608154,0.0,5.080599853321601,0.0,1
pair_015,GT,Rank_3,1,3,0.9229879651900139,0.8719370138648223,0.05105095132519166,-0.0008483529090881348,0,-0.004131435484337254,0.0011085568896798126,0.02411411702632904,-0.02359020709991455,0.0,-15.317733792158165,0.0,1
pair_015,GT,Rank_4,1,4,0.9229879651900139,0.4787143761699752,0.4442735890200387,0.00270235538482666,0,-9.333082968798756e-05,0.00315002539000675,0.024370431900024414,-0.007999062538146973,0.0,4.4862358297690434,0.0,1
pair_015,GT,Rank_5,1,5,0.9229879651900139,0.24399443638442633,0.6789935288055876,0.03670227527618408,0,0.01423288046895077,0.0147600903497207,0.03985448181629181,-0.0013346076011657715,0.0,-13.452303622637388,0.0,1
pair_015,GT,Rank_6,1,6,0.9229879651900139,0.2303969696702126,0.6925909955198013,-0.004676878452301025,0,-0.008122531531323474,-0.0029693947936509923,0.041864052414894104,-0.026508688926696777,-0.11249999999999989,-94.36067885442172,0.0,1
pair_015,GT,Rank_7,1,7,0.9229879651900139,0.18501202365672118,0.7379759415332927,0.025156080722808838,0,0.02618341119292289,0.02944419280567301,0.053568124771118164,0.038343846797943115,-0.03749999999999999,-19.632671218723644,0.0,1
pair_015,GT,Rank_8,1,8,0.9229879651900139,0.14407877584427378,0.7789091893457402,0.030085325241088867,0,0.03128262257908998,0.0369800909341651,0.035163626074790955,0.05299264192581177,-0.008852549156242097,-4.713413040241605,0.0,1
pair_015,GT,Rank_9,1,9,0.9229879651900139,0.11821877409678917,0.8047691910932248,0.006269097328186035,0,0.002201185673046502,0.01050327969026732,0.02124696969985962,-0.0067732930183410645,-0.043585412256314196,-0.10958099044508174,0.0,1
pair_015,GT,Rank_10,1,10,0.9229879651900139,0.10532660641159888,0.8176613587784151,0.008998572826385498,0,0.005734006618321019,0.006388765237949401,0.01898212730884552,0.0064727067947387695,0.0,-9.800469904953019,0.0,1
pair_015,GT,Rank_11,1,11,0.9229879651900139,0.09705098600824455,0.8259369791817693,0.0013990402221679688,0,-0.0015362958827328521,0.0035818908296283425,0.025465980172157288,-0.016049206256866455,-0.0602081728298995,-9.008659125432644,0.0,1
pair_015,GT,Rank_12,1,12,0.9229879651900139,0.08074412516517682,0.8422438400248371,0.01173776388168335,0,0.008720826755420852,0.00895517485000652,0.05695994198322296,0.03778773546218872,-0.11249999999999989,12.105721995445961,0.0,1
pair_015,GT,Rank_13,1,13,0.9229879651900139,0.06657727565123628,0.8564106895387776,0.2570950984954834,0,0.2555080868610021,0.33425930007959337,0.19542045891284943,0.2558779716491699,0.0,9.182530097511716,0.0,1
pair_015,GT,Rank_14,1,14,0.9229879651900139,0.0508978043705878,0.8720901608194261,0.13917815685272217,0,0.1393500343304196,0.07656764643060687,0.07313154637813568,0.09543681144714355,0.0,15.570768316104491,0.0,1
pair_015,GT,Rank_15,1,15,0.9229879651900139,0.04656645737641025,0.8764215078136036,0.2587747573852539,0,0.25260886335482846,0.35350492579733966,0.2365808784961701,0.030378282070159912,0.0,10.022089204503558,0.0,1
pair_015,GT,Rank_16,1,16,0.9229879651900139,0.038909043482333004,0.8840789217076809,0.016991794109344482,0,0.019388840090104775,0.022963075889781637,0.027341008186340332,0.020950376987457275,-0.043585412256314196,8.630354600683873,0.0,1
pair_015,GT,Rank_17,1,17,0.9229879651900139,0.03426636306470592,0.888721602125308,0.15068018436431885,0,0.13014982272569975,0.06619944995207083,0.05985704064369202,0.15077441930770874,-0.008852549156242097,-19.580461119092035,0.0,1
pair_015,GT,Rank_18,1,18,0.9229879651900139,0.02977259772236023,0.8932153674676537,0.13907891511917114,0,0.13856617414872718,0.1854994683841067,0.12456537783145905,0.20283913612365723,-0.043585412256314196,-21.0063641105868,0.0,1
pair_015,GT,Rank_19,1,19,0.9229879651900139,0.029426297595608896,0.893561667594405,0.14420920610427856,0,0.11789342672185266,0.06084709617766326,0.06475256383419037,0.10862362384796143,-0.03749999999999999,12.316124521289979,0.0,1
pair_015,GT,Rank_20,1,20,0.9229879651900139,0.027625578702432672,0.8953623864875813,0.1377274990081787,0,0.1331189661672647,0.181434752252712,0.1044185608625412,0.20310914516448975,0.0,-8.643716826324862,0.0,1
pair_016,GT,Rank_1,3,1,0.5102907277764803,0.6840895735473947,-0.17379884577091442,0.034203290939331055,0,0.041026325296974364,0.07438477206015198,0.08077117800712585,0.0225754976272583,0.0,-74.53772806865817,0.0,1
pair_016,GT,Rank_2,3,2,0.5102907277764803,0.5932921993018587,-0.0830014715253784,0.03175240755081177,0,-0.20806151219711466,-0.036642262198781306,0.03332161903381348,0.0690034031867981,0.0,18.22716167210541,0.0,1
pair_016,GT,Rank_4,3,4,0.5102907277764803,0.4075963081227449,0.10269441965373544,-0.022351443767547607,0,-0.12483172627088357,-0.08827216451062136,-0.021433621644973755,-0.055681467056274414,0.0,27.632963849751597,0.0,1
pair_016,GT,Rank_5,3,5,0.5102907277764803,0.34326518446579785,0.16702554331068248,0.04144090414047241,0,0.01743771231670277,0.04486630338969355,0.036521315574645996,0.055565834045410156,0.0,-17.731347765912858,0.0,1
pair_016,GT,Rank_6,3,6,0.5102907277764803,0.28414799533194207,0.22614273244453825,0.020560741424560547,0,0.10274923922229917,-0.05372640774773052,0.01930949091911316,0.02113330364227295,0.0,-41.43634549361735,0.0,1
pair_016,GT,Rank_7,3,7,0.5102907277764803,0.2425033243185047,0.26778740345797564,0.041875481605529785,0,-0.021366204401227273,-0.02732569490600456,0.04221242666244507,0.07189697027206421,0.0,-42.06169140011761,0.0,1
pair_016,GT,Rank_8,3,8,0.5102907277764803,0.0926084386713074,0.4176822891051729,-0.006544649600982666,0,-0.017977431046929948,-0.04015772072755819,-0.008700191974639893,-0.03083425760269165,-0.03749999999999999,-60.14249252301994,0.0,1
pair_016,GT,Rank_9,3,9,0.5102907277764803,0.08918637701475043,0.4211043507617299,0.18384695053100586,0,0.08442158904675456,0.04746244807029565,0.18652427196502686,0.20777270197868353,0.0,3.7717504063683265,0.0,1
pair_016,GT,Rank_10,3,10,0.5102907277764803,0.08037646672997095,0.42991426104650937,0.002696692943572998,0,0.038076017788829686,0.0712904801454754,0.03528773784637451,-0.00940549373626709,-0.11249999999999989,0.7076697710529487,0.0,1
pair_016,GT,Rank_11,3,11,0.5102907277764803,0.0519671529936987,0.45832357478278163,0.06848502159118652,0,0.16153444112177617,0.05140933768680889,0.06448838114738464,0.1101882159709931,0.0,-50.28726320604716,0.0,1
pair_016,GT,Rank_12,3,12,0.5102907277764803,0.04617591343227128,0.46411481434420904,0.1799628734588623,0,0.06233297376984026,0.04996267137762339,0.2048014998435974,0.1953241527080536,-0.11249999999999989,-2.8197471378819188,0.0,1
pair_016,GT,Rank_13,3,13,0.5102907277764803,0.04477228754914303,0.4655184402273373,0.010661482810974121,0,-0.1681829194420349,-0.00973444877950802,0.06153827905654907,0.0019499659538269043,-0.11249999999999989,44.78580874288735,0.0,1
pair_016,GT,Rank_14,3,14,0.5102907277764803,0.04273651783994801,0.4675542099365323,0.061304688453674316,0,0.15872018431571217,0.039144285547754676,0.08011052012443542,0.0945291519165039,-0.075,-60.81646438861378,0.0,1
pair_016,GT,Rank_15,3,15,0.5102907277764803,0.0422938421871073,0.467996885589373,0.16920208930969238,0,0.15553337594589967,0.012979198181568896,0.20787426829338074,0.2268738746643067,-0.11249999999999989,11.119224261420456,0.0,1
pair_016,GT,Rank_16,3,16,0.5102907277764803,0.034976426504618414,0.4753143012718619,0.1873195767402649,0,0.20592230132135186,0.08115329748792849,0.19069379568099976,0.2463780045509339,-0.1162132317597294,12.031786604485006,0.0,1
pair_016,GT,Rank_17,3,17,0.5102907277764803,0.03304190577159243,0.4772488220048879,0.054892539978027344,0,-0.08790969129643744,-0.03804700496249791,0.05424073338508606,0.08472567796707153,-0.11249999999999989,-69.02771459311265,0.0,1
pair_016,GT,Rank_18,3,18,0.5102907277764803,0.031112904814112483,0.4791778229623678,0.14770883321762085,0,0.029930250894404264,0.0008568538547123472,0.1629374623298645,0.18705588579177862,-0.11249999999999989,-2.61343843897653,0.0,1
pair_016,GT,Rank_19,3,19,0.5102907277764803,0.02737877280240113,0.4829119549740792,0.1864532232284546,0,0.0405568372111087,0.13363884971487938,0.19167345762252808,0.21782705187797552,-0.08409902576697319,-27.662182223467056,0.0,1
pair_016,GT,Rank_20,3,20,0.5102907277764803,0.02275152588236843,0.4875392018941119,0.17861437797546387,0,0.13338634394737026,0.018423113815170478,0.18003159761428833,0.2071493566036225,-0.0796164609606622,-39.31696773644356,0.0,1
pair_017,GT,Rank_1,3,1,0.14087361984878313,0.17542132919622783,-0.034547709347444694,-0.004800140857696533,0,-0.0016812890538279168,-0.013238030391335087,0.006426393985748291,-0.01255863904953003,0.0661474508437579,-27.652114216843486,0.0,1
pair_017,GT,Rank_2,3,2,0.14087361984878313,0.1723348541415039,-0.03146123429272077,-0.0028963685035705566,0,0.004532741552809472,0.016719674425760167,0.021123230457305908,0.006994426250457764,0.075,0.8554893814777955,0.0,1
pair_017,GT,Rank_4,3,4,0.14087361984878313,0.099096124759241,0.041777495089542135,-0.0018838047981262207,0,0.0017882877328273539,0.01381417418787867,0.002587616443634033,0.00604701042175293,-0.00909902576697319,-35.89688990914209,0.0,1
pair_017,GT,Rank_5,3,5,0.14087361984878313,0.08779580185816578,0.05307781799061735,-0.006265759468078613,0,-0.0024138277239321715,-0.008577423844231324,-0.01023109257221222,-0.005784869194030762,0.075,-27.095713228822362,0.0,1
pair_017,GT,Rank_6,3,6,0.14087361984878313,0.08676121564755962,0.05411240420122351,-0.0012798905372619629,0,0.0014555029920287899,-0.013635947001285231,-0.004508107900619507,0.002932250499725342,0.075,36.374119281782654,0.0,1
pair_017,GT,Rank_7,3,7,0.14087361984878313,0.06360498525211161,0.07726863459667152,-0.0028031468391418457,0,0.0019109950213893612,0.007087451318655069,-1.0564923286437988e-05,-0.0041776299476623535,0.037500000000000006,-45.187964997440645,0.0,1
pair_017,GT,Rank_8,3,8,0.14087361984878313,0.06042397023924477,0.08044964960953836,0.001423180103302002,0,0.00866560272393857,0.003356078833829601,0.0006990730762481689,0.003839552402496338,0.037500000000000006,18.9148092126689,0.0,1
pair_017,GT,Rank_9,3,9,0.14087361984878313,0.05571663359465191,0.08515698625413122,0.002541959285736084,0,0.0026267682839152817,-0.00983848877074811,0.002012386918067932,0.0014462471008300781,0.075,38.15616841635426,0.0,1
pair_017,GT,Rank_10,3,10,0.14087361984878313,0.0531426247532245,0.08773099509555862,-0.0033617019653320312,0,-0.0004726318748989877,-0.006377703863932216,0.0011703819036483765,-0.004693925380706787,0.075,-52.72822579811316,0.0,1
pair_017,GT,Rank_11,3,11,0.14087361984878313,0.05220110635963766,0.08867251348914548,-0.0012049674987792969,0,0.0032704426112682983,-0.01089693011828119,-0.0014411211013793945,-0.0004715919494628906,0.075,11.95366716920114,0.0,1
pair_017,GT,Rank_12,3,12,0.14087361984878313,0.04780360907126839,0.09307001077751474,-0.0047997236251831055,0,0.003004391434891951,0.014930222417774308,-0.030357003211975098,-0.001315474510192871,0.075,-42.06220528061712,0.0,1
pair_017,GT,Rank_13,3,13,0.14087361984878313,0.04609195027960461,0.09478166956917852,-0.003996610641479492,0,-0.0004309347780169226,0.0012950341433674017,0.030341625213623047,-0.00800710916519165,0.075,-66.76011565960229,0.0,1
pair_017,GT,Rank_14,3,14,0.14087361984878313,0.04271043816786269,0.09816318168092045,-0.00042831897735595703,0,0.0023383123232567637,-0.018731427763373,-0.0037793368101119995,0.0030435919761657715,0.075,-23.29760084512968,0.0,1
pair_017,GT,Rank_15,3,15,0.14087361984878313,0.03719543798194261,0.10367818186684052,-0.0012415051460266113,0,0.0020937846310173924,-0.002340730884780151,0.021861374378204346,0.005829572677612305,0.0,23.110686872420544,0.0,1
pair_017,GT,Rank_16,3,16,0.14087361984878313,0.03238806472386315,0.10848555512491997,-0.005931079387664795,0,-0.0019386429448812192,0.0005915717572353429,-0.026209935545921326,-0.0053904056549072266,0.0,-28.074921201077487,0.0,1
pair_017,GT,Rank_17,3,17,0.14087361984878313,0.030267014854910394,0.11060660499387273,0.0008654594421386719,0,0.009192299830930395,0.018028956128439466,-0.002340957522392273,0.0037916898727416992,0.075,-57.59730277583725,0.0,1
pair_017,GT,Rank_18,3,18,0.14087361984878313,0.028760282754438832,0.1121133370943443,-0.005075216293334961,0,-0.0009309258945040533,0.002818422600243342,-0.0294540673494339,-0.006085872650146484,0.075,-83.5972570290975,0.0,1
pair_017,GT,Rank_19,3,19,0.14087361984878313,0.025942570180211066,0.11493104966857207,0.0026853084564208984,0,0.010110037298444063,0.025186772082299802,-0.003727853298187256,0.025928378105163574,-0.00909902576697319,29.180371705510964,0.0,1
pair_017,GT,Rank_20,3,20,0.14087361984878313,0.025220914398168495,0.11565270545061464,-0.0018571019172668457,0,0.002097659033042598,0.011565410912378837,0.0007586181163787842,-0.004350781440734863,0.075,-100.86355959558196,0.0,1
pair_019,GT,Rank_2,1,2,0.7806770065653151,0.7749806574272368,0.0056963491380783715,-0.016651690006256104,0,-0.02063369289085848,-0.02570515868708889,-0.06374725699424744,-0.07006925344467163,0.0,-93.51146909669889,0.0,1
pair_019,GT,Rank_3,1,3,0.7806770065653151,0.7575390295192412,0.0231379770460739,-0.01854926347732544,0,-0.020955046149116696,-0.03148792094196451,-0.0794278085231781,-0.08318781852722168,0.0,-13.753684769990159,0.0,1
pair_019,GT,Rank_4,1,4,0.7806770065653151,0.7496768847756093,0.031000121789705792,-0.013671457767486572,0,-0.01959936526910777,-0.022155493552389327,-0.018966257572174072,-0.06644237041473389,0.0,-45.60142863310793,0.0,1
pair_019,GT,Rank_5,1,5,0.7806770065653151,0.6383869488209872,0.1422900577443279,0.02101898193359375,0,0.019924509746778285,0.016079408284701113,-0.024573594331741333,0.07576459646224976,0.0,-39.13304780588325,0.0,1
pair_019,GT,Rank_6,1,6,0.7806770065653151,0.5568397301428779,0.22383727642243723,0.014322519302368164,0,0.018592736839044055,0.009347639089029247,-0.05291643738746643,0.04414564371109009,0.0,-19.606003308069702,0.0,1
pair_019,GT,Rank_7,1,7,0.7806770065653151,0.4744346676886882,0.30624233887662694,0.07718789577484131,0,0.05036556628544686,0.021040192716147654,-0.0009319186210632324,0.028535008430480957,0.0,-52.13698199112768,0.0,1
pair_019,GT,Rank_8,1,8,0.7806770065653151,0.40011248090828677,0.38056452565702836,-0.003901362419128418,0,-0.0038033773148759,-0.008450564234105062,-0.06803840398788452,-0.02393394708633423,0.0,-86.90807443077331,0.0,1
pair_019,GT,Rank_9,1,9,0.7806770065653151,0.32548339504032053,0.4551936115249946,0.10871678590774536,0,0.0801148827248851,0.020972776237437762,-0.00637248158454895,0.01068580150604248,0.0,-38.17214036558188,0.0,1
pair_019,GT,Rank_10,1,10,0.7806770065653151,0.26602525377766495,0.5146517527876502,-0.01996403932571411,0,-0.02350250048217961,-0.024710916348380296,-0.08312913775444031,-0.08588236570358276,-0.075,-72.52721615193609,0.0,1
pair_019,GT,Rank_11,1,11,0.7806770065653151,0.14944814922037775,0.6312288573449374,-0.011466145515441895,0,-0.012572968034563536,-0.018713600706392497,-0.07684841752052307,-0.06111842393875122,-0.03749999999999999,-32.27551695063434,0.0,1
pair_019,GT,Rank_12,1,12,0.7806770065653151,0.13433335184811945,0.6463436547171957,0.0035583972930908203,0,0.001000927068130264,1.9732506611469525e-05,-0.0612129271030426,0.00811070203781128,-0.03749999999999999,-79.05546933632029,0.0,1
pair_019,GT,Rank_13,1,13,0.7806770065653151,0.08505715753277349,0.6956198490325416,0.006261885166168213,0,0.0033280752922184575,0.01954759276413709,-0.004992425441741943,0.01282048225402832,-0.043585412256314196,-101.10067180691267,0.0,1
pair_019,GT,Rank_14,1,14,0.7806770065653151,0.07589739251305756,0.7047796140522575,0.0670122504234314,0,0.030418575576412366,-0.006577387264438905,-0.0009343326091766357,-0.007574677467346191,-0.075,-108.07222696894799,0.0,1
pair_019,GT,Rank_15,1,15,0.7806770065653151,0.06972076382800958,0.7109562427373055,-0.009742021560668945,0,-0.013093514364027947,-0.020807483150480865,-0.07530650496482849,-0.04600101709365845,-0.075,-26.04096679785185,0.0,1
pair_019,GT,Rank_16,1,16,0.7806770065653151,0.061920895551387925,0.7187561110139272,-0.015215098857879639,0,-0.016715279316455667,-0.019957762849124316,-0.03956478834152222,-0.06964212656021118,-0.11249999999999989,-51.96333615406901,0.0,1
pair_019,GT,Rank_17,1,17,0.7806770065653151,0.05331211080979975,0.7273648957555154,0.05901682376861572,0,0.017839684301130587,-0.008567266270246288,-0.012129515409469604,-0.04088866710662842,-0.0927050983124842,4.488530903301111,0.0,1
pair_019,GT,Rank_18,1,18,0.7806770065653151,0.051353229431600145,0.729323777133715,0.12051177024841309,0,0.11879295846141646,0.10234683917235743,0.05309978127479553,0.024444103240966797,-0.0796164609606622,-15.945835708460223,0.0,1
pair_019,GT,Rank_19,1,19,0.7806770065653151,0.04886086999010224,0.7318161365752129,6.490945816040039e-05,0,-0.00447918132496572,-0.006064889730810985,-0.053458452224731445,-0.00990670919418335,-0.03749999999999999,-5.059768820536512,0.0,1
pair_019,GT,Rank_20,1,20,0.7806770065653151,0.04327897807680207,0.7373980284885131,0.008284211158752441,0,0.012486862175002611,0.009301034171226519,-0.05826544761657715,0.020456135272979736,-0.03749999999999999,-66.05191873913219,0.0,1
pair_020,GT,Rank_1,81,1,0.002651967064782298,0.9158659012155893,-0.913213934150807,-0.03246992826461792,0,-0.013997878338166792,-0.021267244420407727,-0.024871356785297394,-0.05287623405456543,0.03749999999999999,56.601399026645524,0.0,1
pair_020,GT,Rank_2,81,2,0.002651967064782298,0.9045088484019884,-0.9018568813372061,-0.023053407669067383,0,-0.022953165799867614,-0.023585760327691996,-0.013212919235229492,-0.04383128881454468,0.03749999999999999,-5.4884356083235275,0.0,1
pair_020,GT,Rank_3,81,3,0.002651967064782298,0.8395433328479616,-0.8368913657831792,-0.02358347177505493,0,0.016809660958964745,0.008523716389446157,-0.028007872402668,-0.05241668224334717,0.03749999999999999,14.295213834736273,0.0,1
pair_020,GT,Rank_4,81,4,0.002651967064782298,0.7491446125714608,-0.7464926455066785,-0.06460165977478027,0,-0.045204418229891075,-0.04466323610340284,-0.020419925451278687,-0.12655967473983765,0.03749999999999999,47.27067339776323,0.0,1
pair_020,GT,Rank_5,81,5,0.002651967064782298,0.631319144590632,-0.6286671775258497,-0.06262093782424927,0,-0.047158851449185524,-0.050620616547003006,-0.024394415318965912,-0.12733513116836548,0.03749999999999999,-27.89563691676139,0.0,1
pair_020,GT,Rank_6,81,6,0.002651967064782298,0.46536467648205243,-0.4627127094172701,-0.032130658626556396,0,-0.022038184514852732,-0.028287069573867174,-0.013122022151947021,-0.06638151407241821,-0.037500000000000006,70.89152807755553,0.0,1
pair_020,GT,Rank_7,81,7,0.002651967064782298,0.44860328566917707,-0.44595131860439474,-0.01624619960784912,0,0.025300111310637252,0.016783829979879816,0.005302652716636713,-0.04285377264022827,0.03749999999999999,-20.175481691664174,0.0,1
pair_020,GT,Rank_8,81,8,0.002651967064782298,0.39755325620766185,-0.39490128914287953,-0.011044561862945557,0,0.008790785226455045,0.0022644894419575623,0.005893398076295908,-0.015375494956970215,0.03749999999999999,82.87771036039038,0.0,1
pair_020,GT,Rank_9,81,9,0.002651967064782298,0.24045303030991588,-0.2378010632451336,-0.02542489767074585,0,-0.020309812943636207,-0.017804617343182616,-0.02127495408058161,-0.0445786714553833,0.03749999999999999,-49.66264102718657,0.0,1
pair_020,GT,Rank_10,81,10,0.002651967064782298,0.1412035722992881,-0.1385516052345058,-0.01969236135482788,0,-0.03734472386786458,-0.037923559367988746,0.006764441728591919,-0.07905077934265137,0.0,92.09697969579696,0.0,1
pair_020,GT,Rank_11,81,11,0.002651967064782298,0.07087332447467592,-0.06822135740989363,-0.018293678760528564,0,0.020429857525813166,0.012820860940921164,-0.024531409144401495,-0.03168398141860962,-0.037500000000000006,35.37473807325307,0.0,1
pair_020,GT,Rank_12,81,12,0.002651967064782298,0.05950337971923136,-0.05685141265444906,0.01653897762298584,0,0.05567440450045513,0.04293198443312696,0.030422911047935486,0.006400883197784424,-0.037500000000000006,77.43641177276696,0.0,1
pair_020,GT,Rank_13,81,13,0.002651967064782298,0.05520664745915657,-0.052554680394374276,-0.044001221656799316,0,-0.02619854839121305,-0.027626269198150033,-0.03461366891860962,-0.0791519284248352,-0.037500000000000006,-7.797715831332965,0.0,1
pair_020,GT,Rank_14,81,14,0.002651967064782298,0.05224998445829068,-0.04959801739350839,-0.05535709857940674,0,-0.03631851328500135,-0.03884032039908758,-0.040805600583553314,-0.10906940698623657,-0.037500000000000006,2.153968791169575,0.0,1
pair_020,GT,Rank_15,81,15,0.002651967064782298,0.03898073165311068,-0.036328764588328386,-0.01782965660095215,0,-0.009729344868120937,-0.013138336958548158,-0.013135842978954315,-0.028785347938537598,-0.04211646096066221,43.11432221893904,0.0,1
pair_020,GT,Rank_16,81,16,0.002651967064782298,0.03131998299278941,-0.02866801592800711,-0.04639357328414917,0,-0.03194651778540036,-0.032837206154235465,-0.03189920634031296,-0.08389312028884888,-0.037500000000000006,27.957465481935273,0.0,1
pair_020,GT,Rank_17,81,17,0.002651967064782298,0.027398683499745023,-0.024746716434962724,-0.0573459267616272,0,-0.04548910832903863,-0.04638284884019639,-0.03631947934627533,-0.1161152720451355,-0.037500000000000006,21.996653883023768,0.0,1
pair_020,GT,Rank_18,81,18,0.002651967064782298,0.020220032439896223,-0.017568065375113923,0.023107051849365234,0,0.014645207846378239,-0.019488844231994706,0.009403273463249207,-0.026363790035247803,0.03749999999999999,54.67954837416349,0.0,1
pair_020,GT,Rank_19,81,19,0.002651967064782298,0.020180127360944707,-0.017528160296162408,0.014392673969268799,0,0.049349428029524245,0.04373118342959592,0.019394800066947993,0.009134054183959961,0.03749999999999999,50.36479205944251,0.0,1
pair_020,GT,Rank_20,81,20,0.002651967064782298,0.02002232959337611,-0.01737036252859381,0.12156736850738525,0,0.11435776750252402,0.17446695872484919,0.049099735915660914,0.181816577911377,-0.037500000000000006,-13.795770985001184,0.0,1
pair_021,GT,Rank_2,1,2,0.8455868834420848,0.15153104985325225,0.6940558335888325,0.1097521185874939,0,0.10883466807101094,0.15539352441206977,0.07125574350357056,0.13416790962219238,-0.0602081728298995,-19.14964510285545,0.0,1
pair_021,GT,Rank_3,1,3,0.8455868834420848,0.10519620039831011,0.7403906830437746,0.02073723077774048,0,0.017111930395830255,0.01660483676916069,0.01485702395439148,0.014333188533782959,0.0,-69.26827922714287,0.0,1
pair_021,GT,Rank_4,1,4,0.8455868834420848,0.06351545487120767,0.7820714285708771,0.1312427520751953,0,0.1260094941963522,0.1399640668618466,0.09376829862594604,0.12184107303619385,0.0,-45.98408565582954,0.0,1
pair_021,GT,Rank_5,1,5,0.8455868834420848,0.05979651310784064,0.7857903703342441,0.11325770616531372,0,0.11584933677420761,0.14697797944596658,0.07568870484828949,0.14867788553237915,-0.075,-10.204495331378133,0.0,1
pair_021,GT,Rank_6,1,6,0.8455868834420848,0.046014165898635266,0.7995727175434495,0.10382610559463501,0,0.10139403187786322,0.14824583798611635,0.068083256483078,0.12722867727279663,0.0,-28.635564673708167,0.0,1
pair_021,GT,Rank_7,1,7,0.8455868834420848,0.03661824958363672,0.8089686338584481,0.09918767213821411,0,0.08898216166224615,0.13783655544444773,0.12243274599313736,0.12791508436203003,-0.008852549156242097,-75.16512056025815,0.0,1
pair_021,GT,Rank_8,1,8,0.8455868834420848,0.03283594923006402,0.8127509342120207,0.09900200366973877,0,0.09127882766410289,0.13729476217688885,0.1230706200003624,0.12867772579193115,0.0,-69.42242975938518,0.0,1
pair_021,GT,Rank_9,1,9,0.8455868834420848,0.03210546954996777,0.813481413892117,0.02076399326324463,0,0.01660336416758834,0.017047803328701483,-0.0042073726654052734,0.01660311222076416,0.0,-79.77700612374525,0.0,1
pair_021,GT,Rank_10,1,10,0.8455868834420848,0.029715783125554812,0.81587110031653,0.10014188289642334,0,0.09834712229648557,0.10552141526523051,0.06544116139411926,0.13781875371932983,0.0,-38.48330357414061,0.0,1
pair_021,GT,Rank_11,1,11,0.8455868834420848,0.02927769703056731,0.8163091864115175,0.09975939989089966,0,0.09700605162096276,0.06120793866283869,0.06578260660171509,0.14882326126098633,0.0,-48.581585386538414,0.0,1
pair_021,GT,Rank_12,1,12,0.8455868834420848,0.02854089422074882,0.817045989221336,0.11434698104858398,0,0.11247554780066948,0.12294224597675463,0.07568186521530151,0.1589360237121582,0.0,-1.3718687895059034,0.0,1
pair_021,GT,Rank_13,1,13,0.8455868834420848,0.025698302163106722,0.819888581278978,0.09832024574279785,0,0.08683725310603507,0.03971949627292892,0.1029600277543068,0.12488383054733276,0.0,-57.36187237392037,0.0,1
pair_021,GT,Rank_14,1,14,0.8455868834420848,0.022973906040659426,0.8226129774014254,0.02747201919555664,0,0.025044017761364445,0.02065725863563861,0.08493363857269287,0.028464913368225098,0.0,-55.40147140790882,0.0,1
pair_021,GT,Rank_15,1,15,0.8455868834420848,0.01778796411574005,0.8277989193263448,0.09552854299545288,0,0.08929538256291802,0.08943755658521846,0.12446729093790054,0.13722866773605347,0.0,-60.41421841916577,0.0,1
pair_021,GT,Rank_16,1,16,0.8455868834420848,0.016429029954062025,0.8291578534880227,0.23394018411636353,0,0.19479735840592094,0.08636488886685201,0.2146778404712677,0.2158394455909729,-0.043585412256314196,-49.99300821814294,0.0,1
pair_021,GT,Rank_17,1,17,0.8455868834420848,0.012131196356570634,0.8334556870855141,0.02742379903793335,0,0.026591061388148707,0.035610910279921804,0.0002263486385345459,0.040282607078552246,0.0,12.4093400054943,0.0,1
pair_021,GT,Rank_18,1,18,0.8455868834420848,0.011360016905008128,0.8342268665370767,0.03103119134902954,0,0.025615315073953204,0.0295037792754953,0.06571619212627411,0.029649555683135986,0.0,-57.500159055412375,0.0,1
pair_021,GT,Rank_19,1,19,0.8455868834420848,0.010612524597108692,0.8349743588449761,0.12325751781463623,0,0.12084860739448122,0.12366379559564844,0.15133193880319595,0.0949711799621582,0.0,-86.75908845044125,0.0,1
pair_021,GT,Rank_20,1,20,0.8455868834420848,0.008683817583641281,0.8369030658584435,0.1070975661277771,0,0.10018879825988136,0.06828771292152325,0.12789658457040787,0.15601766109466553,0.0,-88.60578577953811,0.0,1
pair_022,GT,Rank_2,1,2,0.9694151297395627,0.747668651573009,0.22174647816655368,0.07299494743347168,0,0.24856975292519684,0.28916076612090447,-0.021791972219944,0.10460153222084045,0.0,-8.137050917047134,0.0,1
pair_022,GT,Rank_3,1,3,0.9694151297395627,0.5533231665584022,0.4160919631811605,0.0724305510520935,0,0.30764672102278834,0.18051128851425396,-0.030275695025920812,0.12459164857864385,0.0,79.67675021833537,0.0,1
pair_022,GT,Rank_4,1,4,0.9694151297395627,0.5361925279011268,0.43322260183843586,0.06570112705230713,0,0.31468034047864224,0.25482149370248985,-0.01952780783176422,0.10177028179168707,0.0,93.91908583574792,0.0,1
pair_022,GT,Rank_5,1,5,0.9694151297395627,0.5269431266187823,0.4424720031207804,0.06768238544464111,0,0.33284683658232983,0.2576414888025649,-0.03243308514356613,0.11042663455009466,0.0,87.02334821703153,0.0,1
pair_022,GT,Rank_6,1,6,0.9694151297395627,0.3927677150283271,0.5766474147112356,-0.029586374759674072,0,0.23469501899721623,0.11959077017457642,-0.01360282301902771,-0.045646846294403076,0.0,50.005178961501656,0.0,1
pair_022,GT,Rank_7,1,7,0.9694151297395627,0.2081487594390561,0.7612663703005066,0.06421124935150146,0,0.1943099446427724,0.18370140047155314,-0.03374683856964111,0.10624945163726807,-0.075,63.775211248395465,0.0,1
pair_022,GT,Rank_8,1,8,0.9694151297395627,0.17565882804632874,0.793756301693234,0.06829476356506348,0,0.1741505877913473,0.1863475816944229,-0.03519681841135025,0.13539758324623113,0.0,-16.359769166088398,0.0,1
pair_022,GT,Rank_9,1,9,0.9694151297395627,0.1322666944889761,0.8371484352505866,0.07542866468429565,0,0.34230900198030656,0.19803789993586457,-0.008945554494857733,0.14882320165634155,0.0,4.927021643013035,0.0,1
pair_022,GT,Rank_10,1,10,0.9694151297395627,0.0929873549739059,0.8764277747656568,-0.022438228130340576,0,0.2692792153951645,0.0690462457143628,0.014964081346988678,-0.023582518100738525,0.0,-35.63501338565226,0.0,1
pair_022,GT,Rank_11,1,11,0.9694151297395627,0.07510633789359121,0.8943087918459715,0.0620732307434082,0,0.1773901379588294,0.1010211461212992,-0.03651266545057291,0.11123037338256836,-0.075,94.53116112721463,0.0,1
pair_022,GT,Rank_12,1,12,0.9694151297395627,0.06544746115637136,0.9039676685831913,0.08118277788162231,0,0.18839508393506732,0.11972922529257524,-0.02573598176240921,0.12706735730171204,0.0,73.57749546617812,0.0,1
pair_022,GT,Rank_13,1,13,0.9694151297395627,0.06506493043264448,0.9043501993069182,0.12678223848342896,0,0.35385115298158326,0.18556773143880828,0.021976813673973083,0.19141778349876404,-0.075,8.401923448912584,0.0,1
pair_022,GT,Rank_14,1,14,0.9694151297395627,0.056876954718246775,0.912538175021316,0.05926632881164551,0,0.23806531385366325,0.17606395618178156,-0.02474915236234665,0.10054829716682434,-0.075,45.347283759143465,0.0,1
pair_022,GT,Rank_15,1,15,0.9694151297395627,0.042831283539696376,0.9265838461998663,0.15091490745544434,0,0.39865760123442046,0.22779560237451096,0.1110541000962258,0.16815009713172913,0.0,-15.401523335035563,0.0,1
pair_022,GT,Rank_16,1,16,0.9694151297395627,0.040758338810449525,0.9286567909291131,0.17976897954940796,0,0.35312792430732215,0.17680481160240685,0.041663251817226465,0.24516639113426214,0.0,87.19676129274313,0.0,1
pair_022,GT,Rank_17,1,17,0.9694151297395627,0.03974195623600431,0.9296731735035584,0.16097873449325562,0,0.2897897803322311,0.20579316502786466,0.07104411721229559,0.14504429697990417,-0.11249999999999989,53.534964909531865,0.0,1
pair_022,GT,Rank_18,1,18,0.9694151297395627,0.03852777180745972,0.930887357932103,0.15730470418930054,0,0.43506396859362356,0.33303244992724207,0.15959126874804497,0.16997480392456055,-0.0796164609606622,63.333185561133774,0.0,1
pair_022,GT,Rank_19,1,19,0.9694151297395627,0.032735985581266766,0.9366791441582959,0.06379508972167969,0,0.19570430181533505,0.26956887536030505,-0.0304302498698234,0.11932402849197393,-0.1162132317597294,-3.1792552158684373,0.0,1
pair_022,GT,Rank_20,1,20,0.9694151297395627,0.030982399624440736,0.938432730115122,0.14154350757598877,0,0.3561160563309467,0.16057069051867068,0.03004680573940277,0.19418865442276007,-0.1162132317597294,17.80086635949911,0.0,1
pair_023,GT,Rank_2,1,2,0.9743717354255884,0.5059619330635167,0.46840980236207175,-0.004441201686859131,0,-0.007122705996089107,-0.002157916524905046,-0.005119495093822535,-0.0376739501953125,-0.05,99.7183465000362,0.0,1
pair_023,GT,Rank_3,1,3,0.9743717354255884,0.07065858957658804,0.9037131458490004,0.15136122703552246,0,0.15053480949095732,0.13715575828676418,0.18366196751594538,0.023515701293945312,-0.05,68.26181985489518,0.0,1
pair_023,GT,Rank_4,1,4,0.9743717354255884,0.06354731724139188,0.9108244181841966,0.16005563735961914,0,0.1593681465393374,0.14393612154272928,0.18891099467873568,0.03633302450180054,-0.125,72.79285399180904,0.0,1
pair_023,GT,Rank_5,1,5,0.9743717354255884,0.06114728577510598,0.9132244496504824,0.15559983253479004,0,0.1511713757906753,0.13656376317733265,0.1844470500946045,0.04401522874832153,-0.125,61.03029653098136,0.0,1
pair_023,GT,Rank_6,1,6,0.9743717354255884,0.0585129088982447,0.9158588265273437,0.1505860686302185,0,0.15132917056403627,0.1354431438677719,0.18412924557924265,0.023523688316345215,-0.05,47.56731402160361,0.0,1
pair_023,GT,Rank_7,1,7,0.9743717354255884,0.05705661112029588,0.9173151243052925,0.16126161813735962,0,0.1596606564958012,0.23887045659619455,-0.1447244063019753,-0.04239135980606079,-0.05,123.11749066029343,0.0,1
pair_023,GT,Rank_8,1,8,0.9743717354255884,0.053283242347768926,0.9210884930778195,0.1524806022644043,0,0.15494340714951926,0.1396565343495646,0.1841342449188232,0.035029590129852295,-0.05,55.13533242973921,0.0,1
pair_023,GT,Rank_9,1,9,0.9743717354255884,0.052170533560725284,0.9222012018648631,0.16093909740447998,0,0.1611425709527149,0.24060424427946592,-0.14317228645086294,-0.02471238374710083,-0.05,-19.697340379757293,0.0,1
pair_023,GT,Rank_10,1,10,0.9743717354255884,0.0465709130367403,0.9278008223888481,0.1656513214111328,0,0.170222135747792,0.24888739465872955,-0.07666581869125372,-0.037967681884765625,-0.05,34.73699878425944,0.0,1
pair_023,GT,Rank_11,1,11,0.9743717354255884,0.04245254762658936,0.9319191877989991,0.15484142303466797,0,0.1526164445130418,0.13639513507858614,0.1854516975581646,0.04564404487609863,-0.05,38.476271622267205,0.0,1
pair_023,GT,Rank_12,1,12,0.9743717354255884,0.04184608440125979,0.9325256510243286,0.15679556131362915,0,0.16117090496919972,0.14675243429727036,0.1844390444457531,0.03977787494659424,-0.05,56.47180493826282,0.0,1
pair_023,GT,Rank_13,1,13,0.9743717354255884,0.04119556157920361,0.9331761738463848,0.2198343276977539,0,0.2031447919758239,0.17646991983236526,0.22043925151228907,0.10298848152160645,-0.0935854122563142,82.08226665818505,0.0,1
pair_023,GT,Rank_14,1,14,0.9743717354255884,0.03953680344901722,0.9348349319765712,0.15651214122772217,0,0.15774978118605176,0.14021966407913689,0.18412292003631586,0.03164529800415039,-0.05,33.5120424270615,0.0,1
pair_023,GT,Rank_15,1,15,0.9743717354255884,0.037987674978970466,0.9363840604466179,0.27818983793258667,0,0.2405336479329344,0.1705211179592231,0.24469635635614398,0.08741596341133123,-0.0875,86.6956094629663,0.0,1
pair_023,GT,Rank_16,1,16,0.9743717354255884,0.033065187872211334,0.9413065475533771,0.2750023603439331,0,0.2507838759803199,0.18357799887647763,0.23046472296118736,0.13530361652374273,-0.05,82.93820747639376,0.0,1
pair_023,GT,Rank_17,1,17,0.9743717354255884,0.030003667719542854,0.9443680677060455,0.16365766525268555,0,0.160922539942722,0.2395941032498885,-0.14334950596094137,-0.03118044137954712,-0.0875,-4.45371917539768,0.0,1
pair_023,GT,Rank_18,1,18,0.9743717354255884,0.02917303087922894,0.9451987045463595,0.16022205352783203,0,0.16429603204334742,0.14701130648222294,0.18542102351784706,0.0433734655380249,-0.0875,76.42763761615812,0.0,1
pair_023,GT,Rank_19,1,19,0.9743717354255884,0.024853034941503677,0.9495187004840847,0.16421443223953247,0,0.17072549426007777,0.15432396595405007,0.1911515928804874,0.05932682752609253,-0.125,46.31274389839524,0.0,1
pair_023,GT,Rank_20,1,20,0.9743717354255884,0.0242946879300629,0.9500770474955255,0.2968127727508545,0,0.2981568003758973,0.19346138155260584,0.2564791850745678,0.12816476821899414,-0.0935854122563142,18.989276391113805,0.0,1
pair_025,GT,Rank_2,1,2,0.21577226594797363,0.00767725421858577,0.20809501172938785,0.008646070957183838,0,-0.037188816896538746,0.03361480783939008,-0.001192823052406311,0.02325451374053955,0.0,-39.01421105227929,0.0,1
pair_025,GT,Rank_3,1,3,0.21577226594797363,0.005606260929100719,0.21016600501887292,0.016026437282562256,0,-0.005264499525304278,0.015057137945886256,0.009347930550575256,0.03543281555175781,0.0,94.39113767473062,0.0,1
pair_025,GT,Rank_4,1,4,0.21577226594797363,0.005110855336913148,0.21066141061106047,0.008086204528808594,0,-0.2597578895282826,-0.014818729264629238,-0.020498737692832947,0.02968376874923706,0.0,68.44093672166179,0.0,1
pair_025,GT,Rank_5,1,5,0.21577226594797363,0.004988010147914183,0.21078425580005944,0.012808561325073242,0,-0.2626861368472242,-0.055394929418390304,0.017308413982391357,0.02776247262954712,-0.0927050983124842,106.98418001191901,0.0,1
pair_025,GT,Rank_6,1,6,0.21577226594797363,0.004955078876082952,0.21081718707189068,0.015529334545135498,0,-0.19751422004499353,0.004792605976370434,-0.013192668557167053,0.03299349546432495,0.0,-69.58441138489847,0.0,1
pair_025,GT,Rank_7,1,7,0.21577226594797363,0.004900793267375122,0.21087147268059853,0.016774773597717285,0,-0.0793775998698576,0.004957043803533456,0.0013930648565292358,0.030902564525604248,-0.0602081728298995,15.915812011859288,0.0,1
pair_025,GT,Rank_8,1,8,0.21577226594797363,0.0044055451059023965,0.21136672084207123,0.00664675235748291,0,-0.03983463184853475,0.010124957753738228,-0.013662457466125488,0.02240198850631714,0.0,-75.86094517341196,0.0,1
pair_025,GT,Rank_9,1,9,0.21577226594797363,0.004117302839003787,0.21165496310896983,0.009029984474182129,0,-0.02992233116595422,0.014407983561851134,0.009153008460998535,0.01999586820602417,0.0,-16.051740100788876,0.0,1
pair_025,GT,Rank_10,1,10,0.21577226594797363,0.0037621990188084803,0.21201006692916516,0.017807304859161377,0,-0.24756493493793197,-0.05145803168300345,-0.01321631669998169,0.030059456825256348,0.0,5.680449921461246,0.0,1
pair_025,GT,Rank_11,1,11,0.21577226594797363,0.00371480571209804,0.2120574602358756,0.014858424663543701,0,0.013603875167470636,0.01786914771865067,-0.012118428945541382,0.03655600547790527,-0.11249999999999989,79.98978620157166,0.0,1
pair_025,GT,Rank_12,1,12,0.21577226594797363,0.0034988351724621527,0.21227343077551147,0.015615642070770264,0,-0.06530332454723353,0.021067423093102722,0.007937923073768616,0.028369426727294922,-0.03749999999999999,96.66338010459565,0.0,1
pair_025,GT,Rank_13,1,13,0.21577226594797363,0.0028795269698425586,0.21289273897813107,0.018309175968170166,0,-0.17128853384552434,-0.0045357934091784236,-0.019566074013710022,0.03039109706878662,-0.03749999999999999,10.982617613964209,0.0,1
pair_025,GT,Rank_14,1,14,0.21577226594797363,0.0026842061994804727,0.21308805974849315,0.008922219276428223,0,-0.005376932263294165,0.013984933425459478,-0.0077939629554748535,0.017291665077209473,0.0,-62.35632478374059,0.0,1
pair_025,GT,Rank_15,1,15,0.21577226594797363,0.0026634251152283985,0.21310884083274523,0.014030277729034424,0,-0.0657365348263187,0.018911131965569594,0.006463006138801575,0.021352171897888184,0.0,18.78690736491204,0.0,1
pair_025,GT,Rank_16,1,16,0.21577226594797363,0.002345651175912496,0.21342661477206115,0.01809239387512207,0,-0.05357955658642921,0.019202733088146906,-0.015225797891616821,0.02764838933944702,-0.0796164609606622,7.622257613075803,0.0,1
pair_025,GT,Rank_17,1,17,0.21577226594797363,0.0022550328284255466,0.2135172331195481,0.010708093643188477,0,-0.2654715040505756,-0.03792644577009974,0.006877034902572632,0.03502136468887329,0.0,-39.07650154038838,0.0,1
pair_025,GT,Rank_18,1,18,0.21577226594797363,0.002187930146645644,0.213584335801328,0.016678333282470703,0,-0.2582983596666911,-0.02149953860805187,-0.016672030091285706,0.027814924716949463,-0.03749999999999999,9.90202791281672,0.0,1
pair_025,GT,Rank_19,1,19,0.21577226594797363,0.0019227426615440843,0.21384952328642956,0.018122375011444092,0,-0.16685169768983255,-0.0005398534734800675,-0.012946441769599915,0.03070610761642456,-0.03749999999999999,-22.425581505776634,0.0,1
pair_025,GT,Rank_20,1,20,0.21577226594797363,0.0018644088074455765,0.21390785714052807,0.007910072803497314,0,-0.26636962446648105,-0.035969839674855675,0.016280189156532288,0.019064009189605713,0.0,-73.81337175695437,0.0,1
pair_026,GT,Rank_2,1,2,0.7913241487774937,0.6152730461321751,0.17605110264531854,0.010558605194091797,0,0.015533527109530598,0.0065144800660650315,0.002400172874331502,0.013789176940917969,0.0,-48.53427713450017,0.0,1
pair_026,GT,Rank_3,1,3,0.7913241487774937,0.6147675216473474,0.1765566271301463,0.029146671295166016,0,0.033131638553882015,-0.042885533694724476,-0.00020927283912899886,0.04455924034118652,0.0,-0.8553081829138307,0.0,1
pair_026,GT,Rank_4,1,4,0.7913241487774937,0.18221174299066806,0.6091124057868256,-0.0046117305755615234,0,-0.0004932384774244403,-0.024953782372613476,-0.0034560235217214186,0.004802405834197998,-0.03749999999999999,-10.048303088036675,0.0,1
pair_026,GT,Rank_5,1,5,0.7913241487774937,0.17768946672986416,0.6136346820476295,0.03527414798736572,0,0.036510245699516,-0.0581368966707132,-0.002485423348844107,0.06218528747558599,0.0,-19.970808756437094,0.0,1
pair_026,GT,Rank_6,1,6,0.7913241487774937,0.15141138205817395,0.6399127667193197,0.21187621355056763,0,0.23033592093280203,0.16364881841647838,-0.03967453259974721,0.1077304482460022,-0.075,18.97771888917069,0.0,1
pair_026,GT,Rank_7,1,7,0.7913241487774937,0.14589168403708777,0.6454324647404059,0.008926093578338623,0,0.012402841987106727,0.019939424446616227,0.004764475394040291,0.009188294410705566,-0.03749999999999999,-38.15646940541964,0.0,1
pair_026,GT,Rank_8,1,8,0.7913241487774937,0.1307993727148616,0.660524776062632,0.003036797046661377,0,0.0020685816406643687,-0.029154676282600267,-0.005532156676054001,-0.0018811225891113281,-0.03749999999999999,-4.3998257907923914,0.0,1
pair_026,GT,Rank_9,1,9,0.7913241487774937,0.11465282237667612,0.6766713264008175,0.0015859007835388184,0,-0.0006804266317710361,-0.038167667353390056,-0.0036808541044593135,0.001841425895690918,-0.075,-27.062763578591472,0.0,1
pair_026,GT,Rank_10,1,10,0.7913241487774937,0.08766469309676793,0.7036594556807257,-0.003098726272583008,0,-0.005771034210106385,-0.030800143605427488,0.01197873149067158,0.013915836811065674,-0.03749999999999999,-36.587965715272304,0.0,1
pair_026,GT,Rank_11,1,11,0.7913241487774937,0.08301449309372155,0.7083096556837721,0.2166309654712677,0,0.22945384346020403,0.1792015049056805,-0.038652551360428306,0.12718304991722107,-0.03749999999999999,26.350582046528487,0.0,1
pair_026,GT,Rank_12,1,12,0.7913241487774937,0.07958035563654177,0.7117437931409519,0.008628368377685547,0,0.015655827769787134,0.030979361993755727,0.005069699604064198,0.010451018810272217,0.0,-73.6535616899026,0.0,1
pair_026,GT,Rank_13,1,13,0.7913241487774937,0.07117988981004823,0.7201442589674455,0.0033115744590759277,0,0.006172770602015043,-0.034334217013249235,0.03187538729980588,-0.00804758071899414,-0.03749999999999999,1.8105134515682835,0.0,1
pair_026,GT,Rank_14,1,14,0.7913241487774937,0.06644178227190145,0.7248823665055922,0.03437376022338867,0,0.029311265391462116,0.03557728305874397,0.022866721847094595,0.02509540319442749,-0.03749999999999999,-28.583383872222953,0.0,1
pair_026,GT,Rank_15,1,15,0.7913241487774937,0.039317987000932135,0.7520061617765615,0.1822068691253662,0,0.17983491422264708,0.12042840312298497,-0.0368233863264322,0.08184036612510681,0.0,34.77405186337221,0.0,1
pair_026,GT,Rank_16,1,16,0.7913241487774937,0.034581495627758016,0.7567426531497357,0.0022200942039489746,0,0.003344020810393089,-0.014362514131890602,-0.004073387943208218,0.02536565065383911,-0.15000000000000002,-17.131946588810848,0.0,1
pair_026,GT,Rank_17,1,17,0.7913241487774937,0.03166705120082022,0.7596570975766734,0.04030418395996094,0,0.057635585787288446,-0.05425914659606157,-0.115884012542665,0.03229355812072754,0.0,-25.481090676514526,0.0,1
pair_026,GT,Rank_18,1,18,0.7913241487774937,0.026389213398330873,0.7649349353791628,0.2134667038917542,0,0.22561674032517942,0.2539362512821199,-0.03239207656588411,0.1103446781635285,0.0,-56.54913111982984,0.0,1
pair_026,GT,Rank_19,1,19,0.7913241487774937,0.023580837901200292,0.7677433108762934,0.0362507700920105,0,0.046107518523562985,-0.03797072577918259,-0.12024894636124372,0.028696835041046143,-0.03749999999999999,-53.4338230088448,0.0,1
pair_026,GT,Rank_20,1,20,0.7913241487774937,0.022436978869171256,0.7688871699083224,0.007951080799102783,0,0.01569592639988915,0.037878188023728776,0.00400409256690179,0.01925712823867798,-0.03749999999999999,-61.973389352376586,0.0,1
pair_027,GT,Rank_1,10,1,0.7687792237512665,0.9791443522408148,-0.21036512848954825,0.0469936728477478,0,-0.0021557809707548614,0.0789553934365228,0.022791519761085455,0.037391602993011475,0.043585412256314196,10.51558374147237,0.0,1
pair_027,GT,Rank_2,10,2,0.7687792237512665,0.9739293434922137,-0.2051501197409472,0.019673466682434082,0,-0.01903692711391214,0.08488349644430682,0.029699034988880102,0.05091506242752075,0.043585412256314196,15.340648184850124,0.0,1
pair_027,GT,Rank_3,10,3,0.7687792237512665,0.9733094687748446,-0.20453024502357808,-0.002831697463989258,0,-0.010543058586358733,0.03357604733244557,-0.0320767685770989,0.0065898895263671875,0.043585412256314196,-9.705099376083467,0.0,1
pair_027,GT,Rank_4,10,4,0.7687792237512665,0.9684506815391806,-0.19967145778791406,0.0032543540000915527,0,-0.029284633117999448,0.0513261390591121,0.00891868770122528,0.017047643661499023,0.043585412256314196,-27.075288844879708,0.0,1
pair_027,GT,Rank_5,10,5,0.7687792237512665,0.9551440360484046,-0.18636481229713808,0.01861017942428589,0,-0.016722913705747078,0.01327277494279644,0.011541977524757385,0.039656877517700195,0.043585412256314196,11.10275409271972,0.0,1
pair_027,GT,Rank_6,10,6,0.7687792237512665,0.9522053551509777,-0.1834261313997112,0.008365273475646973,0,0.022603474754761876,0.02352875012024702,0.011982381343841497,0.027776896953582764,0.043585412256314196,6.15207884517946,0.0,1
pair_027,GT,Rank_7,10,7,0.7687792237512665,0.8993891323633958,-0.1306099086121293,0.004942357540130615,0,0.0318005365898143,0.007139964171563928,-0.007472813129425104,0.015690743923187256,0.043585412256314196,-16.55774354298748,0.0,1
pair_027,GT,Rank_8,10,8,0.7687792237512665,0.8250875643046388,-0.056308340553372305,0.07979744672775269,0,-0.037701688786043075,0.048503438049634195,0.010720282793044988,0.11013263463973999,0.043585412256314196,36.064899682661064,0.0,1
pair_027,GT,Rank_9,10,9,0.7687792237512665,0.804475189289223,-0.03569596553795651,0.00819540023803711,0,0.020816879276389755,0.028674782065035487,-0.003758288919925745,0.03225088119506836,0.0347328631000721,19.063292490755288,0.0,1
pair_027,GT,Rank_12,10,12,0.7687792237512665,0.3110312208101771,0.4577480029410894,0.008542478084564209,0,-0.021585569613207234,0.0044101283712773,0.0061637684702872675,0.02761662006378174,-0.0314145877436858,34.82783377331717,0.0,1
pair_027,GT,Rank_13,10,13,0.7687792237512665,0.28993743308129494,0.47884179066997157,0.09560263156890869,0,0.08725351029982686,0.059390435508571704,0.021024048328399603,0.0901188850402832,0.043585412256314196,7.499490048187539,0.0,1
pair_027,GT,Rank_14,10,14,0.7687792237512665,0.2538265482533622,0.5149526754979044,0.060482680797576904,0,0.03037849996611952,0.030774299630672908,-0.0007653236389160156,0.08129924535751343,0.0,-32.27873002539519,0.0,1
pair_027,GT,Rank_15,10,15,0.7687792237512665,0.20591411091943612,0.5628651128318304,0.004233241081237793,0,-0.0039425964636141675,0.04482984598134776,-0.01570003479719162,0.02710282802581787,0.006085412256314204,30.363069058181622,0.0,1
pair_027,GT,Rank_16,10,16,0.7687792237512665,0.16114104028017726,0.6076381834710892,0.029205739498138428,0,-0.012876255826685945,0.025788821203434176,-0.0248986035585404,0.08180797100067139,0.0,26.81404856503312,0.0,1
pair_027,GT,Rank_17,10,17,0.7687792237512665,0.09149340051546097,0.6772858232358056,0.027874469757080078,0,0.04925428610412941,0.024346619241449652,-0.008572123944759424,0.1078563928604126,0.006085412256314204,32.27787487681417,0.0,1
pair_027,GT,Rank_18,10,18,0.7687792237512665,0.08892432823267862,0.6798548955185879,0.01974254846572876,0,-0.019313503684855404,0.007105178861193551,-0.002947598695755005,0.05972743034362793,-0.08335826801122961,-22.45614877892774,0.0,1
pair_027,GT,Rank_19,10,19,0.7687792237512665,0.06566739243905682,0.7031118313122097,0.12303584814071655,0,0.05734242411912416,0.09036777039264043,0.005864255130290985,0.09617418050765991,0.043585412256314196,38.03315013174553,0.0,1
pair_027,GT,Rank_20,10,20,0.7687792237512665,0.05869547871937881,0.7100837450318876,0.137285053730011,0,0.12689280863066876,0.08592537094264774,0.02458909153938288,0.11832189559936523,0.043585412256314196,39.52361639168632,0.0,1
pair_028,GT,Rank_2,1,2,0.9126346495069324,0.7581169380658249,0.15451771144110749,0.06352996826171875,0,0.09960675013013198,0.08528976456636606,0.001985903829336222,0.0913999080657959,0.0,-80.35053438022464,0.0,1
pair_028,GT,Rank_3,1,3,0.9126346495069324,0.7316080149550156,0.1810266345519168,0.11829489469528198,0,0.10242122489281591,0.03384564100883514,0.024223476648330744,0.15068110823631292,0.0,-48.472642393259726,0.0,1
pair_028,GT,Rank_4,1,4,0.9126346495069324,0.5462087677100264,0.36642588179690605,0.1340375542640686,0,0.11561835515006258,0.1076453445647868,0.027124754153192043,0.28432419896125793,0.0,-7.564092306140715,0.0,1
pair_028,GT,Rank_5,1,5,0.9126346495069324,0.5186230236739855,0.3940116258329469,0.13481378555297852,0,0.12962109808657085,0.06922847144871802,0.038554612547159195,0.16974374651908875,0.0,-73.03906329757638,0.0,1
pair_028,GT,Rank_6,1,6,0.9126346495069324,0.33839057576696097,0.5742440737399714,0.13169240951538086,0,0.114591327668074,0.04999202133192082,0.022458426654338837,0.1841537058353424,0.0,4.441906245407814,0.0,1
pair_028,GT,Rank_7,1,7,0.9126346495069324,0.25737739574642793,0.6552572537605045,0.14327698945999146,0,0.10411646927378437,0.039793799683947584,0.031842831522226334,0.23483449220657354,0.0,-56.31444927439511,0.0,1
pair_028,GT,Rank_8,1,8,0.9126346495069324,0.16712953210215162,0.7455051174047808,0.1816522479057312,0,0.2102901655799253,0.15328042907780381,0.054310791194438934,0.2555317878723145,-0.0796164609606622,-27.313334221167842,0.0,1
pair_028,GT,Rank_9,1,9,0.9126346495069324,0.07867552724976391,0.8339591222571685,0.1051446795463562,0,0.10213046739915577,0.03815537813486902,-0.013629354536533356,0.14369875192642212,-0.075,-72.42429958307218,0.0,1
pair_028,GT,Rank_10,1,10,0.9126346495069324,0.07105514537585952,0.8415795041310729,0.12380599975585938,0,0.12457774473893068,0.08780794849085183,0.014730244874954224,0.12179023027420044,-0.075,7.443804380709416,0.0,1
pair_028,GT,Rank_11,1,11,0.9126346495069324,0.058572670100616925,0.8540619794063155,0.22688227891921997,0,0.2543062399255287,0.22961173416087177,0.06356338411569601,0.25810658931732183,-0.0796164609606622,-83.5828014047004,0.0,1
pair_028,GT,Rank_12,1,12,0.9126346495069324,0.043007417824687,0.8696272316822454,0.11928224563598633,0,0.15840473129281363,0.17289767564859193,0.042289905250072535,0.1973927915096283,0.0,-133.74249697997257,0.0,1
pair_028,GT,Rank_13,1,13,0.9126346495069324,0.04194195645736177,0.8706926930495706,0.1484929919242859,0,0.15161809285264105,0.09766218629871981,0.007991764694452341,0.18775087594985962,0.0,-16.175027547403865,0.0,1
pair_028,GT,Rank_14,1,14,0.9126346495069324,0.028770015755830644,0.8838646337511018,0.13151556253433228,0,0.11044961607240489,0.04966516580284963,0.039537157863378525,0.1698732078075409,-0.075,-105.79944625008957,0.0,1
pair_028,GT,Rank_15,1,15,0.9126346495069324,0.02456161395292151,0.8880730355540108,0.2355470061302185,0,0.2396405566666796,0.24461863205918755,0.10569173097610474,0.24242502450942993,-0.0796164609606622,-90.41815255620156,0.0,1
pair_028,GT,Rank_16,1,16,0.9126346495069324,0.016353019056865897,0.8962816304500665,0.15357273817062378,0,0.15193586974315676,0.0859048930217654,0.08241452649235731,0.1936797797679901,-0.075,29.70091848170769,0.0,1
pair_028,GT,Rank_17,1,17,0.9126346495069324,0.014236377658753562,0.8983982718481789,0.1299457550048828,0,0.12865834497110384,0.06661613506078645,0.026083447039127405,0.1611697375774384,-0.11249999999999989,-51.666306840984326,0.0,1
pair_028,GT,Rank_18,1,18,0.9126346495069324,0.013101290982524076,0.8995333585244083,0.1959066390991211,0,0.1801821666835266,0.16933711274126206,0.07839805632829672,0.1537964940071106,0.0,-102.52698853625054,0.0,1
pair_028,GT,Rank_19,1,19,0.9126346495069324,0.013054222275015268,0.8995804272319171,0.2164241075515747,0,0.21875440890195064,0.21697802578015857,0.10368089750409132,0.21005401015281683,-0.043585412256314196,-60.03735429662371,0.0,1
pair_028,GT,Rank_20,1,20,0.9126346495069324,0.012965434739632513,0.8996692147672999,0.21992331743240356,0,0.224905189038205,0.2153183378502841,0.10272915475070482,0.2337056696414948,-0.043585412256314196,2.2458211968098496,0.0,1
pair_029,GT,Rank_1,90,1,0.0008174535904783858,0.2307156819339631,-0.22989822834348472,-0.014992356300354004,0,-0.021770893227067045,0.02685085978113555,-0.025392778567038476,-0.028984248638153076,0.0,-56.27596140865501,-0.15000000000000002,1
pair_029,GT,Rank_2,90,2,0.0008174535904783858,0.0844097647211464,-0.08359231113066802,-0.009121477603912354,0,0.21066717399261625,0.07582694802034828,-0.017613146803341806,0.02058655023574829,0.0,10.944806535238882,0.0,1
pair_029,GT,Rank_3,90,3,0.0008174535904783858,0.05483418846954427,-0.054016734879065886,-0.015337884426116943,0,-0.021979367959818807,0.029050799385983095,0.007943483476992697,-0.01114034652709961,0.0,-48.843677211436244,-0.15000000000000002,1
pair_029,GT,Rank_4,90,4,0.0008174535904783858,0.03727420123693206,-0.03645674764645367,-0.012514650821685791,0,-0.017644921192508267,0.019456137642489102,0.008725891588255819,-0.008806467056274414,0.0,-31.09591590454889,-0.15000000000000002,1
pair_029,GT,Rank_5,90,5,0.0008174535904783858,0.02588266015776731,-0.025065206567288927,0.004100978374481201,0,0.0019035058199399213,0.12344078098182965,0.0208455475512892,0.05981624126434326,0.0,-25.749268260878154,-0.15000000000000002,1
pair_029,GT,Rank_6,90,6,0.0008174535904783858,0.024790337059444122,-0.023972883468965738,-0.01830005645751953,0,-0.024844329739208804,0.027451039487194295,-0.026925898797344416,-0.02236860990524292,0.0,6.146539974527286,0.0,1
pair_029,GT,Rank_7,90,7,0.0008174535904783858,0.02425019464823208,-0.023432741057753694,-0.006706953048706055,0,-0.011369742234002778,0.09300421050759855,-0.018196991179138367,0.0263063907623291,0.0,33.835780988679815,0.0,1
pair_029,GT,Rank_8,90,8,0.0008174535904783858,0.021461786935760386,-0.020644333345282,-0.00022011995315551758,0,-0.008664645541058946,0.08201232148268733,0.005258666351437624,0.038983166217803955,-0.008852549156242097,-11.992150900607925,0.0,1
pair_029,GT,Rank_9,90,9,0.0008174535904783858,0.0212684927675573,-0.020451039177078915,-0.007932007312774658,0,0.22404394735264022,0.0734570305277018,0.012863070471212323,0.027499675750732422,0.0,56.62978297212409,0.0,1
pair_029,GT,Rank_10,90,10,0.0008174535904783858,0.01960762444017635,-0.018790170849697967,-0.01251155138015747,0,-0.017924107379877596,0.023558489049945286,0.006697937264107223,-0.009932219982147217,-0.03749999999999999,51.903330705120894,0.0,1
pair_029,GT,Rank_11,90,11,0.0008174535904783858,0.018646844349565542,-0.017829390759087158,0.0018523335456848145,0,0.061506422422329066,0.08146699129593438,-0.014027593191713095,0.020936012268066406,0.0,-45.47707583892338,-0.15000000000000002,1
pair_029,GT,Rank_12,90,12,0.0008174535904783858,0.015773534100027516,-0.01495608050954913,-0.01441270112991333,0,0.11762597847899636,0.06374369631601451,-0.026321080629713778,-0.02516496181488037,0.0,-42.53721185339916,-0.15000000000000002,1
pair_029,GT,Rank_13,90,13,0.0008174535904783858,0.01440528333135456,-0.013587829740876174,0.012768685817718506,0,0.012636073040847129,0.1416446346336524,-0.013392112450674176,0.06095242500305176,0.0,18.034430162651915,0.0,1
pair_029,GT,Rank_14,90,14,0.0008174535904783858,0.01412148073273407,-0.013304027142255684,-0.0197678804397583,0,-0.02663188749397727,0.03420769880425334,-0.0258626226495835,-0.023454129695892334,0.0,-71.81548059873515,-0.15000000000000002,1
pair_029,GT,Rank_15,90,15,0.0008174535904783858,0.01326387324683995,-0.012446419656361564,0.156113862991333,0,0.3670598217409397,0.19472667088759943,0.011726686963811517,0.1648184061050415,-0.008852549156242097,-38.832820486910265,-0.15000000000000002,1
pair_029,GT,Rank_16,90,16,0.0008174535904783858,0.011634249325089534,-0.010816795734611149,0.01137089729309082,0,0.26507310145179996,0.08786404373352286,-0.011028194800019209,0.06004190444946289,0.0,40.90336799896993,0.0,1
pair_029,GT,Rank_17,90,17,0.0008174535904783858,0.011154979199964318,-0.010337525609485932,-0.004251658916473389,0,-0.006233356776452981,0.005200157341574085,-0.019415591144934297,0.0021989941596984863,-0.03749999999999999,45.79461613482647,0.0,1
pair_029,GT,Rank_18,90,18,0.0008174535904783858,0.01015843056450006,-0.009340976974021675,0.08141970634460449,0,0.1360308289785589,0.09943197031405948,0.004218764835968614,0.0807046890258789,0.0,-22.95786734395503,0.0,1
pair_029,GT,Rank_19,90,19,0.0008174535904783858,0.010017566736098686,-0.0092001131456203,-0.008402884006500244,0,0.21168588871960692,0.07425917846342434,0.008271347498521209,0.01594102382659912,0.0,-28.766208026599514,-0.15000000000000002,1
pair_029,GT,Rank_20,90,20,0.0008174535904783858,0.009960432010588686,-0.0091429784201103,0.018663883209228516,0,0.01638799934407076,0.14568901553467672,0.027662659529596623,0.08617430925369263,0.0,-44.964274383556756,-0.15000000000000002,1
pair_032,GT,Rank_1,15,1,0.14110276192153468,0.7968851800355824,-0.6557824181140477,0.015044569969177246,0,0.11808189261466695,0.05309154805509464,-0.03155152499675751,0.033903419971466064,0.075,-62.23686905623393,0.0,1
pair_032,GT,Rank_2,15,2,0.14110276192153468,0.7333122318123305,-0.5922094698907958,-0.0022056102752685547,0,0.08203787098010906,0.02882638093010992,-0.02995060384273529,0.0023540854454040527,0.075,-41.67006431836509,0.0,1
pair_032,GT,Rank_3,15,3,0.14110276192153468,0.7156803359632147,-0.57457757404168,0.012490332126617432,0,0.18535290473533161,0.07777922214850497,-0.010590717196464594,0.0578005313873291,0.075,-82.50119816711306,0.0,1
pair_032,GT,Rank_4,15,4,0.14110276192153468,0.7090699271400461,-0.5679671652185114,0.015968143939971924,0,0.10858192754702944,0.039848078669506126,-0.022482186555862427,0.018852591514587402,0.075,-129.46926138910996,0.0,1
pair_032,GT,Rank_5,15,5,0.14110276192153468,0.6842225527839317,-0.543119790862397,-0.008200883865356445,0,0.04861403994913416,0.01457414899125653,-0.031320095062255915,-0.015273749828338623,0.075,-22.327486355032708,0.0,1
pair_032,GT,Rank_6,15,6,0.14110276192153468,0.6842225527839317,-0.543119790862397,-0.0031374692916870117,0,0.020082112910355887,0.008132548585749078,-0.0357691496610642,-0.012498021125793457,0.075,-6.1519391052964885,0.0,1
pair_032,GT,Rank_7,15,7,0.14110276192153468,0.6202581242481792,-0.47915536232664446,0.014035224914550781,0,0.16215937704916822,0.07225557244119085,-0.011836394667625427,0.06467288732528687,0.075,-103.97407284748432,0.0,1
pair_032,GT,Rank_8,15,8,0.14110276192153468,0.5695932475126682,-0.42849048559113345,-0.005794346332550049,0,0.12330967745633281,0.044234548147380814,-0.03185005486011511,-0.0028144121170043945,0.075,-116.69634923035171,0.0,1
pair_032,GT,Rank_9,15,9,0.14110276192153468,0.5415403690289861,-0.40043760710745135,0.014935493469238281,0,0.16554230820941634,0.06994606417544669,0.006085127592086792,0.06083834171295166,0.075,-87.31238382452273,0.0,1
pair_032,GT,Rank_10,15,10,0.14110276192153468,0.5375498380820987,-0.39644707616056396,-3.0875205993652344e-05,0,0.13236272073038102,0.04870273999662478,-0.03142991662025452,0.006138741970062256,0.075,-74.71430071001197,0.0,1
pair_032,GT,Rank_11,15,11,0.14110276192153468,0.4181812713525016,-0.2770785094309669,0.006334960460662842,0,0.15704212976721632,0.0619472045805568,-0.04202838242053991,0.010603249073028564,0.075,-95.10639675378472,0.0,1
pair_032,GT,Rank_12,15,12,0.14110276192153468,0.2130907569868859,-0.07198799506535122,0.03608626127243042,0,0.1995899497889087,0.09179063544396993,-0.017682701349258423,0.045257389545440674,0.075,-73.72475709481687,0.0,1
pair_032,GT,Rank_13,15,13,0.14110276192153468,0.17421242814751717,-0.03310966622598249,-0.00466388463973999,0,0.10164281914486895,0.042280354588084434,-0.02584709227085119,-0.00020867586135864258,0.0,-53.779836961236384,0.0,1
pair_032,GT,Rank_14,15,14,0.14110276192153468,0.14384491129644827,-0.0027421493749135994,0.003954708576202393,0,0.07874796982755938,0.03582158746636899,-0.02428503334522253,0.01669144630432129,0.0,-33.615290347049566,0.0,1
pair_032,GT,Rank_16,15,16,0.14110276192153468,0.11089938968092189,0.030203372240612786,0.009015262126922607,0,0.036995105367773506,0.013208866632951954,-0.02320621907711029,0.030887365341186523,0.0,-12.031877039234391,0.0,1
pair_032,GT,Rank_17,15,17,0.14110276192153468,0.09149884663397391,0.049603915287560765,0.05056309700012207,0,0.18111374836364963,0.07256154140360216,0.007675513625144903,0.03988844156265259,0.075,-96.03977778961297,0.0,1
pair_032,GT,Rank_18,15,18,0.14110276192153468,0.08545458140904366,0.05564818051249101,0.20371055603027344,0,0.3070305463726211,0.27391150100917927,0.1395622193813324,0.2596233785152436,0.037500000000000006,-52.18562001015428,0.0,1
pair_032,GT,Rank_19,15,19,0.14110276192153468,0.07714987297945872,0.06395288894207596,0.16328537464141846,0,0.03911814996898888,0.0542411075054704,0.050543501973152105,0.21397888660430908,0.075,-56.757221344730794,0.0,1
pair_032,GT,Rank_20,15,20,0.14110276192153468,0.05405856320348678,0.08704419871804789,0.20732229948043823,0,0.32522376245547163,0.2779655192002769,0.0944400280714035,0.22157731652259827,0.0,-80.90954665608793,0.0,1
pair_033,GT,Rank_2,1,2,0.9801513577557006,0.3347744285418404,0.6453769292138603,0.10485917329788197,0,0.0858171469325485,0.15642312254044655,0.007826731074601412,0.15540587902069092,-0.05,-84.87495421454149,0.0,1
pair_033,GT,Rank_3,1,3,0.9801513577557006,0.24503566017060405,0.7351156975850965,0.10834592580795277,0,0.1313010766457875,0.16900571831803302,-0.025546104821842164,0.1765419840812683,-0.05,55.96595533838592,0.0,1
pair_033,GT,Rank_4,1,4,0.9801513577557006,0.23562142289052113,0.7445299348651795,0.10906660556793202,0,0.07510216532362834,0.15566234300695014,0.013425167417153716,0.18417257070541382,-0.05,68.79657513409062,0.0,1
pair_033,GT,Rank_5,1,5,0.9801513577557006,0.17857684172460292,0.8015745160310976,0.034122467041015514,0,0.01953314468946965,0.041394835879077885,-0.005261948215775192,0.10053396224975586,-0.05,-104.28078956456916,0.0,1
pair_033,GT,Rank_6,1,6,0.9801513577557006,0.14663324265316155,0.833518115102539,0.10332679748535145,0,0.13841764614955243,0.1789899001326516,0.0205348446033895,0.158652663230896,-0.05,-70.81546764597151,0.0,1
pair_033,GT,Rank_7,1,7,0.9801513577557006,0.12606906827511036,0.8540822894805903,0.10057944059371937,0,0.08212297565154691,0.1558074706911956,0.0890158680267632,0.15967869758605957,-0.05,-107.64189661236345,0.0,1
pair_033,GT,Rank_8,1,8,0.9801513577557006,0.10433545163519833,0.8758159061205023,0.08492416143417347,0,0.08971573088637919,0.109686794036711,0.012539882678538616,0.12760722637176514,-0.05,-99.78356357817101,0.0,1
pair_033,GT,Rank_9,1,9,0.9801513577557006,0.09760072258791722,0.8825506351677834,0.10471463203430165,0,0.06244581577476194,0.13656427950789962,0.015494313091039713,0.19049429893493652,-0.05,-84.99282070004513,0.0,1
pair_033,GT,Rank_10,1,10,0.9801513577557006,0.05171920204500094,0.9284321557106997,0.11176639795303334,0,0.08385138605105658,0.1371375328931692,0.015318193240091205,0.16448312997817993,-0.05,66.56997230493658,0.0,1
pair_033,GT,Rank_11,1,11,0.9801513577557006,0.03549256389905055,0.9446587938566501,0.09751009941101063,0,0.09274989572464243,0.12004867913146322,0.08889146661385894,0.17021048069000244,-0.05,-102.80436095860425,0.0,1
pair_033,GT,Rank_12,1,12,0.9801513577557006,0.03031089388977581,0.9498404638659248,0.09739178419113148,0,0.09110336292453947,0.12593970610321836,0.01855078735388821,0.15085798501968384,-0.05,-94.38300115873282,0.0,1
pair_033,GT,Rank_13,1,13,0.9801513577557006,0.026048812206116455,0.9541025455495842,0.1075918674468993,0,0.051005793497740815,0.12564557945995913,0.017597524914890528,0.18883764743804932,-0.05,-113.78122275762784,0.0,1
pair_033,GT,Rank_14,1,14,0.9801513577557006,0.013839265458003513,0.9663120922976971,0.10858976840972889,0,0.14382510389363734,0.1369360923337679,0.01771388691850012,0.2002936601638794,-0.05,40.000329597105534,0.0,1
pair_033,GT,Rank_15,1,15,0.9801513577557006,0.013602286007629185,0.9665490717480715,0.11363393068313588,0,0.1502696286224059,0.18709946876497563,0.010933103505522013,0.1827385425567627,-0.05,-84.91621679849821,0.0,1
pair_033,GT,Rank_16,1,16,0.9801513577557006,0.013414424971867076,0.9667369327838335,0.11734646558761586,0,0.1483948686518355,0.13485907326168567,0.01474121818318963,0.2097427248954773,-0.05,53.757696833010954,0.0,1
pair_033,GT,Rank_17,1,17,0.9801513577557006,0.012762927201531668,0.9673884305541689,0.11198770999908436,0,0.07442260164770775,0.15680129484463956,0.05362677434459334,0.17043554782867432,-0.05,-104.56096008953186,0.0,1
pair_033,GT,Rank_18,1,18,0.9801513577557006,0.011578056016665138,0.9685733017390354,0.2163596749305724,0,0.2313209053910541,0.16705458625095604,0.03203539224341512,0.30596160888671875,-0.05,-105.23589449683006,0.0,1
pair_033,GT,Rank_19,1,19,0.9801513577557006,0.009259946105591423,0.9708914116501092,0.19534122943878163,0,0.17291022415217916,0.2469398648493053,0.021597861777991112,0.28747540712356573,-0.0875,13.950619975102953,0.0,1
pair_033,GT,Rank_20,1,20,0.9801513577557006,0.008361847589603958,0.9717895101660966,0.10973310470581044,0,0.058809669376464924,0.131783850251036,0.08420868264511233,0.1895606517791748,-0.05,-102.66568294121033,0.0,1
pair_035,GT,Rank_2,1,2,0.9497477569534037,0.8331927621886593,0.1165549947647444,0.119315505027771,0,0.07274989558953548,0.026015842841962122,-0.056129589676856995,0.07629019021987915,0.0,12.04014544343363,0.0,1
pair_035,GT,Rank_3,1,3,0.9497477569534037,0.8029353493035438,0.14681240764985992,0.12258332967758179,0,0.07124667380587091,0.0441384567139419,-0.07475915551185608,0.07786095142364502,0.0,16.030920346743443,0.0,1
pair_035,GT,Rank_4,1,4,0.9497477569534037,0.7984778453769305,0.1512699115764733,0.12291932106018066,0,0.06899375370196281,0.03431571981348125,0.0035270601511001587,0.08114778995513916,0.0,29.068876457030086,0.0,1
pair_035,GT,Rank_5,1,5,0.9497477569534037,0.7750742477301391,0.17467350922326463,0.12384152412414551,0,0.07621435336029991,0.025614535659469695,0.006566405296325684,0.07363009452819824,0.0,23.469573957595884,0.11499999999999999,1
pair_035,GT,Rank_6,1,6,0.9497477569534037,0.7704917326837933,0.1792560242696104,0.11203289031982422,0,0.07976205651064472,0.04051421003653699,-0.03460027277469635,0.08894854784011841,0.0,42.00616363366518,0.11499999999999999,1
pair_035,GT,Rank_7,1,7,0.9497477569534037,0.7511815135616007,0.19856624339180307,0.12936842441558838,0,0.07998139036342566,0.023456095238830077,-0.00435638427734375,0.08966928720474243,0.0,25.7103102290896,0.0,1
pair_035,GT,Rank_8,1,8,0.9497477569534037,0.5192654844774813,0.4304822724759224,0.00837719440460205,0,0.012886338429569433,0.0024858553877387113,-0.002035766839981079,0.0006627440452575684,0.0,43.47283679033865,0.11499999999999999,1
pair_035,GT,Rank_9,1,9,0.9497477569534037,0.3480526451120919,0.6016951118413119,0.13693106174468994,0,0.09195514056499943,0.034021656425420654,-0.04678812623023987,0.11781197786331177,0.0,37.31083953006316,0.11499999999999999,1
pair_035,GT,Rank_10,1,10,0.9497477569534037,0.29771596845084847,0.6520317885025553,0.1237674355506897,0,0.07915945633067667,0.036910232045875735,-0.07358551025390625,0.06985586881637573,-0.03749999999999999,35.05827748712474,0.11499999999999999,1
pair_035,GT,Rank_11,1,11,0.9497477569534037,0.27661474942438746,0.6731330075290163,0.13952159881591797,0,0.0965699976463803,0.030197818568264423,-0.014375314116477966,0.12153279781341553,0.0,7.918504562652544,0.0,1
pair_035,GT,Rank_12,1,12,0.9497477569534037,0.24838103595719582,0.7013667209962079,0.1471569538116455,0,0.09394934546795908,0.0675408662829553,-0.004104167222976685,0.14041215181350708,0.0,40.25969167050266,0.11499999999999999,1
pair_035,GT,Rank_13,1,13,0.9497477569534037,0.22803305580726513,0.7217147011461387,0.1315212845802307,0,0.0840786004033145,0.05619773566515229,-0.03740786015987396,0.07412034273147583,-0.03749999999999999,32.565401379392824,0.11499999999999999,1
pair_035,GT,Rank_14,1,14,0.9497477569534037,0.20559033435136573,0.744157422602038,0.15074318647384644,0,0.07907420716672253,0.040951719979707035,0.02047944813966751,0.0982850193977356,-0.03749999999999999,20.201686951583355,0.11499999999999999,1
pair_035,GT,Rank_15,1,15,0.9497477569534037,0.18631763443843974,0.763430122514964,0.1081228256225586,0,0.10696720901918366,0.1869071124145223,0.061005882918834686,0.141912579536438,0.0,-29.061002185430596,0.0,1
pair_035,GT,Rank_16,1,16,0.9497477569534037,0.18373409188649398,0.7660136650669098,0.14482390880584717,0,0.1262353246866088,0.04425267478549744,-0.0034101158380508423,0.1757689118385315,0.0,44.649163584942244,0.11499999999999999,1
pair_035,GT,Rank_17,1,17,0.9497477569534037,0.11708924583319433,0.8326585111202094,0.12111824750900269,0,0.12538135121321747,0.1723119852766808,0.0741698369383812,0.21764516830444336,-0.03749999999999999,26.85024828771688,0.0,1
pair_035,GT,Rank_18,1,18,0.9497477569534037,0.047296515899497606,0.9024512410539062,0.12865811586380005,0,0.12800391708267078,0.2226606564350313,0.07653238624334335,0.17159795761108398,-0.031066017177982103,82.65431246815716,0.11499999999999999,1
pair_035,GT,Rank_19,1,19,0.9497477569534037,0.04441183110205411,0.9053359258513496,0.1474795937538147,0,0.1042711837190734,0.03359661816002557,0.007529020309448242,0.1419582962989807,-0.03749999999999999,26.549525332076485,0.11499999999999999,1
pair_035,GT,Rank_20,1,20,0.9497477569534037,0.04424527745591754,0.9055024794974862,0.24639517068862915,0,0.21187824350498707,0.2134264558015806,0.045281410217285156,0.3000386059284211,-0.0796164609606622,80.75276140124427,0.11499999999999999,1
pair_037,GT,Rank_2,1,2,0.6533569956238199,0.4708140943683444,0.18254290125547545,0.08122432231903076,0,0.09356330693708459,0.13520931739256103,-0.008808165788650513,0.1595698595046997,0.0,-1.2716159544683876,0.0,1
pair_037,GT,Rank_3,1,3,0.6533569956238199,0.3345198934922384,0.3188371021315815,0.10532242059707642,0,0.08930324715323745,0.10741347062058271,0.10188768804073334,0.09351181983947754,-0.03749999999999999,65.50111906329174,0.0,1
pair_037,GT,Rank_4,1,4,0.6533569956238199,0.22759208327201932,0.4257649123518006,0.005272865295410156,0,0.00046965034261881033,0.024961626326543085,0.0010417550802230835,0.01606959104537964,0.0,63.88873203268213,0.0,1
pair_037,GT,Rank_5,1,5,0.6533569956238199,0.07653614341949265,0.5768208522043272,0.234572172164917,0,0.18970484143352684,0.17087735743468424,0.17087056487798696,0.21514448523521423,-0.043585412256314196,61.626073460285056,0.0,1
pair_037,GT,Rank_6,1,6,0.6533569956238199,0.06768029833100438,0.5856766972928155,0.09939354658126831,0,0.08962147811524057,0.08942554722026785,0.09398520737886434,0.08314478397369385,-0.1162132317597294,-4.599052933584488,0.0,1
pair_037,GT,Rank_7,1,7,0.6533569956238199,0.04939550448056014,0.6039614911432597,0.23041528463363647,0,0.2236498765005852,0.164203508326783,-0.005877107381820679,0.1828364133834839,-0.0602081728298995,27.59191041996948,0.0,1
pair_037,GT,Rank_8,1,8,0.6533569956238199,0.029815496456754825,0.623541499167065,0.00021123886108398438,0,-0.004842356207508947,0.026138568586896893,0.07866393774747854,-0.005074739456176758,0.0,-33.776616906642346,0.0,1
pair_037,GT,Rank_9,1,9,0.6533569956238199,0.02442713347280446,0.6289298621510154,0.22822445631027222,0,0.22695850422306152,0.184249675213073,-0.009923607110977173,0.20043808221817017,0.0,100.92836376697466,0.0,1
pair_037,GT,Rank_10,1,10,0.6533569956238199,0.01635196003295361,0.6370050355908663,0.08816409111022949,0,0.10054914039971652,0.1551071595309984,0.07685092091560364,0.1664130687713623,-0.03749999999999999,-34.595736158012556,0.0,1
pair_037,GT,Rank_11,1,11,0.6533569956238199,0.015515406927035232,0.6378415886967846,0.1515372395515442,0,0.10118990523076166,0.09192626059654185,0.15648765861988068,0.07262939214706421,-0.043585412256314196,66.41974202823613,0.0,1
pair_037,GT,Rank_12,1,12,0.6533569956238199,0.013119752500616057,0.6402372431232038,0.18310409784317017,0,0.13507144356802014,0.161619090160102,0.20830774307250977,0.17840874195098877,0.0,-7.696069046785993,0.0,1
pair_037,GT,Rank_13,1,13,0.6533569956238199,0.012545587898603137,0.6408114077252167,0.2267540693283081,0,0.17981357895553485,0.15242807190887397,0.20781721547245985,0.19255942106246948,-0.043585412256314196,-19.011817798412267,0.0,1
pair_037,GT,Rank_14,1,14,0.6533569956238199,0.012386854444181201,0.6409701411796387,0.08236712217330933,0,0.09305673238190137,0.14357963399646678,-0.002694949507713318,0.15603816509246826,-0.1162132317597294,62.03136823838888,0.0,1
pair_037,GT,Rank_15,1,15,0.6533569956238199,0.01074357691071804,0.6426134187131018,0.2310847043991089,0,0.227296494388173,0.18342705974429951,0.04648920148611069,0.19954997301101685,-0.043585412256314196,-9.71412494411851,0.0,1
pair_037,GT,Rank_16,1,16,0.6533569956238199,0.010368649949799165,0.6429883456740207,0.23259246349334717,0,0.22286680314479557,0.17116022424377264,0.052076555788517,0.1813693642616272,0.0,39.57170202780074,0.0,1
pair_037,GT,Rank_17,1,17,0.6533569956238199,0.008418683921719529,0.6449383117021004,0.2248227596282959,0,0.21484591911415452,0.1730524891223515,-0.007991954684257507,0.1819741129875183,-0.14366069605669868,25.311861310642854,0.0,1
pair_037,GT,Rank_18,1,18,0.6533569956238199,0.007356302714011185,0.6460006929098087,0.23896801471710205,0,0.2288608949162031,0.1975920615301957,-0.0003045499324798584,0.18739640712738037,-0.0927050983124842,147.75598906995685,0.0,1
pair_037,GT,Rank_19,1,19,0.6533569956238199,0.007116961979604675,0.6462400336442152,0.22745001316070557,0,0.21632774318965142,0.1816977622046203,-0.005270630121231079,0.1690007448196411,-0.03749999999999999,24.752339483531614,0.0,1
pair_037,GT,Rank_20,1,20,0.6533569956238199,0.006433587241880373,0.6469234083819395,0.15092992782592773,0,0.11439565380744154,0.1027008073979021,0.11314670741558075,0.14813989400863647,-0.043585412256314196,62.91267872474431,0.0,1
pair_038,GT,Rank_1,4,1,0.765970598001102,0.9029337444674467,-0.13696314646634467,-0.0721583366394043,0,-0.07636968209932438,-0.08512473391870812,-0.031146578956395388,-0.11244767904281616,0.0,73.16905023254643,0.0,1
pair_038,GT,Rank_2,4,2,0.765970598001102,0.8393732419620827,-0.07340264396098073,0.0006299018859863281,0,0.02125272917722798,-0.01690084199893893,0.02154112653806811,-0.08551716804504395,0.0,-4.859616531124431,0.0,1
pair_038,GT,Rank_3,4,3,0.765970598001102,0.83064582452956,-0.06467522652845803,-0.08079469203948975,0,-0.08230244884341764,-0.08312222541651892,-0.01645840855780989,-0.1262648105621338,-0.03749999999999999,10.172856828606655,0.0,1
pair_038,GT,Rank_5,4,5,0.765970598001102,0.7632374802366023,0.002733117764499693,-0.0959884524345398,0,-0.07973887160591109,-0.08300974811091466,-0.04548361292108888,-0.14901703596115112,0.0,11.043570288968752,0.0,1
pair_038,GT,Rank_6,4,6,0.765970598001102,0.7424135590181286,0.023557038982973455,-0.0946468710899353,0,-0.08823639685574669,-0.09288422591529921,-0.04370512766763568,-0.14555656909942627,0.0,42.106873515662414,0.0,1
pair_038,GT,Rank_7,4,7,0.765970598001102,0.7007199900227622,0.06525060797833981,-0.0251084566116333,0,-0.00033580966223067943,-0.0015440696544997135,-0.03828671295195818,-0.0181502103805542,0.0,19.021508176198594,0.0,1
pair_038,GT,Rank_8,4,8,0.765970598001102,0.35341954283811405,0.41255105516298796,-0.07231879234313965,0,-0.030979688315707965,-0.03310471162858164,-0.034331811591982786,-0.12086302042007446,-0.075,61.12753424593956,0.0,1
pair_038,GT,Rank_9,4,9,0.765970598001102,0.27257793298325195,0.49339266501785006,-0.08325827121734619,0,-0.05410696998386255,-0.05792416731482941,-0.0361384530551731,-0.1315796971321106,-0.075,-20.02018817118733,0.0,1
pair_038,GT,Rank_10,4,10,0.765970598001102,0.24270009142817103,0.523270506572931,-0.07458311319351196,0,-0.049032255319879314,-0.05313390323356004,-0.030142905656248276,-0.11891454458236694,-0.075,88.2007731546771,0.0,1
pair_038,GT,Rank_11,4,11,0.765970598001102,0.24253587566691107,0.523434722334191,-0.08016300201416016,0,-0.08166922398227583,-0.08413356185069387,-0.028912222478538696,-0.1209748387336731,-0.0796164609606622,-35.05338405609356,0.0,1
pair_038,GT,Rank_12,4,12,0.765970598001102,0.23624204040320707,0.529728557597895,-0.00857609510421753,0,0.005362874326856448,0.007017763497784157,-0.02445843443274498,0.0037246346473693848,-0.043585412256314196,50.082738045404426,0.0,1
pair_038,GT,Rank_13,4,13,0.765970598001102,0.22105121188353216,0.5449193861175698,-0.05086022615432739,0,-0.06329352794210963,-0.06601655961320008,-0.0318278173799626,-0.06947940587997437,-0.075,-7.979653136282764,0.0,1
pair_038,GT,Rank_14,4,14,0.765970598001102,0.21734712578724946,0.5486234722138525,-0.012392282485961914,0,0.0012244297803531978,-0.011110445400058566,-0.031380019616335575,-0.06344205141067505,-0.043585412256314196,96.16764898536272,0.0,1
pair_038,GT,Rank_15,4,15,0.765970598001102,0.20580193582626088,0.5601686621748412,-0.021933913230895996,0,-0.03347234775787744,-0.034181571921064635,-0.00585996871814129,-0.025828301906585693,-0.075,56.26721389184313,0.0,1
pair_038,GT,Rank_16,4,16,0.765970598001102,0.15106332713818724,0.6149072708629147,-0.04328542947769165,0,0.01033122110385587,0.010779739275417644,-0.018771515315165688,-0.06988787651062012,-0.075,30.0656933424998,0.0,1
pair_038,GT,Rank_17,4,17,0.765970598001102,0.13263127857860074,0.6333393194225012,0.08752542734146118,0,0.07234585471451183,0.02915374588966957,0.046976251062005814,0.14863547682762146,0.0,-29.804446584694915,0.0,1
pair_038,GT,Rank_18,4,18,0.765970598001102,0.10772095995879515,0.6582496380423069,-0.0963403582572937,0,-0.08202236000166385,-0.08513838343116675,-0.04412076389417047,-0.1484830379486084,-0.075,41.23566351764404,0.0,1
pair_038,GT,Rank_19,4,19,0.765970598001102,0.07311814513630621,0.6928524528647958,0.09001374244689941,0,0.08015477324644127,0.03709441974496863,0.0482677123509348,0.14869374036788946,0.0,-21.98688226469426,0.0,1
pair_038,GT,Rank_20,4,20,0.765970598001102,0.07221777003339541,0.6937528279677065,0.09020966291427612,0,0.08151826147005814,0.034827961001937746,0.04960353812202811,0.1530446112155915,-0.008852549156242097,-34.86660688404842,0.0,1
pair_039,GT,Rank_1,2,1,0.5137457925855724,0.599606204965717,-0.08586041238014464,0.06305849552154541,0,0.018827981557598905,0.08412781948213444,-0.07950825989246368,0.07398003339767456,0.0,-64.05693341850309,0.0,1
pair_039,GT,Rank_3,2,3,0.5137457925855724,0.4407283993187679,0.07301739326680451,-0.009708225727081299,0,-0.025155205069970488,-0.031652639516080994,-0.004787638783454895,-0.037231504917144775,0.0,13.730024597888246,0.0,1
pair_039,GT,Rank_4,2,4,0.5137457925855724,0.4394507151154826,0.07429507747008979,0.06875383853912354,0,0.028226730605412143,0.09164303861967138,-0.072271928191185,0.0649862289428711,0.0,7.686417956230329,0.0,1
pair_039,GT,Rank_5,2,5,0.5137457925855724,0.4268346440244709,0.08691114856110149,0.07389295101165771,0,0.01761446876767292,0.07221789450218474,-0.03933870792388916,0.13539880514144897,0.0,-33.659230128123,0.0,1
pair_039,GT,Rank_6,2,6,0.5137457925855724,0.26050389691545667,0.25324189567011574,0.06894570589065552,0,0.029721894811575056,0.0902138946652511,-0.07576204091310501,0.07714402675628662,0.0,10.994166816914685,0.0,1
pair_039,GT,Rank_7,2,7,0.5137457925855724,0.21242302340090397,0.30132276918466844,0.06363576650619507,0,0.019014465099202904,0.0806081691789029,-0.07657524943351746,0.06760978698730469,-0.043585412256314196,-53.32289579139484,0.0,1
pair_039,GT,Rank_8,2,8,0.5137457925855724,0.1673168140713083,0.34642897851426413,0.23840636014938354,0,0.2324508411187487,0.2518079601221751,0.09533265978097916,0.2296973466873169,0.0,6.500661580653244,0.0,1
pair_039,GT,Rank_9,2,9,0.5137457925855724,0.13686051563505242,0.37688527695052,0.06328386068344116,0,0.01783707976652038,0.07635965698319103,-0.07726667076349258,0.0923532247543335,0.0,-75.10135202419454,0.0,1
pair_039,GT,Rank_10,2,10,0.5137457925855724,0.1091920785827241,0.4045537140028483,0.08244764804840088,0,0.0392397079448954,0.10205439033378272,-0.03902655094861984,0.07238060235977173,0.0,-42.96841685323048,0.0,1
pair_039,GT,Rank_11,2,11,0.5137457925855724,0.09557809325586732,0.4181676993297051,0.06728965044021606,0,0.031171160787650032,0.096873250268108,-0.06260599941015244,0.09206193685531616,-0.043585412256314196,12.497470754716105,0.0,1
pair_039,GT,Rank_12,2,12,0.5137457925855724,0.06552766013980495,0.44821813244576747,0.07500708103179932,0,0.01628289097360358,0.0722398502304834,-0.044441185891628265,0.09662872552871704,0.0,-6.683215740902682,0.0,1
pair_039,GT,Rank_13,2,13,0.5137457925855724,0.057801716166847254,0.45594407641872514,0.08366638422012329,0,0.04007487374478036,0.10775397942138132,-0.06963034719228745,0.09923261404037476,0.0,2.755305916461083,0.0,1
pair_039,GT,Rank_14,2,14,0.5137457925855724,0.05681667298755203,0.45692911959802035,0.06402641534805298,0,0.04723881671503716,0.11415869454512151,-0.07423579692840576,0.05683720111846924,0.0,-90.76682782250074,0.0,1
pair_039,GT,Rank_15,2,15,0.5137457925855724,0.052960798351802646,0.46078499423376973,0.18181276321411133,0,0.06882570291517176,-0.02964764413682408,0.14903758093714714,0.2137596607208252,-0.043585412256314196,8.488897205234124,0.0,1
pair_039,GT,Rank_16,2,16,0.5137457925855724,0.05174244581280995,0.46200334677276245,0.08360302448272705,0,0.031600790566526205,0.0860902291799559,-0.06692945212125778,0.15905380249023438,0.0,17.78645183280115,0.0,1
pair_039,GT,Rank_17,2,17,0.5137457925855724,0.04498892743262892,0.46875686515294346,0.08278018236160278,0,0.09082692483677035,0.16605354506709147,-0.029270410537719727,0.09821158647537231,0.0,-18.705879867428763,0.0,1
pair_039,GT,Rank_18,2,18,0.5137457925855724,0.04215786718082184,0.4715879254047506,0.0782465934753418,0,0.020866280054246178,0.08181342506386569,-0.07084999233484268,0.10910338163375854,0.0,2.5126709731692642,0.0,1
pair_039,GT,Rank_19,2,19,0.5137457925855724,0.0398008758647672,0.4739449167208052,0.17716681957244873,0,0.1307886551651113,0.13755702852583251,-0.011945471167564392,0.2513325512409211,-0.0927050983124842,9.84196605340584,0.0,1
pair_039,GT,Rank_20,2,20,0.5137457925855724,0.036892420536229556,0.47685337204934286,0.1661926507949829,0,0.1256700911119819,0.03411005400953826,0.14996379241347318,0.14147606492042542,0.0,5.855803258932369,0.0,1
pair_041,GT,Rank_1,7,1,0.6461630715777509,0.8626685196266493,-0.21650544804889837,0.1873873472213744,0,0.18630966580288655,0.33056628147216416,0.00265580415725708,0.07547277212142944,0.0,133.46081299760516,0.0,1
pair_041,GT,Rank_2,7,2,0.6461630715777509,0.832288923280061,-0.1861258517023101,0.20622086524963368,0,0.2118204502770259,0.34049043041573657,0.013509109616279602,0.14445310831069946,0.0,125.18112113125132,0.0,1
pair_041,GT,Rank_3,7,3,0.6461630715777509,0.7621200024809947,-0.11595693090324377,0.1954205036163329,0,0.19712299648019127,0.3280427041954239,0.031119875609874725,0.10456544160842896,0.0,143.5048076741885,0.0,1
pair_041,GT,Rank_4,7,4,0.6461630715777509,0.693388099527516,-0.04722502794976513,0.19410979747772206,0,0.19219621446906066,0.3435743683210688,0.03048865497112274,0.10049420595169067,-0.008852549156242097,67.92169049698074,0.0,1
pair_041,GT,Rank_5,7,5,0.6461630715777509,0.6882467773853103,-0.04208370580755938,0.2088242769241332,0,0.20980711952769615,0.34960625584723715,0.01867220550775528,0.15557211637496948,0.0,83.36204379832043,0.0,1
pair_041,GT,Rank_6,7,6,0.6461630715777509,0.6807215577035507,-0.034558486125799814,0.0242938995361327,0,0.012431253701292722,0.05261104685746121,0.004689902067184448,0.08089780807495117,0.0,22.391791963347913,0.0,1
pair_041,GT,Rank_8,7,8,0.6461630715777509,0.6419216342189009,0.004241437358849964,0.3690594434738158,0,0.3277804905057282,0.36884334723472545,0.1656100600957871,0.3076104521751404,-0.0796164609606622,135.96463752925777,0.0,1
pair_041,GT,Rank_9,7,9,0.6461630715777509,0.639379737352019,0.006783334225731852,0.15281122922897328,0,0.1524583636354866,0.23155102260129745,0.06155984103679657,0.25146010518074036,0.0,78.26211585884502,0.0,1
pair_041,GT,Rank_10,7,10,0.6461630715777509,0.3616373882809057,0.2845256832968452,0.20332580804824818,0,0.20936840938613177,0.3170863730889504,0.05530969798564911,0.12922924757003784,-0.031066017177982103,91.51635244325051,0.0,1
pair_041,GT,Rank_11,7,11,0.6461630715777509,0.26223707954344344,0.38392599203430744,0.1981707215309142,0,0.2015288744309719,0.3287609864460198,0.049224577844142914,0.11516427993774414,-0.0602081728298995,58.804107230787395,0.0,1
pair_041,GT,Rank_12,7,12,0.6461630715777509,0.21949225410174447,0.42667081747600644,0.12051260471343983,0,0.11044529718825846,0.05020872573070112,0.11097275465726852,0.18576127290725708,0.0,19.697315540110196,0.0,1
pair_041,GT,Rank_13,7,13,0.6461630715777509,0.19462355305638995,0.4515395185213609,0.18875342607498158,0,0.153247979028582,0.09343509991552967,0.187209814786911,0.18400627374649048,0.0,29.545941812757178,0.0,1
pair_041,GT,Rank_14,7,14,0.6461630715777509,0.17380385964164266,0.4723592119361082,0.21783477067947377,0,0.21170590632750963,0.3984388884676988,0.046571940183639526,0.20340454578399658,0.0,102.84933521689659,0.0,1
pair_041,GT,Rank_15,7,15,0.6461630715777509,0.12064667585079604,0.5255163957269549,0.3177564740180968,0,0.2898987237166424,0.25740107675586854,0.24727003276348114,0.3438405990600586,-0.0796164609606622,133.70002989437586,0.0,1
pair_041,GT,Rank_16,7,16,0.6461630715777509,0.09429427719961608,0.5518687943781349,0.20821845531463612,0,0.21870921250854536,0.3191653505513512,0.020525716245174408,0.1652696132659912,-0.043585412256314196,89.10455077215923,0.0,1
pair_041,GT,Rank_17,7,17,0.6461630715777509,0.08369409715157712,0.5624689744261737,0.19410657882690419,0,0.20107995036199644,0.31350420126139356,0.0074958279728889465,0.10264319181442261,-0.11249999999999989,76.53094797320514,0.0,1
pair_041,GT,Rank_18,7,18,0.6461630715777509,0.053158782716506994,0.5930042888612439,0.3296968936920165,0,0.30009120840493053,0.3027147417390581,0.25508593022823334,0.40448358654975897,-0.075,104.57216946100473,0.0,1
pair_041,GT,Rank_19,7,19,0.6461630715777509,0.04811682847869218,0.5980462430990587,0.1992875337600707,0,0.19571472494837916,0.3462560822915439,0.03182050585746765,0.09381020069122314,-0.11249999999999989,95.92238132412429,0.0,1
pair_041,GT,Rank_20,7,20,0.6461630715777509,0.04147738959293038,0.6046856819848205,0.17304056882858265,0,0.14260282178657901,0.06377564139171055,0.17845024168491364,0.14104628562927246,0.0,14.598303379223381,0.0,1
pair_043,GT,Rank_1,15,1,0.011388937888116808,0.19660792779520841,-0.1852189899070916,0.005664646625518799,0,0.06840469680984052,0.04222070858196236,-0.01646687090396881,0.00605851411819458,0.0796164609606622,-10.709766856138657,0.0,1
pair_043,GT,Rank_2,15,2,0.011388937888116808,0.13937634613197283,-0.12798740824385602,0.007992863655090332,0,0.08112872651720271,0.056211640645114525,-0.012460052967071533,0.017198562622070312,0.0796164609606622,-3.575071172423165,0.0,1
pair_043,GT,Rank_3,15,3,0.011388937888116808,0.06149290197373132,-0.050103964085614516,-0.006856024265289307,0,0.14906535785525188,0.10600292987569071,-0.007292941212654114,-0.03482091426849365,0.0796164609606622,-4.879738703054727,0.0,1
pair_043,GT,Rank_4,15,4,0.011388937888116808,0.04867102369444675,-0.03728208580632994,-0.002770721912384033,0,0.175082846962897,0.13331931717310863,-0.0022940337657928467,-0.01987767219543457,0.004616460960662205,-14.259561287104745,0.0,1
pair_043,GT,Rank_5,15,5,0.011388937888116808,0.038162155277561574,-0.026773217389444767,0.006167292594909668,0,-0.13154793112062368,-0.10411623229229816,-0.004354879260063171,0.01767432689666748,0.0796164609606622,18.12800320724933,0.0,1
pair_043,GT,Rank_6,15,6,0.011388937888116808,0.0374799389406284,-0.02609100105251159,0.003526151180267334,0,-0.002065962235696106,-0.001838418802021513,-0.006603062152862549,0.01118326187133789,0.04211646096066221,12.280218392243953,0.0,1
pair_043,GT,Rank_7,15,7,0.011388937888116808,0.026082346493756174,-0.014693408605639367,-0.008175194263458252,0,0.01805384569776558,-0.02058308683473542,-0.018194347620010376,-0.021602988243103027,0.0796164609606622,-51.97544320786663,0.0,1
pair_043,GT,Rank_8,15,8,0.011388937888116808,0.023389092161089073,-0.012000154272972265,-0.0024237632751464844,0,0.0404093044335867,0.02281140997529363,-0.010260224342346191,-0.020788073539733887,0.03603104870434801,39.749444301603816,0.0,1
pair_043,GT,Rank_9,15,9,0.011388937888116808,0.02328105260285148,-0.011892114714734673,-0.0047612786293029785,0,0.031926869095381005,0.01205598678341091,-0.0048379600048065186,-0.026668310165405273,-0.013088637351822002,-9.412176581756526,0.0,1
pair_043,GT,Rank_10,15,10,0.011388937888116808,0.015070394451386108,-0.0036814565632693006,0.0002149343490600586,0,0.20262421716294726,0.15219505520970267,-0.0030527859926223755,-0.004130363464355469,0.004616460960662205,48.967341499207265,0.0,1
pair_043,GT,Rank_11,15,11,0.011388937888116808,0.013915009351684774,-0.0025260714635679665,-0.008811354637145996,0,0.011012948410697332,-0.007445710060456134,-0.00862760841846466,-0.04488098621368408,0.0796164609606622,-0.7179048756762683,0.0,1
pair_043,GT,Rank_12,15,12,0.011388937888116808,0.012636621306042409,-0.0012476834179256015,0.007607519626617432,0,-0.083589614890212,-0.08602230717887449,0.03206266462802887,0.019309282302856445,0.004616460960662205,-72.30856630496972,0.0,1
pair_043,GT,Rank_13,15,13,0.011388937888116808,0.012080338581388033,-0.0006914006932712252,-0.013662636280059814,0,-0.0490635602458559,-0.07064185533133194,-0.00198577344417572,-0.03801989555358887,0.0796164609606622,-31.89748949957398,0.0,1
pair_043,GT,Rank_14,15,14,0.011388937888116808,0.011429507275214693,-4.056938709788571e-05,0.005094051361083984,0,0.08171815752764622,0.050755265708585795,-0.015045121312141418,0.009812891483306885,0.0796164609606622,42.128097736988664,0.0,1
pair_043,GT,Rank_16,15,16,0.011388937888116808,0.01026118749246166,0.0011277503956551478,0.002356290817260742,0,-0.14121567134706148,-0.13957791829417276,-0.01990513503551483,-0.020187079906463623,-0.03288353903933769,-96.17247736616001,0.0,1
pair_043,GT,Rank_17,15,17,0.011388937888116808,0.009773558992351827,0.0016153788957649802,-0.001323401927947998,0,-0.07415712690509224,-0.07515675852878423,0.028985977172851562,0.002409040927886963,0.019408288130762702,-9.09641356521648,0.0,1
pair_043,GT,Rank_19,15,19,0.011388937888116808,0.009190347143989629,0.0021985907441271785,0.0016103386878967285,0,0.19522959446521176,0.14715454593700072,-0.002721726894378662,-0.003933131694793701,0.0796164609606622,48.71199009065096,0.0,1
pair_043,GT,Rank_20,15,20,0.011388937888116808,0.00811532423512771,0.0032736136529890967,0.004944205284118652,0,0.20860331251510056,0.15954358498947396,0.0003639310598373413,0.008627474308013916,0.0796164609606622,42.74913766298987,0.0,1
pair_044,GT,Rank_1,10,1,0.032472230993611226,0.8940313079550573,-0.8615590769614461,-0.030032813549041748,0,-0.03798799702224531,-0.038717223292975333,-0.04089796543121338,-0.04952579736709595,0.11249999999999989,3.8859003020863554,0.0,1
pair_044,GT,Rank_2,10,2,0.032472230993611226,0.6197928721465779,-0.5873206411529667,-0.008952736854553223,0,-0.019818603456733475,-0.01697355681037327,-0.04403185844421381,0.043932914733886774,0.11249999999999989,-40.89575098874539,0.0,1
pair_044,GT,Rank_3,10,3,0.032472230993611226,0.3866050258687687,-0.3541327948751575,-0.03877270221710205,0,-0.039800773081685725,-0.048575507781814964,-0.07884961366653442,-0.07322323322296143,0.0689145877436857,40.38097254180968,0.0,1
pair_044,GT,Rank_4,10,4,0.032472230993611226,0.3269486503151691,-0.2944764193215579,-0.007583200931549072,0,-0.009773998051753052,-0.013431851710236309,-0.06035569310188288,2.9742717742975433e-05,0.11249999999999989,-24.912271918950665,0.0,1
pair_044,GT,Rank_5,10,5,0.032472230993611226,0.22657112340187885,-0.1940988924082676,0.06472575664520264,0,0.06560565676639418,-0.0020511949215178404,-0.006553977727890015,-0.00017791986465454102,0.019794901687515687,36.426975430409655,0.0,1
pair_044,GT,Rank_6,10,6,0.032472230993611226,0.1592423008893937,-0.1267700698957825,-0.038757503032684326,0,-0.03397264410241552,-0.04406290903397503,-0.02147936820983881,-0.0699167251586914,0.037499999999999895,93.31626875387977,0.0,1
pair_044,GT,Rank_7,10,7,0.032472230993611226,0.08758171005833389,-0.05510947906472266,0.0034905076026916504,0,0.02579004709984456,0.015774667124479613,-0.08167576789855951,-0.020495474338531494,0.11249999999999989,64.5294721894762,0.0,1
pair_044,GT,Rank_8,10,8,0.032472230993611226,0.052779115289589035,-0.02030688429597781,0.08057373762130737,0,0.07838187170904742,0.09265493339131503,-0.0002730339765548151,-0.020719707012176514,0.019794901687515687,90.4462830318916,0.0,1
pair_044,GT,Rank_9,10,9,0.032472230993611226,0.0437162444509832,-0.01124401345737197,0.07218194007873535,0,0.00986458064089013,-0.030747830628169104,0.07046735286712652,0.028908044099807795,0.03288353903933769,-13.145897400746648,0.0,1
pair_044,GT,Rank_11,10,11,0.032472230993611226,0.03239810676108958,7.412423252164263e-05,0.09109699726104736,0,0.010965436776910531,-0.034238882774260126,0.08623290061950689,0.013931602239608765,0.0,-5.686999227713571,0.0,1
pair_044,GT,Rank_12,10,12,0.032472230993611226,0.02634335707937303,0.0061288739142381955,-0.029316425323486328,0,-0.03508620557180098,-0.04888685281327598,-0.03775200247764582,-0.04895812273025513,0.0,11.826015577734054,0.0,1
pair_044,GT,Rank_13,10,13,0.032472230993611226,0.025008299220686068,0.007463931772925158,-0.050648033618927,0,-0.06600814831943369,-0.07049630144202834,-0.04539954662322998,-0.07779467105865479,0.03288353903933769,72.15023198864202,0.0,1
pair_044,GT,Rank_14,10,14,0.032472230993611226,0.024531705208426752,0.007940525785184473,0.08249068260192871,0,0.00950248590387004,-0.04930670834788953,0.0854104608297348,0.004318982362747192,0.0,1.60471848153135,0.0,1
pair_044,GT,Rank_15,10,15,0.032472230993611226,0.022659285419147062,0.009812945574464164,-0.004339873790740967,0,-0.030298133330864285,-0.016532783666935558,-0.030701935291290283,0.07999816536903387,-0.003713231759729513,48.242218512769995,0.0,1
pair_044,GT,Rank_16,10,16,0.032472230993611226,0.020595617993336195,0.011876613000275031,0.08929985761642456,0,0.00512480445014829,-0.03957805572353568,0.1482014507055283,0.03724312782287598,0.019794901687515687,-38.081143430801006,0.0,1
pair_044,GT,Rank_17,10,17,0.032472230993611226,0.019935153983915564,0.012537077009695662,-0.034687042236328125,0,-0.04546237783008522,-0.05820793185558926,-0.0014292597770690918,-0.03685504198074341,0.037499999999999895,-76.14302189396525,0.0,1
pair_044,GT,Rank_18,10,18,0.032472230993611226,0.019073276588046084,0.013398954405565142,0.08412587642669678,0,0.0022788346830123762,-0.054031769872834645,0.09597128629684448,0.012441635131835993,-0.02463203435596431,31.553572073840215,0.0,1
pair_044,GT,Rank_19,10,19,0.032472230993611226,0.018120124003195338,0.014352106990415888,0.0881909728050232,0,0.000810604939182058,-0.05207732621812,0.1178270503878594,0.004416674375534058,0.0,-4.571325456887209,0.0,1
pair_044,GT,Rank_20,10,20,0.032472230993611226,0.01764784492529064,0.014824386068320587,0.09150004386901855,0,0.01063471627962509,-0.045096227556041146,0.093788892030716,0.007574647665023804,0.0749999999999999,-10.901783883322508,0.0,1
pair_045,GT,Rank_1,5,1,0.7317911873346966,0.9572085661474549,-0.22541737881275825,-0.022487342357635498,0,-0.019450417161347655,0.009801938083752293,-0.0032675378024578094,-0.07985913753509521,0.0,-16.242591896745978,0.0,1
pair_045,GT,Rank_2,5,2,0.7317911873346966,0.8683166515599223,-0.1365254642252257,-0.021044433116912842,0,-0.0739569604609186,0.025857679600971406,0.005313355475664083,-0.0679088830947876,0.0,-5.2154740726744535,0.0,1
pair_045,GT,Rank_3,5,3,0.7317911873346966,0.8376914023462917,-0.10590021501159508,-0.00779956579208374,0,0.006074430286554189,-0.028196237833507,-0.007240850478410721,-0.0598946213722229,0.0,-6.090416668429327,0.0,1
pair_045,GT,Rank_4,5,4,0.7317911873346966,0.812868276230309,-0.08107708889561238,-0.009365260601043701,0,-0.025797450946849154,0.045330387335155264,-0.004637535661459025,-0.07251632213592529,0.0,4.512931397859944,0.0,1
pair_045,GT,Rank_6,5,6,0.7317911873346966,0.7192135084254989,0.012577678909197698,-0.024372577667236328,0,-0.044272558779054894,-0.014234611508558093,0.00871254876255989,-0.07301795482635498,-0.03749999999999999,-12.68501712981859,0.0,1
pair_045,GT,Rank_7,5,7,0.7317911873346966,0.6891839342666193,0.04260725306807733,-0.019404828548431396,0,-0.004960596698571962,-0.022276988683149868,-0.001661349087953623,-0.07821792364120483,0.0,44.98281855111502,0.0,1
pair_045,GT,Rank_8,5,8,0.7317911873346966,0.6884573930451011,0.043333794289595495,-0.004325449466705322,0,-0.016642875393409806,-0.03461884411023142,-0.003114689141511917,-0.06436491012573242,0.0,29.51768201186873,0.0,1
pair_045,GT,Rank_9,5,9,0.7317911873346966,0.6721432088284272,0.05964797850626946,-0.021539747714996338,0,-0.062039426513611495,-0.05464616266343636,-0.002313215285539627,-0.07045841217041016,0.0,-26.64058237706473,0.0,1
pair_045,GT,Rank_10,5,10,0.7317911873346966,0.6459009959702033,0.08589019136449327,-0.023671209812164307,0,-0.03362471896295838,0.023425522462354853,0.02460230514407158,-0.08102196455001831,-0.03749999999999999,58.6516101748681,0.0,1
pair_045,GT,Rank_11,5,11,0.7317911873346966,0.6286115603437634,0.1031796269909332,0.01689845323562622,0,-0.04216121667752215,-0.006207564605489102,-0.0007776170969009399,0.04035431146621704,0.0,42.02950481184429,0.0,1
pair_045,GT,Rank_12,5,12,0.7317911873346966,0.5320419924269408,0.19974919490775578,0.01133275032043457,0,0.04452324579059963,0.030766857609835996,0.02683428302407259,0.027571380138397217,0.0,-18.047620640873447,0.0,1
pair_045,GT,Rank_13,5,13,0.7317911873346966,0.528027650736694,0.20376353659800261,-0.012091517448425293,0,-0.04876372035242382,-0.002549642112981476,0.036528278142213766,-0.062013208866119385,0.0,60.569665979068105,0.0,1
pair_045,GT,Rank_14,5,14,0.7317911873346966,0.4547130593448966,0.2770781279898,0.012589573860168457,0,-0.08944719456887229,-0.027942865365396696,-0.0024954639375210363,0.005306601524353027,0.0,54.25746691140357,0.0,1
pair_045,GT,Rank_15,5,15,0.7317911873346966,0.410316469757485,0.32147471757721163,0.014968335628509521,0,-0.04572886409924071,0.09414267635850526,0.006090376526117269,0.00793379545211792,0.0,24.922096672316016,0.0,1
pair_045,GT,Rank_16,5,16,0.7317911873346966,0.3956649302609099,0.33612625707378674,-0.009699225425720215,0,0.009644912959166807,-0.002250096337487739,-0.005048539489507731,-0.05918848514556885,-0.03749999999999999,13.961593761682309,0.0,1
pair_045,GT,Rank_17,5,17,0.7317911873346966,0.37353574964377617,0.35825543769092044,-0.024187982082366943,0,-0.024628813484403822,-0.05478925060952877,0.0321527980268001,-0.07740181684494019,0.0,-46.2929617998125,0.0,1
pair_045,GT,Rank_18,5,18,0.7317911873346966,0.37088150068778475,0.36090968664691186,-0.007024288177490234,0,-0.00112697601647338,0.026098928565796986,-0.006468664854764938,-0.050615787506103516,0.0,20.935059411389545,0.0,1
pair_045,GT,Rank_19,5,19,0.7317911873346966,0.34670642833152915,0.38508475900316746,-0.015890538692474365,0,-0.03390846271006831,-0.04685985881364829,0.026302803307771683,-0.041136324405670166,0.0,8.01051472975928,0.0,1
pair_045,GT,Rank_20,5,20,0.7317911873346966,0.2480647262062697,0.4837264611284269,0.009829103946685791,0,-0.09405922283295587,0.09066255652353539,0.0073494501411914825,-0.0018436312675476074,0.0,-33.02909112191301,0.0,1
pair_047,GT,Rank_1,5,1,0.8692548427302765,0.9497106948720714,-0.08045585214179485,0.007065176963806152,0,0.03255248736168115,0.025264789327517634,0.007647350430488586,0.0030248165130615234,0.0,-156.0269439342048,0.0,1
pair_047,GT,Rank_2,5,2,0.8692548427302765,0.9434997327984426,-0.07424489006816604,0.016518056392669678,0,0.008499518848456677,0.0039781718993193715,0.012137159705162048,0.026265621185302734,0.0,-113.16923934694935,0.0,1
pair_047,GT,Rank_3,5,3,0.8692548427302765,0.9047472098837911,-0.03549236715351456,0.03796112537384033,0,-0.0098354394145449,-0.018441467831501024,0.023819759488105774,0.05433398485183716,0.0,-40.78802950489621,0.0,1
pair_047,GT,Rank_4,5,4,0.8692548427302765,0.8830170070024719,-0.013762164272195343,0.057612717151641846,0,-0.013981343287396641,-0.029243486857005396,0.047220632433891296,0.09888714551925659,0.0,-2.892443989449804,0.0,1
pair_047,GT,Rank_6,5,6,0.8692548427302765,0.8594762634370791,0.009778579293197476,0.03272122144699097,0,0.07258294231501794,0.06725341834136245,0.0005330741405487061,0.08111685514450073,0.0,-120.10682667199293,0.0,1
pair_047,GT,Rank_7,5,7,0.8692548427302765,0.8455163903358146,0.02373845239446193,0.09297400712966919,0,0.09127114535631597,0.06344309324406183,0.04007698595523834,0.1045183539390564,0.0,-107.2285921425101,0.0,1
pair_047,GT,Rank_8,5,8,0.8692548427302765,0.8439355496384281,0.025319293091848438,0.007169485092163086,0,0.029599996729190114,0.022017049368687536,-0.008113831281661987,0.013691604137420654,0.0,-33.91102314577124,0.0,1
pair_047,GT,Rank_9,5,9,0.8692548427302765,0.7379589457350003,0.13129589699527622,0.0016578435897827148,0,-0.00020969877602050602,-0.009367063449988056,-0.0402202308177948,0.0004030466079711914,0.0,-17.792360097775937,0.0,1
pair_047,GT,Rank_10,5,10,0.8692548427302765,0.7313349201218744,0.13791992260840213,0.010333478450775146,0,-0.013167759400710244,-0.021299295551236996,-0.009848996996879578,0.020767569541931152,0.0,-163.0258601472781,0.0,1
pair_047,GT,Rank_11,5,11,0.8692548427302765,0.7214142058180253,0.14784063691225124,0.01183229684829712,0,0.057665649028094124,0.04791068257264641,-0.03821398317813873,0.030657649040222168,0.0,-11.360679774997894,0.0,1
pair_047,GT,Rank_12,5,12,0.8692548427302765,0.33699475218415487,0.5322600905461217,0.008682310581207275,0,0.020260118332252608,0.011728361450684455,-0.033940091729164124,0.002655208110809326,-0.03749999999999999,-151.1172415260018,0.0,1
pair_047,GT,Rank_13,5,13,0.8692548427302765,0.3272398485790055,0.5420149941512711,0.0127333402633667,0,0.0016575341848369396,-0.004174888341259342,-0.03264091908931732,0.018961668014526367,-0.03749999999999999,-127.1774221788784,0.0,1
pair_047,GT,Rank_14,5,14,0.8692548427302765,0.2141569932397398,0.6550978494905367,0.006790518760681152,0,-0.01362378862233582,-0.021296142246917338,-0.0062492042779922485,0.01815330982208252,0.0,-204.002325568818,0.0,1
pair_047,GT,Rank_15,5,15,0.8692548427302765,0.20291775640247145,0.6663370863278051,0.014212965965270996,0,0.05123196173548772,0.041563045754708705,-0.0394248366355896,0.02382361888885498,-0.075,-134.12063946937388,0.0,1
pair_047,GT,Rank_16,5,16,0.8692548427302765,0.16000947263288398,0.7092453700973925,0.18689310550689697,0,0.17970927558447303,0.22302035538173037,0.09761938452720642,0.13873451948165894,-0.0796164609606622,-33.181444068749045,0.0,1
pair_047,GT,Rank_17,5,17,0.8692548427302765,0.14761504582070953,0.721639796909567,0.12596338987350464,0,0.09740844597630682,0.03281383793374082,0.038859739899635315,0.06883126497268677,-0.0602081728298995,-7.439088914585771,0.0,1
pair_047,GT,Rank_18,5,18,0.8692548427302765,0.14545782379138167,0.7237970189388949,0.001345217227935791,0,0.004106980704632113,-0.0013894740038014053,-0.04652121663093567,0.0030593276023864746,-0.043585412256314196,-180.01047091717248,0.0,1
pair_047,GT,Rank_19,5,19,0.8692548427302765,0.12656044839323372,0.7426943943370428,0.014024019241333008,0,-0.015192460857078927,-0.026347916771712443,-0.02614492177963257,0.03297525644302368,-0.0602081728298995,-3.866068747318506,0.0,1
pair_047,GT,Rank_20,5,20,0.8692548427302765,0.12233635692918854,0.746918485801088,0.11474543809890747,0,0.15537198583974943,0.11813991020557135,0.04491811990737915,0.12988799810409546,-0.008852549156242097,-149.0281225285106,0.0,1
pair_048,GT,Rank_1,69,1,0.004320907006869825,0.884498584014869,-0.8801776770079992,-0.07149261236190796,0,-0.06875466982700218,-0.06909353536948215,-0.054701462388038635,-0.1933724284172058,0.075,-27.233572085790655,0.0,1
pair_048,GT,Rank_2,69,2,0.004320907006869825,0.8658077642275188,-0.861486857220649,-0.0476452112197876,0,-0.03900976580880566,-0.02251159672902614,-0.036347851157188416,-0.16735821962356567,0.075,43.44041059908949,0.0,1
pair_048,GT,Rank_3,69,3,0.004320907006869825,0.8342340329202859,-0.829913125913416,-0.04940009117126465,0,-0.04503124079573073,-0.0309178643366248,-0.004667729139328003,-0.1455399990081787,0.075,-2.0432537560241144,0.0,1
pair_048,GT,Rank_4,69,4,0.004320907006869825,0.766157721512543,-0.7618368145056732,-0.06042075157165527,0,-0.05099494801525328,-0.053248374748668614,-0.01651643216609955,-0.1700419783592224,0.075,-26.52759709887647,0.0,1
pair_048,GT,Rank_5,69,5,0.004320907006869825,0.724103861547984,-0.7197829545411142,-0.06246227025985718,0,-0.060912651199482526,-0.06024848189456189,-0.042017772793769836,-0.1690056324005127,0.075,-5.752710068597395,0.0,1
pair_048,GT,Rank_6,69,6,0.004320907006869825,0.6910359627123315,-0.6867150557054617,-0.04361206293106079,0,-0.04050544971145076,-0.020032572510435442,-0.03707917034626007,-0.16827058792114258,0.075,17.212348208376625,0.0,1
pair_048,GT,Rank_7,69,7,0.004320907006869825,0.690341414586412,-0.6860205075795421,-0.047375380992889404,0,-0.039327470461681724,-0.029035923868471758,-0.04557712376117706,-0.18066728115081787,0.075,-0.9962433802771784,0.0,1
pair_048,GT,Rank_8,69,8,0.004320907006869825,0.6619454463020704,-0.6576245392952006,-0.04374009370803833,0,-0.04333625089861537,-0.02271320755039241,-0.041706547141075134,-0.16608643531799316,0.075,31.611639998248933,0.0,1
pair_048,GT,Rank_9,69,9,0.004320907006869825,0.6326674429737003,-0.6283465359668304,-0.046131432056427,0,-0.041937526381682466,-0.024001552168532392,-0.05181525647640228,-0.16388970613479614,0.075,-18.41974702745057,0.0,1
pair_048,GT,Rank_10,69,10,0.004320907006869825,0.4722700355761158,-0.467949128569246,-0.043417930603027344,0,-0.03997016708036216,-0.019949979173964905,-0.04510293900966644,-0.15729689598083496,0.075,-36.64681349741883,0.0,1
pair_048,GT,Rank_11,69,11,0.004320907006869825,0.3453538767295778,-0.34103296972270797,-0.045211851596832275,0,-0.04068207762646181,-0.027610744826573663,0.006848663091659601,-0.17258644104003906,0.037500000000000006,15.275316319645327,0.0,1
pair_048,GT,Rank_12,69,12,0.004320907006869825,0.3323053715299075,-0.3279844645230377,-0.0035730600357055664,0,0.0020666689788126913,-0.004752016858145636,-0.0354333221912384,-0.09804010391235352,0.075,-31.185773380860496,0.0,1
pair_048,GT,Rank_13,69,13,0.004320907006869825,0.222885452341421,-0.21856454533455116,-0.06957042217254639,0,-0.06577186825766712,-0.066625191783935,-0.05070032179355621,-0.1845329999923706,0.0,-15.41844848213313,0.0,1
pair_048,GT,Rank_14,69,14,0.004320907006869825,0.1816259577851896,-0.1773050507783198,-0.04175305366516113,0,-0.039371888856073456,-0.036666881762064785,0.013245508074760493,-0.1081051230430603,0.0,5.316579622602632,0.0,1
pair_048,GT,Rank_15,69,15,0.004320907006869825,0.16277755577818548,-0.15845664877131566,-0.04823601245880127,0,-0.04485889263591991,-0.023508899601704547,-0.009009182453155518,-0.16283202171325684,0.0,51.610913703317664,0.0,1
pair_048,GT,Rank_16,69,16,0.004320907006869825,0.15003932499158587,-0.14571841798471605,-0.06316477060317993,0,-0.06403653096237394,-0.05410730410557707,-0.053777918219566345,-0.18621551990509033,0.075,-57.73771425237925,0.0,1
pair_048,GT,Rank_17,69,17,0.004320907006869825,0.13960847848591063,-0.1352875714790408,-0.07166707515716553,0,-0.07066685851163479,-0.06494419944421481,-0.008509710431098938,-0.18992435932159424,0.0,-40.767646973025165,0.0,1
pair_048,GT,Rank_18,69,18,0.004320907006869825,0.115554988706489,-0.11123408169961918,-0.05795586109161377,0,-0.06076959173492458,-0.055537202171548894,-0.037357673048973083,-0.20084714889526367,0.0,2.493171243558322,0.0,1
pair_048,GT,Rank_19,69,19,0.004320907006869825,0.10801965584049758,-0.10369874883362776,0.08128303289413452,0,0.08363504609612282,0.14165565174911832,0.06604763865470886,-0.08865675330162048,-0.004616460960662205,44.09082353310325,0.0,1
pair_048,GT,Rank_20,69,20,0.004320907006869825,0.0934201468561616,-0.08909923984929177,0.11699330806732178,0,0.11934765445762097,0.08943713924016339,0.01637957990169525,-0.008666366338729803,0.0314145877436858,54.51623884411768,0.0,1
pair_049,GT,Rank_2,1,2,0.878448355100818,0.38098988438699277,0.4974584707138252,0.0016490817070007324,0,-0.001624327586827845,0.019759662538737843,-0.001276958268135786,-0.012661218643188477,0.0,-16.899809428292997,0.0,1
pair_049,GT,Rank_3,1,3,0.878448355100818,0.3017485248850742,0.5766998302157438,0.07375282049179077,0,0.06539404332914933,0.10837254707085464,0.025306150317192133,0.09159964323043823,0.0,-69.59497824878977,0.0,1
pair_049,GT,Rank_4,1,4,0.878448355100818,0.22230210919734505,0.6561462459034729,0.07917624711990356,0,0.06681557895576484,0.12316084024192331,0.03338367585092783,0.09653031826019287,0.0,-29.22393007339413,0.0,1
pair_049,GT,Rank_5,1,5,0.878448355100818,0.20828309089243507,0.6701652642083828,0.07164710760116577,0,0.06005788309046456,0.11110765147373025,0.03154423413798213,0.08456122875213623,0.0,-14.105550694906185,0.0,1
pair_049,GT,Rank_6,1,6,0.878448355100818,0.13255744829416966,0.7458909068066484,0.07690519094467163,0,0.068979924075392,0.11752226254465103,0.0674083991907537,0.08962154388427734,-0.03749999999999999,-49.09172838822664,0.0,1
pair_049,GT,Rank_7,1,7,0.878448355100818,0.12429611434314057,0.7541522407576774,0.07799601554870605,0,0.0679505222829968,0.12398041520238212,0.04543057642877102,0.09108501672744751,0.0,-66.30517971791735,0.0,1
pair_049,GT,Rank_8,1,8,0.878448355100818,0.08443855627309943,0.7940097988277186,0.08524394035339355,0,0.08265313188664503,0.1182711282130503,0.0506022241897881,0.11342400312423706,0.0,-57.36997769065469,0.0,1
pair_049,GT,Rank_9,1,9,0.878448355100818,0.06838688559885163,0.8100614695019663,0.08399635553359985,0,0.07791573566171184,0.11885054075772572,0.031261756550520714,0.1044226884841919,0.0,-51.18774039609909,0.0,1
pair_049,GT,Rank_10,1,10,0.878448355100818,0.06078651098398876,0.8176618441168292,0.08590269088745117,0,0.07361560188836391,0.14138993066302374,0.052351756254211124,0.09628313779830933,0.0,-49.9321251246879,0.0,1
pair_049,GT,Rank_11,1,11,0.878448355100818,0.049761373943953,0.828686981156865,0.09783929586410522,0,0.09708515967340858,0.12187365806775696,0.05261460551992064,0.20830151438713074,-0.043585412256314196,-67.42359198701479,0.0,1
pair_049,GT,Rank_12,1,12,0.878448355100818,0.0453158195051377,0.8331325355956802,0.1766815185546875,0,0.16460891747573658,0.20201250574206864,0.049855737481266316,0.21459406614303594,0.0,-24.266297862664203,0.0,1
pair_049,GT,Rank_13,1,13,0.878448355100818,0.03692809940412895,0.841520255696689,0.10472303628921509,0,0.08659120087162875,0.16449005701352581,0.053016831050626934,0.13300162553787231,0.0,-60.39821206075297,0.0,1
pair_049,GT,Rank_14,1,14,0.878448355100818,0.03475675605041304,0.8436915990504049,0.08607655763626099,0,0.07571211355728191,0.12434571248631532,-0.013386623002588749,0.09439772367477417,0.0,-36.00004380497833,0.0,1
pair_049,GT,Rank_15,1,15,0.878448355100818,0.03469500897747523,0.8437533461233427,0.1151006817817688,0,0.12250066597440923,0.135061793546024,0.07721155183389783,0.21964162588119507,0.0,-59.4226835243184,0.0,1
pair_049,GT,Rank_16,1,16,0.878448355100818,0.033710687141747686,0.8447376679590703,0.07576018571853638,0,0.07083314118015605,0.10359004640526215,-0.0025459709577261846,0.11127215623855591,0.0,-34.28243863361476,0.0,1
pair_049,GT,Rank_17,1,17,0.878448355100818,0.030391693419072243,0.8480566616817458,0.07829779386520386,0,0.07311424364235586,0.11490123323381962,0.04807678470388055,0.11838370561599731,0.0,-76.2318103086564,0.0,1
pair_049,GT,Rank_18,1,18,0.878448355100818,0.027554250528458155,0.8508941045723598,0.18063360452651978,0,0.17017704886273244,0.1600575702161543,0.040599140804261025,0.26461207866668707,0.0,-29.81659297275408,0.0,1
pair_049,GT,Rank_19,1,19,0.878448355100818,0.027522071822042075,0.850926283278776,0.22654402256011963,0,0.20791569076388783,0.2568704225564705,0.16056186752393842,0.21407696604728704,-0.03749999999999999,-22.89810730183187,0.0,1
pair_049,GT,Rank_20,1,20,0.878448355100818,0.02002144011801563,0.8584269149828023,0.16600662469863892,0,0.1524381310323697,0.16824915527908568,0.04429006436839705,0.20655053853988647,-0.043585412256314196,-19.690394903675454,0.0,1
pair_050,GT,Rank_1,62,1,0.006754215146739245,0.881219654092566,-0.8744654389458267,-0.048324763774871826,0,-0.05623477668623522,-0.021196784625966636,-0.0313357338309288,-0.047719359397888184,0.15000000000000002,34.0383485221421,0.0,1
pair_050,GT,Rank_2,62,2,0.006754215146739245,0.6152862030720258,-0.6085319879252865,-0.00937044620513916,0,0.727464163769914,0.2918318140619574,-0.00596386194229126,0.033464670181274414,0.15000000000000002,61.13292189069344,0.0,1
pair_050,GT,Rank_3,62,3,0.006754215146739245,0.5090402343415265,-0.5022860191947872,-0.05451470613479614,0,-0.06322660078602382,-0.011074064464010602,-0.033362217247486115,-0.0668681263923645,0.15000000000000002,39.80596843026672,0.0,1
pair_050,GT,Rank_4,62,4,0.006754215146739245,0.4835340124998426,-0.4767797973531034,-0.07589173316955566,0,0.18156966612799907,0.0023170564107752867,-0.05392933636903763,-0.1094253659248352,0.15000000000000002,90.44807179368698,0.0,1
pair_050,GT,Rank_5,62,5,0.006754215146739245,0.4757617785359433,-0.4690075633892041,-0.03921318054199219,0,-0.04249027595166266,-0.011212415615738491,-0.023488961160182953,-0.032931387424468994,0.15000000000000002,-12.474974311489305,0.0,1
pair_050,GT,Rank_6,62,6,0.006754215146739245,0.4297550209321712,-0.423000805785432,-0.05736267566680908,0,0.12518674741015112,-0.02913800002677558,-0.035293661057949066,-0.07195091247558594,0.15000000000000002,-32.01429122412644,0.0,1
pair_050,GT,Rank_7,62,7,0.006754215146739245,0.3966173345999722,-0.389863119453233,-0.05359846353530884,0,0.22762044622524136,0.028055693984543106,-0.027247898280620575,-0.056761324405670166,0.11250000000000002,-20.29216653189802,0.0,1
pair_050,GT,Rank_8,62,8,0.006754215146739245,0.38570501408987407,-0.3789507989431348,-0.07122945785522461,0,0.2588776587507632,0.035866391083123284,-0.05185391753911972,-0.09948378801345825,0.15000000000000002,10.938754811040255,0.0,1
pair_050,GT,Rank_9,62,9,0.006754215146739245,0.35543770689585835,-0.3486834917491191,-0.057227909564971924,0,0.15372495850390944,-0.009908394450266811,-0.03720951825380325,-0.07289105653762817,0.15000000000000002,94.11010427413582,0.0,1
pair_050,GT,Rank_10,62,10,0.006754215146739245,0.3209544323894633,-0.31420021724272407,-0.03208857774734497,0,0.05895441823369685,-0.08305753209680389,-0.01460304856300354,-0.023356914520263672,0.15000000000000002,22.65604425895377,0.0,1
pair_050,GT,Rank_11,62,11,0.006754215146739245,0.31453439379284875,-0.3077801786461095,0.0022573471069335938,0,0.3283716102446827,0.07483727867926782,-0.0033621937036514282,-0.009469926357269287,0.08979182717010051,36.01990096140226,0.0,1
pair_050,GT,Rank_12,62,12,0.006754215146739245,0.24279266846048048,-0.23603845331374124,-0.02938181161880493,0,-0.035225649367134904,0.01935297466578545,-0.010452769696712494,-0.015547871589660645,0.15000000000000002,45.53953845721084,0.0,1
pair_050,GT,Rank_13,62,13,0.006754215146739245,0.20752449407660403,-0.2007702789298648,-0.042184531688690186,0,0.6252903839026778,0.19421055031316642,-0.02863403409719467,-0.040403008460998535,0.15000000000000002,66.60064533488816,0.0,1
pair_050,GT,Rank_14,62,14,0.006754215146739245,0.17932573786881545,-0.1725715227220762,-0.04481863975524902,0,0.5170097957625945,0.10785255291635548,-0.027388758957386017,-0.04609495401382446,0.15000000000000002,71.95502801380054,0.0,1
pair_050,GT,Rank_15,62,15,0.006754215146739245,0.14252437594681114,-0.1357701608000719,-0.06682926416397095,0,0.15263291874945162,-0.03673271445118964,-0.046186380088329315,-0.09547460079193115,0.15000000000000002,16.80508426634985,0.0,1
pair_050,GT,Rank_16,62,16,0.006754215146739245,0.13249782374447044,-0.1257436085977312,-0.07194375991821289,0,0.16233565971737784,-0.01201819515859226,-0.04642739146947861,-0.10065591335296631,0.15000000000000002,-26.14780862032991,0.0,1
pair_050,GT,Rank_17,62,17,0.006754215146739245,0.12469613083427303,-0.11794191568753379,0.05510139465332031,0,0.3653490189672869,0.19048300783514438,0.054328709840774536,0.07083475589752197,0.15000000000000002,59.45539791743934,0.0,1
pair_050,GT,Rank_18,62,18,0.006754215146739245,0.10043922039113337,-0.09368500524439413,-0.003855884075164795,0,0.5454385810641443,0.12830132153871748,-0.0037312209606170654,-0.014494478702545166,0.03750000000000012,84.3639813516424,0.0,1
pair_050,GT,Rank_19,62,19,0.006754215146739245,0.06917325241569527,-0.06241903726895603,0.05728757381439209,0,0.3762449157226973,0.10546937882441293,-0.0011003240942955017,0.12623691558837896,0.15000000000000002,57.088362888354325,0.0,1
pair_050,GT,Rank_20,62,20,0.006754215146739245,0.06598466718698652,-0.059230452040247274,0.04677736759185791,0,0.6858479239473304,0.2012459372150725,-0.005867980420589447,0.09984952211380005,0.0703835390393378,41.43654854458023,0.0,1
pair_051,GT,Rank_2,1,2,0.8481220633495891,0.7564357731118331,0.09168629023775599,0.10714584589004517,0,-0.05179605965382128,0.05086325767809985,-0.004013314377516508,0.10868179798126221,0.0,-32.742143198346895,0.0,1
pair_051,GT,Rank_3,1,3,0.8481220633495891,0.30362044474549205,0.544501618604097,-0.0014431476593017578,0,-0.0076071832228695735,-0.038578926335510966,-0.009684928460046593,0.019743502140045166,0.0,22.469643242326697,0.13500000000000006,1
pair_051,GT,Rank_4,1,4,0.8481220633495891,0.08199307094073023,0.7661289924088588,0.11139911413192749,0,-0.004320572308475934,0.04667205019337439,-0.0151888825930655,0.12923729419708252,0.0,4.700898380295854,0.0,1
pair_051,GT,Rank_5,1,5,0.8481220633495891,0.054719548080626144,0.7934025152689629,0.11477917432785034,0,-0.0007982853277868074,0.022416874077145987,-0.05004701437428588,0.11224859952926636,0.0,-6.908901395570126,0.0,1
pair_051,GT,Rank_6,1,6,0.8481220633495891,0.047231620089480446,0.8008904432601086,0.11058759689331055,0,-0.009128080992591436,0.04471502865546406,-0.013316806871443987,0.11771434545516968,-0.0602081728298995,49.306053406070006,0.13500000000000006,1
pair_051,GT,Rank_7,1,7,0.8481220633495891,0.036474544695637184,0.8116475186539519,0.11351454257965088,0,-0.04284573421536797,0.060205482274291566,-0.003005843143910114,0.1268424391746521,0.0,-47.52155451070422,0.13500000000000006,1
pair_051,GT,Rank_8,1,8,0.8481220633495891,0.0353991711179568,0.8127228922316323,0.22797083854675293,0,0.22729299325660562,0.20744160023505276,0.044838410336524304,0.21452206373214722,0.0,38.72952760174462,0.13500000000000006,1
pair_051,GT,Rank_9,1,9,0.8481220633495891,0.02762931247644554,0.8204927508731436,0.11607915163040161,0,-0.0025333062571538667,0.030742936831649748,-0.012716168072074596,0.1204674243927002,0.0,-16.246325685359693,0.13500000000000006,1
pair_051,GT,Rank_10,1,10,0.8481220633495891,0.02575162168787683,0.8223704416617122,0.20199370384216309,0,-0.012933348355133933,0.0299866343563,0.220333727542311,0.17317479848861694,-0.03749999999999999,37.52319960775053,0.13500000000000006,1
pair_051,GT,Rank_11,1,11,0.8481220633495891,0.02497931064992341,0.8231427526996656,0.11005628108978271,0,0.10550809986447318,0.012694985520144364,-0.013716082554310505,0.12507200241088867,-0.0602081728298995,18.852915442970357,0.13500000000000006,1
pair_051,GT,Rank_12,1,12,0.8481220633495891,0.023090652300564354,0.8250314110490247,0.11343294382095337,0,0.07699961281495604,0.0360806888001558,0.00030813971534371376,0.12082606554031372,0.0,-6.1150895619551875,0.13500000000000006,1
pair_051,GT,Rank_13,1,13,0.8481220633495891,0.01695278223491338,0.8311692811146757,0.1374310851097107,0,-0.0172835349928514,0.13577107941273436,0.011970837134867907,0.2453715205192566,0.0,36.23033531238325,0.13500000000000006,1
pair_051,GT,Rank_14,1,14,0.8481220633495891,0.01631481933667858,0.8318072440129105,0.19525694847106934,0,-0.015283360110610378,0.076034866235974,0.2105351709760726,0.1572626829147339,-0.043585412256314196,31.46455849651045,0.13500000000000006,1
pair_051,GT,Rank_15,1,15,0.8481220633495891,0.012760492063558455,0.8353615712860306,0.1136254072189331,0,-0.04487269064832522,0.08827328974682125,-0.0006949896924197119,0.1726142168045044,0.0,3.301490534919253,0.13500000000000006,1
pair_051,GT,Rank_16,1,16,0.8481220633495891,0.010748796130836404,0.8373732672187526,0.10644793510437012,0,0.058322751461074684,0.029174777511051797,0.03319859551265841,0.11773818731307983,-0.008852549156242097,-70.79933471520195,0.0,1
pair_051,GT,Rank_17,1,17,0.8481220633495891,0.008167326384489451,0.8399547369650996,0.2323077917098999,0,0.17550300482203063,0.15882810711599882,0.03684387495741248,0.20894944667816162,0.0,18.199654488765134,0.0,1
pair_051,GT,Rank_18,1,18,0.8481220633495891,0.008003602813935036,0.840118460535654,0.2292383909225464,0,0.08616874398426555,0.14679053737230752,-0.0359137867053505,0.1972140073776245,0.0,30.586696857854008,0.13500000000000006,1
pair_051,GT,Rank_19,1,19,0.8481220633495891,0.007850672941817564,0.8402713904077715,0.18259197473526,0,0.08795531056357941,0.012628893248775253,0.1290463623590768,0.23097819089889526,-0.12694368026754382,18.498944709943302,0.13500000000000006,1
pair_051,GT,Rank_20,1,20,0.8481220633495891,0.007459501317641029,0.840662562031948,0.11681729555130005,0,0.04632149431945265,-0.019811993534185834,-0.012220463249832392,0.1243012547492981,0.0,-41.42736387245387,0.0,1
pair_052,GT,Rank_1,7,1,0.27655438580462477,0.6854843187247581,-0.40892993292013335,0.0013756752014160156,0,0.0032543499560380162,0.03819411693140662,-0.002073436975479126,-0.0032882094383239746,0.0661474508437579,-22.294729677964796,0.0,1
pair_052,GT,Rank_2,7,2,0.27655438580462477,0.6718404783751786,-0.3952860925705538,-0.008046150207519531,0,-0.006282649686888853,-0.028924449057441626,-0.010374009609222412,-0.016584038734436035,0.075,-31.772293165565003,0.0,1
pair_052,GT,Rank_3,7,3,0.27655438580462477,0.6545701964653318,-0.378015810660707,0.0021413564682006836,0,0.0018791052807967112,0.04874251762992943,-0.0006319880485534668,-0.00012987852096557617,0.075,-6.419970043651219,0.0,1
pair_052,GT,Rank_4,7,4,0.27655438580462477,0.6171237416099427,-0.3405693558053179,-0.002049267292022705,0,-0.002125946145209112,-0.03149472174530954,-0.004048824310302734,-0.019891977310180664,0.075,-52.61132322471239,0.0,1
pair_052,GT,Rank_5,7,5,0.27655438580462477,0.40906242958324734,-0.13250804377862258,-0.0003420710563659668,0,-0.0008398488625028788,0.023812124334538498,-0.0017573833465576172,-0.01594644784927368,0.0314145877436858,-62.300510066666774,0.0,1
pair_052,GT,Rank_6,7,6,0.27655438580462477,0.39500729184434674,-0.11845290603972197,-0.003350198268890381,0,-0.0014718721929631862,-0.03606058034534687,-0.002583414316177368,-0.02612847089767456,0.037500000000000006,-36.24909598835772,0.0,1
pair_052,GT,Rank_8,7,8,0.27655438580462477,0.25716868287408023,0.019385702930544535,0.010817289352416992,0,0.012319355042207158,-0.05261988478469881,0.05516427755355835,0.01402735710144043,0.037500000000000006,-4.189201507243041,0.0,1
pair_052,GT,Rank_9,7,9,0.27655438580462477,0.21950454612459086,0.05704983968003391,0.0018343925476074219,0,0.0029690563478125265,-0.02256791017484383,0.00032442808151245117,-0.01132136583328247,0.037500000000000006,-69.10551636655221,0.0,1
pair_052,GT,Rank_10,7,10,0.27655438580462477,0.1976780665894424,0.07887631921518237,0.005264997482299805,0,0.0111418527141246,0.027864203574635704,0.07556548714637756,0.0018319487571716309,0.0,-54.8011540271748,0.0,1
pair_052,GT,Rank_11,7,11,0.27655438580462477,0.18294178713707687,0.0936125986675479,-0.009277939796447754,0,-0.006993883724287997,-0.03596131551497561,0.032460033893585205,-0.018435120582580566,0.0,-48.05076749713025,0.0,1
pair_052,GT,Rank_12,7,12,0.27655438580462477,0.16786736760664878,0.108687018197976,-0.004887044429779053,0,-0.0037586777270631755,-0.015204705446632438,-0.0073139965534210205,-0.009787321090698242,0.014791827170100497,-15.716556613222807,0.0,1
pair_052,GT,Rank_13,7,13,0.27655438580462477,0.14442486246345848,0.1321295233411663,0.02730274200439453,0,0.03343405011414091,0.015609223594881372,0.10578393936157227,0.047430992126464844,0.075,2.234341867370631,0.0,1
pair_052,GT,Rank_14,7,14,0.27655438580462477,0.12503469313719692,0.15151969266742785,0.01725625991821289,0,0.01924499106561761,0.0180360952210723,0.013263672590255737,0.02420961856842041,0.037500000000000006,-13.492776151993922,0.0,1
pair_052,GT,Rank_15,7,15,0.27655438580462477,0.09941231542349294,0.17714207038113183,0.005807042121887207,0,0.006601240451553192,0.01956741067958223,0.005942881107330322,-0.004655659198760986,0.0,-29.56251204593032,0.0,1
pair_052,GT,Rank_16,7,16,0.27655438580462477,0.0826106224533245,0.19394376335130026,0.01515960693359375,0,0.016320924161711936,0.08647657016021881,0.0150662362575531,0.036960601806640625,0.0,23.689970339113074,0.0,1
pair_052,GT,Rank_17,7,17,0.27655438580462477,0.07768444282517815,0.1988699429794466,0.0002942085266113281,0,0.00399880434505695,0.031377111109675004,2.911686897277832e-05,-0.003937363624572754,-0.004616460960662205,-38.45293850164269,0.0,1
pair_052,GT,Rank_18,7,18,0.27655438580462477,0.06554283246278009,0.21101155334184468,0.003941595554351807,0,0.005061856882412896,0.06246915013418464,0.005358964204788208,0.006673991680145264,-0.017705098312484208,9.008907200587188,0.0,1
pair_052,GT,Rank_19,7,19,0.27655438580462477,0.061568455572565045,0.21498593023205972,0.0012131333351135254,0,0.0018177818658189349,0.02012710526582484,-0.0005587339401245117,-0.012397050857543945,-0.04121323175972941,-45.85527074575391,0.0,1
pair_052,GT,Rank_20,7,20,0.27655438580462477,0.045622546176138944,0.23093183962848582,0.029945850372314453,0,0.028956628247063354,0.05035872737646474,0.028414040803909302,0.06512504816055298,0.075,29.39417070049855,0.0,1
pair_053,GT,Rank_1,10,1,0.11555308333042709,0.6946389192836268,-0.5790858359531996,0.028599143028259277,0,0.029797194442502173,0.03419047485051119,0.0017453134059906006,0.08386772871017456,0.03749999999999999,-5.8124918147394276,0.0,1
pair_053,GT,Rank_2,10,2,0.11555308333042709,0.5976259145624117,-0.4820728312319846,0.012035250663757324,0,0.01637262042155274,0.018993583503509437,0.032947249710559845,0.016029000282287598,0.03749999999999999,-63.07514369096707,0.0,1
pair_053,GT,Rank_3,10,3,0.11555308333042709,0.3301102309620945,-0.21455714763166744,0.01072758436203003,0,0.0037158282933185127,0.005080853967212917,-0.020645499229431152,0.015089750289916992,0.03749999999999999,-71.96499051133661,0.0,1
pair_053,GT,Rank_4,10,4,0.11555308333042709,0.3124227715967281,-0.19686968826630102,0.0023769140243530273,0,-0.006231460445281778,-0.002940984904832078,0.022135600447654724,0.006529510021209717,0.0,-125.88804769259728,0.0,1
pair_053,GT,Rank_5,10,5,0.11555308333042709,0.2994380027058458,-0.18388491937541873,0.05049633979797363,0,0.020680632887024375,0.017486515650804946,0.039863839745521545,0.07772433757781982,0.0,-104.59013929434234,0.0,1
pair_053,GT,Rank_6,10,6,0.11555308333042709,0.23143766843266908,-0.11588458510224199,0.008930385112762451,0,0.006997994931037921,0.010018554314472405,-0.025042161345481873,0.012737631797790527,0.028647450843757895,-85.6979379929012,0.0,1
pair_053,GT,Rank_7,10,7,0.11555308333042709,0.23049560781290185,-0.11494252448247476,0.004484117031097412,0,-5.156736685174579e-05,0.006087073898708439,-0.02282780408859253,0.007138609886169434,0.03749999999999999,-147.78263851242752,0.0,1
pair_053,GT,Rank_8,10,8,0.11555308333042709,0.19455745747434053,-0.07900437414391344,0.003168940544128418,0,-0.0025626984777219475,0.0010580312920689394,0.013110607862472534,0.003768742084503174,-0.006085412256314204,-96.58836160204645,0.0,1
pair_053,GT,Rank_9,10,9,0.11555308333042709,0.11886731667446596,-0.0033142333440388666,0.07509481906890869,0,0.058334723130367916,0.0534826671144466,0.059121809899806976,0.11105746030807495,0.03749999999999999,-119.89645399217865,0.0,1
pair_053,GT,Rank_11,10,11,0.11555308333042709,0.10402730783425579,0.0115257754961713,0.0018264055252075195,0,-0.005327083960287138,-0.0012560642160488467,-0.022408857941627502,0.007482647895812988,-0.006085412256314204,-136.82881358016445,0.0,1
pair_053,GT,Rank_12,10,12,0.11555308333042709,0.1016684134638289,0.013884669866598184,0.03624790906906128,0,0.026904391877576872,0.02738874902101074,-0.011977061629295349,0.09374344348907471,-0.006085412256314204,-79.9208685048659,0.0,1
pair_053,GT,Rank_13,10,13,0.11555308333042709,0.07613246871778119,0.0394206146126459,0.0007560253143310547,0,-0.00022153279561487604,0.0017824546042165546,-0.004148229956626892,0.011211931705474854,0.0,-20.721194823944327,0.0,1
pair_053,GT,Rank_14,10,14,0.11555308333042709,0.049134293734760096,0.066418789595667,0.06891649961471558,0,0.05425526565045169,0.0481349375947806,0.0645296648144722,0.11135196685791016,0.03749999999999999,-167.72120756047295,0.0,1
pair_053,GT,Rank_15,10,15,0.11555308333042709,0.0483621715765328,0.06719091175389429,0.07463759183883667,0,0.045683364988327924,0.026285356314043384,0.039952218532562256,0.07570755481719971,0.0,7.129984416595505,0.0,1
pair_053,GT,Rank_16,10,16,0.11555308333042709,0.032598369973972634,0.08295471335645446,0.15792810916900635,0,0.1607952250179555,0.13463710196012946,0.09751318395137787,0.1610526442527771,0.028647450843757895,-124.29101110326461,0.0,1
pair_053,GT,Rank_17,10,17,0.11555308333042709,0.031986993309956614,0.08356609002047047,0.02510136365890503,0,0.018564918548503062,0.021848893721300833,0.0504862517118454,0.07164996862411499,-0.07871323175972941,-28.000906844302296,0.0,1
pair_053,GT,Rank_18,10,18,0.11555308333042709,0.02537748369294326,0.09017559963748382,0.031611084938049316,0,0.02281848050220847,0.027029853082615962,-0.005790814757347107,0.07185477018356323,-0.006085412256314204,-153.779269724428,0.0,1
pair_053,GT,Rank_19,10,19,0.11555308333042709,0.02253778880508365,0.09301529452534343,0.17182010412216187,0,0.14835058880502472,0.14128551854804805,0.1356683224439621,0.12788516283035278,0.03749999999999999,-64.76637724178929,0.0,1
pair_053,GT,Rank_20,10,20,0.11555308333042709,0.01975875132004728,0.09579433201037982,0.13959664106369019,0,0.13789874063302132,0.1410389049034959,0.08719144761562347,0.11845523118972778,-0.037500000000000006,-132.3197430912244,0.0,1
pair_054,GT,Rank_2,1,2,0.8465252172977369,0.7598229391610074,0.08670227813672948,0.03627622127532959,0,-0.028795395362296583,-0.06436534509405867,-0.04163999855518341,0.0008311271667480469,0.0,2.485998020056698,0.0,1
pair_054,GT,Rank_3,1,3,0.8465252172977369,0.2444887050685409,0.602036512229196,0.038434505462646484,0,0.04244513446585696,0.07141689446204913,-0.01668679714202881,-0.001272737979888916,-0.075,-24.797196862131628,0.0,1
pair_054,GT,Rank_4,1,4,0.8465252172977369,0.21475492571907995,0.6317702915786569,0.05211436748504639,0,0.11018725773840293,-0.037081222456051166,-0.049992531538009644,0.01586759090423584,0.0,-15.507175310946181,0.0,1
pair_054,GT,Rank_5,1,5,0.8465252172977369,0.09699991558115335,0.7495253017165835,0.043349385261535645,0,0.14433835614718682,0.057169729733475616,-0.04584455490112305,0.012678921222686768,-0.03749999999999999,-1.6621030095433866,0.0,1
pair_054,GT,Rank_6,1,6,0.8465252172977369,0.08160449513659364,0.7649207221611433,0.03791964054107666,0,0.15223431855642622,0.045986133771972304,0.01996737718582159,0.0024471282958984375,-0.075,-2.233341648338225,0.0,1
pair_054,GT,Rank_7,1,7,0.8465252172977369,0.06190636193405044,0.7846188553636865,0.046159982681274414,0,0.1948416864399058,0.1603119794294291,-0.04209987819194794,0.0074353814125061035,-0.03749999999999999,1.2622280459587358,0.0,1
pair_054,GT,Rank_8,1,8,0.8465252172977369,0.06094149582518026,0.7855837214725566,0.05631053447723389,0,-0.06582223847733815,-0.09174979081147538,-0.046456605195999146,0.045722126960754395,0.0,-8.010114124651423,0.0,1
pair_054,GT,Rank_9,1,9,0.8465252172977369,0.05822309589124618,0.7883021214064907,0.04686063528060913,0,0.07758947628452029,0.025217923614212434,-0.038031116127967834,0.019792258739471436,-0.03749999999999999,4.191445711159531,0.0,1
pair_054,GT,Rank_10,1,10,0.8465252172977369,0.058065508207339855,0.7884597090903971,0.20404815673828125,0,0.18681584474348129,0.19037143846208082,0.06619702279567719,0.2178245186805725,-0.075,-5.458145506808563,0.0,1
pair_054,GT,Rank_11,1,11,0.8465252172977369,0.05592911921052297,0.7905960980872139,0.08806115388870239,0,0.22423028965609243,0.07521581840523472,-0.015064902603626196,0.0890883207321167,0.0,-4.778988968833218,0.0,1
pair_054,GT,Rank_12,1,12,0.8465252172977369,0.055663300650083423,0.7908619166476535,0.050381481647491455,0,-0.0013550109154254475,-0.1323192694643569,-0.0158890038728714,0.008455872535705566,0.0,-69.43027235780981,0.0,1
pair_054,GT,Rank_13,1,13,0.8465252172977369,0.05147772524400991,0.7950474920537269,0.107052743434906,0,-0.07963816477937058,0.012860729183865327,-0.015075534582138006,0.13460484147071838,-0.075,0.7195967425786591,0.0,1
pair_054,GT,Rank_14,1,14,0.8465252172977369,0.043012311491472756,0.8035129058062641,0.10831445455551147,0,-0.10612370225404166,-0.20334824323353795,-0.009545028209686224,0.10872799158096319,0.0,2.459824333751712,0.0,1
pair_054,GT,Rank_15,1,15,0.8465252172977369,0.04197709799264675,0.8045481193050902,0.18226301670074463,0,0.34231544259843594,0.24157864019273723,-0.012154303491115515,0.1711281538009644,0.0,-34.9426912570424,0.0,1
pair_054,GT,Rank_16,1,16,0.8465252172977369,0.04047015107341125,0.8060550662243257,0.06040692329406738,0,0.12095428066326253,0.044016712507697286,-0.03552836179733271,0.02969437837600708,0.0,2.5820193872847312,0.0,1
pair_054,GT,Rank_17,1,17,0.8465252172977369,0.03401836861744826,0.8125068486802887,0.04913139343261719,0,0.06888962610807481,-0.011115643669359021,-0.042224347591400146,-0.0021300911903381348,-0.075,-3.8564917845750983,0.0,1
pair_054,GT,Rank_18,1,18,0.8465252172977369,0.03357667295202047,0.8129485443457164,0.054190993309020996,0,0.009026379809790153,-0.0420712555690963,-0.036544039845466614,0.010301411151885986,-0.03749999999999999,0.5564419470327806,0.0,1
pair_054,GT,Rank_19,1,19,0.8465252172977369,0.026291427580527733,0.8202337897172092,0.1199636459350586,0,0.04562888207798266,0.06576286355143302,0.00696112215518957,0.09444540739059448,0.0,-4.90200801084967,0.0,1
pair_054,GT,Rank_20,1,20,0.8465252172977369,0.0205834219170463,0.8259417953806906,0.1614934206008911,0,0.18800218316451062,0.03800369575143331,0.08858311921358109,0.21252039074897772,0.0,-8.098011525799222,0.0,1
pair_055,GT,Rank_2,1,2,0.9511797403314245,0.3472195948269906,0.6039601455044339,0.07415014505386353,0,0.16494817005113704,0.13006472443336214,-0.03128412365913391,0.13685184717178345,-0.05,-20.74675927102578,0.0,1
pair_055,GT,Rank_3,1,3,0.9511797403314245,0.22003663945722493,0.7311431008741995,0.11078715324401855,0,0.0813372912839101,0.11260942897829829,-0.0012739002704620361,0.22789180278778076,-0.05,-5.739021380278359,0.0,1
pair_055,GT,Rank_4,1,4,0.9511797403314245,0.1852218382811926,0.7659579020502318,0.0853734016418457,0,0.11120272090306482,0.15511217206014916,0.0029246099293231964,0.13499385118484497,-0.05,-12.39869041539771,0.0,1
pair_055,GT,Rank_5,1,5,0.9511797403314245,0.1762516276416658,0.7749281126897587,0.011299610137939453,0,0.010170278448877412,-0.0029023965558653275,-0.0052041783928871155,0.03884774446487427,-0.05,29.501084395223273,0.0,1
pair_055,GT,Rank_6,1,6,0.9511797403314245,0.15073167153610229,0.8004480687953222,0.09743297100067139,0,0.0961946159549879,0.10736612124850986,-0.007597826421260834,0.20242202281951904,-0.05,46.11220302896983,0.0,1
pair_055,GT,Rank_7,1,7,0.9511797403314245,0.06021685012177708,0.8909628902096474,0.08281892538070679,0,0.07480759567460726,0.1281303522781957,-0.027490518987178802,0.14759141206741333,-0.05,47.668752305550356,0.0,1
pair_055,GT,Rank_8,1,8,0.9511797403314245,0.05687084341877639,0.8943088969126481,0.07994139194488525,0,0.07046413611797686,0.1335542172055848,-0.028282418847084045,0.1283307671546936,-0.05,-10.08782270719746,0.0,1
pair_055,GT,Rank_9,1,9,0.9511797403314245,0.053316048931604174,0.8978636913998204,0.07655185461044312,0,0.1069185063439605,0.12673912014904343,-0.025671780109405518,0.1304187774658203,-0.05,93.37110032010443,0.0,1
pair_055,GT,Rank_10,1,10,0.9511797403314245,0.0518122339067797,0.8993675064246448,0.112537682056427,0,0.16187071314473678,0.20755967832963007,0.015270181000232697,0.20137882232666016,-0.0935854122563142,35.563025484901914,0.0,1
pair_055,GT,Rank_11,1,11,0.9511797403314245,0.0383763322496573,0.9128034080817672,0.11287891864776611,0,0.33629779257350434,0.21618984408512232,0.010414566844701767,0.18638592958450317,-0.05,21.203417492667256,0.0,1
pair_055,GT,Rank_12,1,12,0.9511797403314245,0.03230957743997698,0.9188701628914475,0.09857422113418579,0,0.09098379180829541,0.17377941963837062,0.006288304924964905,0.14829707145690918,-0.05,77.89029959017512,0.0,1
pair_055,GT,Rank_13,1,13,0.9511797403314245,0.03091749647888856,0.920262243852536,0.14302963018417358,0,0.2023934989757532,0.22564446727212684,0.012847855687141418,0.10675942897796631,-0.05,71.17685809000865,0.0,1
pair_055,GT,Rank_14,1,14,0.9511797403314245,0.02892926533988939,0.9222504749915351,0.08623504638671875,0,0.22771168492705396,0.14996128638072448,-0.025854021310806274,0.1324673891067505,-0.05,86.52083360659272,0.0,1
pair_055,GT,Rank_15,1,15,0.9511797403314245,0.02796352912319476,0.9232162112082297,0.08029544353485107,0,0.21121776626320055,0.16121461729929165,-0.02552935481071472,0.12824898958206177,-0.05,46.09188615413679,0.0,1
pair_055,GT,Rank_16,1,16,0.9511797403314245,0.022799197525068142,0.9283805428063564,0.11555790901184082,0,0.1117376150017102,0.10809609166923617,-0.007648900151252747,0.27858480811119085,-0.1427050983124842,100.24226846143398,0.0,1
pair_055,GT,Rank_17,1,17,0.9511797403314245,0.017244015492915325,0.9339357248385092,0.17054593563079834,0,0.2717427660826579,0.27506377963029816,-0.003751620650291443,0.24233108758926392,-0.0810660171779821,8.063445224399402,0.0,1
pair_055,GT,Rank_18,1,18,0.9511797403314245,0.016194718660126037,0.9349850216712985,0.1429460644721985,0,0.15595145588586856,0.11538960322129843,0.026606939733028412,0.25360265374183655,-0.1340990257669732,44.01129160955311,0.0,1
pair_055,GT,Rank_19,1,19,0.9511797403314245,0.01523896550729411,0.9359407748241304,0.10256963968276978,0,0.09639636215326164,0.11870537641560641,0.0007377639412879944,0.23866045475006104,-0.05,-52.948124772818915,0.0,1
pair_055,GT,Rank_20,1,20,0.9511797403314245,0.014765937529887852,0.9364138028015366,0.1731852889060974,0,0.21557993661846053,0.3007791881216111,0.03617936745285988,0.23527967929840088,-0.0935854122563142,24.807256991094192,0.0,1
pair_057,GT,Rank_1,3,1,0.8578766278822444,0.885206469386857,-0.027329841504612595,0.012431025505065918,0,0.010668709066764204,0.01021286076710004,0.005080178380012512,0.018360495567321777,0.0,-84.70821380794325,0.0,1
pair_057,GT,Rank_2,3,2,0.8578766278822444,0.8673379022043902,-0.00946127432214583,0.020913362503051758,0,0.018523089487828326,0.031294877984471836,0.026006191968917847,0.0412105917930603,0.0,11.248094577869288,0.0,1
pair_057,GT,Rank_4,3,4,0.8578766278822444,0.8188036762761294,0.039072951606115014,0.06886261701583862,0,0.05132852718956682,0.07550781709868681,0.05524153262376785,0.13487690687179565,0.0,14.697663523526039,0.0,1
pair_057,GT,Rank_5,3,5,0.8578766278822444,0.474391943621294,0.3834846842609504,0.11384981870651245,0,0.10882743832645869,0.050812993113003024,0.046393021941185,0.13032740354537964,0.0,-19.798256238445447,0.0,1
pair_057,GT,Rank_6,3,6,0.8578766278822444,0.2805529798899723,0.5773236479922721,0.05290877819061279,0,0.05414042024153165,0.04511661687836921,0.04859933257102966,0.14235639572143555,-0.03749999999999999,-44.348185663801445,0.0,1
pair_057,GT,Rank_7,3,7,0.8578766278822444,0.2799450806394266,0.5779315472428178,0.018028080463409424,0,0.017692597307608637,0.02095817410788614,0.0032429397106170654,0.036098361015319824,-0.075,-70.70898727410099,0.0,1
pair_057,GT,Rank_8,3,8,0.8578766278822444,0.2706120368656729,0.5872645910165715,0.0909414291381836,0,0.054063496829400925,0.03404350717992277,0.058636292815208435,0.07416963577270508,-0.03749999999999999,-98.87653719416375,0.0,1
pair_057,GT,Rank_9,3,9,0.8578766278822444,0.23514925707722945,0.622727370805015,0.030132293701171875,0,0.029221981552962406,0.02910793781870069,0.020631924271583557,0.08024704456329346,-0.075,-50.60281273012532,0.0,1
pair_057,GT,Rank_10,3,10,0.8578766278822444,0.23147291032531006,0.6264037175569344,0.002556145191192627,0,0.0034231829765490884,0.008605531958156165,-0.004056617617607117,-0.007344722747802734,-0.043585412256314196,-11.188375211879446,0.0,1
pair_057,GT,Rank_11,3,11,0.8578766278822444,0.22787972008064672,0.6299969078015977,0.03523576259613037,0,0.0353989482334548,0.0516757732996691,-0.00022804737091064453,0.08643960952758789,-0.03749999999999999,-77.21789291670098,0.0,1
pair_057,GT,Rank_12,3,12,0.8578766278822444,0.21461022407572197,0.6432664038065224,0.023178935050964355,0,0.022959068544662897,0.02303840338680785,0.008075505495071411,0.05412179231643677,-0.03749999999999999,-60.58120970274277,0.0,1
pair_057,GT,Rank_13,3,13,0.8578766278822444,0.17883999691090982,0.6790366309713346,0.11339390277862549,0,0.10764869054919224,0.055953221859529334,0.04106612503528595,0.14922165870666504,-0.043585412256314196,10.321432506169437,0.0,1
pair_057,GT,Rank_14,3,14,0.8578766278822444,0.16593745881889138,0.691939169063353,0.10611939430236816,0,0.06546990377881245,0.06768185969088303,0.08027522265911102,0.11950850486755371,-0.075,-36.823130058785964,0.0,1
pair_057,GT,Rank_15,3,15,0.8578766278822444,0.15872114005412505,0.6991554878281193,0.11461937427520752,0,0.11093029963014012,0.05936631635305911,0.04139526188373566,0.13948535919189453,0.0,-79.24678366923689,0.0,1
pair_057,GT,Rank_16,3,16,0.8578766278822444,0.10162230980109331,0.7562543180811511,0.12191104888916016,0,0.11576576313297338,0.057395733696706475,0.050899818539619446,0.1730002760887146,0.0,-9.784179324418815,0.0,1
pair_057,GT,Rank_17,3,17,0.8578766278822444,0.09725164913163478,0.7606249787506096,0.0064514875411987305,0,0.00678425855026521,0.010833539204173293,0.01440267264842987,0.004679858684539795,-0.075,-20.078507735932362,0.0,1
pair_057,GT,Rank_18,3,18,0.8578766278822444,0.09132687229556871,0.7665497555866757,0.12153631448745728,0,0.11625240693051275,0.05936742217131474,0.056023433804512024,0.14581525325775146,0.0,-10.134443112245592,0.0,1
pair_057,GT,Rank_19,3,19,0.8578766278822444,0.08996190721594745,0.767914720666297,0.012471795082092285,0,0.011443247367256548,0.0223110749182045,0.024905771017074585,0.025060713291168213,-0.11249999999999989,-91.30170684571155,0.0,1
pair_057,GT,Rank_20,3,20,0.8578766278822444,0.08234296510459772,0.7755336627776467,0.12355995178222656,0,0.11802740339724005,0.06704554392173878,0.05245848000049591,0.13919329643249512,0.0,-5.936391434711339,0.0,1
pair_059,GT,Rank_2,1,2,0.8828512382778867,0.1275800952773428,0.7552711430005439,0.036639273166656494,0,-0.06654134293005332,-0.05221303451343795,0.028704233467578888,0.06643295288085938,0.0,44.38504934948104,-0.13,1
pair_059,GT,Rank_3,1,3,0.8828512382778867,0.11484700305283722,0.7680042352250495,0.02734297513961792,0,0.028520517604931128,0.04755750805622083,0.015692908316850718,0.03676652908325195,0.0,13.863770155760193,-0.13,1
pair_059,GT,Rank_4,1,4,0.8828512382778867,0.10541731304666313,0.7774339252312236,0.02849632501602173,0,0.0963347787099389,0.09741858938828318,0.02015289850533014,0.04174983501434326,-0.075,77.60031713834758,-0.13,1
pair_059,GT,Rank_5,1,5,0.8828512382778867,0.09476586396867574,0.788085374309211,0.04206693172454834,0,0.0745873347214262,0.07074440272416327,0.02598726563155651,0.07763546705245972,-0.03749999999999999,78.00095980210655,-0.13,1
pair_059,GT,Rank_6,1,6,0.8828512382778867,0.0639542502635177,0.818896988014369,0.030406415462493896,0,0.012830013060230905,0.021559574121542857,0.0248288344591856,0.04408276081085205,0.0,-9.463877497728305,-0.13,1
pair_059,GT,Rank_7,1,7,0.8828512382778867,0.06110264228156504,0.8217485959963217,0.03653383255004883,0,-0.03297657810148846,0.0007569377257385934,0.023985296487808228,0.06036633253097534,0.0,74.66075785724175,-0.13,1
pair_059,GT,Rank_8,1,8,0.8828512382778867,0.04367485469045864,0.8391763835874281,0.04470527172088623,0,0.0764390162020111,0.07275833105059792,0.0316842813044787,0.08782559633255005,0.0,66.20264530882866,-0.13,1
pair_059,GT,Rank_9,1,9,0.8828512382778867,0.04197385462543768,0.840877383652449,0.028110921382904053,0,-0.08101608710946229,-0.05238736055077675,-0.004410626366734505,0.0396232008934021,-0.03749999999999999,57.738775927633085,-0.13,1
pair_059,GT,Rank_10,1,10,0.8828512382778867,0.03412137509730061,0.8487298631805861,0.03354912996292114,0,0.01910448372555018,0.03128325673716548,0.02509312331676483,0.048813819885253906,0.0,61.176620802765484,-0.13,1
pair_059,GT,Rank_11,1,11,0.8828512382778867,0.030444862752281907,0.8524063755256048,0.04244232177734375,0,-0.06596514721797941,-0.03986538166876097,0.03257657587528234,0.07470226287841797,0.0,50.54649085677377,-0.13,1
pair_059,GT,Rank_12,1,12,0.8828512382778867,0.02987561610837898,0.8529756221695077,0.04799431562423706,0,0.08400812113677547,0.07222152412671612,0.028183896094560623,0.09547829627990723,-0.0796164609606622,4.255901603176596,-0.13,1
pair_059,GT,Rank_13,1,13,0.8828512382778867,0.027896711967412245,0.8549545263104744,0.03615051507949829,0,0.18118135080106346,0.15623267707820043,0.023826614022255,0.057347655296325684,-0.075,82.96409759553936,-0.13,1
pair_059,GT,Rank_14,1,14,0.8828512382778867,0.024271417653723596,0.858579820624163,0.046339333057403564,0,-0.02937432287581343,-0.0029062873551068957,0.028907058760523796,0.06839907169342041,-0.043585412256314196,55.67695910413234,-0.13,1
pair_059,GT,Rank_15,1,15,0.8828512382778867,0.020643127676166138,0.8622081106017205,0.05116647481918335,0,0.010439608163131275,0.04762573701862549,0.034404877573251724,0.08787935972213745,-0.075,-33.69718171610094,0.0,1
pair_059,GT,Rank_16,1,16,0.8828512382778867,0.01955480801281626,0.8632964302650704,0.03331160545349121,0,0.0346785551848211,0.04071832258954011,0.011184310540556908,0.04727751016616821,-0.043585412256314196,39.091514055842524,-0.13,1
pair_059,GT,Rank_17,1,17,0.8828512382778867,0.014947250605777753,0.867903987672109,0.04161512851715088,0,-0.06588905916483667,-0.03604796590477899,0.02934256754815584,0.0548090934753418,-0.0927050983124842,-2.952991620623152,0.0,1
pair_059,GT,Rank_18,1,18,0.8828512382778867,0.014781945953299474,0.8680692923245872,0.038803040981292725,0,-0.07122426245483637,-0.05108159369164822,0.02190626785159111,0.06474292278289795,0.0,20.262918752823822,-0.13,1
pair_059,GT,Rank_19,1,19,0.8828512382778867,0.014222170029179283,0.8686290682487074,0.04815542697906494,0,-0.06924168610789616,-0.03604853754159032,0.02953503699973231,0.09680253267288208,0.0,-22.9645206912717,0.0,1
pair_059,GT,Rank_20,1,20,0.8828512382778867,0.013773223472912297,0.8690780148049744,0.051159024238586426,0,-0.05839911660636421,-0.02392174404167191,0.030095877125859316,0.09375733137130737,0.0,-14.507629638992938,-0.13,1
pair_061,GT,Rank_1,6,1,0.019739876542170343,0.054394161039148986,-0.034654284496978646,-0.0036632418632507324,0,-0.0017787406518812166,-0.006010381312158364,-0.008674129843711853,-0.00433117151260376,-0.043585412256314196,9.290453935738554,0.0,1
pair_061,GT,Rank_2,6,2,0.019739876542170343,0.03466018566259621,-0.014920309120425867,-0.005752146244049072,0,-0.00454917392358356,-0.008876270291281685,-0.008455634117126465,-0.011906564235687256,0.0,-7.027265347831488,0.0,1
pair_061,GT,Rank_3,6,3,0.019739876542170343,0.030303221911867087,-0.010563345369696744,-0.0066738128662109375,0,-0.0008095716542781961,-0.016465851293201994,0.002992287278175354,-0.010609865188598633,0.0,-39.216758424815794,0.0,1
pair_061,GT,Rank_4,6,4,0.019739876542170343,0.02759841635140449,-0.007858539809234146,0.003282010555267334,0,0.0028271797670799126,0.0031165800930935683,0.018694117665290833,-0.0031414031982421875,0.0,18.265694761507916,0.0,1
pair_061,GT,Rank_5,6,5,0.019739876542170343,0.025744451287200286,-0.006004574745029943,-0.0033081769943237305,0,-0.0018882216198350399,-0.007193420240310777,-0.00017683207988739014,-0.004337430000305176,-0.043585412256314196,10.998419715029655,0.0,1
pair_061,GT,Rank_7,6,7,0.019739876542170343,0.017839098560987098,0.001900777981183245,-0.004543781280517578,0,-0.004752055094336627,-0.012330722711347608,0.01178009808063507,-0.006397426128387451,-0.03749999999999999,-26.48079806035409,0.0,1
pair_061,GT,Rank_8,6,8,0.019739876542170343,0.01643769731347868,0.0033021792286916617,0.005394041538238525,0,0.01128789357982174,0.003624317404080424,0.02433811128139496,-0.0008197426795959473,0.0,3.3809667147687748,0.0,1
pair_061,GT,Rank_9,6,9,0.019739876542170343,0.01382761713371115,0.005912259408459193,-0.001973748207092285,0,3.0807416208977756e-05,-0.01198913868803908,-0.00888507068157196,0.0003344416618347168,0.0,-38.82104376966109,0.0,1
pair_061,GT,Rank_10,6,10,0.019739876542170343,0.013112477616040036,0.0066273989261303075,-0.0029180049896240234,0,0.0017869667487566687,-0.00830404219750891,-0.004564151167869568,-0.01183772087097168,-0.043585412256314196,12.840782857880114,0.0,1
pair_061,GT,Rank_11,6,11,0.019739876542170343,0.011385856716945671,0.008354019825224672,0.0019322633743286133,0,0.006946787018157985,0.0010201564262670715,0.0053949058055877686,-0.0012517571449279785,-0.043585412256314196,-27.922071282655423,0.0,1
pair_061,GT,Rank_12,6,12,0.019739876542170343,0.011132846645103825,0.008607029897066519,-0.004648327827453613,0,-0.0038280875938324632,-0.014276665120719123,0.030807241797447205,-0.010702908039093018,0.0,-43.30793144016144,0.0,1
pair_061,GT,Rank_13,6,13,0.019739876542170343,0.009589247138672085,0.010150629403498259,0.0030602216720581055,0,0.007612125040691531,-0.0033204152754975347,0.004807859659194946,0.003471851348876953,0.0,2.287783117901057,0.0,1
pair_061,GT,Rank_14,6,14,0.019739876542170343,0.009130240322286542,0.0106096362198838,0.003898918628692627,0,0.004887367245418717,0.016405249738137173,-0.007087275385856628,-0.012757539749145508,-0.03749999999999999,8.65840415037026,0.0,1
pair_061,GT,Rank_15,6,15,0.019739876542170343,0.00892939871134227,0.010810477830828074,-0.0036864280700683594,0,-0.0005337599649352098,-0.009404264132914175,-0.0021263957023620605,-0.017941713333129883,0.0,-4.462850018112221,0.0,1
pair_061,GT,Rank_16,6,16,0.019739876542170343,0.00848115003103832,0.011258726511132024,0.0025914907455444336,0,0.0038520631921188375,-0.0029851707104084912,0.02896544337272644,-0.0007530450820922852,0.0,9.329177719762399,0.0,1
pair_061,GT,Rank_17,6,17,0.019739876542170343,0.00799555239930778,0.011744324142862562,0.0013221502304077148,0,0.002480344712223026,0.004347528118064492,0.017509743571281433,-0.00369948148727417,-0.0796164609606622,-40.44677256806571,0.0,1
pair_061,GT,Rank_18,6,18,0.019739876542170343,0.007573031879133055,0.012166844663037288,-0.0024924874305725098,0,-8.299874032158261e-05,0.0008537490833507855,-0.007053345441818237,-0.014581143856048584,-0.008852549156242097,-23.867934557487843,0.0,1
pair_061,GT,Rank_19,6,19,0.019739876542170343,0.006942819903007389,0.012797056639162955,-0.006651401519775391,0,-0.004931198566447081,-0.009586205879356102,0.022766321897506714,-0.010592818260192871,-0.08409902576697319,20.670746605584313,0.0,1
pair_061,GT,Rank_20,6,20,0.019739876542170343,0.0068977968568960215,0.012842079685274323,0.005209386348724365,0,0.014718610921256148,-0.012991856654325451,0.008484810590744019,-0.001186966896057129,-0.043585412256314196,7.343927146547841,0.0,1
pair_062,GT,Rank_1,15,1,0.09725550220941404,0.9406649720662572,-0.8434094698568432,0.0043357014656066895,0,0.005815817927318445,0.006478177636919158,0.0026543810963630676,0.0086861252784729,0.11249999999999989,48.68057516303847,0.0,1
pair_062,GT,Rank_2,15,2,0.09725550220941404,0.9279451594151443,-0.8306896572057303,0.03089851140975952,0,0.016347416741203546,0.024980419627721684,0.03348860889673233,0.021504223346710205,0.11249999999999989,68.50410293432198,0.0,1
pair_062,GT,Rank_3,15,3,0.09725550220941404,0.8442360053262756,-0.7469805031168616,-0.0025006532669067383,0,-0.009294581809413893,-0.022979482340003465,-0.002483583986759186,0.0011580586433410645,0.11249999999999989,19.27362030341868,0.0,1
pair_062,GT,Rank_4,15,4,0.09725550220941404,0.7900305288081155,-0.6927750265987015,0.04474896192550659,0,0.034754199867688906,0.029103985187581838,0.043885551393032074,0.060882508754730225,0.11249999999999989,61.59953272980229,0.0,1
pair_062,GT,Rank_5,15,5,0.09725550220941404,0.751078452172582,-0.6538229499631679,0.021385550498962402,0,0.024993107539932002,0.02148408460478901,0.0207207128405571,0.03865569829940796,0.11249999999999989,92.6258293525078,0.0,1
pair_062,GT,Rank_6,15,6,0.09725550220941404,0.3233168186696198,-0.22606131646020577,-0.007119417190551758,0,-0.010521715528998832,-0.012275462276250093,-0.005682915449142456,-0.015365123748779297,0.037499999999999895,41.20233146257476,0.0,1
pair_062,GT,Rank_7,15,7,0.09725550220941404,0.31177878501252965,-0.2145232828031156,0.0013557076454162598,0,0.0059759140992095006,0.014962182063652296,0.013382330536842346,-0.00445932149887085,0.037499999999999895,61.66280105669787,0.0,1
pair_062,GT,Rank_8,15,8,0.09725550220941404,0.2540383598199937,-0.15678285761057964,0.05132108926773071,0,0.060092371368197006,0.012572906302536824,0.03897029906511307,0.01481771469116211,0.11249999999999989,48.22303423603057,0.0,1
pair_062,GT,Rank_9,15,9,0.09725550220941404,0.22023055131502373,-0.12297504910560969,0.11454862356185913,0,0.12366056296444627,0.05426957273526323,0.08132991939783096,0.11947238445281982,0.037499999999999895,104.89721048025599,0.0,1
pair_062,GT,Rank_10,15,10,0.09725550220941404,0.19776246062367983,-0.1005069584142658,0.14385437965393066,0,0.1539910796589733,0.2229671710092036,0.11052599549293518,0.16194844245910645,-0.003713231759729513,105.50860094867323,0.0,1
pair_062,GT,Rank_11,15,11,0.09725550220941404,0.1750433398136129,-0.07778783760419886,0.013399004936218262,0,0.02271970601013673,0.03967085137020998,0.009244106709957123,0.025298595428466797,-0.003713231759729513,30.637521112485302,0.0,1
pair_062,GT,Rank_12,15,12,0.09725550220941404,0.1283109891760809,-0.03105548696666685,0.11481881141662598,0,0.11853957783340008,0.15124059825083003,0.09133610129356384,0.12075495719909668,0.0,106.62076356608118,0.0,1
pair_062,GT,Rank_13,15,13,0.09725550220941404,0.12372998729579855,-0.026474485086384517,0.03277552127838135,0,0.037928542196433046,0.042075844251378,0.022970549762248993,0.062314510345458984,0.11249999999999989,-16.333856750974007,0.0,1
pair_062,GT,Rank_14,15,14,0.09725550220941404,0.10139622419511553,-0.004140721985701493,-0.008378028869628906,0,-0.01118437492171398,-0.024294846139358284,0.00023192167282104492,-0.009080469608306885,-0.003713231759729513,67.94443935079224,0.0,1
pair_062,GT,Rank_16,15,16,0.09725550220941404,0.09213252832019826,0.005122973889215773,-0.0009307861328125,0,-0.010827403938254432,-0.02069898901737144,0.013970732688903809,-0.004464089870452881,0.037499999999999895,96.57637151037731,0.0,1
pair_062,GT,Rank_17,15,17,0.09725550220941404,0.0908205451744175,0.0064349570349965385,0.12572431564331055,0,0.13396875788775164,0.1352368287872716,0.09666036814451218,0.13309931755065918,0.11249999999999989,106.97397297391508,0.0,1
pair_062,GT,Rank_18,15,18,0.09725550220941404,0.08235188967697928,0.01490361253243476,0.013522565364837646,0,0.018954971702279,0.02440366572437358,0.008500620722770691,0.02700173854827881,0.03288353903933769,77.28249729666844,0.0,1
pair_062,GT,Rank_19,15,19,0.09725550220941404,0.07640964441351339,0.020845857795900646,-0.00614476203918457,0,-0.006055272968578218,-0.006736438014339319,-0.006029888987541199,-0.00911802053451538,0.0,82.75415193639631,0.0,1
pair_062,GT,Rank_20,15,20,0.09725550220941404,0.05893047843026255,0.038325023779151486,0.004683136940002441,0,0.007173370835603099,0.012464881533915229,0.0026930421590805054,0.014494240283966064,0.037499999999999895,8.136571207270293,0.0,1
pair_063,GT,Rank_2,1,2,0.847948541733874,0.47236933036349893,0.3755792113703751,0.04333752393722534,0,0.026112528261035495,0.049490990278541314,-0.02795825246721506,0.04219430685043335,0.0,-7.063134523830797,0.0,1
pair_063,GT,Rank_3,1,3,0.847948541733874,0.2917011055622152,0.5562474361716588,-0.024140357971191406,0,0.021401709953077552,-0.04535772251980019,-0.012030285084620174,-0.06670278310775757,0.0,87.09492275915078,0.0,1
pair_063,GT,Rank_4,1,4,0.847948541733874,0.18786542533879835,0.6600831163950757,0.05332911014556885,0,0.22064725602242552,0.07261281053799462,-0.0532990843057633,0.03844320774078369,-0.03749999999999999,47.015457991415914,0.0,1
pair_063,GT,Rank_5,1,5,0.847948541733874,0.1605009159088813,0.6874476258249927,-0.027526795864105225,0,0.10736719658443705,-0.03632277655769123,-0.009970559040084481,-0.07142603397369385,0.0,-51.53005835210071,0.0,1
pair_063,GT,Rank_6,1,6,0.847948541733874,0.14202848816499114,0.7059200535688829,0.04883468151092529,0,0.03250358887967597,0.04679752088483946,-0.04310507047921419,0.04602867364883423,-0.008852549156242097,4.128935674376777,0.0,1
pair_063,GT,Rank_7,1,7,0.847948541733874,0.11874654333288732,0.7292019984009867,0.0548403263092041,0,0.044250446010155375,0.04432387321184039,-0.048542645992711186,0.022624731063842773,0.0,15.098692849528476,0.0,1
pair_063,GT,Rank_8,1,8,0.847948541733874,0.07165365783013293,0.7762948839037411,0.04609030485153198,0,0.08746699410453362,0.05006631290200181,-0.050325850024819374,0.04736393690109253,0.0,-66.50061650199824,0.0,1
pair_063,GT,Rank_9,1,9,0.847948541733874,0.06305089724004943,0.7848976444938246,0.04151099920272827,0,0.12083924380434607,0.01001538618264508,-0.05986094521358609,0.02987360954284668,0.0,4.5338776941795516,0.0,1
pair_063,GT,Rank_10,1,10,0.847948541733874,0.058491082364644155,0.7894574593692298,0.04144740104675293,0,0.16215380566225412,0.028691698565517343,-0.05036598851438617,0.01467275619506836,0.0,-21.162096774387905,0.0,1
pair_063,GT,Rank_11,1,11,0.847948541733874,0.04930876044366021,0.7986397812902138,0.05034959316253662,0,0.0873572368307618,0.06937933403752694,-0.034206172102131005,0.019535422325134277,0.0,-16.055628433658953,0.0,1
pair_063,GT,Rank_12,1,12,0.847948541733874,0.035840376888051514,0.8121081648458225,0.042199015617370605,0,0.1522827523767264,0.00209222159980349,-0.049840311752632316,0.018186509609222412,0.0,-10.66582382010236,0.0,1
pair_063,GT,Rank_13,1,13,0.847948541733874,0.03485767970668904,0.813090862027185,0.054577648639678955,0,0.03696314702690451,0.08732497528944516,-0.04878897033631807,0.024763286113739014,-0.043585412256314196,-27.803462851488902,0.0,1
pair_063,GT,Rank_14,1,14,0.847948541733874,0.03266366189281591,0.8152848798410581,0.04526102542877197,0,0.2268949529014851,0.035654580769010846,-0.0320643835002557,0.013913393020629883,-0.008852549156242097,66.48624941725319,0.0,1
pair_063,GT,Rank_15,1,15,0.847948541733874,0.025253414010188522,0.8226951277236855,0.054661571979522705,0,0.0938725378068187,0.06764672552798301,-0.05159051134251058,0.04314464330673218,0.0,-6.11815715534361,0.0,1
pair_063,GT,Rank_16,1,16,0.847948541733874,0.02312760312326183,0.8248209386106122,0.041637539863586426,0,0.0851376398605852,0.06438131967742255,-0.05245037714485079,0.01086890697479248,-0.08409902576697319,-15.978112543831955,0.0,1
pair_063,GT,Rank_17,1,17,0.847948541733874,0.022731166844971482,0.8252173748889026,0.08436167240142822,0,0.05100473999771027,0.05677431610109973,-0.027480585733428597,0.10014033317565918,0.0,-27.73241836589399,0.0,1
pair_063,GT,Rank_18,1,18,0.847948541733874,0.020691978811260434,0.8272565629226136,0.054616451263427734,0,0.2350966809460825,0.050899741168569324,-0.05839476967230439,0.023282945156097412,0.0,25.79662133637619,0.0,1
pair_063,GT,Rank_19,1,19,0.847948541733874,0.0198148004580145,0.8281337412758595,0.06083476543426514,0,0.21729247751788083,0.0756397279349954,-0.04018268547952181,0.049551427364349365,0.0,46.56228623366677,0.0,1
pair_063,GT,Rank_20,1,20,0.847948541733874,0.016441295464670602,0.8315072462692035,0.11744570732116699,0,0.3159985737809932,0.13739908960145053,-0.02706992998719221,0.06813657283782959,0.0,-50.45065377521264,0.0,1
pair_064,GT,Rank_2,1,2,0.8619817922384908,0.7636555031060707,0.09832628913242014,-0.010840773582458496,0,-0.09068736621133933,-0.1020825984506859,-0.01442071795463562,-0.02526259422302246,0.0,-43.43830529099502,0.0,1
pair_064,GT,Rank_3,1,3,0.8619817922384908,0.7613926955357474,0.10058909670274341,-0.00969606637954712,0,-0.06794471871454788,-0.07073999732865743,0.011894315481185913,-0.0186118483543396,0.0,-23.643469043194486,0.0,1
pair_064,GT,Rank_4,1,4,0.8619817922384908,0.5408664179391982,0.3211153742992926,0.03425675630569458,0,0.1050998119795401,0.1278306644745884,0.026427149772644043,0.0836554765701294,0.0,-13.949171557330445,0.0,1
pair_064,GT,Rank_5,1,5,0.8619817922384908,0.5103987174869753,0.3515830747515155,-0.008650064468383789,0,-0.012226099001633628,-0.011142127435380789,-0.012166589498519897,-0.01876014471054077,0.0,-74.86669047870377,0.0,1
pair_064,GT,Rank_6,1,6,0.8619817922384908,0.46483679852799403,0.3971449937104968,0.04281383752822876,0,0.1395011933039123,0.17233840083953988,0.01581716537475586,0.0857769250869751,0.0,-81.93944082024113,0.0,1
pair_064,GT,Rank_7,1,7,0.8619817922384908,0.27899805168725783,0.582983740551233,0.05492311716079712,0,-0.08143728807144823,-0.09295758116482578,0.04364904761314392,0.09925609827041626,0.0,-53.55795840522994,0.0,1
pair_064,GT,Rank_8,1,8,0.8619817922384908,0.22067239552571874,0.6413093967127721,0.03362762928009033,0,-0.13937832292851393,-0.16490901466406593,0.05788937211036682,0.06238740682601929,0.0,-108.58399202029533,0.0,1
pair_064,GT,Rank_9,1,9,0.8619817922384908,0.2004486771595894,0.6615331150789014,-0.014046907424926758,0,-0.06573996158562301,-0.06947660997913963,-0.019923418760299683,-0.027967870235443115,0.0,-105.24031816462993,0.0,1
pair_064,GT,Rank_10,1,10,0.8619817922384908,0.19707265251023537,0.6649091397282554,0.03481930494308472,0,0.02513955346919039,0.015415959857507211,0.03423118591308594,0.030526936054229736,-0.11249999999999989,8.185331483731261,0.0,1
pair_064,GT,Rank_11,1,11,0.8619817922384908,0.16204456629320474,0.6999372259452861,0.028569579124450684,0,0.0960643124964422,0.11175971569479798,0.021313220262527466,0.0627623200416565,0.0,-93.51199247050356,0.0,1
pair_064,GT,Rank_12,1,12,0.8619817922384908,0.13201610168652717,0.7299656905519636,0.01169520616531372,0,-0.0295679540507503,-0.027268949830566602,0.001591026782989502,0.01981443166732788,0.0,-119.56739709796749,0.0,1
pair_064,GT,Rank_13,1,13,0.8619817922384908,0.10700883835544832,0.7549729538830425,0.051598548889160156,0,0.04459847189096622,0.036179551849719216,0.046718865633010864,0.05277740955352783,0.0,-123.04283004509564,0.0,1
pair_064,GT,Rank_14,1,14,0.8619817922384908,0.07976264265279777,0.782219149585693,-0.015312373638153076,0,-0.07267260298683842,-0.07989704225046146,-0.020150721073150635,-0.025399327278137207,-0.11249999999999989,-91.03811088160505,0.0,1
pair_064,GT,Rank_15,1,15,0.8619817922384908,0.07057606088273148,0.7914057313557593,0.04254251718521118,0,0.050559313424877406,0.0576788441121443,0.02789977192878723,0.07720190286636353,-0.03749999999999999,-58.76989431633716,0.0,1
pair_064,GT,Rank_16,1,16,0.8619817922384908,0.06941690834350372,0.792564883894987,0.049508094787597656,0,-0.13674675009965176,-0.16787779978481643,0.0171433687210083,0.07556051015853882,-0.11249999999999989,-52.048691140071796,0.0,1
pair_064,GT,Rank_17,1,17,0.8619817922384908,0.05829636517189806,0.8036854270665927,0.18276572227478027,0,0.0653499341769267,0.003582087547438606,0.2002560943365097,0.2596040368080139,0.0,-3.74294446445829,0.0,1
pair_064,GT,Rank_18,1,18,0.8619817922384908,0.056636823237520235,0.8053449690009705,0.20394033193588257,0,0.1664845400699385,0.10330499766873641,0.1992064267396927,0.2662163972854614,0.0,-2.573337954722817,0.0,1
pair_064,GT,Rank_19,1,19,0.8619817922384908,0.052229908022021175,0.8097518842164696,0.005217790603637695,0,-0.062132865950839555,-0.07663132925502958,0.028639107942581177,0.005763113498687744,0.0,-136.06883470727627,0.0,1
pair_064,GT,Rank_20,1,20,0.8619817922384908,0.04859398687276736,0.8133878053657234,0.1215699315071106,0,0.12766230982878657,0.12012397992507962,0.1010216474533081,0.11734169721603394,-0.1162132317597294,1.5749982164419976,0.0,1
pair_065,GT,Rank_2,1,2,0.9804954610221939,0.7466756955084135,0.23381976551378036,0.0027219653129577637,0,0.12332149430721162,0.028386667243303854,-0.02834222465753561,0.0006679296493530273,-0.05,39.742435634052626,0.0,1
pair_065,GT,Rank_3,1,3,0.9804954610221939,0.5660956980222531,0.41439976299994075,0.005589306354522705,0,0.1439305665190942,0.03465376903085249,-0.012589402496814783,0.010939180850982666,-0.05,28.803591416273377,0.0,1
pair_065,GT,Rank_4,1,4,0.9804954610221939,0.2935378319315389,0.6869576290906549,0.0036051273345947266,0,0.001836676477024346,0.004874136769976278,0.08152063563466072,0.00968235731124878,-0.05,-12.0891871745728,0.0,1
pair_065,GT,Rank_5,1,5,0.9804954610221939,0.1655501375762395,0.8149453234459544,0.007255256175994873,0,0.0049096884046754274,0.0025177206340554203,0.06168989464640612,0.021706759929656982,-0.05,19.84034762396388,0.0,1
pair_065,GT,Rank_6,1,6,0.9804954610221939,0.10563211218362248,0.8748633488385714,0.008243143558502197,0,0.11228304076221807,0.020532535067018243,0.0062117017805576324,0.012195169925689697,-0.05,42.894890481456585,0.0,1
pair_065,GT,Rank_7,1,7,0.9804954610221939,0.06140408345293113,0.9190913775692627,0.008244454860687256,0,0.012022135287716118,0.00861626919532854,-0.027136765420436915,0.01157224178314209,-0.05,-23.296090714617293,0.0,1
pair_065,GT,Rank_8,1,8,0.9804954610221939,0.040954316705986905,0.9395411443162069,0.01054847240447998,0,0.015995842474267663,0.012472244158231671,0.05888359248638153,0.005461752414703369,-0.05,121.94269770195251,0.0,1
pair_065,GT,Rank_9,1,9,0.9804954610221939,0.0367069778842404,0.9437884831379535,0.03919297456741333,0,0.2824182891859872,0.11223511462479285,0.0851549506187439,0.11515074968338013,-0.05,8.880189553085955,0.0,1
pair_065,GT,Rank_10,1,10,0.9804954610221939,0.03421306833246057,0.9462823926897332,0.005727648735046387,0,0.17663913094956374,0.05969816837123498,0.09640112519264221,0.025778770446777344,-0.05,149.21546017008907,0.0,1
pair_065,GT,Rank_11,1,11,0.9804954610221939,0.03250489379183742,0.9479905672303565,0.009712517261505127,0,0.1735242453594219,0.053303592075832684,-0.010763540863990784,0.025629818439483643,-0.05,-31.42476015896665,0.0,1
pair_065,GT,Rank_12,1,12,0.9804954610221939,0.03166869773953107,0.9488267632826628,0.033574700355529785,0,0.07297958252238201,0.031233767726792205,0.09145181253552431,0.10918170213699341,-0.05,41.771965554458106,0.0,1
pair_065,GT,Rank_13,1,13,0.9804954610221939,0.022832523416890797,0.9576629376053031,0.1004173755645752,0,0.1922286690440007,0.040139158373221795,0.07865416444838041,0.18784379959106445,-0.05,79.87238853895447,0.0,1
pair_065,GT,Rank_14,1,14,0.9804954610221939,0.022661032510124347,0.9578344285120696,0.10976743698120117,0,0.22434486960479383,0.14312361047578182,0.14197774976491923,0.18945562839508057,-0.0588525491562421,48.10924532881752,0.0,1
pair_065,GT,Rank_15,1,15,0.9804954610221939,0.019968812447199537,0.9605266485749944,0.0222623348236084,0,0.10040133190350142,-0.005066883380864029,0.07868827320635313,0.0677785873413086,-0.05,111.26812824806854,0.0,1
pair_065,GT,Rank_16,1,16,0.9804954610221939,0.019309072797037915,0.961186388225156,0.10335928201675415,0,0.09847316362278824,0.11678447624515342,0.11040754243731493,0.142181396484375,-0.05,59.1073178571893,0.0,1
pair_065,GT,Rank_17,1,17,0.9804954610221939,0.019060101950082876,0.961435359072111,0.014481902122497559,0,0.01384336261816399,0.008693421596636663,0.09394855052232742,0.04541689157485962,-0.05,51.69375216358378,0.0,1
pair_065,GT,Rank_18,1,18,0.9804954610221939,0.01582618551878011,0.9646692755034137,0.24929779767990112,0,0.4069978054894476,0.31776197633105224,0.25135865435004234,0.1570553183555603,-0.1102081728298995,24.332446434206418,0.0,1
pair_065,GT,Rank_19,1,19,0.9804954610221939,0.013781455385844948,0.9667140056363489,0.2545865774154663,0,0.24436797816491118,0.2708513109566226,0.2554131746292114,0.15476536750793457,-0.05,23.343960900868524,0.0,1
pair_065,GT,Rank_20,1,20,0.9804954610221939,0.012876735437397108,0.9676187255847968,0.10904502868652344,0,0.09386057471893683,-0.010083364073109169,0.08939825044944882,0.13758498430252075,-0.05,144.30151992177014,0.0,1
pair_066,GT,Rank_1,2,1,0.7180947661888041,0.8237719570133459,-0.10567719082454186,-0.003054201602935791,0,-0.13885538440260703,-0.045859646550550304,0.04778596758842468,0.01559913158416748,0.0,-9.28381142884706,0.0,1
pair_066,GT,Rank_3,2,3,0.7180947661888041,0.43398747551038863,0.28410729067841545,-0.005954086780548096,0,-0.04320903563535816,-0.01462935539843091,-0.0038448572158813477,-0.010267972946166992,0.0,-0.9164173573276884,0.0,1
pair_066,GT,Rank_4,2,4,0.7180947661888041,0.41582310946517365,0.30227165672363043,-0.007324874401092529,0,-0.03646269692073367,-0.01658545232033004,-0.006967604160308838,-0.008838236331939697,0.0,-1.380920417382029,0.0,1
pair_066,GT,Rank_5,2,5,0.7180947661888041,0.35376664659806095,0.3643281195907431,-0.010435402393341064,0,-0.10681647283870077,-0.040167845710585515,0.013738006353378296,-0.004289805889129639,0.0,-6.081957083407204,0.0,1
pair_066,GT,Rank_6,2,6,0.7180947661888041,0.30522628336949587,0.4128684828193082,-0.0028758645057678223,0,-0.11480161547799406,-0.035577476059429625,-0.0024939775466918945,-0.007676303386688232,0.0,0.734695946755977,0.0,1
pair_066,GT,Rank_7,2,7,0.7180947661888041,0.2046773641113558,0.5134174020774482,0.0036663413047790527,0,0.03637227652692476,0.019210422292887275,0.005394279956817627,0.018387138843536377,0.0,-100.26081794635459,0.0,1
pair_066,GT,Rank_8,2,8,0.7180947661888041,0.18817512379376758,0.5299196423950365,0.011686980724334717,0,0.03828643320184577,0.02172617769740237,0.011334091424942017,0.026651084423065186,0.0,-5.264690776016124,0.0,1
pair_066,GT,Rank_9,2,9,0.7180947661888041,0.16728638368523363,0.5508083825035704,0.00037974119186401367,0,-0.0029613488442811198,0.002136733725964013,8.26418399810791e-05,0.001346290111541748,-0.03749999999999999,-2.7773426312961362,0.0,1
pair_066,GT,Rank_10,2,10,0.7180947661888041,0.1480769542613541,0.5700178119274499,-0.01130765676498413,0,-0.0708989333287926,-0.03048142084568295,-0.009777247905731201,-0.01099318265914917,0.0,-3.4266551768725435,0.0,1
pair_066,GT,Rank_11,2,11,0.7180947661888041,0.10178262781061277,0.6163121383781913,0.1741449236869812,0,0.07262882367240281,0.1437751471948071,0.19442662596702576,0.27376171946525574,-0.075,-25.89544106799721,0.0,1
pair_066,GT,Rank_12,2,12,0.7180947661888041,0.09879501946303669,0.6192997467257674,-0.008154869079589844,0,-0.002138158565968107,-0.0001422923991944991,-0.005684018135070801,-0.005630552768707275,0.0,-100.44821011526932,0.0,1
pair_066,GT,Rank_13,2,13,0.7180947661888041,0.0883482341752083,0.6297465320135958,-0.004028141498565674,0,-0.1454742643784528,-0.0473772001005871,0.03148481249809265,-0.0067337751388549805,0.0,-104.07169454155644,0.0,1
pair_066,GT,Rank_14,2,14,0.7180947661888041,0.07612762361802636,0.6419671425707777,0.026211857795715332,0,0.08103619428263154,0.04557334563955795,0.026345819234848022,0.05409425497055054,0.0,-8.317029261465876,0.0,1
pair_066,GT,Rank_15,2,15,0.7180947661888041,0.07607414914787883,0.6420206170409253,-0.015232980251312256,0,-0.07379792209049607,-0.032231724622518554,0.04551994800567627,-0.01713430881500244,0.0,-104.26946929619638,0.0,1
pair_066,GT,Rank_16,2,16,0.7180947661888041,0.07266768702729626,0.6454270791615078,0.0040326714515686035,0,-0.16981786171658175,-0.04775081900391376,0.004926145076751709,0.026707231998443604,0.0,-123.73891134265389,0.0,1
pair_066,GT,Rank_17,2,17,0.7180947661888041,0.06158321952386131,0.6565115466649427,0.06881225109100342,0,0.17246896275703033,0.10256986787563205,0.06645980477333069,0.13069337606430054,0.0,-15.858081016347668,0.0,1
pair_066,GT,Rank_18,2,18,0.7180947661888041,0.05689775404749399,0.6611970121413101,0.08702558279037476,0,0.08002350568951544,0.08575059141324981,0.08438515663146973,0.16994625329971313,-0.075,-22.86689210283457,0.0,1
pair_066,GT,Rank_19,2,19,0.7180947661888041,0.04797056635685958,0.6701241998319445,-0.0061119794845581055,0,-0.14025363546509562,-0.046210517465778755,-0.006361097097396851,0.003426492214202881,0.0,-117.21189012939044,0.0,1
pair_066,GT,Rank_20,2,20,0.7180947661888041,0.04277892022722082,0.6753158459615832,0.06493794918060303,0,-0.21301938239003804,-0.025159922668388512,0.08440500497817993,0.14142096042633057,0.0,-27.02070370609728,0.0,1
pair_067,GT,Rank_2,1,2,0.6754532487130364,0.1531528127093971,0.5223004360036393,0.008683502674102783,0,0.0168167283218279,0.018891681820483286,-0.013830065727233887,0.006975233554840088,0.0,50.47758213310066,0.0,1
pair_067,GT,Rank_3,1,3,0.6754532487130364,0.1330022914577727,0.5424509572552636,0.00830233097076416,0,0.013008526687941724,0.017207673121229616,-0.022866427898406982,0.0020003318786621094,0.0,8.706842729177609,0.0,1
pair_067,GT,Rank_4,1,4,0.6754532487130364,0.06566086152779417,0.6097923871852422,0.009290218353271484,0,0.009157718040604279,0.014223478064545492,0.013805374503135681,0.006916701793670654,-0.03749999999999999,21.143713413618883,0.0,1
pair_067,GT,Rank_5,1,5,0.6754532487130364,0.06471851670590023,0.6107347320071361,0.0053577423095703125,0,0.01108002014494458,0.009199926823762472,-0.020464658737182617,-0.0025505423545837402,0.0,38.81609561990189,0.0,1
pair_067,GT,Rank_6,1,6,0.6754532487130364,0.06387059945520224,0.6115826492578341,0.012332797050476074,0,0.011343778995663079,0.018199969968586527,0.010148897767066956,0.02398693561553955,0.0,-82.88513037233943,0.0,1
pair_067,GT,Rank_7,1,7,0.6754532487130364,0.061407220011365914,0.6140460287016705,0.005784034729003906,0,0.013597855277034054,0.01771281884352438,-0.02770841121673584,-0.006665647029876709,-0.0796164609606622,15.204804581601294,0.0,1
pair_067,GT,Rank_8,1,8,0.6754532487130364,0.05964503517878518,0.6158082135342512,0.00434643030166626,0,0.008662412566849409,0.011646795781071306,-0.0002048015594482422,-0.008115589618682861,-0.03749999999999999,23.303729307728517,0.0,1
pair_067,GT,Rank_9,1,9,0.6754532487130364,0.05207107173864081,0.6233821769743956,0.00925213098526001,0,0.014981430312922095,0.014629262135066656,0.01228506863117218,0.00927037000656128,-0.03749999999999999,37.8492682936117,0.0,1
pair_067,GT,Rank_10,1,10,0.6754532487130364,0.04963068803898258,0.6258225606740537,0.0062490105628967285,0,0.01528020412461717,0.016390007364279535,-0.01629042625427246,-0.006692945957183838,0.0,-71.49145820855892,0.0,1
pair_067,GT,Rank_11,1,11,0.6754532487130364,0.03514865513757233,0.640304593575464,0.005637407302856445,0,0.015406329241949068,0.02126080082393844,-0.030462324619293213,-0.006725966930389404,-0.03749999999999999,20.830896509803168,0.0,1
pair_067,GT,Rank_12,1,12,0.6754532487130364,0.0324615449330485,0.6429917037799878,0.00994950532913208,0,0.02082151154337808,0.024676693455325527,-0.02908669412136078,0.009809315204620361,-0.043585412256314196,35.909051875221806,0.0,1
pair_067,GT,Rank_13,1,13,0.6754532487130364,0.02769102355440044,0.6477622251586359,0.0052947998046875,0,0.012384766107652267,0.015415914610003023,-0.023013338446617126,-0.006510317325592041,-0.075,30.301829362235708,0.0,1
pair_067,GT,Rank_14,1,14,0.6754532487130364,0.025664126611681444,0.6497891221013549,0.013762831687927246,0,0.013651514971794176,0.015816929459056217,-0.01944299042224884,0.023247718811035156,-0.075,5.83365645257377,0.0,1
pair_067,GT,Rank_15,1,15,0.6754532487130364,0.020430363872897712,0.6550228848401386,0.007966876029968262,0,0.017741626526810328,0.018375342875976863,-0.012992843985557556,-0.0014424920082092285,-0.03749999999999999,-95.78207237037819,0.0,1
pair_067,GT,Rank_16,1,16,0.6754532487130364,0.019553948351811398,0.655899300361225,0.010013043880462646,0,0.012336197138232308,0.014649441387388884,-0.03178226947784424,0.019898414611816406,-0.03749999999999999,60.64290014198162,0.0,1
pair_067,GT,Rank_17,1,17,0.6754532487130364,0.019531687673509882,0.6559215610395265,0.013242781162261963,0,0.011015191773643185,0.01515447779806045,-0.02082069218158722,0.03374803066253662,0.0,-128.50534544743806,0.0,1
pair_067,GT,Rank_18,1,18,0.6754532487130364,0.018813925960163277,0.6566393227528731,0.009470045566558838,0,0.02172240961076688,0.0259238507641818,-0.02505449950695038,0.006304621696472168,-0.075,32.500379378385084,0.0,1
pair_067,GT,Rank_19,1,19,0.6754532487130364,0.01786756902146561,0.6575856796915708,0.012416541576385498,0,0.008938110767994667,0.00980734842125408,-0.02668561041355133,0.02558743953704834,0.0,-110.04488303450245,0.0,1
pair_067,GT,Rank_20,1,20,0.6754532487130364,0.016193067692383472,0.6592601810206529,0.0065628886222839355,0,0.009376321924747799,0.009010883669463676,-0.0479123592376709,0.005173742771148682,0.0,46.3254318166268,0.0,1
pair_069,GT,Rank_2,1,2,0.6246967873856644,0.40853617278707094,0.21616061459859343,0.003603696823120117,0,0.005037060549021977,0.01586917669830612,-0.0025878101587295532,-0.01395636796951294,-0.03749999999999999,-100.6498384731997,0.0,1
pair_069,GT,Rank_3,1,3,0.6246967873856644,0.11194885564117311,0.5127479317444913,0.32644498348236084,0,0.3230649401687923,0.20201955702746743,0.16013135761022568,0.06753343343734741,-0.075,-12.824639483209253,0.0,1
pair_069,GT,Rank_4,1,4,0.6246967873856644,0.09452587281963762,0.5301709145660267,0.15898197889328003,0,0.1488400281539206,0.2412494493065469,0.17235478013753897,0.06488937139511108,-0.043585412256314196,-16.52470662694533,0.0,1
pair_069,GT,Rank_5,1,5,0.6246967873856644,0.06510772802369963,0.5595890593619648,0.1632676124572754,0,0.15283752469184364,0.2556041601478105,0.17447953671216965,0.0627405047416687,-0.03749999999999999,-2.5423298060137114,0.0,1
pair_069,GT,Rank_6,1,6,0.6246967873856644,0.05411403093067652,0.5705827564549878,-0.002039313316345215,0,-0.0035251370815986283,-0.0008544490550193018,0.07090222090482712,-0.024476587772369385,0.0,-154.1366975572186,0.0,1
pair_069,GT,Rank_7,1,7,0.6246967873856644,0.05367997961461929,0.5710168077710451,0.3159794807434082,0,0.3134867769099504,0.31875839448241183,0.30340258777141577,0.1670448482036591,-0.043585412256314196,-30.930972946714476,0.0,1
pair_069,GT,Rank_8,1,8,0.6246967873856644,0.05033562735787619,0.5743611600277881,0.16768676042556763,0,0.16168387090583658,0.059698924766249384,0.028293922543525696,-0.01190871000289917,0.0,-92.90533025951278,0.0,1
pair_069,GT,Rank_9,1,9,0.6246967873856644,0.04254896862288113,0.5821478187627832,0.1729888916015625,0,0.16861385469258383,0.06353721599013418,0.03497457504272461,0.011716187000274658,0.0,-95.46236104581753,0.0,1
pair_069,GT,Rank_10,1,10,0.6246967873856644,0.04097977818194437,0.58371700920372,0.1696292757987976,0,0.16347531827763917,0.05980981518449924,0.029553979635238647,-0.00795900821685791,0.0,27.983260773975083,0.0,1
pair_069,GT,Rank_11,1,11,0.6246967873856644,0.04096678336179912,0.5837300040238652,0.16764402389526367,0,0.16524618888724218,0.06534365055556224,0.044626861810684204,0.007096827030181885,0.0,-99.08284145055164,0.0,1
pair_069,GT,Rank_12,1,12,0.6246967873856644,0.04052075861026591,0.5841760287753984,0.1651877760887146,0,0.16006417716157983,0.05974555442090623,0.028716862201690674,-0.01173776388168335,0.0,18.74931147722296,0.0,1
pair_069,GT,Rank_13,1,13,0.6246967873856644,0.040165169207524366,0.58453161817814,0.1757904291152954,0,0.17221575885157347,0.07110279266450004,0.06032468378543854,0.014540672302246094,0.0,-5.8494020500377815,0.0,1
pair_069,GT,Rank_14,1,14,0.6246967873856644,0.03984265751189804,0.5848541298737663,0.17192518711090088,0,0.1667327394474054,0.06155406974684596,0.03399258852005005,-0.0001475811004638672,0.0,-91.81178281686668,0.0,1
pair_069,GT,Rank_15,1,15,0.6246967873856644,0.03401576663168193,0.5906810207539824,0.17505836486816406,0,0.17010097975876037,0.06858986320113813,0.05622285604476929,0.01579904556274414,0.0,-92.05655439266037,0.0,1
pair_069,GT,Rank_16,1,16,0.6246967873856644,0.03400469385393971,0.5906920935317247,0.16826725006103516,0,0.16437354477741328,0.06301707235478227,0.058375269174575806,-0.012227296829223633,0.0,31.186676815178913,0.0,1
pair_069,GT,Rank_17,1,17,0.6246967873856644,0.0322180827273482,0.5924787046583162,0.3143354654312134,0,0.30746681461222036,0.4667587222317942,0.29810613393783575,0.1629961133003235,-0.0927050983124842,-12.391492714650028,0.0,1
pair_069,GT,Rank_18,1,18,0.6246967873856644,0.030991198658976003,0.5937055887266883,0.17354989051818848,0,0.16959229746661542,0.06433061760247338,0.03025740385055542,0.006895244121551514,0.0,33.10963904750411,0.0,1
pair_069,GT,Rank_19,1,19,0.6246967873856644,0.029009369644362744,0.5956874177413016,0.1750621795654297,0,0.17167269792699058,0.06762601870227591,0.04406657814979553,0.010443031787872314,0.0,6.561577261801837,0.0,1
pair_069,GT,Rank_20,1,20,0.6246967873856644,0.027322700286590486,0.5973740870990739,0.16717565059661865,0,0.15504126443618893,0.2541013194428463,0.17352633923292166,0.08781170845031738,-0.043585412256314196,-36.079989709366146,0.0,1
pair_070,GT,Rank_1,63,1,0.003074114009073342,0.20746763889655434,-0.204393524887481,-0.062156438827514704,0,0.17005029725023638,0.18560346677074646,-0.027371838688850403,-0.037269279360771124,-0.028647450843757895,-119.18599848651394,0.0,1
pair_070,GT,Rank_2,63,2,0.003074114009073342,0.18999289816962447,-0.18691878416055113,-0.015466511249542292,0,0.32577314061217827,0.3352820560476031,-0.020945310592651423,0.03693763911724099,-0.0661474508437579,-108.8024436257904,0.0,1
pair_070,GT,Rank_3,63,3,0.003074114009073342,0.12221822800916475,-0.11914411400009141,-0.02185636758804327,0,0.1960698462696387,0.21452785682946057,-0.01800286024808892,-0.010070875287055914,-0.028647450843757895,-64.99470866896964,0.0,1
pair_070,GT,Rank_4,63,4,0.003074114009073342,0.0557805797059577,-0.05270646569688436,-0.0017386376857758123,0,0.00362499764442209,-0.014550785515904552,-0.0024729818105698187,-0.0011681169271469116,-0.10364745084375779,-105.58647464462521,0.0,1
pair_070,GT,Rank_5,63,5,0.003074114009073342,0.046009101207857846,-0.042934987198784504,-0.004824846982955988,0,0.18897130153538008,0.18971203821655616,-0.009283781051635798,0.0017173141241073886,-0.051355623673657404,-136.05805899757135,0.0,1
pair_070,GT,Rank_6,63,6,0.003074114009073342,0.03836777347592377,-0.03529365946685043,-0.05219504237174988,0,0.24303453117314058,0.27136841817743157,-0.02054139226675042,-0.044915571808815,-0.0661474508437579,-31.271686062383637,0.0,1
pair_070,GT,Rank_7,63,7,0.003074114009073342,0.037359478431094155,-0.03428536442202081,-0.0010886490345001776,0,0.2381355781574831,0.21756122028695168,0.00897256657481188,0.059474393725395286,-0.0661474508437579,-123.18497232737874,0.0,1
pair_070,GT,Rank_8,63,8,0.003074114009073342,0.03152559039854767,-0.02845147638947433,-0.027254819869995173,0,0.2320443059596053,0.26438659089266286,-0.0024496465921401978,-0.013237968087196295,-0.10364745084375779,-10.148713307996573,0.0,1
pair_070,GT,Rank_9,63,9,0.003074114009073342,0.030327809048270992,-0.02725369503919765,-0.03621101379394537,0,0.31607035952891777,0.33508272025478,-0.02251292392611512,0.0032357722520828802,0.008852549156242097,-141.71296982130008,0.0,1
pair_070,GT,Rank_10,63,10,0.003074114009073342,0.024688774146129668,-0.021614660137056325,-5.444884300237485e-05,0,0.23477334324492968,0.20478187626516609,0.017702873796224594,0.052461251616477994,0.0,-121.82476882168223,0.0,1
pair_070,GT,Rank_11,63,11,0.003074114009073342,0.023858751269685834,-0.02078463726061249,-0.050465077161788996,0,0.08760316482950439,0.07744184734348958,-0.031265910714864814,-0.0374161154031753,0.008852549156242097,-22.345929606218647,0.0,1
pair_070,GT,Rank_12,63,12,0.003074114009073342,0.02364108974324704,-0.0205669757341737,-0.05190756916999817,0,0.10525725434500699,0.11536452268791417,-0.028221759945154218,-0.0470476895570755,-0.028647450843757895,-7.810144765189705,0.0,1
pair_070,GT,Rank_13,63,13,0.003074114009073342,0.023415341652375684,-0.020341227643302342,-0.002320587635040283,0,0.2964852711149898,0.3030888494678072,-0.01830028742551812,0.05940867960453039,-0.0838525491562421,-161.12591594003945,0.0,1
pair_070,GT,Rank_14,63,14,0.003074114009073342,0.022777028883915973,-0.01970291487484263,-0.010012865066528376,0,0.24178846121466596,0.24854123706552678,-0.020657703280448997,0.03170937299728399,-0.0838525491562421,-147.55051086837815,0.0,1
pair_070,GT,Rank_15,63,15,0.003074114009073342,0.022527580272698227,-0.019453466263624885,-0.0034532845020294745,0,0.38904336847851106,0.37599102717935945,0.014230113476514789,0.07525892555713659,-0.0347328631000721,-130.1466043638906,0.0,1
pair_070,GT,Rank_16,63,16,0.003074114009073342,0.02224072869939781,-0.019166614690324466,-0.03429719805717468,0,0.17306073337689248,0.20622828213063937,-0.019198339432478007,-0.007555082440376226,-0.0707639118044201,-102.63297158383119,0.0,1
pair_070,GT,Rank_17,63,17,0.003074114009073342,0.020889198950053863,-0.01781508494098052,0.0030080676078796387,0,0.002394703191902492,-0.010174732425105137,0.0079529769718647,0.07228019833564758,0.008852549156242097,-122.15307439808018,0.0,1
pair_070,GT,Rank_18,63,18,0.003074114009073342,0.018966111873106893,-0.01589199786403355,-0.01486361026763916,0,0.2812151763677322,0.3027018906859166,-0.003409456461668098,0.024840250611305292,-0.1180911311113017,-164.07050901757592,0.0,1
pair_070,GT,Rank_19,63,19,0.003074114009073342,0.017969619667845688,-0.014895505658772346,-0.02011877298355108,0,0.0015792937054680545,-0.007405683003085806,-0.0121424980461598,-0.01963208615779871,-0.10364745084375779,-89.04069267263624,0.0,1
pair_070,GT,Rank_20,63,20,0.003074114009073342,0.016509356785378976,-0.013435242776305634,-0.032979875802993774,0,0.2227791382781462,0.2535693620103346,-0.023365173488855417,0.0019058883190155862,0.0,-163.22279678021673,0.0,1
pair_071,GT,Rank_2,1,2,0.5924320754430569,0.5285416860861343,0.0638903893569226,0.011461317539215088,0,0.017038828832508846,0.01735063684430882,-0.003216495737433489,0.027703523635864258,0.0,-39.46189051177288,0.0,1
pair_071,GT,Rank_3,1,3,0.5924320754430569,0.3925769458091795,0.19985512963387736,0.012849509716033936,0,0.02437554252617491,0.022998730405971113,-0.01807693392038351,0.013902246952056885,0.0,33.25860383826747,0.0,1
pair_071,GT,Rank_4,1,4,0.5924320754430569,0.2903600960826871,0.3020719793603698,0.011463344097137451,0,-0.010839680229601911,0.01020731665654706,-0.0208458099514246,0.03198307752609253,0.0,-51.53668482670133,0.0,1
pair_071,GT,Rank_5,1,5,0.5924320754430569,0.25204532004287517,0.3403867554001817,0.01002734899520874,0,0.008605717405942181,0.009671998006077986,-0.0033067073673009872,-0.00041097402572631836,0.0,39.99090984209973,0.0,1
pair_071,GT,Rank_6,1,6,0.5924320754430569,0.2512485521674788,0.34118352327557805,0.009974062442779541,0,-0.004927318707473427,0.009720742721627706,0.08495872095227242,-0.0050435662269592285,0.0,-25.370262108213424,-0.31000000000000005,1
pair_071,GT,Rank_7,1,7,0.5924320754430569,0.18027146206209732,0.41216061338095955,0.011751830577850342,0,-0.021693254878526025,0.007410913548344444,-0.021445205435156878,0.0254976749420166,0.0,-74.83815825661793,0.0,1
pair_071,GT,Rank_8,1,8,0.5924320754430569,0.16034340805862676,0.4320886673844301,0.013673484325408936,0,-0.011012211096154023,0.013756551024739827,0.0785400159657001,0.041558027267456055,0.0,-64.55249919697278,-0.31000000000000005,1
pair_071,GT,Rank_9,1,9,0.5924320754430569,0.09786114990741637,0.4945709255356405,0.008432328701019287,0,0.0074821865853874625,0.009163750222080935,0.0642668679356575,0.010453760623931885,0.0,-7.420701032554916,-0.31000000000000005,1
pair_071,GT,Rank_10,1,10,0.5924320754430569,0.07623496495609709,0.5161971104869598,0.014115571975708008,0,-0.0017610475942666515,0.015088306894838643,-0.018519047647714615,0.01632159948348999,-0.043585412256314196,19.257013526003604,0.0,1
pair_071,GT,Rank_11,1,11,0.5924320754430569,0.07509707320665684,0.5173350022364,0.01370161771774292,0,0.03675290390664432,0.02870837540352733,-0.02269787713885313,0.02818620204925537,0.0,-62.8131806916013,0.0,1
pair_071,GT,Rank_12,1,12,0.5924320754430569,0.05819135948987598,0.5342407159531809,0.01079648733139038,0,0.036952648935476895,0.026897764159154125,0.06694990396499628,0.006080269813537598,0.0,-73.83423823383691,-0.31000000000000005,1
pair_071,GT,Rank_13,1,13,0.5924320754430569,0.03304319529967731,0.5593888801433795,0.022189676761627197,0,0.032713150218365294,0.027576356490266463,0.09061704203486437,0.03957408666610718,0.0,-33.06248474865697,-0.31000000000000005,1
pair_071,GT,Rank_14,1,14,0.5924320754430569,0.030384780665587186,0.5620472947774697,0.011075139045715332,0,-0.025735393498625525,0.004223257794874646,0.061830669641494695,0.02163320779800415,0.0,-84.836036433191,-0.31000000000000005,1
pair_071,GT,Rank_15,1,15,0.5924320754430569,0.029722130752394247,0.5627099446906626,0.08357447385787964,0,0.07790784243507665,0.11975385659499271,0.02595072984695429,0.10367408394813543,-0.075,3.9780246314111167,0.0,1
pair_071,GT,Rank_16,1,16,0.5924320754430569,0.027878082126283933,0.5645539933167729,0.18889880180358887,0,0.1966753723028346,0.15930944233989797,0.1362500712275505,0.1928777694702149,0.0,14.719242654294803,0.0,1
pair_071,GT,Rank_17,1,17,0.5924320754430569,0.023579138274222904,0.568852937168834,0.025753915309906006,0,0.057794552214051054,0.03996312016283898,0.06467528641223902,0.05612283945083618,0.0,-19.12712210513328,-0.31000000000000005,1
pair_071,GT,Rank_18,1,18,0.5924320754430569,0.022894327027001376,0.5695377484160555,0.03858160972595215,0,0.00974386145572248,0.03731428932097158,0.011356008239090387,0.08691167831420898,0.0,10.041186448962222,0.0,1
pair_071,GT,Rank_19,1,19,0.5924320754430569,0.022356191183958794,0.570075884259098,0.08683311939239502,0,0.06322923008501968,0.11452547294721538,0.02410855051130051,0.10054758191108704,0.0,12.780780835622139,0.0,1
pair_071,GT,Rank_20,1,20,0.5924320754430569,0.019261161267665014,0.5731709141753919,0.006160736083984375,0,-0.005137232538842351,0.005566090337414842,-0.008065793663263321,0.01829075813293457,0.0,-98.82982226685343,0.0,1
pair_072,GT,Rank_1,29,1,0.024506398192078057,0.21063135242453024,-0.18612495423245218,0.06871914863586431,0,0.04650074852555941,0.012636260573153618,0.04152143001556391,0.02061060070991519,0.0703835390393378,1.2317262802975222,0.0,1
pair_072,GT,Rank_2,29,2,0.024506398192078057,0.16453471943297013,-0.14002832124089207,-0.01324856281280512,0,-0.07036490826460687,-0.06931870007370211,-0.03528882563114172,0.00532650947570798,0.11250000000000002,8.686099456846534,0.0,1
pair_072,GT,Rank_3,29,3,0.024506398192078057,0.12564379292421649,-0.10113739473213842,-0.0015501081943511963,0,-0.043800858988711194,-0.039856258137390604,0.003996074199676514,0.0252072811126709,0.11250000000000002,1.3456717654813417,0.0,1
pair_072,GT,Rank_4,29,4,0.024506398192078057,0.1107413549048225,-0.08623495671274443,0.06538781523704529,0,0.026722782290423602,-0.010361403121329993,0.0413004606962204,0.037283383309841184,0.057294901687515803,-8.606913253034463,0.0,1
pair_072,GT,Rank_5,29,5,0.024506398192078057,0.09151881577046596,-0.0670124175783879,-0.0020869076251983087,0,-0.10985540193638241,-0.1019731918180638,-0.01229213178157812,0.025101825594902094,0.10641458774368581,-15.546221298995533,0.0,1
pair_072,GT,Rank_6,29,6,0.024506398192078057,0.08314578571751043,-0.058639387525432365,0.062288105487823486,0,-0.013666249873709901,-0.04141159059208749,0.0518172532320022,0.023814603686332703,0.03750000000000012,-7.612931361169586,0.0,1
pair_072,GT,Rank_7,29,7,0.024506398192078057,0.06233555566291674,-0.03782915747083869,0.030030101537704468,0,0.049881673248143216,0.0384185801250953,0.041373059153556824,0.038630522787570995,0.0230563197324562,-0.6700773920096879,0.0,1
pair_072,GT,Rank_8,29,8,0.024506398192078057,0.05933511732766174,-0.03482871913558368,0.0674537718296051,0,0.0005813460466902176,-0.025237475655078584,0.051984965801239014,0.04938559979200369,0.0703835390393378,-12.156029944521123,0.0,1
pair_072,GT,Rank_9,29,9,0.024506398192078057,0.05620145974562544,-0.031695061553547385,-0.019428342580795288,0,-0.08515529650451067,-0.0862097784707403,-0.025382384657859802,0.006347507238388089,0.06590097423302682,-3.274588633691593,0.0,1
pair_072,GT,Rank_10,29,10,0.024506398192078057,0.05434406904846578,-0.029837670856387725,0.008372336626052912,0,-0.014459117577633379,-0.03616939893535859,-0.009582370519638117,-0.0007342249155044001,0.15000000000000002,-41.92593557859573,0.0,1
pair_072,GT,Rank_11,29,11,0.024506398192078057,0.051778463950331,-0.02727206575825294,0.06612306833267217,0,0.02191896304307331,-0.014189528860557798,0.053898736834526007,0.0179906636476517,0.0703835390393378,-18.979596507122153,0.0,1
pair_072,GT,Rank_12,29,12,0.024506398192078057,0.0501811036818625,-0.025674705489784445,0.056339770555496216,0,0.0017103717011092145,-0.03415472064792699,0.046489000320434515,0.03078913688659668,0.03750000000000012,-18.53323820973742,0.0,1
pair_072,GT,Rank_13,29,13,0.024506398192078057,0.04997937261152345,-0.025472974419445394,0.0032588839530944824,0,-0.0834242525170468,-0.08251890481720286,-0.009720370173454285,0.03003537654876709,0.11250000000000002,-1.068176683566037,0.0,1
pair_072,GT,Rank_14,29,14,0.024506398192078057,0.046980760742345626,-0.02247436255026757,0.052295356988906916,0,-0.008794835518980998,-0.037814478560130704,0.03765353560447693,0.008239567279815702,0.03750000000000012,-26.856904464178797,0.0,1
pair_072,GT,Rank_15,29,15,0.024506398192078057,0.04243757687389332,-0.017931178681815266,0.002115041017532404,0,-0.08462272618741987,-0.08414669014561199,-0.0132132768630982,-0.014585763216018705,0.0230563197324562,-8.542671736840276,0.0,1
pair_072,GT,Rank_16,29,16,0.024506398192078057,0.041749424643149145,-0.01724302645107109,0.00037539005279541016,0,-0.015460054521571898,-0.035382109306275195,0.0028014779090880793,0.006201162934303284,0.03750000000000012,69.43087653650838,0.0,1
pair_072,GT,Rank_17,29,17,0.024506398192078057,0.03882961560749103,-0.01432321741541297,0.010023534297943115,0,0.020065313210758412,0.005953285991484009,0.0025945603847503107,0.02245290577411649,0.08979182717010051,63.569216305577086,0.0,1
pair_072,GT,Rank_18,29,18,0.024506398192078057,0.034441386593036596,-0.00993498840095854,0.06668373942375189,0,-0.006544907114479304,-0.04631964620028858,0.07194124162197113,0.03289783000946048,0.10641458774368581,7.884520061538069,0.0,1
pair_072,GT,Rank_19,29,19,0.024506398192078057,0.03435781083152859,-0.009851412639450535,0.012648224830627497,0,-0.11058023346270998,-0.08675206037285321,0.0008785575628280085,0.026170626282691983,0.11250000000000002,58.07215366704321,0.0,1
pair_072,GT,Rank_20,29,20,0.024506398192078057,0.03318463477659786,-0.008678236584519803,0.058230638504028376,0,-0.015617358147296478,-0.0427697678358564,0.041294202208518926,0.026703223586082486,0.03750000000000012,-39.04143734462403,0.0,1
pair_073,GT,Rank_1,13,1,0.03323290719642017,0.5465338049717159,-0.5133008977752958,-0.004609286785125732,0,0.048554973668822665,0.013966940930300042,-0.0004617066588252783,-0.02350887656211853,0.0,14.317878361647061,0.0,1
pair_073,GT,Rank_2,13,2,0.03323290719642017,0.31904785335423164,-0.28581494615781144,-0.013674497604370117,0,0.023949123486610602,-0.001960918771807929,0.000681799603626132,-0.03922739624977112,0.0,-61.336235511139506,0.37500000000000006,1
pair_073,GT,Rank_3,13,3,0.03323290719642017,0.30741807460778575,-0.27418516741136556,-0.011054754257202148,0,0.038812997148774064,0.010580615489951484,-0.0024681000504642725,-0.033108413219451904,0.0,23.788731214301393,0.0,1
pair_073,GT,Rank_4,13,4,0.03323290719642017,0.26310818869537056,-0.2298752814989504,-0.012228250503540039,0,0.03539804034846272,0.0077264270981706185,0.0038102420512587387,-0.015242218971252441,0.0,-32.418856173099456,0.0,1
pair_073,GT,Rank_5,13,5,0.03323290719642017,0.1293972365721676,-0.09616432937574743,-0.010441601276397705,0,0.04886444969546033,0.006910447162906896,0.0005703482311219532,-0.03992360830307001,0.0,-74.85843985106408,0.0,1
pair_073,GT,Rank_6,13,6,0.03323290719642017,0.12867614309455513,-0.09544323589813497,-0.0006154179573059082,0,0.046729159519468655,0.017332678653577904,-0.0014230215456336737,-0.00830116868019104,0.0,11.862628633029402,0.0,1
pair_073,GT,Rank_7,13,7,0.03323290719642017,0.06116812743314691,-0.02793522023672674,-0.003917276859283447,0,0.04608292743939868,0.011217008411447016,0.002697157744478318,-0.01854893565177912,0.0,-67.00819331778987,0.37500000000000006,1
pair_073,GT,Rank_8,13,8,0.03323290719642017,0.059100638817712346,-0.025867731621292175,-0.006776571273803711,0,0.057613653806495524,0.0121159396234779,-0.001675826264545266,-0.019014060497283936,0.0,2.4481247588533535,0.0,1
pair_073,GT,Rank_9,13,9,0.03323290719642017,0.05376130709038434,-0.02052839989396417,-0.006212949752807617,0,0.042645383760135824,0.01039317566780329,-0.0012369763571769,-0.02840307354927063,0.0,-71.77756342295714,0.0,1
pair_073,GT,Rank_10,13,10,0.03323290719642017,0.04249594003716462,-0.00926303284074445,-0.0029869675636291504,0,0.06665519600576775,0.024097764038375935,0.0014552337815985084,-0.018458098173141424,0.0,48.786874743296956,0.0,1
pair_073,GT,Rank_11,13,11,0.03323290719642017,0.03648337085367779,-0.0032504636572576184,-0.007384181022644043,0,0.022366299955669966,0.0038987588890944114,0.000990340486168917,-0.022878110408782903,0.0,-56.42856314563298,0.37500000000000006,1
pair_073,GT,Rank_12,13,12,0.03323290719642017,0.034681221570503476,-0.0014483143740833052,-0.0037887096405029297,0,0.06403355204384975,0.01817326821357601,-0.004793559433892369,-0.020738244056701605,0.0,-22.944794787072198,0.0,1
pair_073,GT,Rank_14,13,14,0.03323290719642017,0.027193145746192637,0.0060397614502275335,0.08612585067749023,0,0.13827614858976223,0.07900998863892728,0.005324810837919414,0.025670975446701105,-0.043585412256314196,-56.30581271746041,0.0,1
pair_073,GT,Rank_15,13,15,0.03323290719642017,0.02704384024107453,0.006189066955345639,0.05407482385635376,0,0.11267183921591462,0.04213228554592341,0.0071288724429905415,0.03807634115219116,0.0,-57.84975992160415,0.0,1
pair_073,GT,Rank_16,13,16,0.03323290719642017,0.0252772568968443,0.00795565029957587,-0.0038344860076904297,0,0.025958539751005927,0.005546189529585854,-0.0014553865185007453,-0.02381792664527893,0.0,-79.80170174826944,0.0,1
pair_073,GT,Rank_17,13,17,0.03323290719642017,0.02516765296045848,0.008065254235961692,-0.01774287223815918,0,0.03521839617601097,-0.003128505768388967,0.0041324913036078215,-0.0307026207447052,0.0,-94.94697777492968,0.0,1
pair_073,GT,Rank_18,13,18,0.03323290719642017,0.023108800683586072,0.010124106512834099,0.15723395347595215,0,0.16131447965431422,0.216968677437402,0.12943154457025233,0.12553367018699646,-0.11249999999999989,15.032194544773319,0.0,1
pair_073,GT,Rank_19,13,19,0.03323290719642017,0.023108800683586072,0.010124106512834099,0.16596245765686035,0,0.16784651316146537,0.2252423898979835,0.13206634973175824,0.14288496971130377,-0.11249999999999989,12.2461749561554,0.0,1
pair_073,GT,Rank_20,13,20,0.03323290719642017,0.021766400674158474,0.011466506522261697,-0.014286220073699951,0,0.029986696794336853,0.0022233296765061805,0.006580473622307237,-0.026773601770401,0.0,-89.08816146949817,0.0,1
pair_074,GT,Rank_2,1,2,0.8954552290867855,0.7871687693373747,0.10828645974941087,0.021773815155029297,0,0.022363113490568187,0.02095482886944955,0.022435128688812256,0.040833234786987305,0.0,-8.816594870127503,0.0,1
pair_074,GT,Rank_3,1,3,0.8954552290867855,0.7807237189050338,0.11473151018175176,0.005442619323730469,0,0.006897249029632957,0.00857053190596846,0.00587916374206543,0.009897232055664118,0.0,8.220105578117199,0.0,1
pair_074,GT,Rank_4,1,4,0.8954552290867855,0.7703095759697267,0.12514565311705883,0.01750028133392334,0,0.006160412082053424,0.009629798087144814,0.03755009174346924,0.015379667282104548,0.0,2.5380225468233704,0.0,1
pair_074,GT,Rank_5,1,5,0.8954552290867855,0.7370306237303679,0.15842460535641767,0.0007334351539611816,0,0.000748810709164216,0.010186187701693883,-0.0012018084526062012,0.006618231534957941,0.0,27.45516338360818,0.0,1
pair_074,GT,Rank_6,1,6,0.8954552290867855,0.7183248577680995,0.17713037131868603,0.0010652542114257812,0,0.005350265684132216,0.011191214286314755,0.00323447585105896,0.017855793237686213,0.0,24.752783475600786,0.0,1
pair_074,GT,Rank_7,1,7,0.8954552290867855,0.7183248577680995,0.17713037131868603,0.005796670913696289,0,0.008363865752357258,0.017549646740487646,0.00812685489654541,0.014019876718521118,0.0,23.35804956963115,0.0,1
pair_074,GT,Rank_8,1,8,0.8954552290867855,0.7183248577680995,0.17713037131868603,0.008243024349212646,0,0.01082397920734346,0.01822525529424024,0.008205443620681763,0.01709604263305664,0.0,27.203888445292733,0.0,1
pair_074,GT,Rank_9,1,9,0.8954552290867855,0.6370872632563508,0.25836796583043475,0.023747563362121582,0,0.02690735249481191,0.040959252999925866,0.024343937635421753,0.045918047428131104,0.0,27.970698756689785,0.0,1
pair_074,GT,Rank_10,1,10,0.8954552290867855,0.5760466644810806,0.319408564605705,0.032951951026916504,0,0.0359940057465975,0.04409193004354639,0.030441761016845703,0.05298849940299993,0.0,20.15397660229732,0.0,1
pair_074,GT,Rank_11,1,11,0.8954552290867855,0.21407412748423507,0.6813811016025505,0.01672840118408203,0,0.015368429468029077,0.020004396711285177,0.037020713090896606,0.01834273338317871,0.0,-115.68795130443345,0.0,1
pair_074,GT,Rank_12,1,12,0.8954552290867855,0.19675807697201517,0.6986971521147703,0.17647114396095281,0,0.16514771898514125,0.1688629865371199,0.17772184312343597,0.14646296203136452,-0.075,-4.179432832802362,0.0,1
pair_074,GT,Rank_13,1,13,0.8954552290867855,0.19675807697201517,0.6986971521147703,0.17982825636863714,0,0.15611728211541076,0.16110599346579813,0.19494187831878668,0.14959339797496804,-0.0796164609606622,-3.2889950192003994,0.0,1
pair_074,GT,Rank_14,1,14,0.8954552290867855,0.18509028957923332,0.7103649395075522,0.17396479845047003,0,0.15751445643043444,0.16713537041684567,0.17699690163135529,0.14708888530731204,-0.11249999999999989,-2.688119959539577,0.0,1
pair_074,GT,Rank_15,1,15,0.8954552290867855,0.07995088932519362,0.815504339761592,0.00899195671081543,0,0.006601202930489047,0.004123505309207798,0.012657254934310913,0.024608969688415527,-0.11249999999999989,10.118945112764976,0.0,1
pair_074,GT,Rank_16,1,16,0.8954552290867855,0.0730819421682229,0.8223732869185626,0.16349396109580994,0,0.15752010723325016,0.12008387939336962,0.1608522385358811,0.12459616363048553,-0.11249999999999989,4.779721214538242,0.0,1
pair_074,GT,Rank_17,1,17,0.8954552290867855,0.05855568381945211,0.8368995452673335,0.17874515056610113,0,0.16314535628685772,0.17552112107534767,0.1800257563591004,0.14198240637779241,-0.043585412256314196,4.39394248155395,0.0,1
pair_074,GT,Rank_18,1,18,0.8954552290867855,0.05855568381945211,0.8368995452673335,0.1798330545425415,0,0.16451501081712705,0.17573134917655941,0.185530036687851,0.15033046901226044,-0.043585412256314196,5.4711465938501505,0.0,1
pair_074,GT,Rank_19,1,19,0.8954552290867855,0.05797233297851164,0.8374828961082739,0.13334983587265015,0,0.13089009358882941,0.16281516125854678,0.1356823891401291,0.12097828090190893,-0.11249999999999989,3.8545002541626445,0.0,1
pair_074,GT,Rank_20,1,20,0.8954552290867855,0.04287425026573128,0.8525809788210542,0.17366150021553045,0,0.15536573013824834,0.1551669255382765,0.17411847412586218,0.14128255844116214,-0.0927050983124842,-34.15730998929662,0.0,1
pair_077,GT,Rank_1,12,1,0.19584083228110327,0.8771532009044772,-0.681312368623374,0.014351069927215576,0,0.016231376503944905,0.01151093828627281,0.06756288558244705,0.04492259025573736,0.043585412256314196,-11.377080293327808,0.0,1
pair_077,GT,Rank_2,12,2,0.19584083228110327,0.8441969695398672,-0.648356137258764,0.006569921970367432,0,0.0031666840667279317,0.0051381126944723965,0.0613911896944046,0.0015162825584411621,0.043585412256314196,12.967750322916707,0.0,1
pair_077,GT,Rank_3,12,3,0.19584083228110327,0.8324138212971284,-0.6365729890160251,0.008852958679199219,0,0.009350456835727883,0.009435778630688119,0.0030608102679252625,0.03465262055397039,0.043585412256314196,4.736211317635309,0.0,1
pair_077,GT,Rank_4,12,4,0.19584083228110327,0.8231118773732438,-0.6272710450921405,0.028347313404083252,0,0.032130833442061246,0.028535441849132925,0.05530760437250137,0.061159312725067194,0.043585412256314196,-26.980390271855697,0.0,1
pair_077,GT,Rank_5,12,5,0.19584083228110327,0.7862929204561937,-0.5904520881750904,0.010173618793487549,0,0.011689002446671481,0.01273763764225977,0.005875453352928162,0.012787342071533203,0.043585412256314196,-5.777472107017559,0.0,1
pair_077,GT,Rank_6,12,6,0.19584083228110327,0.6833368707327404,-0.48749603845163714,0.014474689960479736,0,0.011944922875254282,0.007299528630266283,0.029844671487808228,0.033078670501708984,0.043585412256314196,29.196070037604855,0.0,1
pair_077,GT,Rank_7,12,7,0.19584083228110327,0.6517247731680923,-0.455883940886989,0.02271139621734619,0,0.024810138785688607,0.026193904285980563,0.037223778665065765,0.04374444484710699,0.0347328631000721,22.846380758378807,0.0,1
pair_077,GT,Rank_8,12,8,0.19584083228110327,0.47907621992466515,-0.2832353876435619,-0.009320676326751709,0,-0.005814214440120535,-0.0031444053120723847,-0.0007787197828292847,-0.031583189964294434,0.043585412256314196,-120.34584715319647,0.0,1
pair_077,GT,Rank_9,12,9,0.19584083228110327,0.4722958633424854,-0.27645503106138214,0.010380923748016357,0,0.007388778968097309,0.007124847136909196,-0.006372004747390747,0.025806814432144165,0.012519395078332093,12.390096630005878,0.0,1
pair_077,GT,Rank_10,12,10,0.19584083228110327,0.3800637339724542,-0.18422290169135092,0.05942487716674805,0,0.04441794869606397,0.028960057549395235,0.03611987829208374,0.0688412487506867,0.043585412256314196,-32.68936809174804,0.0,1
pair_077,GT,Rank_11,12,11,0.19584083228110327,0.285067796921875,-0.08922696464077173,-0.001202225685119629,0,-0.0014744213182015242,0.001889718372893312,0.02782316505908966,-0.004542887210845947,0.043585412256314196,-106.4083790788066,0.0,1
pair_077,GT,Rank_13,12,13,0.19584083228110327,0.16063240691374303,0.03520842536736024,0.01312035322189331,0,0.018274792418489505,0.017052607024235278,0.032089605927467346,0.02112758159637451,0.043585412256314196,-114.4518408461633,0.0,1
pair_077,GT,Rank_14,12,14,0.19584083228110327,0.15457294207448152,0.04126789020662175,0.013450086116790771,0,0.01620972044321356,0.014545547582920482,-7.49826431274414e-05,0.028754591941833496,-0.0314145877436858,-15.244113381427823,0.0,1
pair_077,GT,Rank_15,12,15,0.19584083228110327,0.12093182580631526,0.07490900647478801,0.06949275732040405,0,0.07225863736252014,0.03990241388610849,0.07279960811138153,0.08994880318641668,0.043585412256314196,-97.03778654702575,0.0,1
pair_077,GT,Rank_16,12,16,0.19584083228110327,0.09854564580383571,0.09729518647726756,0.1544351577758789,0,0.1417660496562827,0.13198551290678784,0.08472517877817154,0.11089125275611877,-0.0314145877436858,-13.41379982785493,0.0,1
pair_077,GT,Rank_17,12,17,0.19584083228110327,0.08411464754420594,0.11172618473689733,-0.002045750617980957,0,0.0007645815399485167,-0.004146527816153434,0.006228089332580566,0.006450772285461426,-0.0689145877436857,-0.7693869580584618,0.0,1
pair_077,GT,Rank_18,12,18,0.19584083228110327,0.06902926935212252,0.12681156292898077,0.0034500956535339355,0,0.004482443290490301,-2.2716362306440807e-05,-0.00219552218914032,0.006415426731109619,0.043585412256314196,-142.38905216224663,0.0,1
pair_077,GT,Rank_19,12,19,0.19584083228110327,0.0688658369852807,0.12697499529582257,0.15926355123519897,0,0.14716298055648724,0.13319056034653387,0.10112198442220688,0.1191798746585846,-0.04911968605617001,14.70074627327466,0.0,1
pair_077,GT,Rank_20,12,20,0.19584083228110327,0.0589397527459906,0.13690107953511266,0.02604091167449951,0,0.030782638265330897,0.03403699711327346,0.0692693218588829,0.044276684522628784,-0.0689145877436857,7.324302737245475,0.0,1
pair_078,GT,Rank_1,23,1,0.025512709208294973,0.7148384369055811,-0.6893257276972862,-0.014657914638519287,0,-0.015326748265553025,-0.029704215273045564,-0.0052647665143013,0.005748152732849121,0.11249999999999989,-58.74095317245727,0.0,1
pair_078,GT,Rank_2,23,2,0.025512709208294973,0.6494223736438196,-0.6239096644355246,-0.02529752254486084,0,-0.02464515310563964,-0.03216930587304301,-0.01979024708271032,-0.022762924432754572,0.11249999999999989,-46.22114835280453,0.0,1
pair_078,GT,Rank_3,23,3,0.025512709208294973,0.34430220129469813,-0.31878949208640317,-0.015221476554870605,0,-0.016702670381224083,-0.020852887105525797,-0.010928533971309717,-0.00574177503585821,0.05229182717010039,14.327348099552339,0.0,1
pair_078,GT,Rank_4,23,4,0.025512709208294973,0.2294253838600065,-0.20391267465171153,0.0012601613998413086,0,0.00770245520084778,-0.015275122448801914,-0.0016574487090111334,0.012671113014221191,0.037499999999999895,-15.763389554258623,0.0,1
pair_078,GT,Rank_5,23,5,0.025512709208294973,0.18168842273956168,-0.1561757135312667,0.05931288003921509,0,0.058124141605887636,0.10155981264168706,0.022853054106235504,0.0638335645198822,0.0,-10.198901477497515,0.0,1
pair_078,GT,Rank_6,23,6,0.025512709208294973,0.1787611722228765,-0.1532484630145815,-0.004007995128631592,0,-0.010811338567765949,-0.026932522616519683,0.018924221396446173,-0.0041952431201934814,0.0749999999999999,-4.445215017225877,0.0,1
pair_078,GT,Rank_7,23,7,0.025512709208294973,0.09831191175783244,-0.07279920254953746,-0.018191099166870117,0,-0.016432912511625486,-0.02384269643128012,-0.01487038284540182,-0.013899624347686768,0.037499999999999895,27.85635046359846,0.0,1
pair_078,GT,Rank_8,23,8,0.025512709208294973,0.09717157178289304,-0.07165886257459807,0.10248988866806036,0,0.10527800061135906,0.15101740212326475,0.03597132861614227,0.15791302919387812,-0.003713231759729513,-15.9929020726469,0.0,1
pair_078,GT,Rank_9,23,9,0.025512709208294973,0.09300130068305386,-0.06748859147475889,-0.010783791542053223,0,-0.01110295826820551,-0.0343549532348536,-0.00871164351701742,0.01103159785270691,0.037499999999999895,-74.28661883603476,0.0,1
pair_078,GT,Rank_10,23,10,0.025512709208294973,0.08814291184823919,-0.06263020263994422,0.003173828125,0,0.014303630395582134,0.005348916620620203,0.003487460315227453,0.01721945405006403,0.11249999999999989,-38.42025292073342,0.0,1
pair_078,GT,Rank_11,23,11,0.025512709208294973,0.07625212548698733,-0.050739416278692356,-0.008065760135650635,0,-0.005779223544438494,-0.00607666616385627,-0.009407296776771601,-0.01009440422058111,0.037499999999999895,-57.76608102494981,0.0,1
pair_078,GT,Rank_12,23,12,0.025512709208294973,0.07100660765025368,-0.04549389844195871,0.10194432735443115,0,0.10043155210331434,0.13578763605461136,0.04520665109157557,0.2281946837902069,0.0,-10.397263381775062,0.0,1
pair_078,GT,Rank_13,23,13,0.025512709208294973,0.06546268476597322,-0.03994997555767825,-0.009332537651062012,0,-0.0072477420974799145,-0.032616921837946844,-0.004811123013496399,0.0029035806655883234,0.037499999999999895,-15.699039246726201,0.0,1
pair_078,GT,Rank_14,23,14,0.025512709208294973,0.04798332414058849,-0.02247061493229352,0.11066052317619324,0,0.09757177864102334,0.13649425599216386,0.05363085865974426,0.1950009316205978,0.0749999999999999,-14.566680193277193,0.0,1
pair_078,GT,Rank_15,23,15,0.025512709208294973,0.047604676309661274,-0.0220919671013663,0.001812577247619629,0,0.000823250993848279,-0.009192168675210666,0.003414511680602972,0.019490748643875122,0.11249999999999989,-47.0694330607142,0.0,1
pair_078,GT,Rank_16,23,16,0.025512709208294973,0.044220846729923824,-0.01870813752162885,0.06753724813461304,0,0.080044103450021,0.11316397677568119,0.025181151926517487,0.08768576383590693,0.0689145877436857,23.694210978026135,0.0,1
pair_078,GT,Rank_17,23,17,0.025512709208294973,0.042555795211640435,-0.017043086003345462,0.09763908386230469,0,0.09597960997759686,0.13684108263363498,0.04396709054708475,0.2149481177330017,0.0,-58.16339751287819,0.0,1
pair_078,GT,Rank_18,23,18,0.025512709208294973,0.03971253201915495,-0.014199822810859977,0.057007789611816406,0,0.077693238555409,0.065507032300397,0.02537323534488678,0.0692476332187652,0.019794901687515687,53.754609106847944,0.0,1
pair_078,GT,Rank_19,23,19,0.025512709208294973,0.03424597706350332,-0.008733267855208345,0.06907492876052856,0,0.07115609266610745,0.09796844967447016,0.0296222642064094,0.09067770838737482,0.0,38.376626784278365,0.0,1
pair_078,GT,Rank_20,23,20,0.025512709208294973,0.02863377003691882,-0.0031210608286238485,0.10417506098747253,0,0.10305813686689236,0.14277474798030526,0.04741887748241419,0.2243759036064148,0.03288353903933769,-33.41505893452302,0.0,1
pair_079,GT,Rank_1,5,1,0.27864213243852776,0.5831717422997712,-0.30452960986124344,-0.005992412567138672,0,-0.0051289508172803755,-0.00198361262104807,-0.001565694808959961,-0.02163517475128174,0.0,0.142677607294317,0.0,1
pair_079,GT,Rank_2,5,2,0.27864213243852776,0.4333974232970084,-0.15475529085848067,-0.002325713634490967,0,-0.007770030618853063,-0.002152848027178633,0.003237202763557434,-0.03461098670959473,0.0,-97.87733426944368,-0.18999999999999995,1
pair_079,GT,Rank_3,5,3,0.27864213243852776,0.3977580811444282,-0.11911594870590042,-0.006828963756561279,0,-0.02017165995581005,-0.010298621240943828,-0.012615792453289032,-0.015170931816101074,0.0,-17.005484094019216,0.0,1
pair_079,GT,Rank_4,5,4,0.27864213243852776,0.3384755032040706,-0.05983337076554285,0.001171886920928955,0,0.01056702268810672,0.008702190415164734,0.007928341627120972,-0.0006729960441589355,0.0,-87.11581643470691,0.0,1
pair_079,GT,Rank_6,5,6,0.27864213243852776,0.22945957948853685,0.04918255294999091,-0.005131244659423828,0,-0.0034149353341237365,-0.0024682931178880985,-0.002273574471473694,-0.014080822467803955,0.0,-41.022319529455565,-0.18999999999999995,1
pair_079,GT,Rank_7,5,7,0.27864213243852776,0.16013664481716922,0.11850548762135854,0.002605736255645752,0,-0.018409350236072708,0.004892555247809849,-0.006801925599575043,0.011275649070739746,0.0,-112.0121678194821,0.0,1
pair_079,GT,Rank_8,5,8,0.27864213243852776,0.13698182174100637,0.14166031069752139,0.022614657878875732,0,0.004745226862497565,0.01759197507513499,0.018661655485630035,0.056683957576751764,0.0,-25.308416449382882,0.0,1
pair_079,GT,Rank_9,5,9,0.27864213243852776,0.12987687013287175,0.148765262305656,1.71661376953125e-05,0,0.021718571886582994,0.008683976008469041,0.005852729082107544,-0.003381669521331787,0.0,-36.05120088414646,0.0,1
pair_079,GT,Rank_10,5,10,0.27864213243852776,0.12241687296942719,0.15622525946910057,0.007674694061279297,0,-0.01109144619260205,0.004831691975422547,0.013558290898799896,0.02769961953163147,0.0,-58.16302947556883,-0.18999999999999995,1
pair_079,GT,Rank_11,5,11,0.27864213243852776,0.10869343930899777,0.16994869312952998,0.002676546573638916,0,0.0342717803326259,0.014214265731288034,-0.01257515698671341,0.008753836154937744,0.0,-46.91300435167707,-0.18999999999999995,1
pair_079,GT,Rank_12,5,12,0.27864213243852776,0.10457224432307258,0.17406988811545518,0.002396821975708008,0,-0.018077431954787837,-0.002903252827515468,-0.011560522019863129,-0.003472268581390381,0.0,-51.48358721490545,-0.18999999999999995,1
pair_079,GT,Rank_13,5,13,0.27864213243852776,0.0831365801172833,0.19550555232124445,0.002664923667907715,0,0.03714930719728782,0.01728712591675241,-0.021452561020851135,0.0009083151817321777,0.0,-9.25104382420404,0.0,1
pair_079,GT,Rank_14,5,14,0.27864213243852776,0.07700287719637637,0.20163925524215137,0.013043999671936035,0,0.015762539974945144,0.014235000756598226,0.01109275221824646,0.012973427772521973,0.0,-75.16062960077306,0.0,1
pair_079,GT,Rank_15,5,15,0.27864213243852776,0.05811513467565778,0.22052699776287,0.003303229808807373,0,0.007358856777195721,0.0046857268268749586,0.0035847052931785583,-0.004496634006500244,0.0,-40.08697643784814,-0.18999999999999995,1
pair_079,GT,Rank_16,5,16,0.27864213243852776,0.05197150485687789,0.22667062758164985,0.007720470428466797,0,0.044342620201115346,0.020201781534387453,0.004384398460388184,0.031977683305740356,0.0,-4.080331640498663,0.0,1
pair_079,GT,Rank_17,5,17,0.27864213243852776,0.037625697818125504,0.24101643462040226,0.014151930809020996,0,0.024868130113414044,0.016687514558508032,0.012524738907814026,0.030077189207077082,0.0,-65.55447563907799,-0.18999999999999995,1
pair_079,GT,Rank_18,5,18,0.27864213243852776,0.022713077646760442,0.2559290547917673,0.1874685287475586,0,0.16681778701511152,0.22496102521202777,0.08622739464044576,0.1743663251399994,-0.075,-21.353824137904205,0.0,1
pair_079,GT,Rank_19,5,19,0.27864213243852776,0.017545539992459978,0.26109659244606775,0.015060067176818848,0,-0.03674878621592226,-0.0061712115187518846,0.003883376717567444,0.0369037389755249,0.0,-42.570718196125064,-0.18999999999999995,1
pair_079,GT,Rank_20,5,20,0.27864213243852776,0.017376898155026646,0.2612652342835011,0.19280117750167847,0,0.15074027838010917,0.21271062270805097,0.06669128686189651,0.2079598605632782,-0.008852549156242097,-21.66094220102206,0.0,1
pair_080,GT,Rank_1,74,1,0.0015225859847391692,0.2939276798047048,-0.29240509381996566,-0.03215917944908142,0,-0.025794708964989976,-0.058546278016904874,-0.029765862971544294,-0.07711312174797061,0.12694368026754382,-68.88395088894625,0.0,1
pair_080,GT,Rank_2,74,2,0.0015225859847391692,0.2503838265230074,-0.24886124053826822,-0.017082929611206,0,-0.008382213265142324,-0.05919143913403785,-0.0059466874226928035,-0.0612954497337341,0.12694368026754382,11.332888318747962,0.0,1
pair_080,GT,Rank_3,74,3,0.0015225859847391692,0.056577338152017216,-0.055054752167278044,-0.014641493558883611,0,-0.009092813115401888,-0.046393950250690874,-0.025948391295969486,-0.058318853378295926,0.12694368026754382,-61.13878259386534,0.0,1
pair_080,GT,Rank_4,74,4,0.0015225859847391692,0.04711907669598252,-0.045596490711243345,0.10003688931465149,0,0.096884901773031,0.00916588815432412,0.005609706975519602,0.020073845982551575,0.04284465450057062,-56.02214579274356,0.0,1
pair_080,GT,Rank_5,74,5,0.0015225859847391692,0.04561964422953931,-0.04409705824480014,-0.025477737188339178,0,-0.016822469773583815,-0.024591403960103175,-0.0032567398156971017,-0.041054144501686124,0.12694368026754382,-87.1237997191712,0.0,1
pair_080,GT,Rank_6,74,6,0.0015225859847391692,0.02561836184022237,-0.0240957758554832,0.022386729717254694,0,0.03817950045905272,-0.03282004449696185,0.0019541671499609947,0.021914392709732083,0.12694368026754382,-26.1431695872471,0.0,1
pair_080,GT,Rank_7,74,7,0.0015225859847391692,0.023561109136405183,-0.022038523151666014,0.09633076190948492,0,0.0882579515345066,0.01575195576539684,0.005134873325005118,-0.040247172117233304,0.12694368026754382,-17.655439019530235,0.0,1
pair_080,GT,Rank_8,74,8,0.0015225859847391692,0.02212710125767618,-0.02060451527293701,0.0952510535717011,0,0.09613253127594329,0.032836884308180214,0.0017364872619509142,-0.008256956934928922,0.05194368026754381,40.13398579387881,0.0,1
pair_080,GT,Rank_9,74,9,0.0015225859847391692,0.020820151116803232,-0.019297565132064064,-0.019687771797180176,0,-0.014901637130806,-0.0502221746015048,-0.0300804758444429,-0.0649217069149017,0.08944368026754382,-41.06483427538548,0.0,1
pair_080,GT,Rank_10,74,10,0.0015225859847391692,0.016497983852767125,-0.014975397868027956,0.09352380037307739,0,0.0911352232551203,0.07810156362575033,0.01135525088466241,-0.033760949969291715,0.05194368026754381,12.410299851900518,0.0,1
pair_080,GT,Rank_11,74,11,0.0015225859847391692,0.01341732116926356,-0.01189473518452439,0.07412904500961309,0,0.06242761341845743,0.0345409804326291,-0.0049124504439533034,0.0031661987304687778,0.04732721930688161,55.162066516779475,0.0,1
pair_080,GT,Rank_12,74,12,0.0015225859847391692,0.013032943379870479,-0.01151035739513131,0.03692856431007391,0,0.035260046465227124,-0.03882159841840627,-0.004268809454515604,-0.03953789174556732,0.08335826801122961,-62.220645225232275,0.0,1
pair_080,GT,Rank_13,74,13,0.0015225859847391692,0.01291891849469917,-0.011396332509960002,0.049737632274627686,0,0.05373176974308158,-0.03589968578237629,-0.004466857761144694,-0.056093543767929105,0.12694368026754382,-12.035664063296835,0.0,1
pair_080,GT,Rank_14,74,14,0.0015225859847391692,0.01278216516074907,-0.011259579176009902,0.05962052941322332,0,0.0728967106530165,-0.023617587447755994,0.007331555709242793,-0.036623865365982,0.12694368026754382,-7.459808169398713,0.0,1
pair_080,GT,Rank_15,74,15,0.0015225859847391692,0.01199687152076072,-0.010474285536021552,0.09400418400764471,0,0.08743293312905798,0.006769403643656635,-0.0033960668370127955,0.002420783042907687,0.1180911311113017,-64.8189948620411,0.0,1
pair_080,GT,Rank_16,74,16,0.0015225859847391692,0.011256335827972622,-0.009733749843233453,0.07957920432090759,0,0.07548891536885088,0.04679412542668382,0.0015440052375197133,-0.037782028317451505,0.12694368026754382,-64.02413178499962,0.0,1
pair_080,GT,Rank_17,74,17,0.0015225859847391692,0.010149906181642682,-0.008627320196903513,0.09523537755012512,0,0.0793686693551367,0.02284662064818832,0.0006042793393135071,0.030459642410278293,0.04732721930688161,-89.71351249003989,0.0,1
pair_080,GT,Rank_18,74,18,0.0015225859847391692,0.010105538034057747,-0.008582952049318578,0.09121057391166693,0,0.10013156222176461,0.019142848855322137,0.019268431700766114,0.04697465896606448,0.014443680267543918,-23.099180917783016,0.0,1
pair_080,GT,Rank_19,74,19,0.0015225859847391692,0.010093128819203767,-0.008570542834464599,0.0791758000850678,0,0.0837028740544492,0.01965411721226412,0.003447453491389696,-0.022966489195823614,0.08335826801122961,-66.38924449954199,0.0,1
pair_080,GT,Rank_20,74,20,0.0015225859847391692,0.0093319295671142,-0.007809343582375031,0.008690893650054932,0,0.0160234843929572,-0.031753496791633196,-0.012455035932362107,-0.0495865643024444,0.08944368026754382,-13.806363754852754,0.0,1
pair_081,GT,Rank_1,4,1,0.23769498447650525,0.3751895289416189,-0.13749454446511364,0.06152540445327759,0,0.05589374677759806,0.028647489635222012,0.037727802991867065,0.02080044150352478,0.0,100.73436457158421,0.0,1
pair_081,GT,Rank_2,4,2,0.23769498447650525,0.3339582704520829,-0.09626328597557762,0.010251820087432861,0,0.007735769900665157,-0.02754146640633004,0.0032146871089935303,0.009901762008666992,0.0,61.97279791991642,0.0,1
pair_081,GT,Rank_3,4,3,0.23769498447650525,0.2869718331356757,-0.04927684865917045,0.06822162866592407,0,0.0367736305979911,-0.018037960213606374,0.013998791575431824,0.0869871079921723,-0.008852549156242097,126.66443937430878,0.0,1
pair_081,GT,Rank_5,4,5,0.23769498447650525,0.10645788212796801,0.13123710234853725,0.06564533710479736,0,0.016224001334141924,-0.029232138199793756,0.04851892590522766,0.060442179441452026,0.0,23.41717469865017,0.0,1
pair_081,GT,Rank_6,4,6,0.23769498447650525,0.10596816415601869,0.13172682032048655,0.062389254570007324,0,0.04357385834405492,-0.01679452672773052,0.012623131275177002,0.057596296072006226,0.0,138.53622606410752,0.0,1
pair_081,GT,Rank_7,4,7,0.23769498447650525,0.09110731289394913,0.14658767158255612,0.06985396146774292,0,0.08141307806509868,0.03569726585290012,0.018608123064041138,0.0719816684722901,0.0,41.04932290104202,0.0,1
pair_081,GT,Rank_8,4,8,0.23769498447650525,0.07493902438485205,0.16275596009165322,0.0660354495048523,0,0.06471740350053556,0.024874069394840936,0.039893120527267456,0.062230765819549616,0.0,149.71643484933637,0.0,1
pair_081,GT,Rank_9,4,9,0.23769498447650525,0.07408087137740525,0.1636141130991,0.06691747903823853,0,0.07476115340427159,0.030087927029410433,0.012020483613014221,0.058103978633880615,0.0,35.670964449889595,0.0,1
pair_081,GT,Rank_10,4,10,0.23769498447650525,0.06871767976751017,0.16897730470899508,0.063376784324646,0,0.06250406645567275,0.0009800969846708307,0.03404054045677185,0.0665518045425415,0.0,46.94123041084478,0.0,1
pair_081,GT,Rank_11,4,11,0.23769498447650525,0.06729264794933414,0.17040233652717113,0.18789291381835938,0,0.14726548251833338,0.1377987194814142,0.10955844819545746,0.157048761844635,-0.03749999999999999,125.36458408328771,0.0,1
pair_081,GT,Rank_12,4,12,0.23769498447650525,0.06729264794933414,0.17040233652717113,0.2151690125465393,0,0.173706688646391,0.1159831059661196,0.15748231112957006,0.2271270751953125,-0.031066017177982103,124.2254944074593,0.0,1
pair_081,GT,Rank_13,4,13,0.23769498447650525,0.06355080745395832,0.17414417702254692,0.07089906930923462,0,0.08073410590804952,0.04091891014736804,0.032197415828704834,0.07035386562347412,0.0,113.47168302338335,0.0,1
pair_081,GT,Rank_14,4,14,0.23769498447650525,0.048699692531214145,0.1889952919452911,0.07147914171218872,0,0.07546941968400644,0.028494801877293918,0.04100039601325989,0.06331679224967962,0.0,48.03098892929569,0.0,1
pair_081,GT,Rank_15,4,15,0.23769498447650525,0.04148616196356464,0.1962088225129406,0.06908619403839111,0,0.05720321288838226,-0.003910403520812178,-0.005780309438705444,0.07457616925239569,0.0,101.00171729848344,0.0,1
pair_081,GT,Rank_16,4,16,0.23769498447650525,0.03622410572605072,0.20147087875045452,0.0720866322517395,0,0.04254637493506641,-0.0040430332620575715,0.03146025538444519,0.1069349348545075,0.0,88.39962111079738,0.0,1
pair_081,GT,Rank_17,4,17,0.23769498447650525,0.021863345393907035,0.21583163908259823,0.07627248764038086,0,0.02499057996771803,-0.028709527806842994,0.04361306130886078,0.09685385227203369,0.0,160.10022681135166,0.0,1
pair_081,GT,Rank_18,4,18,0.23769498447650525,0.020776546944874304,0.21691843753163095,0.06931430101394653,0,0.07649881368755185,0.046192817787285345,-0.004108935594558716,0.06388774514198309,0.0,23.59667550903967,0.0,1
pair_081,GT,Rank_19,4,19,0.23769498447650525,0.013468969013633578,0.2242260154628717,0.075114905834198,0,0.046190873295796187,-0.009086098073765148,0.04495857656002045,0.09634280204772949,0.0,47.84178173438866,0.0,1
pair_081,GT,Rank_20,4,20,0.23769498447650525,0.0124812761587886,0.22521370831771664,0.06531083583831787,0,0.04030767610242769,-0.008340691055357508,0.030323147773742676,0.05277618765830999,0.0,-2.96172219926936,0.0,1
pair_082,GT,Rank_1,131,1,0.00037230586458784687,0.013503463388835549,-0.013131157524247702,-0.009658992290496826,0,-0.01332372122289538,-0.01493979578567417,-0.0019185699056833982,-0.023645043373107855,0.15000000000000002,-21.67855506190608,0.0,1
pair_082,GT,Rank_2,131,2,0.00037230586458784687,0.01212240928026972,-0.011750103415681872,-0.01157909631729126,0,-0.018186355622089367,-0.015597539098753943,-0.0013762928138021102,-0.02860209345817566,0.07500000000000001,-22.93925350281006,0.0,1
pair_082,GT,Rank_3,131,3,0.00037230586458784687,0.010335645422280158,-0.00996333955769231,-0.0127754807472229,0,-0.01685818561262087,-0.013086257655867128,-0.007064068340696408,-0.029013514518737793,0.08979182717010051,59.13725763954896,0.0,1
pair_082,GT,Rank_4,131,4,0.00037230586458784687,0.004768134240550533,-0.004395828375962686,-0.01021277904510498,0,-0.016035966231094267,0.007016963868028914,-0.003817645367235001,-0.03517398238182068,0.15000000000000002,50.148150685360505,0.0,1
pair_082,GT,Rank_5,131,5,0.00037230586458784687,0.004333196434227662,-0.003960890569639815,-0.0033990144729614258,0,-0.009837668635427788,-0.012832583303293621,0.00199825968593359,-0.01781442761421198,0.11250000000000002,-25.72781751037718,0.0,1
pair_082,GT,Rank_6,131,6,0.00037230586458784687,0.004239110617742338,-0.003866804753154491,-0.012245535850524902,0,-0.015039170374824384,-0.01569012313436191,0.004254347179085002,-0.017353862524032593,0.06590097423302682,-9.486424551459038,0.0,1
pair_082,GT,Rank_7,131,7,0.00037230586458784687,0.0036016500589393322,-0.0032293441943514853,0.0006088018417358398,0,0.008255385512564328,-0.031723566142629944,0.016816173680126695,-0.010084599256515447,0.15000000000000002,29.94722333633854,0.0,1
pair_082,GT,Rank_8,131,8,0.00037230586458784687,0.003018206445293362,-0.002645900580705515,-0.006192207336425781,0,-0.00796377698443862,-0.011498868820188135,0.0084653846060974,-0.021164000034332275,0.1411474508437579,-15.69637098422092,0.0,1
pair_082,GT,Rank_9,131,9,0.00037230586458784687,0.002990526632579564,-0.002618220767991717,-0.016868770122528076,0,-0.020540550352362352,-0.0257593283990174,-0.002538702945457799,-0.04172909259796137,0.15000000000000002,-60.713803605867554,0.0,1
pair_082,GT,Rank_10,131,10,0.00037230586458784687,0.0028942724090889873,-0.0025219665445011404,-0.009478867053985596,0,-0.00393773300091782,-0.025499378375264836,3.816746175289154e-05,-0.02625778317451477,0.11250000000000002,-34.9571242888255,0.0,1
pair_082,GT,Rank_11,131,11,0.00037230586458784687,0.0025592726379689954,-0.0021869667733811484,-0.013321280479431152,0,-0.00927949500206049,-0.038652871915051845,0.0012895297259091915,-0.02451002597808838,0.15000000000000002,-52.75663287892675,0.0,1
pair_082,GT,Rank_12,131,12,0.00037230586458784687,0.002558369764771421,-0.002186063900183574,-0.0020195841789245605,0,-0.008424120033261318,-0.012979729355765524,0.010565125616267296,-0.014435619115829468,0.07500000000000001,33.216713387279796,0.0,1
pair_082,GT,Rank_13,131,13,0.00037230586458784687,0.002384750837634704,-0.002012444973046857,-0.007212579250335693,0,-0.014451433870430908,-0.006253134841519903,-0.0011730398982763013,-0.007484644651412964,0.15000000000000002,-42.931972390465006,0.0,1
pair_082,GT,Rank_14,131,14,0.00037230586458784687,0.0023231354766407282,-0.0019508296120528813,-0.01516115665435791,0,-0.014425285772852958,-0.037160635467505365,-0.0004128715954720974,-0.03226175904273987,0.15000000000000002,-56.65232935766386,0.0,1
pair_082,GT,Rank_15,131,15,0.00037230586458784687,0.002320374806641701,-0.001948068942053854,-0.006621956825256348,0,-0.01433637334160165,-0.011004535816955263,0.005565040744841099,-0.035807967185974066,0.15000000000000002,-46.60274415483633,0.0,1
pair_082,GT,Rank_16,131,16,0.00037230586458784687,0.0020883973919286988,-0.0017160915273408519,-0.005408167839050293,0,-0.0072524969140823625,-0.01506616080742007,0.010730571579188095,-0.024203836917877197,0.057294901687515803,6.768941826499557,0.0,1
pair_082,GT,Rank_17,131,17,0.00037230586458784687,0.0020364361130192233,-0.0016641302484313764,-0.008274555206298828,0,-0.0007725122517006078,-0.03781938131534901,0.003300418145954595,-0.007951080799102783,0.03750000000000012,45.48522217328846,0.0,1
pair_082,GT,Rank_18,131,18,0.00037230586458784687,0.001993447906299076,-0.001621142041711229,-0.014973282814025879,0,-0.024266665615639393,-0.010298698718568144,0.00017814105376599831,-0.04192444682121277,0.057294901687515803,-64.95349979745956,0.0,1
pair_082,GT,Rank_19,131,19,0.00037230586458784687,0.0019546837636647413,-0.0015823778990768944,-0.010921359062194824,0,-0.013168648882897704,-0.02474752023036797,-0.0011043006088585078,-0.02364835143089289,0.03750000000000012,-17.886369446436476,0.0,1
pair_082,GT,Rank_20,131,20,0.00037230586458784687,0.0019528718407720177,-0.0015805659761841707,-0.0005259513854980469,0,0.004153052892156062,-0.03297935894626236,0.008587909862399101,-0.011391371488571167,0.03750000000000012,31.122385220932514,0.0,1
pair_083,GT,Rank_1,51,1,0.0014604505175231238,0.02680402004662042,-0.025343569529097297,-0.003366231918334961,0,-0.018268703978107093,-0.020711659224738166,-0.012868091464042664,-0.008921653032302801,-0.0927050983124842,15.35954641842386,0.0,1
pair_083,GT,Rank_2,51,2,0.0014604505175231238,0.015602859016180895,-0.014142408498657772,-0.0009261965751647949,0,0.04680147395462375,-0.018851701065852766,-0.018222883343696594,0.021025747060775812,-0.03749999999999999,68.8843223411458,0.0,1
pair_083,GT,Rank_3,51,3,0.0014604505175231238,0.01283980316880405,-0.011379352651280926,-0.0027126669883728027,0,0.0643410113897967,-0.020386992631116874,-0.02046900987625122,-0.002614647150039673,-0.0602081728298995,-15.600471055654282,0.0,1
pair_083,GT,Rank_4,51,4,0.0014604505175231238,0.010839441799293992,-0.009378991281770869,-0.0021355152130126953,0,-0.06534089833956391,-0.04510494407258481,-0.020517408847808838,-0.00943097472190857,-0.0602081728298995,61.65525223103599,0.0,1
pair_083,GT,Rank_5,51,5,0.0014604505175231238,0.009715062146576444,-0.00825461162905332,-0.0055533647537231445,0,0.04181792664824058,-0.029429591156258317,-0.01644665002822876,0.0004648864269257147,-0.008852549156242097,-13.073831634650986,0.0,1
pair_083,GT,Rank_6,51,6,0.0014604505175231238,0.009305560560441491,-0.007845110042918367,0.002908468246459961,0,0.006834074438337279,-0.010386502622264704,-0.016780376434326172,0.015799731016159113,-0.043585412256314196,71.62980378632867,0.0,1
pair_083,GT,Rank_7,51,7,0.0014604505175231238,0.009184229140207355,-0.007723778622684231,-0.0029927492141723633,0,-0.10382986588193022,-0.022794194816518565,-0.01607370376586914,-0.00646525621414179,-0.0927050983124842,-50.901033486885154,0.0,1
pair_083,GT,Rank_8,51,8,0.0014604505175231238,0.008709874621618296,-0.0072494241040951726,-0.0013744235038757324,0,-0.10369654022415731,-0.025239829200180308,7.675588130950928e-05,-0.0067698657512664795,0.0,85.2606091415285,0.0,1
pair_083,GT,Rank_9,51,9,0.0014604505175231238,0.008309839671385665,-0.006849389153862542,-0.0025591254234313965,0,-0.10206822001227156,-0.030400735998614592,-0.013413995504379272,-0.006113648414611816,-0.031066017177982103,-48.86164656705253,0.0,1
pair_083,GT,Rank_10,51,10,0.0014604505175231238,0.0078728113365718,-0.006412360819048677,-0.005906403064727783,0,0.009799560772091542,-0.047582854981291556,-0.022396519780158997,0.009218871593475397,-0.008852549156242097,-51.52742073585051,0.0,1
pair_083,GT,Rank_11,51,11,0.0014604505175231238,0.007021588380884652,-0.005561137863361529,-0.006690561771392822,0,0.023533300883678443,-0.037130279831814605,-0.014544829726219177,-0.002210170030593872,0.0,5.245496463664352,0.0,1
pair_083,GT,Rank_12,51,12,0.0014604505175231238,0.007017174032680438,-0.005556723515157315,-0.005606949329376221,0,-0.041193983266508916,-0.033274598579077,-0.011380687355995178,-0.013128787279128973,-0.1162132317597294,21.74037999712607,0.0,1
pair_083,GT,Rank_13,51,13,0.0014604505175231238,0.006975776911581838,-0.0055153263940587146,2.0503997802734375e-05,0,0.00803270997249761,-0.04948608593806236,-0.010833457112312317,0.016825824975967407,-0.11249999999999989,86.14522474863024,0.0,1
pair_083,GT,Rank_14,51,14,0.0014604505175231238,0.006350697244355202,-0.004890246726832078,0.0023255348205566406,0,0.022671910182461508,-0.029408708805386152,-0.01882997155189514,0.013225942850112915,-0.008852549156242097,66.84331357905312,0.0,1
pair_083,GT,Rank_15,51,15,0.0014604505175231238,0.005948261108656545,-0.004487810591133422,-0.004754602909088135,0,-0.033498764901388256,-0.02763942039795997,-0.02361398935317993,-0.006615817546844482,-0.0796164609606622,38.42971446871489,0.0,1
pair_083,GT,Rank_16,51,16,0.0014604505175231238,0.0057617731580430565,-0.004301322640519933,-0.0006723999977111816,0,-0.04795068033159555,-0.04633259419655622,-0.01288972795009613,-0.004951417446136475,0.0,15.824647508957213,0.0,1
pair_083,GT,Rank_17,51,17,0.0014604505175231238,0.005657841497167796,-0.004197390979644672,-0.004339098930358887,0,0.03676255420750729,-0.03506264694107086,0.0008600503206253052,-0.01071670651435852,-0.075,99.94360215778676,0.0,1
pair_083,GT,Rank_18,51,18,0.0014604505175231238,0.005333951302510756,-0.0038735007849876324,0.0011153817176818848,0,-0.042169725034339356,-0.028446064485926792,-0.022655189037322998,0.001384437084197998,0.0,-14.853434503196013,0.0,1
pair_083,GT,Rank_19,51,19,0.0014604505175231238,0.005126429540057334,-0.0036659790225342104,-0.0007454752922058105,0,-0.004652191719514698,-0.012153666289917986,-0.01559416949748993,0.0036295354366303045,-0.14366069605669868,54.64589125508047,0.0,1
pair_083,GT,Rank_20,51,20,0.0014604505175231238,0.005042891469013696,-0.003582440951490572,0.0005390644073486328,0,0.02878423049266765,-0.03310889985543097,-0.015207603573799133,-0.008381873369216919,-0.043585412256314196,-39.01825617859396,0.0,1
pair_084,GT,Rank_1,11,1,0.09479398770259183,0.8853386279932223,-0.7905446402906304,-0.032289326190948486,0,-0.09966396349699941,-0.1046202690145446,-0.01852228865027422,-0.04859781265258789,0.075,13.444297666025356,0.0,1
pair_084,GT,Rank_2,11,2,0.09479398770259183,0.8238073957557365,-0.7290134080531446,-0.016837716102600098,0,-0.1528592894523576,-0.1611888261436318,-0.00413164496421814,-0.06096741557121277,0.075,-72.66307921693783,0.0,1
pair_084,GT,Rank_3,11,3,0.09479398770259183,0.17739158543504938,-0.08259759773245755,0.04484289884567261,0,0.002612418618693102,-0.021071556584316836,0.011176329106092509,0.1477997153997421,-0.037499999999999895,-93.1203775851375,0.0,1
pair_084,GT,Rank_4,11,4,0.09479398770259183,0.16707124085290742,-0.07227725315031559,0.0450968742370606,0,0.1423242404146749,0.06976605579864198,0.009077835828065872,0.14809350669384,-0.037499999999999895,-97.73533400597708,0.0,1
pair_084,GT,Rank_5,11,5,0.09479398770259183,0.1653998180847308,-0.07060583038213898,0.036001771688461304,0,0.209868198204013,0.13551528570527088,0.0029610916972160894,0.1348313689231872,0.0,-81.47671941644617,0.0,1
pair_084,GT,Rank_6,11,6,0.09479398770259183,0.1474433590269144,-0.05264937132432258,-0.00660938024520874,0,-0.010965247065442496,0.009924302098154203,0.003805935382843073,-0.014322280883789118,0.0661474508437579,-86.20823540810011,0.0,1
pair_084,GT,Rank_7,11,7,0.09479398770259183,0.14291986917478874,-0.048125881472196916,0.04057297110557562,0,0.1716689803547088,0.1033375239187449,0.013846956193447113,0.144101932644844,0.0,-10.836956630253567,0.0,1
pair_084,GT,Rank_8,11,8,0.09479398770259183,0.11527371640294823,-0.0204797287003564,0.0516198873519898,0,0.1172553173870398,0.0588603123127481,0.013194691389799174,0.15647532045841211,-0.017705098312484208,-77.35764358436464,0.0,1
pair_084,GT,Rank_9,11,9,0.09479398770259183,0.11520226238879613,-0.020408274686204306,-0.0374179482460022,0,-0.3613215905975121,-0.31950744675719345,-0.024731654673814718,-0.061590164899826105,-0.04121323175972941,-25.00445361495565,0.0,1
pair_084,GT,Rank_10,11,10,0.09479398770259183,0.10499924310149021,-0.010205255398898383,-0.0405237078666687,0,-0.1464249466771556,-0.1581451869111198,-0.025506671518087387,-0.07643634080886841,-0.004616460960662205,-52.90163683282013,0.0,1
pair_084,GT,Rank_12,11,12,0.09479398770259183,0.0883994569425887,0.006394530760003125,0.04962420463562012,0,0.10799312727502951,0.04212325168042899,0.010327421128749903,0.1506485790014267,-0.004616460960662205,-61.520719678471536,0.0,1
pair_084,GT,Rank_13,11,13,0.09479398770259183,0.08363796936949183,0.011156018333099996,-0.020147264003753662,0,0.1082758488451662,0.0703197233206945,-0.006500236690044403,-0.0033605396747589666,0.0,16.481065712439417,0.0,1
pair_084,GT,Rank_14,11,14,0.09479398770259183,0.07621672079272082,0.018577266909871007,-0.03139442205429077,0,-0.3446458773590888,-0.2733664597563221,-0.016490723937749807,-0.054538667201995905,-0.004616460960662205,19.501099675751263,0.0,1
pair_084,GT,Rank_15,11,15,0.09479398770259183,0.07474047822035407,0.02005350948223776,0.03809428215026861,0,0.02386439349816291,0.0249946397224291,0.006240054965019282,0.09771668910980219,-0.00909902576697319,11.538202305512065,0.0,1
pair_084,GT,Rank_16,11,16,0.09479398770259183,0.061602660704195664,0.033191326998396165,0.004896879196166992,0,0.1170466901154443,0.0894580465248839,0.013544615358114298,0.0035052299499511164,-0.04121323175972941,-75.96275758478586,0.0,1
pair_084,GT,Rank_17,11,17,0.09479398770259183,0.061348384451876604,0.033445603250715224,0.05020526051521301,0,-0.019196415028132685,-0.048805823159012024,0.0148509182035923,0.14139062166213992,-0.037499999999999895,-73.79070425301532,0.0,1
pair_084,GT,Rank_18,11,18,0.09479398770259183,0.05869405134328108,0.03609993635931075,0.04553020000457764,0,-0.02971477920835769,-0.08406511911506889,0.011251814663410187,0.11803203821182251,0.0,-64.15188824904561,0.0,1
pair_084,GT,Rank_19,11,19,0.09479398770259183,0.054173247463112466,0.04062074023947936,-0.03256648778915405,0,-0.35976361655186373,-0.32214546822564594,-0.012756925076246206,-0.05629894137382507,-0.037499999999999895,-95.94219087710502,0.0,1
pair_084,GT,Rank_20,11,20,0.09479398770259183,0.05353781931503507,0.04125616838755676,0.0006667375564575195,0,-0.32595422263188534,-0.2926976940353615,-0.017103593796491623,0.033761411905288696,0.075,-1.9704720640490905,0.0,1
pair_087,GT,Rank_2,1,2,0.33492524720139333,0.07178671691541355,0.2631385302859798,0.0054888129234313965,0,-0.05188035131327828,-0.05652164701538487,0.030085116624832153,-0.013968169689178467,-0.043585412256314196,-18.848188125645393,0.0,1
pair_087,GT,Rank_3,1,3,0.33492524720139333,0.0672345127957551,0.26769073440563823,0.0018758773803710938,0,-0.017497768041310535,-0.015223521194317025,-0.004284687340259552,-0.005015194416046143,0.0,-4.41581746026192,0.0,1
pair_087,GT,Rank_4,1,4,0.33492524720139333,0.04548049696441444,0.2894447502369789,-0.0014315247535705566,0,-0.0543765538229255,-0.06467410171062482,0.03312172740697861,-0.01605147123336792,0.0,-116.5373041668673,0.0,1
pair_087,GT,Rank_5,1,5,0.33492524720139333,0.037065400246296946,0.2978598469550964,0.10153979063034058,0,0.055577732986559325,0.021180441599005784,0.06871835142374039,0.05534231662750244,-0.0796164609606622,-22.235784930430313,0.0,1
pair_087,GT,Rank_6,1,6,0.33492524720139333,0.028049859885680966,0.30687538731571234,0.14737141132354736,0,0.0756439676694024,-0.01910972539493916,0.15889631956815725,0.12084904313087463,-0.0927050983124842,-43.65812571741955,0.0,1
pair_087,GT,Rank_7,1,7,0.33492524720139333,0.02413901606166466,0.3107862311397287,0.007126510143280029,0,-0.0726263956178389,-0.0889156513155771,0.006373591721057892,0.013999342918395996,-0.0602081728298995,-36.14859591661707,0.0,1
pair_087,GT,Rank_8,1,8,0.33492524720139333,0.024098341435717006,0.31082690576567634,-0.0012745261192321777,0,-0.029187232281390307,-0.03315527140120178,0.013049103319644928,-0.004786372184753418,0.0,-118.55298476481954,0.0,1
pair_087,GT,Rank_9,1,9,0.33492524720139333,0.023580471165621713,0.3113447760357716,0.1181187629699707,0,0.08229433586337664,0.016052107163616935,0.06744036823511124,0.07286375761032104,-0.03749999999999999,-28.6671934269298,0.0,1
pair_087,GT,Rank_10,1,10,0.33492524720139333,0.021012323275238144,0.31391292392615516,0.00962364673614502,0,-0.06456713305728035,-0.07767151406418416,0.024761416018009186,0.03379279375076294,-0.03749999999999999,-6.296561515740478,0.0,1
pair_087,GT,Rank_11,1,11,0.33492524720139333,0.02083803337202742,0.3140872138293659,0.0018546581268310547,0,-0.027468696801305814,-0.029037297170273035,0.02469513565301895,-0.007816553115844727,-0.03749999999999999,-41.27307852467355,0.0,1
pair_087,GT,Rank_12,1,12,0.33492524720139333,0.019170595762701498,0.31575465143869186,0.14806711673736572,0,0.08804361604556821,0.009303706239211396,0.15123153105378156,0.15190830826759344,-0.075,-108.32014288265168,0.0,1
pair_087,GT,Rank_13,1,13,0.33492524720139333,0.018804662770827464,0.31612058443056584,0.0026500821113586426,0,-0.03759804348914919,-0.0362907084577877,-0.0026645660400390625,-0.006300449371337891,-0.0602081728298995,-10.855338533067737,0.0,1
pair_087,GT,Rank_14,1,14,0.33492524720139333,0.01426680219524516,0.32065844500614815,2.568960189819336e-05,0,-0.005270492378527281,0.003372476215119158,0.029925666749477386,-0.003145277500152588,-0.0796164609606622,-50.20535421363016,0.0,1
pair_087,GT,Rank_15,1,15,0.33492524720139333,0.011072614919138779,0.3238526322822545,0.010899603366851807,0,0.02368605872539087,0.03631970645461102,0.005366474390029907,0.02924954891204834,0.0,-44.306193445428676,0.0,1
pair_087,GT,Rank_16,1,16,0.33492524720139333,0.009623015224857692,0.3253022319765356,0.1567091941833496,0,0.17601985809514065,0.11300043987518393,0.18453199416399008,0.15312126278877264,-0.008852549156242097,-55.44260413611077,0.0,1
pair_087,GT,Rank_17,1,17,0.33492524720139333,0.009585737254245838,0.3253395099471475,0.15067780017852783,0,0.05080897455966826,0.00735312534922361,0.12123237550258636,0.0906262993812561,-0.043585412256314196,-95.75924545270081,0.0,1
pair_087,GT,Rank_18,1,18,0.33492524720139333,0.009358378570349563,0.3255668686310438,0.1618749499320984,0,0.06537599192663013,-0.035682176558767154,0.17052085697650915,0.15469947457313543,-0.08409902576697319,-46.6936419110028,0.0,1
pair_087,GT,Rank_19,1,19,0.33492524720139333,0.009304639773358108,0.3256206074280352,0.07975035905838013,0,0.013287013390017699,0.0018539809736477508,0.061975397169589996,0.06936484575271606,-0.043585412256314196,-102.78902018391113,0.0,1
pair_087,GT,Rank_20,1,20,0.33492524720139333,0.008887137196898072,0.32603811000449523,0.09846055507659912,0,0.06415267117448742,0.01901524363558993,0.05368486046791077,0.0354805588722229,0.0,-46.04146087220764,0.0,1
pair_088,GT,Rank_1,2,1,0.8935649646768591,0.9344780830472951,-0.040913118370435986,0.023607283830642756,0,0.01724964794092293,0.020482912591953006,0.013702869415283203,0.03462293744087219,0.0,-5.020485095600833,0.0,1
pair_088,GT,Rank_3,2,3,0.8935649646768591,0.8527716386879709,0.040793325988888185,0.03992271423339849,0,0.04039955530886735,0.011946888260692512,0.012730404734611511,0.0812139511108399,0.0,77.22920536284512,0.0,1
pair_088,GT,Rank_4,2,4,0.8935649646768591,0.42288020535587045,0.47068475932098863,0.05316486954689026,0,0.04909766505465596,0.030534553469718007,0.026467077434062902,0.10600247979164124,0.0,66.73621209737462,0.0,1
pair_088,GT,Rank_5,2,5,0.8935649646768591,0.40293366925979207,0.490631295417067,0.05239865183830267,0,0.04868390416390944,0.03519620188634992,0.017027050256729126,0.0989725291728974,-0.008852549156242097,76.30261548118902,0.0,1
pair_088,GT,Rank_6,2,6,0.8935649646768591,0.33179943434168985,0.5617655303351692,0.05127874016761785,0,0.04916367385748094,0.034159936659328594,0.021663811057806015,0.10397067666053772,0.0,77.30232175230078,0.0,1
pair_088,GT,Rank_7,2,7,0.8935649646768591,0.20409607065006574,0.6894688940267933,0.05439189076423645,0,0.04945173093747374,0.039391999881015494,0.02480746060609812,0.12449711561203003,0.0,44.048783336567126,0.0,1
pair_088,GT,Rank_8,2,8,0.8935649646768591,0.14730546719648707,0.746259497480372,0.037432312965393066,0,0.044197743711189064,0.03073211389257513,0.012778319418430273,0.025190174579620417,-0.11249999999999989,5.0898774896346595,0.0,1
pair_088,GT,Rank_9,2,9,0.8935649646768591,0.04632397610704253,0.8472409885698166,0.13318535685539246,0,0.13416827900243466,0.16302276654659392,0.05996602773666382,0.21242085099220281,-0.075,54.51735764205915,0.0,1
pair_088,GT,Rank_10,2,10,0.8935649646768591,0.040544019624338415,0.8530209450525207,0.12735760211944586,0,0.12423416886971655,0.1506675907591074,0.05050795525312418,0.15000101923942571,-0.1162132317597294,22.235497856647356,0.0,1
pair_088,GT,Rank_11,2,11,0.8935649646768591,0.03973928862540221,0.8538256760514569,0.03856480121612549,0,0.03568527100433122,0.018968300555822937,0.009686879813671112,0.08124679327011108,-0.1162132317597294,75.96604618447058,0.0,1
pair_088,GT,Rank_12,2,12,0.8935649646768591,0.032689711790720354,0.8608752528861388,0.065839022397995,0,0.06339548985869564,0.04312765482835579,0.0362762995064258,0.14100384712219244,-0.008852549156242097,55.124980937042125,0.0,1
pair_088,GT,Rank_13,2,13,0.8935649646768591,0.031614190534089516,0.8619507741427695,0.130077213048935,0,0.12592727335292664,0.16281391506549892,0.05788587778806681,0.1932687610387802,-0.075,59.58203432666117,0.0,1
pair_088,GT,Rank_14,2,14,0.8935649646768591,0.03062918890317543,0.8629357757736836,0.04771906137466436,0,0.04175412831727304,0.034090820297381697,0.018366910517215673,0.11041390895843511,-0.0796164609606622,73.30345569951402,0.0,1
pair_088,GT,Rank_15,2,15,0.8935649646768591,0.028338554112574788,0.8652264105642843,0.09818756580352789,0,0.10561872105327547,0.056408144161330886,0.04596790671348572,0.14260929822921753,-0.0927050983124842,14.24052708447121,0.0,1
pair_088,GT,Rank_16,2,16,0.8935649646768591,0.02607665021141524,0.8674883144654438,0.12100759148597717,0,0.12121803244861346,0.13094998926692802,0.03862353414297098,0.12151855230331421,-0.1162132317597294,28.017912015697533,0.0,1
pair_088,GT,Rank_17,2,17,0.8935649646768591,0.025869506156982015,0.8676954585198771,0.08036038279533386,0,0.07861748059120194,0.058302127682010096,0.04606841132044792,0.14143496751785278,0.0,67.64792129244891,0.0,1
pair_088,GT,Rank_18,2,18,0.8935649646768591,0.025212986117000773,0.8683519785598584,0.09512963891029358,0,0.08581091100035176,0.10355321006237261,0.0461282879114151,0.1171956360340119,-0.0796164609606622,-16.09563912318842,0.0,1
pair_088,GT,Rank_19,2,19,0.8935649646768591,0.02235153598596796,0.8712134286908911,0.10580685734748846,0,0.11210244707831835,0.12481049773692993,0.057058814913034384,0.1162182092666626,-0.11249999999999989,-9.957077031969959,0.0,1
pair_088,GT,Rank_20,2,20,0.8935649646768591,0.02214634600019239,0.8714186186766667,0.12307772040367126,0,0.12924196817288963,0.16124562706297252,0.06073934584856028,0.12329751253128052,-0.11249999999999989,-4.883522736407031,0.0,1
pair_089,GT,Rank_2,1,2,0.9071246016721268,0.6383638821032922,0.2687607195688346,0.016004443168640137,0,0.016180338307648423,0.015354856707148867,-0.0030626580119132996,0.03324615955352783,0.0,42.50493244951244,0.0,1
pair_089,GT,Rank_3,1,3,0.9071246016721268,0.6205595344071884,0.28656506726493847,0.07014459371566772,0,0.07245518166270071,0.10106357165301261,0.004814423620700836,0.14633235335350037,0.0,22.93326662635306,0.0,1
pair_089,GT,Rank_4,1,4,0.9071246016721268,0.38745420038590356,0.5196704012862232,0.06732296943664551,0,0.06694124747147068,0.08849199148076525,-0.0029949229210615713,0.11949768662452703,0.0,76.59002721896626,0.0,1
pair_089,GT,Rank_5,1,5,0.9071246016721268,0.16384066488429044,0.7432839367878363,0.11713707447052002,0,0.1100447005231805,0.14088761358042012,-0.0846491120755673,0.12469264864921575,0.0,-13.135539192502279,0.0,1
pair_089,GT,Rank_6,1,6,0.9071246016721268,0.13613369677469572,0.770990904897431,0.0278395414352417,0,0.027505909177879206,0.03882048237772895,-0.007174022495746668,0.08202332258224487,0.0,-43.676856251565994,0.0,1
pair_089,GT,Rank_7,1,7,0.9071246016721268,0.04973120836551736,0.8573933933066095,0.12798500061035156,0,0.12260317886296457,0.15150619334964444,-0.061133131384849604,0.15155905485153204,0.0,-14.332080002241497,0.0,1
pair_089,GT,Rank_8,1,8,0.9071246016721268,0.043892159842277644,0.8632324418298492,0.12428808212280273,0,0.11741264235380644,0.15100415312335735,-0.09040194004774099,0.13186192512512207,0.0,-13.36585073861417,0.0,1
pair_089,GT,Rank_9,1,9,0.9071246016721268,0.021726945260430657,0.8853976564116962,0.12860018014907837,0,0.12425913300924829,0.14898394274019422,-0.08519147709012037,0.15787628293037415,0.0,35.94164973747732,0.0,1
pair_089,GT,Rank_10,1,10,0.9071246016721268,0.01476230091430318,0.8923623007578236,0.2476867437362671,0,0.23887402988592632,0.310899094853014,-0.053998652845621165,0.23277747631073004,-0.0796164609606622,66.12778495917402,0.0,1
pair_089,GT,Rank_11,1,11,0.9071246016721268,0.013253211921360244,0.8938713897507666,0.1255301833152771,0,0.12214805200061318,0.14660636488562284,-0.08495031297206879,0.12417316436767584,0.0,-40.465016296553415,0.0,1
pair_089,GT,Rank_12,1,12,0.9071246016721268,0.013023407160470377,0.8941011945116565,0.1290012001991272,0,0.12344114506849302,0.15096521833919452,-0.0682143084704876,0.16058984398841863,-0.031066017177982103,32.3405240942662,0.0,1
pair_089,GT,Rank_13,1,13,0.9071246016721268,0.012468220568547406,0.8946563811035795,0.24787086248397827,0,0.23323027165155608,0.30563661234165357,0.17125762067735192,0.31014463305473333,-0.11249999999999989,74.71723448458314,0.0,1
pair_089,GT,Rank_14,1,14,0.9071246016721268,0.012241208481658923,0.894883393190468,0.22495383024215698,0,0.21933210363290856,0.237015121502702,-0.013545505702495575,0.22301051020622253,-0.043585412256314196,63.68640428018473,0.0,1
pair_089,GT,Rank_15,1,15,0.9071246016721268,0.009704364432456083,0.8974202372396708,0.1383267641067505,0,0.12927712040947026,0.15974157167471636,-0.0531836766749621,0.16826793551445007,-0.03749999999999999,119.96270696704859,0.0,1
pair_089,GT,Rank_16,1,16,0.9071246016721268,0.009544706058066541,0.8975798956140603,0.22772246599197388,0,0.21799039925160313,0.1850429669940632,-0.03371025994420057,0.22887501120567327,-0.11249999999999989,73.9486027760831,0.0,1
pair_089,GT,Rank_17,1,17,0.9071246016721268,0.009223756877620356,0.8979008447945065,0.12815040349960327,0,0.12208357433013761,0.13984806179902298,-0.08031861484050756,0.20846191048622137,0.0,42.74320413119,0.0,1
pair_089,GT,Rank_18,1,18,0.9071246016721268,0.008988553551648596,0.8981360481204782,0.15243405103683472,0,0.14559303527909773,0.16374106825628298,-0.052053518593311365,0.24339124560356146,-0.008852549156242097,41.52523826355116,0.0,1
pair_089,GT,Rank_19,1,19,0.9071246016721268,0.00559339882322142,0.9015312028489054,0.22357439994812012,0,0.1743258155621733,0.18695026767862966,-0.01956424093805259,0.20255541801452637,-0.031066017177982103,40.060618201242974,0.0,1
pair_089,GT,Rank_20,1,20,0.9071246016721268,0.005289193100923624,0.9018354085712033,0.23647797107696533,0,0.2276697592367516,0.18270399659641612,-0.042389307171106394,0.22491163015365606,0.0,45.17397780388667,0.0,1
pair_090,GT,Rank_2,1,2,0.8747887556549195,0.6687808732219779,0.20600788243294166,0.023000061511993408,0,0.05389075465200932,0.009493129651955312,0.02135381102561959,0.059997707605361994,0.0,2.383818457654371,0.0,1
pair_090,GT,Rank_3,1,3,0.8747887556549195,0.365878835875887,0.5089099197790325,0.027456551790237427,0,0.0062653353218095065,-0.0054334479198567265,0.0036326926201581955,0.06973116099834448,0.0,22.55287040662742,0.0,1
pair_090,GT,Rank_4,1,4,0.8747887556549195,0.32909263703260855,0.545696118622311,0.01984113454818731,0,0.08652020912334363,0.02043675921123661,-0.006210934370756149,0.055951267480850275,-0.0602081728298995,71.78467508010482,0.0,1
pair_090,GT,Rank_5,1,5,0.8747887556549195,0.3254883946055641,0.5493003610493554,0.08750307559967041,0,0.1519433087250489,0.10905221625838657,0.027515426278114374,0.1179594844579697,-0.11249999999999989,30.847245529307088,0.0,1
pair_090,GT,Rank_6,1,6,0.8747887556549195,0.30210163919753824,0.5726871164573812,0.01184171438217163,0,0.055418823124294914,0.030639750385231812,0.002213932573795374,-0.00579646229743952,-0.075,35.07983982518289,0.0,1
pair_090,GT,Rank_7,1,7,0.8747887556549195,0.25167686144600393,0.6231118942089156,0.02719530463218689,0,0.021943545644042217,0.011194093222778478,-0.0012919865548610132,0.09161938726902008,0.0,73.17987244356553,0.0,1
pair_090,GT,Rank_8,1,8,0.8747887556549195,0.18004745815516887,0.6947412974997507,0.08464223146438599,0,0.1712188775930279,0.0968265902082242,0.032532498240470886,0.0649698823690415,-0.11249999999999989,-2.996852045790149,0.0,1
pair_090,GT,Rank_9,1,9,0.8747887556549195,0.1627703549744744,0.7120184006804451,0.12529528141021734,0,0.1637203547912181,0.16845705256683552,0.07584943063557148,0.1925926581025124,-0.0796164609606622,110.8230250078963,0.0,1
pair_090,GT,Rank_10,1,10,0.8747887556549195,0.13439392712140508,0.7403948285335145,0.008714675903320312,0,0.09125360171137403,0.055215549092995586,0.000622279942035675,0.0349084734916687,-0.11249999999999989,59.1234853377008,0.0,1
pair_090,GT,Rank_11,1,11,0.8747887556549195,0.13065508813227794,0.7441336675226415,0.014942079782486017,0,0.03417865745045029,0.0018702540330821082,-0.005405917763710022,0.061630263924598694,-0.11249999999999989,27.27394058280359,0.0,1
pair_090,GT,Rank_12,1,12,0.8747887556549195,0.10594216416406073,0.7688465914908588,0.0019106864929199219,0,0.05729928303097742,0.001731008731325312,-0.016179312020540237,0.031919240951538086,-0.0927050983124842,19.662886922342608,0.0,1
pair_090,GT,Rank_13,1,13,0.8747887556549195,0.07340541095780109,0.8013833446971185,0.10136634111404419,0,0.17383138945427973,0.1384247070711046,0.028840109705924988,0.11809550225734719,-0.0927050983124842,66.01678005226333,0.0,1
pair_090,GT,Rank_14,1,14,0.8747887556549195,0.06983490688258301,0.8049538487723366,0.1265377402305603,0,0.2295586715665178,0.20176850827840892,0.07609990611672407,0.1684137582778931,-0.008852549156242097,110.67087388622062,0.0,1
pair_090,GT,Rank_15,1,15,0.8747887556549195,0.06259424363513784,0.8121945120197817,0.033738404512405396,0,0.11070258715793879,0.022363706906146197,0.017844412475824384,0.0690020173788071,0.0,38.37760248493112,0.0,1
pair_090,GT,Rank_16,1,16,0.8747887556549195,0.060835819381803644,0.8139529362731159,-0.008777886629104559,0,0.128539007813456,0.035175622827997965,-6.352737545961551e-05,0.06200434267520907,-0.11249999999999989,16.18168763749594,0.0,1
pair_090,GT,Rank_17,1,17,0.8747887556549195,0.05171695893432255,0.8230717967205969,0.09061285853385931,0,0.172545654639701,0.1507081232951749,0.03662021830677989,0.12182167172431949,-0.11249999999999989,80.18487231857176,0.0,1
pair_090,GT,Rank_18,1,18,0.8747887556549195,0.04723697515477918,0.8275517805001403,0.027620822191238403,0,0.07045868425441171,0.024935157613303116,0.001107875257730484,0.07077945768833169,-0.008852549156242097,-9.817859901469149,0.0,1
pair_090,GT,Rank_19,1,19,0.8747887556549195,0.04600270128684327,0.8287860543680763,0.11651694774627691,0,0.1890476522259174,0.1604236271359113,0.052919059991836576,0.1725144386291504,-0.075,-1.242763106552303,0.0,1
pair_090,GT,Rank_20,1,20,0.8747887556549195,0.04526425271466544,0.829524502940254,0.07752871513366699,0,0.17065986598212013,0.11482662890559608,0.028742488473653877,0.07894989848136907,0.0,41.66301101787391,0.0,1
pair_092,GT,Rank_2,1,2,0.9094843556245098,0.5475298229194966,0.3619545327050132,0.012021422386169434,0,0.013185807122356508,-0.0021670930204964467,0.0087082758545875,0.021790236234664917,0.0,59.77182837683199,0.0,1
pair_092,GT,Rank_3,1,3,0.9094843556245098,0.4899553535548448,0.419529002069665,0.01837313175201416,0,0.018664014049727395,-0.005723084243890786,0.011501047760248184,0.037729859352111816,0.0,37.47364921868103,0.0,1
pair_092,GT,Rank_4,1,4,0.9094843556245098,0.33402913229194203,0.5754552233325678,0.007932126522064209,0,0.013454325406082712,-0.013879177973924017,0.001956500113010351,0.041189044713974,-0.075,23.52153863355136,0.0,1
pair_092,GT,Rank_5,1,5,0.9094843556245098,0.2428151159174881,0.6666692397070217,0.01663273572921753,0,0.01755163416545147,0.007542257160633947,0.024340625852346365,0.018706917762756403,-0.075,22.26300520268478,0.0,1
pair_092,GT,Rank_6,1,6,0.9094843556245098,0.22798125156093432,0.6815031040635755,0.011148929595947266,0,0.00013851541805265377,0.03674357676513135,0.011586870998144094,0.010820537805557306,0.0,-20.4155822109781,0.0,1
pair_092,GT,Rank_7,1,7,0.9094843556245098,0.21602189155858437,0.6934624640659255,0.013062477111816406,0,0.01972691508637192,0.022946759975328912,0.005571722984313965,0.03952950239181524,0.0,-31.771610746630273,0.0,1
pair_092,GT,Rank_8,1,8,0.9094843556245098,0.14583393447417212,0.7636504211503377,0.01583731174468994,0,0.02095476017240261,-0.0019647983656607693,0.007046513259410803,0.04995483160018921,-0.03749999999999999,-6.91811047659408,0.0,1
pair_092,GT,Rank_9,1,9,0.9094843556245098,0.13213629863471257,0.7773480569897973,0.006688117980957031,0,-0.002724414210007464,-0.013168892924389941,0.005371276289224569,0.0011178851127625067,0.0,-17.959805562533404,0.0,1
pair_092,GT,Rank_10,1,10,0.9094843556245098,0.10306281232607546,0.8064215432984343,0.02625173330307007,0,0.020652444215460974,-0.006427991277065281,0.02053032070398325,0.05681431293487549,-0.03749999999999999,40.103812723831865,0.0,1
pair_092,GT,Rank_11,1,11,0.9094843556245098,0.10020596318636346,0.8092783924381464,0.001965641975402832,0,0.0005902514755633526,-0.029525583394972132,0.004961524158716202,0.0041017830371857245,-0.008852549156242097,-27.625401076691276,0.0,1
pair_092,GT,Rank_12,1,12,0.9094843556245098,0.07616853139352528,0.8333158242309845,0.04273724555969238,0,0.042548362623042735,0.03980394112139812,0.030636191368102972,0.017142474651336725,0.0,-4.102647209879279,0.0,1
pair_092,GT,Rank_13,1,13,0.9094843556245098,0.06797452184634903,0.8415098337781608,0.052124857902526855,0,0.03609437476094768,0.02461623968107529,0.030621986836194992,0.1026547253131867,-0.0927050983124842,104.03636154579812,0.0,1
pair_092,GT,Rank_14,1,14,0.9094843556245098,0.05109792230652477,0.858386433317985,-0.003185272216796875,0,-0.007515284112015852,-0.014519409783858905,4.9296766519491e-05,-0.013853460550308172,-0.15000000000000002,29.075144826755945,0.0,1
pair_092,GT,Rank_15,1,15,0.9094843556245098,0.04940466966834347,0.8600796859561664,0.045724689960479736,0,0.031065725591543747,0.053541022228933866,0.033633980900049154,0.0007078349590302069,-0.0796164609606622,-9.269686527940877,0.0,1
pair_092,GT,Rank_16,1,16,0.9094843556245098,0.045980491436413196,0.8635038641880965,0.05086064338684082,0,0.05109695343710463,0.020905195270439103,0.0285677127540111,0.020878642797470093,-0.0796164609606622,27.161331352814955,0.0,1
pair_092,GT,Rank_17,1,17,0.9094843556245098,0.0458444333300443,0.8636399222944655,0.04359567165374756,0,0.03204537505518901,0.02154157770056364,0.025030460208654404,0.10374963283538824,0.0,-5.545081177813785,0.0,1
pair_092,GT,Rank_18,1,18,0.9094843556245098,0.03424373730168311,0.8752406183228267,0.04604429006576538,0,0.027632984217774714,0.024348932116931676,0.02928866073489189,0.12092927098274231,-0.11249999999999989,76.55389828930987,0.0,1
pair_092,GT,Rank_19,1,19,0.9094843556245098,0.03251573405466192,0.8769686215698479,0.04682284593582153,0,0.032508237198237255,0.020456497131817186,0.022503633052110672,0.11492779850959783,-0.043585412256314196,62.398628769016625,0.0,1
pair_092,GT,Rank_20,1,20,0.9094843556245098,0.029166638650225545,0.8803177169742843,0.024846434593200684,0,0.035570919489089414,0.014606033464763524,0.01767789572477335,0.06809601187705994,-0.075,39.444129167425544,0.0,1
pair_093,GT,Rank_1,2,1,0.9010054864032583,0.9106290040794967,-0.009623517676238369,0.082633376121521,0,-0.10144633469078934,-0.08724843250347347,-0.0009487271308898926,0.040918320417404175,0.0,-20.898959664937976,0.0,1
pair_093,GT,Rank_3,2,3,0.9010054864032583,0.8974793174453165,0.0035261689579417776,0.09760308265686035,0,-0.09805563439836917,-0.0680809741763545,0.03168544918298721,0.07199633121490484,0.0,-56.751850700104285,0.0,1
pair_093,GT,Rank_4,2,4,0.9010054864032583,0.865616880265354,0.03538860613790429,0.08498239517211914,0,-0.008806042396661606,-0.007007736639501383,0.022678032517433167,0.041395723819732666,0.0,1.9151675170870988,0.0,1
pair_093,GT,Rank_5,2,5,0.9010054864032583,0.8460325609553533,0.054972925447905,0.08421611785888672,0,-0.10627697411466719,-0.0796211051245439,-0.014077849686145782,0.047783046960830744,0.0,-14.927787541238501,0.0,1
pair_093,GT,Rank_6,2,6,0.9010054864032583,0.7745054028379554,0.12650008356530285,0.010684013366699219,0,0.009054780476123514,0.007921686224969915,-0.00917089730501175,0.03539738059043884,0.0,-54.78564553833388,0.0,1
pair_093,GT,Rank_7,2,7,0.9010054864032583,0.7559321868197334,0.14507329958352488,0.08400547504425049,0,-0.047421882358722134,-0.040785641595757816,0.0062011778354644775,0.04837575554847717,0.0,-44.725994546391505,0.0,1
pair_093,GT,Rank_8,2,8,0.9010054864032583,0.41585590467291084,0.48514958173034745,0.08994030952453613,0,0.06145033397544264,0.0395125638639412,0.007184036076068878,0.06237894296646124,0.0,-37.79578319275031,0.0,1
pair_093,GT,Rank_9,2,9,0.9010054864032583,0.1835741098221177,0.7174313765811406,0.09484320878982544,0,-0.07962732478394718,-0.05013472644692507,0.040888428688049316,0.08919292688369757,-0.043585412256314196,-6.876511492364926,0.0,1
pair_093,GT,Rank_10,2,10,0.9010054864032583,0.18066958900802113,0.7203358973952372,0.1082693338394165,0,-0.02188568882215247,-0.008843772757745616,0.04418861120939255,0.09807029366493225,-0.03749999999999999,9.857953679490095,0.0,1
pair_093,GT,Rank_11,2,11,0.9010054864032583,0.1722245878673764,0.7287808985358819,0.09471702575683594,0,-0.08864891255441354,-0.07419679693756598,0.012872345745563507,0.07966813445091248,-0.075,-12.922028142694273,0.0,1
pair_093,GT,Rank_12,2,12,0.9010054864032583,0.14945392047161088,0.7515515659316474,0.09458601474761963,0,0.01907049465048405,0.012927327606913508,0.011472873389720917,0.06115415692329407,-0.075,-6.039801658654241,0.0,1
pair_093,GT,Rank_13,2,13,0.9010054864032583,0.1128055336820416,0.7881999527212167,0.1295962929725647,0,0.03946495706164166,0.08507621775078367,0.02932249754667282,0.12074768543243414,-0.043585412256314196,-10.349725313000107,0.0,1
pair_093,GT,Rank_14,2,14,0.9010054864032583,0.11003922037849656,0.7909662660247617,0.08939564228057861,0,-0.08661167912069623,-0.059958845995296106,0.02901964634656906,0.04789856076240545,-0.0927050983124842,-63.69436498544658,0.0,1
pair_093,GT,Rank_15,2,15,0.9010054864032583,0.10378618448266753,0.7972193019205908,0.08921998739242554,0,-0.06639451514937655,-0.05075885475390163,0.008569993078708649,0.06650641560554504,-0.0927050983124842,-25.780888196624005,0.0,1
pair_093,GT,Rank_16,2,16,0.9010054864032583,0.05323203325870715,0.8477734531445511,0.21890217065811157,0,0.14121126838678444,0.12477477727078035,0.03331436216831207,0.13596051931381226,-0.0796164609606622,-91.7325362473517,0.0,1
pair_093,GT,Rank_17,2,17,0.9010054864032583,0.04565948753545759,0.8553459988678007,0.09905469417572021,0,0.015687821938264346,-0.0044509468358696624,0.03640858083963394,0.10220545530319214,-0.0796164609606622,-61.74079972341957,0.0,1
pair_093,GT,Rank_18,2,18,0.9010054864032583,0.04216616985527761,0.8588393165479806,0.1365680694580078,0,0.12121521136256785,0.12357326893636478,0.035109907388687134,0.10731679201126104,-0.075,-60.62558630571695,0.0,1
pair_093,GT,Rank_19,2,19,0.9010054864032583,0.04172232538255152,0.8592831610207068,0.21820813417434692,0,0.03543821952451387,-0.0024336052191376023,0.08807799220085144,0.16401720046997076,0.0,32.33333893661464,0.0,1
pair_093,GT,Rank_20,2,20,0.9010054864032583,0.03779659173422939,0.8632088946690288,0.08776658773422241,0,-0.00798732785430667,-0.004448367594284464,0.027984656393527985,0.052924990653991755,-0.0796164609606622,-47.79299263243452,0.0,1
pair_095,GT,Rank_2,1,2,0.6368773748596401,0.5870109667698552,0.04986640808978493,0.15921056270599365,0,0.15027964169058727,0.1584867711576311,0.19677011482417578,0.09070134162902832,0.0,42.082635674760155,0.0,1
pair_095,GT,Rank_3,1,3,0.6368773748596401,0.5793843728506117,0.057493002009028404,0.15337496995925903,0,0.14223827479097373,0.15341955718358535,0.19323525950312617,0.10573139786720281,0.0,21.80251512012262,0.0,1
pair_095,GT,Rank_4,1,4,0.6368773748596401,0.5783821755510804,0.05849519930855973,0.007113993167877197,0,0.0071141039856160715,0.0015549178400532382,0.0023334445431827944,0.01445150375366211,0.0,51.5102574251286,0.0,1
pair_095,GT,Rank_5,1,5,0.6368773748596401,0.21471235628288216,0.422165018576758,0.10447442531585693,0,0.09840713221308517,0.046744292370527796,-0.029321533394977506,0.11464068293571472,0.0,38.151251891240435,0.0,1
pair_095,GT,Rank_6,1,6,0.6368773748596401,0.1708623213955469,0.4660150534640932,0.16167610883712769,0,0.14959722412776544,0.15965094520869128,0.19202503934502596,0.11164736747741705,-0.043585412256314196,38.939484848090586,0.0,1
pair_095,GT,Rank_7,1,7,0.6368773748596401,0.12199631607231302,0.5148810587873272,0.12108910083770752,0,0.12012594701676504,0.06288102470897605,0.01854651607573027,0.14940002560615545,0.0,13.892256215243776,0.0,1
pair_095,GT,Rank_8,1,8,0.6368773748596401,0.11045182647933204,0.5264255483803081,0.1591152548789978,0,0.14912060241936242,0.16225002520338616,0.1951734963804484,0.12303811311721802,-0.03749999999999999,34.56781031571717,0.0,1
pair_095,GT,Rank_9,1,9,0.6368773748596401,0.060740198154966146,0.576137176704674,0.1188691258430481,0,0.11412820275356794,0.06262864656893197,-0.016922445036470946,0.15467205643653875,0.0,118.29526715928272,0.0,1
pair_095,GT,Rank_10,1,10,0.6368773748596401,0.054471199256979984,0.5824061756026602,0.2757572531700134,0,0.26979297637098565,0.22699728505424088,0.16482892353087658,0.18697357177734375,-0.043585412256314196,88.02477171365818,0.0,1
pair_095,GT,Rank_11,1,11,0.6368773748596401,0.05379351629336921,0.5830838585662709,0.023848116397857666,0,0.01875023674351106,0.019406073859791872,0.05876945145428178,0.07623106241226196,0.0,-19.601184413192215,0.0,1
pair_095,GT,Rank_12,1,12,0.6368773748596401,0.047807399762320346,0.5890699750973198,0.1703852415084839,0,0.15799989974633333,0.15738997881281291,0.19957800582051277,0.12262365221977234,-0.11249999999999989,43.96576660696056,0.0,1
pair_095,GT,Rank_13,1,13,0.6368773748596401,0.04059407325041222,0.5962833016092279,0.173173189163208,0,0.15486236685205557,0.1618683643508706,0.20800940785557026,0.14041832089424133,-0.03749999999999999,27.534473641085725,0.0,1
pair_095,GT,Rank_14,1,14,0.6368773748596401,0.03417403595269964,0.6027033389069405,0.17653745412826538,0,0.16343185329027043,0.17166613037668788,0.19320332165807486,0.15645721554756165,-0.075,37.09270646447172,0.0,1
pair_095,GT,Rank_15,1,15,0.6368773748596401,0.032475174135746326,0.6044022007238938,0.15430903434753418,0,0.14362875492843918,0.1461495768508746,0.19840917363762858,0.10483509302139282,-0.11249999999999989,30.783638876275973,0.0,1
pair_095,GT,Rank_16,1,16,0.6368773748596401,0.030574653301777915,0.6063027215578622,0.1655375361442566,0,0.16366351616796715,0.18120030817328758,0.20066916756331918,0.13845306634902954,-0.043585412256314196,31.83387491576346,0.0,1
pair_095,GT,Rank_17,1,17,0.6368773748596401,0.028087142770097127,0.608790232089543,0.17753475904464722,0,0.14688150407244505,0.1501888731440607,0.19828233309090137,0.11771336197853094,-0.11249999999999989,17.86297254874478,0.0,1
pair_095,GT,Rank_18,1,18,0.6368773748596401,0.023394645293759318,0.6134827295658808,0.27832263708114624,0,0.2568477881596991,0.21339340287165764,0.17537141125649208,0.2428131103515625,-0.008852549156242097,87.63445663152208,0.0,1
pair_095,GT,Rank_19,1,19,0.6368773748596401,0.012235865113974216,0.6246415097456659,0.28518885374069214,0,0.24992058339135326,0.19925106517128943,0.23562208190560338,0.15337127447128301,-0.043585412256314196,47.93977104332116,0.0,1
pair_095,GT,Rank_20,1,20,0.6368773748596401,0.012016473200725845,0.6248609016589143,0.16904950141906738,0,0.16501807400485413,0.17600272590332489,0.19545650854706767,0.13284248113632202,-0.1162132317597294,34.14068525111793,0.0,1
pair_096,GT,Rank_1,72,1,0.0022794883287936504,0.8817033400147593,-0.8794238516859656,-0.07352548837661743,0,-0.07635549579357315,0.026178987579082436,-0.06805659085512161,-0.13623982667922968,0.1162132317597294,-30.90479615548948,0.0,1
pair_096,GT,Rank_2,72,2,0.0022794883287936504,0.7080685589592353,-0.7057890706304416,-0.07831746339797974,0,-0.08032510315299835,-0.024380886031379556,-0.07549747824668884,-0.15326383709907532,0.1162132317597294,-9.958594788357033,0.0,1
pair_096,GT,Rank_3,72,3,0.0022794883287936504,0.6661465978750254,-0.6638671095462317,-0.02923375368118286,0,-0.030191454459894795,0.009750741354827897,-0.025486446917056982,-0.06464260816574091,0.1162132317597294,40.24937810560445,0.0,1
pair_096,GT,Rank_4,72,4,0.0022794883287936504,0.6269271594027014,-0.6246476710739077,-0.06355404853820801,0,-0.07321695466787881,-0.00962311673378502,-0.06100637465715408,-0.12112748622894282,0.1162132317597294,5.966198454635389,0.0,1
pair_096,GT,Rank_5,72,5,0.0022794883287936504,0.42110036954745594,-0.4188208812186623,-0.01875174045562744,0,-0.01852894484607237,-0.020734177019644195,-0.017080254852771704,-0.0466949045658111,0.1162132317597294,15.883697550725287,0.0,1
pair_096,GT,Rank_6,72,6,0.0022794883287936504,0.4033330480925715,-0.4010535597637778,-0.07306581735610962,0,-0.07649829725126212,-0.005003230566842154,-0.05560644716024399,-0.1462466418743133,0.1162132317597294,-126.9313206174788,0.0,1
pair_096,GT,Rank_7,72,7,0.0022794883287936504,0.3310342666387589,-0.32875477830996525,-0.01522153615951538,0,-0.021941113207194496,0.04876304740578491,-0.016410477459430695,-0.0574604868888855,0.1162132317597294,21.806452798948666,0.0,1
pair_096,GT,Rank_8,72,8,0.0022794883287936504,0.30723906854959404,-0.3049595802208004,-0.03408414125442505,0,-0.039676292253563505,0.0904196788248483,-0.032733991742134094,-0.06448793411254883,0.07262781950341521,-19.92896613248655,0.0,1
pair_096,GT,Rank_9,72,9,0.0022794883287936504,0.20697033416090188,-0.20469084583210823,-0.008913278579711914,0,-0.020202330345322483,0.11388276402456204,0.017434753477573395,-0.03901740908622742,0.1162132317597294,-116.94212885572418,0.0,1
pair_096,GT,Rank_10,72,10,0.0022794883287936504,0.09558904651209112,-0.09330955818329746,-0.05475872755050659,0,-0.06972869689034145,-0.0009762184877795121,-0.04253946244716639,-0.1225590705871582,0.04121323175972941,14.738816296475044,0.0,1
pair_096,GT,Rank_11,72,11,0.0022794883287936504,0.07847013628266276,-0.07619064795386911,-0.013512909412384033,0,-0.03043279044068925,0.017242619926103098,-0.062249526381492615,-0.05792799592018122,0.07262781950341521,47.42095098085826,0.0,1
pair_096,GT,Rank_12,72,12,0.0022794883287936504,0.055762953298401856,-0.05348346496960821,-0.01814049482345581,0,-0.03061472788053421,0.013895738431362492,-0.0620347335934639,-0.04808077216148371,0.04121323175972941,-30.806158411033323,0.0,1
pair_096,GT,Rank_13,72,13,0.0022794883287936504,0.04858363194048591,-0.04630414361169226,-0.04988574981689453,0,-0.049617835139227795,0.05075831131922659,-0.0479124635457992,-0.093971848487854,0.003713231759729513,31.27571214459417,0.0,1
pair_096,GT,Rank_14,72,14,0.0022794883287936504,0.046538410622326616,-0.04425892229353297,-0.07743149995803833,0,-0.08672217791246417,-0.018942334984804354,-0.0673307254910469,-0.160881906747818,0.003713231759729513,30.32451926043317,0.0,1
pair_096,GT,Rank_15,72,15,0.0022794883287936504,0.045148744174328556,-0.04286925584553491,-0.07555735111236572,0,-0.08167737442754319,0.018136330143191437,-0.07084334641695023,-0.1519842147827148,0.0,43.92482278526769,0.0,1
pair_096,GT,Rank_16,72,16,0.0022794883287936504,0.03886263551247148,-0.03658314718367783,-0.0565757155418396,0,-0.067766138955756,0.004660080063982608,-0.022186048328876495,-0.1303884088993072,0.0,-110.94925712435028,0.0,1
pair_096,GT,Rank_17,72,17,0.0022794883287936504,0.03463064014978865,-0.032351151820995,0.035572588443756104,0,0.01754900979806462,0.13225719220339083,0.00270659476518631,0.0426139235496521,0.056005058929829904,-40.80005901511585,0.0,1
pair_096,GT,Rank_18,72,18,0.0022794883287936504,0.034343630825351544,-0.032064142496557896,0.07484430074691778,0,0.036167553380447026,0.04561301964528014,0.0022046789526939947,0.027190491557121305,0.07871323175972941,-42.94396929644995,0.0,1
pair_096,GT,Rank_19,72,19,0.0022794883287936504,0.03302472389382279,-0.03074523556502914,0.0728466808795929,0,0.043645551198214005,0.09143448908643742,0.025384020060300827,-0.013037353754043524,0.07262781950341521,-26.854447999200488,0.0,1
pair_096,GT,Rank_20,72,20,0.0022794883287936504,0.03012621650849666,-0.027846728179703007,-0.007545173168182373,0,-0.0034818104211298273,-0.0009110333076792765,0.007934033870697021,-0.03133344650268549,0.1162132317597294,20.635192315682758,0.0,1
pair_097,GT,Rank_1,9,1,0.032963889474893565,0.1663857092240492,-0.13342181974915562,0.013826370239257812,0,-0.07133537124539491,0.008286177627968128,0.02652236819267273,0.03237953782081604,0.0,-79.67908581087892,0.0,1
pair_097,GT,Rank_2,9,2,0.032963889474893565,0.12401274226466677,-0.0910488527897732,0.0006778240203857422,0,-0.06857421323007551,-0.01801085425340998,0.025812730193138123,-0.010400086641311701,0.0,-84.29324527384463,0.0,1
pair_097,GT,Rank_3,9,3,0.032963889474893565,0.09804058992093823,-0.06507670044604466,0.0035355091094970703,0,-0.0829803934695561,-0.004425823708665622,-0.0016015022993087769,-0.005294203758239802,0.0,7.114602693315639,0.0,1
pair_097,GT,Rank_4,9,4,0.032963889474893565,0.08240896442920728,-0.04944507495431372,0.0045989155769348145,0,-0.06620143698245595,0.006453000425588495,0.0069151371717453,0.01416990160942072,0.0,-49.49747468305833,0.0,1
pair_097,GT,Rank_5,9,5,0.032963889474893565,0.0655499612601368,-0.03258607178524324,0.01352161169052124,0,-0.06920534919670951,0.011925853042225043,0.0030413419008255005,0.022789806127548218,0.0,-26.355277700612135,0.0,1
pair_097,GT,Rank_6,9,6,0.032963889474893565,0.0634854632952456,-0.030521573820352033,0.005631148815155029,0,-0.0774311160554284,-0.0035409974967198776,0.0030768513679504395,0.00484040379524231,0.0,-94.81319528517,0.0,1
pair_097,GT,Rank_7,9,7,0.032963889474893565,0.05031134313622372,-0.017347453661330156,0.005461454391479492,0,-0.08117689703788578,-0.001383173648371372,-0.003040522336959839,-0.008546888828277588,0.0,-110.8892290726514,0.0,1
pair_097,GT,Rank_8,9,8,0.032963889474893565,0.048485494171972135,-0.01552160469707857,0.008337080478668213,0,-0.032572284121486716,-0.021697868476293625,-0.001542702317237854,0.005215764045715332,0.0,-77.13803273741149,0.0,1
pair_097,GT,Rank_10,9,10,0.032963889474893565,0.031263972804474134,0.001699916670419431,0.007678329944610596,0,-0.07740009796558578,0.009621696723480788,0.022509858012199402,0.008842229843139593,0.0,-142.71300031029662,0.0,1
pair_097,GT,Rank_11,9,11,0.032963889474893565,0.030618109600155,0.0023457798747385655,0.019767463207244873,0,0.07051520956547619,0.03381285369128273,0.00936804711818695,0.0370502769947052,-0.03749999999999999,-36.267047402032816,0.0,1
pair_097,GT,Rank_12,9,12,0.032963889474893565,0.02872022169874742,0.0042436677761461435,0.014404058456420898,0,-0.05242517756790688,0.01615026505976247,0.002150118350982666,0.040651530027389526,0.0,-54.83033087349729,0.0,1
pair_097,GT,Rank_13,9,13,0.032963889474893565,0.02295066236376432,0.010013227111129244,0.018840789794921875,0,0.01902941493748944,0.015370793894771473,0.024041295051574707,0.01798132061958313,-0.0927050983124842,-39.414273685827595,0.0,1
pair_097,GT,Rank_14,9,14,0.032963889474893565,0.017911436533494363,0.015052452941399203,0.007752358913421631,0,0.047868218923896366,0.023220516486788023,-0.0008579641580581665,0.02026727795600891,0.0,-51.6211838736141,0.0,1
pair_097,GT,Rank_15,9,15,0.032963889474893565,0.016796744669605526,0.01616714480528804,0.0059773921966552734,0,0.012174082990454638,-0.0031596701395826265,0.0005929321050643921,0.0007628798484802246,-0.008852549156242097,-102.99423262227947,0.0,1
pair_097,GT,Rank_16,9,16,0.032963889474893565,0.015183475469071454,0.01778041400582211,0.00863182544708252,0,-0.02000499268383893,-0.004039335234157337,-0.00044736266136169434,-0.006668686866760309,-0.008852549156242097,-119.71102169859947,0.0,1
pair_097,GT,Rank_17,9,17,0.032963889474893565,0.015126946014987461,0.017836943459906104,0.01445382833480835,0,0.03756479937465662,0.02213227268682738,0.0420653373003006,0.014803171157836914,0.0,-145.81995216342017,0.0,1
pair_097,GT,Rank_18,9,18,0.032963889474893565,0.014761901701191082,0.018201987773702483,0.0406075119972229,0,0.04136083458100437,0.018307882223356886,0.020421713590621948,0.08373701572418213,0.0,-48.52731831083729,0.0,1
pair_097,GT,Rank_19,9,19,0.032963889474893565,0.011807443189144144,0.02115644628574942,0.007433772087097168,0,-0.021785497576633284,-0.00522582804941063,0.009581997990608215,-0.00015571713447576352,-0.075,12.45592145844411,0.0,1
pair_097,GT,Rank_20,9,20,0.032963889474893565,0.00908587847860574,0.023878010996287825,0.09527289867401123,0,0.05258718092054693,0.0218217062738143,0.07096150517463684,0.0602883100509643,-0.008852549156242097,-136.85248322120492,0.0,1
pair_098,GT,Rank_1,9,1,0.08000489319411802,0.8323856895667456,-0.7523807963726277,0.002625137567520086,0,-0.048081311139085814,-0.0064603609425532005,-0.0016173720359801969,-0.009333059191703796,0.11249999999999989,37.75321898406156,0.0,1
pair_098,GT,Rank_2,9,2,0.08000489319411802,0.7871329560145155,-0.7071280628203975,0.0014033317565917969,0,-0.08120837086517668,-0.014562157586286595,-0.0066349580883980075,0.021315455436706487,0.11249999999999989,64.70877699977262,0.0,1
pair_098,GT,Rank_3,9,3,0.08000489319411802,0.5593951423920371,-0.4793902491979191,0.0007254481315612793,0,-0.026683438673860416,-0.00043582314565371316,-0.006807439029216794,0.01595507562160489,0.11249999999999989,77.7461176756646,0.0,1
pair_098,GT,Rank_4,9,4,0.08000489319411802,0.4684590403008552,-0.3884541471067372,0.0980325043201446,0,0.0877782223794934,0.06598770694695741,0.036859124898910495,0.0884713530540466,0.03288353903933769,71.06485327262776,0.0,1
pair_098,GT,Rank_5,9,5,0.08000489319411802,0.3063750428980238,-0.2263701497039058,0.009683787822723389,0,-0.071281669294738,0.011704858660137929,0.0018824338912963867,0.013540253043174688,0.11249999999999989,102.8237297801895,0.0,1
pair_098,GT,Rank_6,9,6,0.08000489319411802,0.22228889323420223,-0.1422840000400842,-0.015475124120712336,0,-0.08679748381870278,0.018584259952888982,0.009932585060596494,-0.01991911232471469,0.037499999999999895,-9.928468520288277,0.0,1
pair_098,GT,Rank_7,9,7,0.08000489319411802,0.1124094098106701,-0.03240451661655208,0.07122009992599487,0,0.0914959668491864,0.02087426245804258,0.018745027482509585,0.0770186185836792,-0.003713231759729513,74.90518198425323,0.0,1
pair_098,GT,Rank_8,9,8,0.08000489319411802,0.09373648307634928,-0.013731589882231263,-0.004185736179351807,0,-0.0904065807561602,-0.0005859023473934744,-0.00982106477022171,-0.0014447122812271118,0.019794901687515687,-4.2007021534370494,0.0,1
pair_098,GT,Rank_10,9,10,0.08000489319411802,0.05972544286354122,0.0202794503305768,0.1071969866752624,0,0.0563279866248404,0.104287001103198,0.08231368660926819,0.0814703702926636,0.037499999999999895,69.51284422949215,0.0,1
pair_098,GT,Rank_11,9,11,0.08000489319411802,0.05651880881537746,0.023486084378740564,0.006166309118270874,0,-0.08336029147315971,0.014981065197556709,-0.016183018684387207,0.02349352836608881,0.03288353903933769,36.95988239526284,0.0,1
pair_098,GT,Rank_12,9,12,0.08000489319411802,0.044687313026409464,0.03531758016770856,0.005965471267700195,0,-0.0758960554971691,0.01210881346411502,-0.007119499146938296,-0.004954278469085693,0.03288353903933769,-22.953963174268495,0.0,1
pair_098,GT,Rank_13,9,13,0.08000489319411802,0.03797019274826939,0.04203470044584863,0.047073423862457275,0,-0.037906783246350384,0.04211136186906228,0.020766466856002808,0.040611311793327304,0.037499999999999895,27.146111454429715,0.0,1
pair_098,GT,Rank_14,9,14,0.08000489319411802,0.03571884376828439,0.04428604942583363,0.024504989385604803,0,-0.032360713897793825,0.0031705871575818945,0.012190446257591303,0.0032612383365631104,0.11249999999999989,-23.75791049257745,0.0,1
pair_098,GT,Rank_15,9,15,0.08000489319411802,0.03255950941031523,0.047445383783802794,-0.0052807629108428955,0,-0.0671827888167651,-0.00419715149593608,-0.015736617147922516,-0.014853253960609492,-0.03750000000000012,18.55814098600385,0.0,1
pair_098,GT,Rank_16,9,16,0.08000489319411802,0.029001694907663435,0.05100319828645458,0.01546052098274231,0,-0.10777915561365092,0.0015320515859086892,0.02344334125518799,0.0215546786785126,0.0,56.03962739854367,0.0,1
pair_098,GT,Rank_17,9,17,0.08000489319411802,0.026155868964544915,0.053849024229573106,0.10829624533653259,0,0.09343148559777861,0.11560982128215941,0.054661378264427185,0.1161960363388061,0.037499999999999895,75.06613632517701,0.0,1
pair_098,GT,Rank_18,9,18,0.08000489319411802,0.02576973387741448,0.05423515931670354,0.1103017628192901,0,0.02808270012761041,0.14538852795483662,0.1004912927746773,0.0807208195328712,0.11249999999999989,69.2508652713761,0.0,1
pair_098,GT,Rank_19,9,19,0.08000489319411802,0.024117111230692552,0.05588778196342547,0.008346319198608398,0,-0.0587659470497105,-0.016342844228592,0.01317696273326871,0.0021891593933104914,-0.003713231759729513,65.39525732618264,0.0,1
pair_098,GT,Rank_20,9,20,0.08000489319411802,0.01792169089653836,0.06208320229757966,0.02471181750297541,0,-0.03123005495139608,0.0445748151760893,-0.0024999529123305997,0.02573227882385251,0.11249999999999989,47.30349561762257,0.0,1
pair_099,GT,Rank_1,2,1,0.5333843380909321,0.6746987586517531,-0.141314420560821,0.016655683517456055,0,0.01437279163854932,0.016088285357954257,-0.004328221082687378,0.02443623542785639,0.0,-20.419657135515365,0.0,1
pair_099,GT,Rank_3,2,3,0.5333843380909321,0.49332669554238817,0.04005764254854394,0.11579370498657227,0,0.11690059331990688,0.06061584135210196,0.0291888490319252,0.10124972462654108,0.0,31.76633508349849,0.0,1
pair_099,GT,Rank_4,2,4,0.5333843380909321,0.32581460543704205,0.20756973265389006,0.130327045917511,0,0.11510185546691876,0.05045409706363424,0.050957426428794805,0.1090927124023437,0.0,46.37462724262535,0.0,1
pair_099,GT,Rank_5,2,5,0.5333843380909321,0.30813220697636406,0.22525213111456804,0.11602252721786499,0,0.11639551954632987,0.05500560712006475,0.03206012398004532,0.1058775782585144,0.0,39.04759052236494,0.0,1
pair_099,GT,Rank_6,2,6,0.5333843380909321,0.30688155540170065,0.22650278268923146,0.11839771270751953,0,0.11797265623153674,0.06374458088638302,0.025683999061584417,0.1003738641738891,0.0,-9.441892284890741,0.0,1
pair_099,GT,Rank_7,2,7,0.5333843380909321,0.2940783254254462,0.2393060126654859,0.12593889236450195,0,0.12809685026233975,0.07770187837338871,0.026606246829032898,0.10757416486740112,0.0,6.354739430648664,0.0,1
pair_099,GT,Rank_8,2,8,0.5333843380909321,0.290125341699754,0.2432589963911781,0.11181676387786865,0,0.1127119526362591,0.062328286450897274,0.0056688338518142145,0.0965036153793335,0.0,-41.44814775045265,0.0,1
pair_099,GT,Rank_9,2,9,0.5333843380909321,0.25642385416953994,0.27696048392139216,0.2553804814815521,0,0.2551839102787603,0.22686302699924765,0.050442636013031006,0.2239869236946106,-0.043585412256314196,28.37203929238477,0.0,1
pair_099,GT,Rank_10,2,10,0.5333843380909321,0.229259263760632,0.3041250743303001,0.12206500768661499,0,0.12642054311975748,0.0654110107685828,0.027763210237026215,0.1064024269580841,0.0,-1.1596299857682197,0.0,1
pair_099,GT,Rank_11,2,11,0.5333843380909321,0.21001171061879842,0.3233726274721337,0.13728994131088257,0,0.11915036863140815,0.05998970859125885,0.05253557860851282,0.10430368781089783,0.0,-30.99245491719938,0.0,1
pair_099,GT,Rank_12,2,12,0.5333843380909321,0.20495023048617006,0.32843410760476205,0.058163344860076904,0,0.05862571276233519,0.03634682396004374,0.009686447679996435,0.09741047024726862,0.0,-33.42207914688976,0.0,1
pair_099,GT,Rank_13,2,13,0.5333843380909321,0.1963255850624544,0.3370587530284777,0.13089072704315186,0,0.13101839597701048,0.07793987196927721,0.05083481222391123,0.12445533275604242,0.0,15.379727248264146,0.0,1
pair_099,GT,Rank_14,2,14,0.5333843380909321,0.19315473658261154,0.3402296015083206,0.12275564670562744,0,0.12662112753639987,0.06475853709070278,0.028672344982624,0.10367968678474421,0.0,11.842702009940467,0.0,1
pair_099,GT,Rank_15,2,15,0.5333843380909321,0.1917132912935379,0.34167104679739424,0.12908583879470825,0,0.12090144422528071,0.06077482735498363,0.050479449331760406,0.1082552969455719,0.0,17.14768765602875,0.0,1
pair_099,GT,Rank_16,2,16,0.5333843380909321,0.18174580302507756,0.3516385350658545,0.12419915199279785,0,0.12540851287688748,0.06417714790258389,0.027055062353610937,0.1107520163059234,0.0,13.180191110587629,0.0,1
pair_099,GT,Rank_17,2,17,0.5333843380909321,0.17863443808676513,0.35474990000416695,0.11811667680740356,0,0.12131152278751456,0.054710742830714976,0.041594535112380926,0.11384660005569452,0.0,-18.233587541027646,0.0,1
pair_099,GT,Rank_18,2,18,0.5333843380909321,0.17439054827206013,0.358993789818872,0.11154007911682129,0,0.11426034110597949,0.06155481196983359,0.006209664046764318,0.10342094302177429,0.0,-9.234352439691406,0.0,1
pair_099,GT,Rank_19,2,19,0.5333843380909321,0.15489850706445327,0.3784858310264788,0.10905492305755615,0,0.10937860936753963,0.05030462388899137,0.006173603236675207,0.08216899633407593,0.0,-28.477766796521593,0.0,1
pair_099,GT,Rank_20,2,20,0.5333843380909321,0.12211752008613422,0.4112668180047979,0.04368913173675537,0,0.04232235065694745,0.023672163035614036,0.008573882281780187,0.06448903679847712,-0.03749999999999999,-50.318315755652804,0.0,1
pair_100,GT,Rank_1,4,1,0.7748952534538739,0.8953471058910994,-0.12045185243722556,0.07232922315597534,0,0.0062155388327098104,-0.0016330349515803477,0.029029980301856995,0.1013459861278534,0.0,-52.85421848129115,0.0,1
pair_100,GT,Rank_2,4,2,0.7748952534538739,0.8677823888809011,-0.0928871354270272,0.07665294408798218,0,0.0548652974014196,0.023855647802641378,0.02978362888097763,0.07344534993171686,0.0,-114.16720860414603,0.0,1
pair_100,GT,Rank_3,4,3,0.7748952534538739,0.847609777040285,-0.07271452358641106,0.06813168525695801,0,0.028811687406158915,0.024783411241541486,0.023148231208324432,0.07590201497077936,0.0,-99.13438527033694,0.0,1
pair_100,GT,Rank_5,4,5,0.7748952534538739,0.6213460881281223,0.15354916532575158,0.08801406621932983,0,-0.000907111095602875,-0.018236476952987413,0.040792983025312424,0.13845434784889216,0.0,-116.9726732186569,0.0,1
pair_100,GT,Rank_6,4,6,0.7748952534538739,0.48255676437533246,0.29233848907854143,0.0837509036064148,0,0.05925299583807192,0.060738315486413286,0.0382726788520813,0.11766555905342096,0.0,-18.802354706554247,0.0,1
pair_100,GT,Rank_7,4,7,0.7748952534538739,0.2834997992965042,0.4913954541573697,0.09204953908920288,0,0.09640165962491459,0.03479695496668167,0.038450688123703,0.1457388997077942,0.0,-129.2001225729372,0.0,1
pair_100,GT,Rank_8,4,8,0.7748952534538739,0.21393372047417772,0.5609615329796962,0.19438913464546204,0,0.2883728945851775,0.19155053255669557,0.12288569379597902,0.2950405925512314,-0.0796164609606622,-58.84894773862943,0.0,1
pair_100,GT,Rank_9,4,9,0.7748952534538739,0.17485939037161016,0.6000358630822638,0.07943093776702881,0,0.002700829607379329,0.01645690648311826,0.025616191327571924,0.1018136739730835,0.0,-163.25591484356264,0.0,1
pair_100,GT,Rank_10,4,10,0.7748952534538739,0.172974230170696,0.6019210232831779,0.19449022412300115,0,0.18322374921560142,0.19691102623142068,0.08457111567258835,0.1851115226745605,-0.11249999999999989,-59.779596008508726,0.0,1
pair_100,GT,Rank_11,4,11,0.7748952534538739,0.14961633449516923,0.6252789189587047,0.07953429222106934,0,0.07710805855774372,0.06521038712762056,0.02947207167744642,0.1231299638748169,-0.03749999999999999,-84.10168912463965,0.0,1
pair_100,GT,Rank_12,4,12,0.7748952534538739,0.1481438169400605,0.6267514365138134,0.09230011701583862,0,0.11693006624198382,0.005921655238050494,0.05565120652318001,0.1330103874206543,-0.11249999999999989,-55.03383190743609,0.0,1
pair_100,GT,Rank_13,4,13,0.7748952534538739,0.14456590830760327,0.6303293451462706,0.13381588459014893,0,0.1634561444252654,0.027723374424341474,0.05934107303619385,0.10741743445396418,-0.075,-99.44144831236213,0.0,1
pair_100,GT,Rank_14,4,14,0.7748952534538739,0.12904479769271163,0.6458504557611623,0.14968380331993103,0,0.1394710860670822,-0.03217685692601763,0.06667949631810194,0.13167992234230036,-0.075,-85.17856603085485,0.0,1
pair_100,GT,Rank_15,4,15,0.7748952534538739,0.10861740161949839,0.6662778518343755,0.10977911949157715,0,0.07672358400329954,-0.017366008651048148,0.040583498775959015,0.05685162544250488,-0.03749999999999999,-64.10681221713634,0.0,1
pair_100,GT,Rank_16,4,16,0.7748952534538739,0.09070108384413751,0.6841941696097363,0.07037121057510376,0,0.06186672258766224,-0.0339442549476619,0.027419548481702805,0.094732254743576,-0.11249999999999989,-87.90904567769928,0.0,1
pair_100,GT,Rank_17,4,17,0.7748952534538739,0.08282412952633675,0.6920711239275371,0.09524840116500854,0,0.056169397145245714,0.06718749061400398,0.043952167034149225,0.1386212706565857,0.0,-97.94638140915421,0.0,1
pair_100,GT,Rank_18,4,18,0.7748952534538739,0.06755711935808703,0.7073381340957868,0.18321147561073303,0,-0.011632344331077793,0.0044980480926449795,0.10229951702058321,0.2879818379878998,-0.0927050983124842,-90.08521307844933,0.0,1
pair_100,GT,Rank_19,4,19,0.7748952534538739,0.06396668365617648,0.7109285697976974,0.06828433275222778,0,0.11071162236638343,0.05804020199882459,0.032452367246151026,0.09076184034347529,-0.11249999999999989,-132.00449589837467,0.0,1
pair_100,GT,Rank_20,4,20,0.7748952534538739,0.06120974085769338,0.7136855125961805,0.09145152568817139,0,0.014924885585167302,-0.03044135770437434,0.03369034826755524,0.07353499531745905,-0.0927050983124842,-1.7145395078118248,0.0,1
pair_101,GT,Rank_1,6,1,0.5442598177610645,0.9441203569607879,-0.3998605391997234,0.026906609535217285,0,0.020040567504481244,0.020168069305467773,0.03797173500061035,0.04465648531913763,0.0,35.95315004478499,0.0,1
pair_101,GT,Rank_2,6,2,0.5442598177610645,0.8698038766004252,-0.3255440588393608,0.06582784652709961,0,0.07318109774553327,0.02756243299871386,0.05097959190607071,0.045367926359176636,0.0,101.74765522975706,0.0,1
pair_101,GT,Rank_3,6,3,0.5442598177610645,0.8009954028317762,-0.2567355850707117,0.07138645648956299,0,0.07451023610927032,0.017173758007446915,0.04828234761953354,0.033757537603378296,0.0,35.017863381387485,0.0,1
pair_101,GT,Rank_4,6,4,0.5442598177610645,0.794753089336903,-0.25049327157583856,0.06691360473632812,0,0.0711019307126799,0.016196036549029902,0.044499315321445465,0.021513223648071345,0.0,63.60014430513064,0.0,1
pair_101,GT,Rank_5,6,5,0.5442598177610645,0.6995198673204401,-0.15526004955937567,0.06736624240875244,0,0.07153394237054733,0.018326211714185026,0.043350763618946075,0.02205172181129461,-0.008852549156242097,57.09120560595389,0.0,1
pair_101,GT,Rank_7,6,7,0.5442598177610645,0.3615826255492825,0.18267719221178197,-0.0031331777572631836,0,-0.0009018666459592595,-0.014215361903453294,0.0010105520486831665,-0.016971558332443182,0.0,16.536274930752427,0.0,1
pair_101,GT,Rank_8,6,8,0.5442598177610645,0.3198097847821672,0.22445003297889726,-0.0021427273750305176,0,-0.0015407073824034168,-0.017896418923427526,-0.015394970774650574,-0.016550540924072266,-0.031066017177982103,26.5090851286443,0.0,1
pair_101,GT,Rank_9,6,9,0.5442598177610645,0.3029317344935418,0.24132808326752264,0.01408928632736206,0,0.014481661855595518,0.0036697194556389867,0.0005388557910919189,0.01792582869529724,0.0,4.660858749345465,0.0,1
pair_101,GT,Rank_10,6,10,0.5442598177610645,0.2363568074684198,0.30790301029264466,0.004284322261810303,0,0.0034946624192844222,-0.010999549525849028,-0.009980931878089905,3.361701965332031e-05,-0.043585412256314196,30.631679507543822,0.0,1
pair_101,GT,Rank_11,6,11,0.5442598177610645,0.0921141861710796,0.4521456315899849,0.007393181324005127,0,0.004750868888242499,-0.00243497631722267,-0.0067367106676101685,0.0035248696804047186,-0.0796164609606622,33.23298921716889,0.0,1
pair_101,GT,Rank_12,6,12,0.5442598177610645,0.07089873719255078,0.47336108056851367,0.08835870027542114,0,0.08351704798546478,0.014131176369453602,0.005527719855308533,0.05275779962539673,-0.075,129.99517269274497,0.0,1
pair_101,GT,Rank_13,6,13,0.5442598177610645,0.06089486563780503,0.4833649521232594,0.07577115297317505,0,0.08377463125658247,0.04849819358282348,0.06393726170063019,0.07537934184074402,-0.008852549156242097,85.55253635247429,0.0,1
pair_101,GT,Rank_14,6,14,0.5442598177610645,0.047622601586313186,0.49663721617475126,0.06763744354248047,0,0.07199995287930738,0.013211572242656677,0.044713035225868225,0.026584088802337646,-0.0796164609606622,51.27488639492782,0.0,1
pair_101,GT,Rank_15,6,15,0.5442598177610645,0.04343112393514247,0.500828693825922,0.009951472282409668,0,0.007398248198120294,-0.005353245786666405,0.004032433032989502,0.006760627031326294,-0.1162132317597294,35.22046234250257,0.0,1
pair_101,GT,Rank_16,6,16,0.5442598177610645,0.03501817901333293,0.5092416387477315,0.06968885660171509,0,0.07151019898503053,0.016660562742858653,0.045663222670555115,0.030413120985031128,-0.0927050983124842,44.50659695166277,0.0,1
pair_101,GT,Rank_17,6,17,0.5442598177610645,0.034527050987472045,0.5097327667735925,0.06625813245773315,0,0.07086596482656338,0.01748999459289824,0.05247719585895538,0.0391143262386322,-0.13713203435596422,105.34185396753918,0.0,1
pair_101,GT,Rank_18,6,18,0.5442598177610645,0.03426110459034696,0.5099987131707175,-0.004316151142120361,0,-0.005249007371791237,-0.01685369435720263,-0.018056750297546387,-0.01666337251663208,-0.1162132317597294,21.79526091397716,0.0,1
pair_101,GT,Rank_19,6,19,0.5442598177610645,0.03335324849350531,0.5109065692675592,0.07720625400543213,0,0.07703608472224743,0.01647483070440925,0.06576209515333176,0.046059578657150324,-0.03749999999999999,28.884223447408232,0.0,1
pair_101,GT,Rank_20,6,20,0.5442598177610645,0.030329734712372363,0.5139300830486921,0.013997793197631836,0,0.013975759044234426,0.0015343631527200419,0.018767938017845154,0.005836516618728638,0.0,-19.2185602962673,0.0,1
pair_103,GT,Rank_2,1,2,0.8026204388292639,0.6219485096478543,0.18067192918140962,0.008103370666503906,0,0.005118739185179244,0.013608741567525895,-0.009905718266963959,-0.0013668239116668701,0.0,-30.408578238798995,0.0,1
pair_103,GT,Rank_3,1,3,0.8026204388292639,0.09846767562270264,0.7041527632065613,0.019405722618103027,0,0.018900150358630574,-0.002568160135817621,0.01114177936688071,0.0331912636756897,0.0,-105.09595025055901,0.0,1
pair_103,GT,Rank_4,1,4,0.8026204388292639,0.08567730547802507,0.7169431333512388,0.12145459651947021,0,0.1154579456074486,0.11168607242923057,-0.05711774900555605,0.08712497353553772,0.0,-2.090428527635993,0.0,1
pair_103,GT,Rank_5,1,5,0.8026204388292639,0.07699816186867131,0.7256222769605927,0.11340421438217163,0,0.10673045292861483,0.09868244957119121,-0.05456842854619026,0.0891775786876679,0.0,-73.00888419320643,0.0,1
pair_103,GT,Rank_6,1,6,0.8026204388292639,0.01944816416986908,0.7831722746593949,0.1956893801689148,0,0.18351987719917484,0.21694473670391656,-0.025017473846673965,0.19304406642913824,0.0,-21.896731033843636,0.0,1
pair_103,GT,Rank_7,1,7,0.8026204388292639,0.018202495119399583,0.7844179437098644,0.11976289749145508,0,0.10863998729869295,0.09562850455284544,-0.05985445901751518,0.08789864182472229,0.0,-60.30724965724525,0.0,1
pair_103,GT,Rank_8,1,8,0.8026204388292639,0.016883457724084484,0.7857369811051794,0.12017518281936646,0,0.10881585737279253,0.10456543487955527,-0.05268580839037895,0.09542369842529302,0.0,24.333944925679617,0.0,1
pair_103,GT,Rank_9,1,9,0.8026204388292639,0.016625021980870368,0.7859954168483936,0.1843317151069641,0,0.16884170595566728,0.15310276675643142,0.16945655457675463,0.06996169686317444,0.0,6.867484086241902,0.0,1
pair_103,GT,Rank_10,1,10,0.8026204388292639,0.013588824408282402,0.7890316144209816,0.12020903825759888,0,0.11266250929840871,0.09880915081059416,-0.05620163679122925,0.07963111996650701,0.0,-71.01581641659101,0.0,1
pair_103,GT,Rank_11,1,11,0.8026204388292639,0.009769567616907192,0.7928508712123568,0.12050890922546387,0,0.11095658103786032,0.1210238723252437,-0.060394804924726486,0.12350219488143921,0.0,-80.43177599667962,0.0,1
pair_103,GT,Rank_12,1,12,0.8026204388292639,0.008513540578152817,0.7941068982511111,0.1187971830368042,0,0.11287159994296547,0.1043824834638657,-0.039600115269422476,0.13096237182617193,0.0,-32.24272496496111,0.0,1
pair_103,GT,Rank_13,1,13,0.8026204388292639,0.0080901436980255,0.7945302951312384,0.12404030561447144,0,0.11871828129568707,0.11503468123120553,0.0002677738666534424,0.0818228423595429,0.0,-101.87391130880636,0.0,1
pair_103,GT,Rank_14,1,14,0.8026204388292639,0.005974546114367358,0.7966458927148966,0.1426287293434143,0,0.13509796268345353,0.10995390937848137,-0.05470696650445456,0.06885725259780884,0.0,-4.47130875839612,0.0,1
pair_103,GT,Rank_15,1,15,0.8026204388292639,0.005881408018830005,0.796739030810434,0.17912650108337402,0,0.17583521462793894,0.1264778577028467,-0.04818089678883547,0.1922204196453095,-0.0927050983124842,6.748428000483685,0.0,1
pair_103,GT,Rank_16,1,16,0.8026204388292639,0.005774869021688761,0.7968455698075751,0.2095862627029419,0,0.2005522883987314,0.21443034323967913,0.006566298194229603,0.1621098816394806,0.0,-32.26304110599318,0.0,1
pair_103,GT,Rank_17,1,17,0.8026204388292639,0.005485451349238959,0.797134987480025,0.12601310014724731,0,0.12546858320756615,0.10579743143159459,-0.031126308487728183,0.1827507615089417,0.0,-3.011662705750041,0.0,1
pair_103,GT,Rank_18,1,18,0.8026204388292639,0.004680112965730338,0.7979403258635336,0.12964630126953125,0,0.12521531397648467,0.11857043967490455,-0.051484657451510374,0.08460524678230291,0.0,-62.46249493612254,0.0,1
pair_103,GT,Rank_19,1,19,0.8026204388292639,0.004355050391399758,0.7982653884378642,0.1279037594795227,0,0.12008904171771595,0.12690521462417514,-0.05977402627468109,0.11415711045265203,0.0,-70.81484844948031,0.0,1
pair_103,GT,Rank_20,1,20,0.8026204388292639,0.0042284352956725,0.7983920035335914,0.1446171998977661,0,0.13932069284838178,0.1381551700234127,-0.046789474785327856,0.14517858624458313,0.0,-106.42124142740923,0.0,1
pair_105,GT,Rank_2,1,2,0.9146344143057649,0.6409214228577362,0.27371299144802863,0.033966124057769775,0,0.0030054416978049225,0.010254423743499608,0.005015186965465546,-0.009291201829910278,0.0,4.038297762470421,0.0,1
pair_105,GT,Rank_3,1,3,0.9146344143057649,0.38538871895206583,0.529245695353699,0.003138124942779541,0,0.050665217418170094,0.014808819584040345,0.048294879496097565,0.011722445487976074,0.0,68.61394090982378,0.0,1
pair_105,GT,Rank_4,1,4,0.9146344143057649,0.24031429192439568,0.6743201223813692,0.031086444854736328,0,0.09649703371069052,0.02487261326576773,-0.04476301372051239,-0.022744327783584595,0.0,-39.6368112291633,0.0,1
pair_105,GT,Rank_5,1,5,0.9146344143057649,0.1336165099077382,0.7810179043980267,0.04950547218322754,0,0.013074027478478745,-0.0005290557902720705,-0.050777919590473175,0.0013270974159240723,0.0,7.453754497257677,0.0,1
pair_105,GT,Rank_6,1,6,0.9146344143057649,0.11912004917609748,0.7955143651296674,0.0529632568359375,0,0.002286616188153956,0.001996894899152224,0.013822846114635468,-0.0279788076877594,0.0,-26.150408289459705,0.0,1
pair_105,GT,Rank_7,1,7,0.9146344143057649,0.10010412242400024,0.8145302918817646,0.05416673421859741,0,0.004855542125497769,-0.001917106479467412,0.0018932074308395386,-6.875395774841309e-05,0.0,-49.539006156779635,0.0,1
pair_105,GT,Rank_8,1,8,0.9146344143057649,0.09807090958796132,0.8165635047178036,0.20879393815994263,0,0.257622456962139,0.2906292859858163,0.15646078437566757,0.1094338595867157,0.0,36.88210771941746,0.0,1
pair_105,GT,Rank_9,1,9,0.9146344143057649,0.09230942248018852,0.8223249918255764,0.05614960193634033,0,0.15478024193255058,0.06800761177811598,-0.001880742609500885,0.0017296969890595038,0.0,-6.834063656103467,0.0,1
pair_105,GT,Rank_10,1,10,0.9146344143057649,0.07604378084646582,0.8385906334592991,0.04953557252883911,0,0.1424070374069195,0.06735663536880188,0.010571122169494629,-0.006417304277420044,0.0,88.36527863130999,0.0,1
pair_105,GT,Rank_11,1,11,0.9146344143057649,0.06789945911511654,0.8467349551906483,0.05144941806793213,0,0.02223719823901027,0.00821058400886221,-0.047314777970314026,-0.016600221395492554,0.0,9.795038302716364,0.0,1
pair_105,GT,Rank_12,1,12,0.9146344143057649,0.043765975509232655,0.8708684387965322,0.05318242311477661,0,0.009691973064490544,0.0032948785190674013,-0.05883127450942993,-0.015381664037704468,0.0,-47.87987960854582,0.0,1
pair_105,GT,Rank_13,1,13,0.9146344143057649,0.04266560034034615,0.8719688139654187,0.13166439533233643,0,0.09197058864759877,0.09498209784192646,0.036371298134326935,0.1566655337810517,0.0,35.56889287700568,0.0,1
pair_105,GT,Rank_14,1,14,0.9146344143057649,0.04171524859300241,0.8729191657127624,0.19874054193496704,0,0.15246225969992766,0.06478534578814554,0.04981254041194916,0.08319121599197388,0.0,-4.281631898048289,0.0,1
pair_105,GT,Rank_15,1,15,0.9146344143057649,0.04103918052972381,0.8735952337760411,0.05712538957595825,0,0.00994108597290011,0.01479184098301567,-0.000516936182975769,-0.022220760583877563,-0.03749999999999999,102.36424051133936,0.0,1
pair_105,GT,Rank_16,1,16,0.9146344143057649,0.0362827078167672,0.8783517064889976,0.05525684356689453,0,0.025012588842313277,0.008902589568068553,-0.00573248416185379,-0.004552572965621948,0.0,78.74740277844674,0.0,1
pair_105,GT,Rank_17,1,17,0.9146344143057649,0.02730882300852626,0.8873255912972386,0.057214200496673584,0,0.14745807830876545,0.07512726897290212,0.004739105701446533,-0.0023652315139769953,0.0,94.76838633889984,0.0,1
pair_105,GT,Rank_18,1,18,0.9146344143057649,0.021675152670900016,0.8929592616348648,0.05427438020706177,0,0.08597675531116611,0.03055656368649573,-0.057811856269836426,-0.015084534883499146,0.0,4.169469560236124,0.0,1
pair_105,GT,Rank_19,1,19,0.9146344143057649,0.020274806802160792,0.8943596075036041,0.06047332286834717,0,0.08734029105316266,0.032710950723760956,0.010647453367710114,-0.002703636884689331,0.0,-38.58956092401573,0.0,1
pair_105,GT,Rank_20,1,20,0.9146344143057649,0.017968164242865195,0.8966662500628997,0.05329960584640503,0,0.08324890157212161,0.01829175040309705,-0.05212406814098358,-0.009880691766738892,0.0,10.554269853817317,0.0,1
pair_106,GT,Rank_1,6,1,0.7399081468231303,0.8826834735824352,-0.14277532675930482,-0.007856696844100897,0,-0.0010685132111971085,-0.022519406106623674,0.01243469119071966,-0.02365472912788391,0.0,64.48229270806827,0.0,1
pair_106,GT,Rank_2,6,2,0.7399081468231303,0.8821773056596868,-0.14226915883655644,0.005308419466018732,0,-0.032654988759859005,-0.005257058328444697,0.008709892630577087,-0.03587554395198819,0.0,15.323988683552955,0.0,1
pair_106,GT,Rank_3,6,3,0.7399081468231303,0.8795098355249408,-0.13960168870181044,-0.0035333335399627686,0,-0.020774539463462804,-0.0050978049042312845,0.00035674870014196225,-0.005827426910400391,0.0,-6.123110566334276,0.0,1
pair_106,GT,Rank_4,6,4,0.7399081468231303,0.8596560412955794,-0.11974789447244905,-0.019798606634140015,0,-0.04659412026241211,-0.04036467887221251,0.005234077572822571,-0.03857541084289551,0.0,3.3058203853518933,0.0,1
pair_106,GT,Rank_5,6,5,0.7399081468231303,0.7580993027897575,-0.018191155966627126,0.002572178840637207,0,-0.020611068179635872,-0.010105664686388682,0.0038482695817947943,-0.03477099537849429,0.0,25.54221652124994,0.0,1
pair_106,GT,Rank_7,6,7,0.7399081468231303,0.5750196944470847,0.16488845237604566,0.00601527094841009,0,-0.015895727977833507,-0.006696886244271505,0.02742172777652746,0.008859619498252813,0.0,10.760841745059139,0.0,1
pair_106,GT,Rank_8,6,8,0.7399081468231303,0.5464427261462173,0.19346542067691308,-0.018758922815322876,0,-0.0445693247478845,-0.02568973824474291,0.0057984739542008,-0.0255615562200546,-0.03749999999999999,11.87071978235005,0.0,1
pair_106,GT,Rank_9,6,9,0.7399081468231303,0.5161489612249364,0.22375918559819397,-0.014023900032043402,0,-0.05434826689556482,-0.03272781062953212,-0.004728093743324224,0.0019959956407546997,-0.043585412256314196,10.581846087816587,0.0,1
pair_106,GT,Rank_10,6,10,0.7399081468231303,0.3561605358200781,0.3837476110030522,-0.01187184453010559,0,-0.0024597982455427103,-0.03570057602256077,-0.00038239359855651855,-0.031582757830619784,0.0,-12.290856976512657,0.0,1
pair_106,GT,Rank_11,6,11,0.7399081468231303,0.2510373815394469,0.48887076528368345,0.005061686038971003,0,0.014783776282774275,0.0035041174370468164,0.0009336173534393866,0.014190867543220492,0.0,5.0620873001340385,0.0,1
pair_106,GT,Rank_12,6,12,0.7399081468231303,0.22637873683416898,0.5135294099889613,0.02049508690834051,0,-0.0756883540828634,-0.006829529177919902,0.025604277849197388,0.035304903984069796,0.0,41.06112631084302,0.0,1
pair_106,GT,Rank_13,6,13,0.7399081468231303,0.18999869409124187,0.5499094527318884,0.013442963361740112,0,-0.036549433838244605,0.0026391446525120266,0.03435876965522766,-0.020586296916007996,-0.11249999999999989,4.493111055815348,0.0,1
pair_106,GT,Rank_14,6,14,0.7399081468231303,0.1642402721433988,0.5756678746797315,-0.01528671383857727,0,-0.08538601580213778,-0.04198541945252038,0.015359081327915192,-0.008597686886787387,0.0,-31.906107451503885,0.0,1
pair_106,GT,Rank_15,6,15,0.7399081468231303,0.13703811155313364,0.6028700352699967,0.04718339443206793,0,0.054982957898096096,0.04659276374617738,0.040999129414558466,0.009399205446243314,-0.0796164609606622,9.18499571979018,0.0,1
pair_106,GT,Rank_16,6,16,0.7399081468231303,0.10321695764584682,0.6366911891772835,-0.0008409023284912109,0,-0.06665702623251779,-0.021545603486676113,0.016612529754638672,0.0092505663633346,0.0,-32.936119135995625,0.0,1
pair_106,GT,Rank_17,6,17,0.7399081468231303,0.0823676457260937,0.6575405010970367,-0.00013712048530578613,0,0.0011052243010957197,0.0023919022570438875,0.002968505024909973,-0.01829804480075839,-0.075,34.99239840082467,0.0,1
pair_106,GT,Rank_18,6,18,0.7399081468231303,0.07960569653397842,0.6603024502891519,0.04528370499610901,0,0.048151660775208494,0.02120755814431219,0.030310735106468256,0.03002266585826871,0.0,-18.69618524870384,0.0,1
pair_106,GT,Rank_19,6,19,0.7399081468231303,0.06635810501669559,0.6735500418064347,0.005069166421890314,0,-0.057210313471641794,-0.011368401360610791,0.001242116093635559,0.011504903435707092,-0.0796164609606622,7.966810719849462,0.0,1
pair_106,GT,Rank_20,6,20,0.7399081468231303,0.06538051335593886,0.6745276334671915,-0.011200845241546575,0,-0.055940114029591315,-0.0180116323040323,-0.001079812645912115,-0.025446325540542603,-0.0796164609606622,57.51386703231668,0.0,1
pair_107,GT,Rank_1,18,1,0.020798951727710964,0.1305740576314766,-0.10977510590376563,0.0018901228904724121,0,0.00253255957524412,0.002114803176204161,0.01039937138557434,-0.01838859915733343,0.0,35.875865622248654,0.0,1
pair_107,GT,Rank_2,18,2,0.020798951727710964,0.0869190657416552,-0.06612011401394424,-0.0032066702842712402,0,-0.0012827644028249319,-0.005635708171860543,0.00827808678150177,-0.030959665775299128,0.0,81.11122770151756,0.0,1
pair_107,GT,Rank_3,18,3,0.020798951727710964,0.08463727560612358,-0.06383832387841262,0.0023978352546691895,0,0.0036486807075304384,0.004800923136264013,0.00955536961555481,-0.021003454923629816,0.0,48.87381580106512,0.0,1
pair_107,GT,Rank_4,18,4,0.020798951727710964,0.07974307723807339,-0.058944125510362426,0.002699613571166992,0,0.0033001474976717127,0.00197208360737533,0.014649525284767151,-0.017979413270950317,0.0,51.51947575214409,0.0,1
pair_107,GT,Rank_5,18,5,0.020798951727710964,0.07192245757393485,-0.05112350584622389,0.0002574920654296875,0,0.0003953684144142322,-0.003634130880030395,0.008401110768318176,-0.021892696619033813,0.0,61.3851528074088,0.0,1
pair_107,GT,Rank_6,18,6,0.020798951727710964,0.0654876545581642,-0.04468870283045324,-0.0025464296340942383,0,0.0008044889975699077,0.003276230972914407,-0.010830357670783997,-0.0314812958240509,0.0,75.79931657416255,0.0,1
pair_107,GT,Rank_7,18,7,0.020798951727710964,0.054758770698300305,-0.03395981897058934,0.007491886615753174,0,0.0064235739747443565,-0.005659984550908881,0.04268178343772888,-0.013163536787033081,0.0,117.9973519341498,0.0,1
pair_107,GT,Rank_8,18,8,0.020798951727710964,0.05151333194378192,-0.03071438021607096,0.0027021169662475586,0,0.0028474816864619834,0.006460281820469094,0.01140989363193512,-0.025085657835006714,-0.0602081728298995,22.514223625684338,0.0,1
pair_107,GT,Rank_9,18,9,0.020798951727710964,0.04405209878086065,-0.023253147053149688,-0.003322124481201172,0,-0.00044948154027013576,-0.003840407780399624,0.02112157642841339,-0.03121334314346319,-0.075,95.79442901774217,0.0,1
pair_107,GT,Rank_10,18,10,0.020798951727710964,0.04272019192341834,-0.021921240195707375,0.007483303546905518,0,0.006891127523667495,-0.006120847059835843,0.02388283610343933,-0.01699274778366089,-0.075,111.81911661356077,0.0,1
pair_107,GT,Rank_11,18,11,0.020798951727710964,0.03243987199780556,-0.011640920270094599,0.01723480224609375,0,0.02045902243165132,0.010650332073697144,0.00858849287033081,0.016364246606826782,0.0,35.875865622248654,0.0,1
pair_107,GT,Rank_12,18,12,0.020798951727710964,0.025258237432617694,-0.0044592857049067305,0.017230629920959473,0,0.018106178933079198,0.007199733160811572,0.006926178932189941,0.002995193004608099,0.0,17.203954426505362,0.0,1
pair_107,GT,Rank_13,18,13,0.020798951727710964,0.024251358026750495,-0.003452406299039531,0.01556086540222168,0,0.01878786460223636,0.005321734858726557,0.018574625253677368,0.005869776010513306,0.0,12.572351044189503,0.0,1
pair_107,GT,Rank_14,18,14,0.020798951727710964,0.023230940028973194,-0.00243198830126223,0.011876821517944336,0,0.015118824430600086,0.007473447447964632,0.004630342125892639,-0.001391679048538208,0.0,49.47313120373326,0.0,1
pair_107,GT,Rank_15,18,15,0.020798951727710964,0.02255007977706177,-0.0017511280493508058,0.0028150081634521484,0,0.002261816823635132,0.006097039286249717,-0.006056532263755798,-0.030031949281692505,-0.043585412256314196,28.410895817002455,0.0,1
pair_107,GT,Rank_16,18,16,0.020798951727710964,0.02165684993666933,-0.0008578982089583673,0.0016709566116333008,0,0.005291228302973461,0.007396435206683538,-0.008092164993286133,-0.026601493358612116,-0.043585412256314196,61.710472281347364,0.0,1
pair_107,GT,Rank_17,18,17,0.020798951727710964,0.02082583901015541,-2.6887282444446048e-05,0.005260884761810303,0,0.0052494431901591865,0.006614031475181803,0.014778584241867065,-0.017385721206665095,-0.11249999999999989,36.65849446882285,0.0,1
pair_107,GT,Rank_19,18,19,0.020798951727710964,0.019215288399409492,0.0015836633283014719,0.00957709550857544,0,0.01204760386567083,-0.00027692484445951404,0.026501864194869995,-0.007630705833435114,0.0,95.47417208717978,0.0,1
pair_107,GT,Rank_20,18,20,0.020798951727710964,0.018850844610471706,0.0019481071172392575,0.003149569034576416,0,0.007732760637702563,-0.002586792002237437,0.008798524737358093,-0.0169333815574646,-0.075,86.39235066453436,0.0,1
pair_109,GT,Rank_2,1,2,0.42020634829011294,0.15107726445914305,0.2691290838309699,0.00371706485748291,0,0.06942904688584706,0.008530149747301707,-0.0030914023518562317,0.0018590092658997137,0.0,27.44450089597153,-0.044999999999999984,1
pair_109,GT,Rank_3,1,3,0.42020634829011294,0.08166493635340824,0.33854141193670473,0.004903197288513184,0,-0.022661385470344353,-0.0014664421964972751,-0.0082533229142428,0.014867514371872004,0.0,-23.993828372918642,-0.044999999999999984,1
pair_109,GT,Rank_4,1,4,0.42020634829011294,0.07058744722994968,0.34961890106016325,0.005350351333618164,0,0.020862981177616313,0.0029248378352896287,-0.02240591123700142,0.0008561015129089911,0.0,-5.31185423064349,0.0,1
pair_109,GT,Rank_5,1,5,0.42020634829011294,0.07036876206567798,0.34983758622443495,0.003152608871459961,0,-0.012006736493120451,-0.019248963960780907,-0.02263587899506092,0.0036500096321105957,0.0,7.463403342576299,-0.044999999999999984,1
pair_109,GT,Rank_6,1,6,0.42020634829011294,0.06808872706023784,0.3521176212298751,0.008442223072052002,0,-0.015371969970352728,0.005555554485447534,0.005790403112769071,0.0212546586990357,0.0,-9.087248328869165,-0.044999999999999984,1
pair_109,GT,Rank_7,1,7,0.42020634829011294,0.064303286657775,0.3559030616323379,0.00430065393447876,0,-0.019487032282512917,-0.02313005359207554,-0.0239101629704237,-0.0034961104393004816,0.0,-19.53045874041439,0.0,1
pair_109,GT,Rank_8,1,8,0.42020634829011294,0.061156862151825586,0.35904948613828735,-0.0009576678276062012,0,0.06273965919070357,-0.006714552224347026,0.0029064342379570007,-0.01084369421005249,0.0,-35.98135662162309,0.0,1
pair_109,GT,Rank_9,1,9,0.42020634829011294,0.06039802388313458,0.35980832440697835,0.004848301410675049,0,0.016726525389274882,0.0019998845169431068,0.0036313198506831568,0.01061204075813299,0.0,48.91795160843598,-0.044999999999999984,1
pair_109,GT,Rank_10,1,10,0.42020634829011294,0.053251523659981946,0.366954824630131,-0.0006793737411499023,0,-0.013492469944502039,-0.022761054652012946,-0.02095883898437023,-0.004342913627624512,0.0,31.293241413383527,-0.044999999999999984,1
pair_109,GT,Rank_11,1,11,0.42020634829011294,0.045901785972119524,0.3743045623179934,0.007641136646270752,0,0.09113910711363937,0.017290598768426646,-0.00432886928319931,0.015916317701339777,0.0,-48.63826264242908,0.0,1
pair_109,GT,Rank_12,1,12,0.42020634829011294,0.03458509743223706,0.3856212508578759,0.004522204399108887,0,0.024331781416158216,0.006474921175143589,-0.008843783289194107,0.016168981790542603,0.0,-13.563456701656563,-0.044999999999999984,1
pair_109,GT,Rank_13,1,13,0.42020634829011294,0.033588524082376975,0.38661782420773594,0.012648344039916992,0,-0.0063126459201904295,-0.008746085789214875,-0.0012668482959271032,0.051525622606277466,0.0,-8.24188282648997,0.0,1
pair_109,GT,Rank_14,1,14,0.42020634829011294,0.026041708782741646,0.3941646395073713,0.008629977703094482,0,0.008891803431528955,0.009862521743995378,0.0003137309104203623,0.024850845336914118,0.0,-84.58365356930418,0.0,1
pair_109,GT,Rank_15,1,15,0.42020634829011294,0.025644494914374823,0.3945618533757381,0.011304497718811035,0,0.02832636883896167,0.0047508292274131,0.00377733632922167,0.026529639959335383,0.0,-19.58367029817927,-0.044999999999999984,1
pair_109,GT,Rank_16,1,16,0.42020634829011294,0.024048023401234502,0.3961583248888784,0.015759587287902832,0,0.009235378105411418,0.02295161168023996,-0.015786131843924522,0.03319457173347479,0.0,21.414608304452358,-0.044999999999999984,1
pair_109,GT,Rank_17,1,17,0.42020634829011294,0.01990508261874956,0.40030126567136337,0.07629191875457764,0,0.16944635880971048,0.07596581939210201,0.007377155125141088,0.11147484183311468,-0.043585412256314196,-76.7618290093244,0.0,1
pair_109,GT,Rank_18,1,18,0.42020634829011294,0.01874518436630948,0.4014611639238035,0.08133012056350708,0,0.14404667984551722,0.09458152270905118,0.0026962403208016794,0.034647852182388306,0.0,64.89234796690565,-0.044999999999999984,1
pair_109,GT,Rank_19,1,19,0.42020634829011294,0.016265859294681613,0.40394048899543133,0.08503520488739014,0,0.1840966327063771,0.11706817966564287,0.0034264447167515755,0.06256446242332458,-0.008852549156242097,15.48164604425051,0.0,1
pair_109,GT,Rank_20,1,20,0.42020634829011294,0.016160330278081916,0.40404601801203105,0.07968097925186157,0,0.10540858044545398,0.10597919221776408,0.0052637215703725815,0.0721631646156311,0.0,13.92954859914147,0.0,1
pair_111,GT,Rank_2,1,2,0.8136343825913175,0.3362211358293225,0.477413246761995,0.13959407806396484,0,0.21199623100553566,0.19713639212076384,0.1771195828914643,0.056280672550201416,0.0,100.81032771321682,0.0,1
pair_111,GT,Rank_3,1,3,0.8136343825913175,0.2867588396613,0.5268755429300175,0.14355599880218506,0,0.205480100862366,0.1905465492353997,0.18677297607064247,0.05811738967895508,0.0,108.35146627928893,0.0,1
pair_111,GT,Rank_4,1,4,0.8136343825913175,0.2699553202194131,0.5436790623719043,0.18947088718414307,0,0.22559066762754676,0.09485076137029214,0.1272597666829825,-0.014812052249908447,0.0,60.9114162689868,0.0,1
pair_111,GT,Rank_5,1,5,0.8136343825913175,0.2681317374460952,0.5455026451452223,-0.008427977561950684,0,-0.015471401750252967,0.019308567134223353,0.07161159813404089,-0.04978537559509277,0.0,85.75648153366183,0.0,1
pair_111,GT,Rank_6,1,6,0.8136343825913175,0.2485213355650868,0.5651130470262307,0.16608506441116333,0,0.20265310409568715,0.15483289023073743,0.14977014809846878,0.12127682566642767,0.0,-7.960538598855464,0.0,1
pair_111,GT,Rank_7,1,7,0.8136343825913175,0.20388198748795472,0.6097523951033628,0.18140077590942383,0,0.17103701583679887,0.09127960663894474,0.14814510010182858,-0.031775593757629395,0.0,14.951951522719554,0.0,1
pair_111,GT,Rank_8,1,8,0.8136343825913175,0.17779292267564167,0.6358414599156759,0.01781386137008667,0,0.012235933987953973,0.037303242756727695,0.06847118958830839,-0.05497819185256958,0.0,-49.447556790494616,0.0,1
pair_111,GT,Rank_9,1,9,0.8136343825913175,0.1609305143172968,0.6527038682740207,0.14860916137695312,0,0.204587842398546,0.19078150261506166,0.1914182491600514,0.07927691936492925,-0.008852549156242097,115.62332937653768,0.0,1
pair_111,GT,Rank_10,1,10,0.8136343825913175,0.14449938453571268,0.6691349980556048,0.1658480167388916,0,0.16560270964466528,0.2363882396814979,0.13708803802728659,0.16232296824455267,0.0,6.961652059708939,0.0,1
pair_111,GT,Rank_11,1,11,0.8136343825913175,0.11087182379823977,0.7027625587930777,0.2929742932319641,0,0.28395710134708163,0.39554721831303813,0.27068664319813257,0.16311573982238775,-0.043585412256314196,62.05059425720806,0.0,1
pair_111,GT,Rank_12,1,12,0.8136343825913175,0.07364614879119769,0.7399882338001198,0.19019782543182373,0,0.18703893095699187,0.17535821376786365,0.20261283591389656,0.07572910189628607,0.0,-31.86386077985148,0.0,1
pair_111,GT,Rank_13,1,13,0.8136343825913175,0.06191977752683257,0.751714605064485,0.29363173246383667,0,0.3911552146245346,0.3640541523247192,0.2517027221620083,0.19037172198295593,-0.043585412256314196,66.52771775908249,0.0,1
pair_111,GT,Rank_14,1,14,0.8136343825913175,0.04364641705782844,0.769987965533489,0.14932799339294434,0,0.21456606418983715,0.16844636060904583,0.20886288210749626,0.09291771054267883,-0.043585412256314196,125.25570493348698,0.0,1
pair_111,GT,Rank_15,1,15,0.8136343825913175,0.03755027129681205,0.7760841112945054,0.16188299655914307,0,0.1566442697864534,0.2280934450278327,0.19028720259666448,0.10775157809257507,-0.0796164609606622,77.87873666482592,0.0,1
pair_111,GT,Rank_16,1,16,0.8136343825913175,0.02847403572890058,0.7851603468624169,0.3411383628845215,0,0.42898017657681287,0.3060214444268401,0.2293994184583426,0.039916813373565674,0.0,66.56735130302629,0.0,1
pair_111,GT,Rank_17,1,17,0.8136343825913175,0.023790157200999706,0.7898442253903177,0.18550288677215576,0,0.2087480917667478,0.08096933467387224,0.07553485780954361,-0.0021557211875915527,0.0,-55.750168733937585,0.0,1
pair_111,GT,Rank_18,1,18,0.8136343825913175,0.017337335437507942,0.7962970471538096,0.1957688331604004,0,0.35635016263124825,0.1447418084054526,0.1282328106462956,0.011145949363708496,0.0,-28.52932089443064,0.0,1
pair_111,GT,Rank_19,1,19,0.8136343825913175,0.016378852895954945,0.7972555296953625,0.1949707269668579,0,0.19222339138292066,0.0780314261879278,0.1429152917116881,0.011308789253234863,0.0,71.54092196362754,0.0,1
pair_111,GT,Rank_20,1,20,0.8136343825913175,0.015551511591973944,0.7980828709993435,0.29033905267715454,0,0.3755427563356529,0.3787483435937542,0.2573942542076111,0.15794458985328674,-0.1162132317597294,58.64374392639337,0.0,1
pair_113,GT,Rank_1,150,1,0.00014791434909847313,0.14843595659335854,-0.14828804224426007,-0.008693337440490723,0,-0.0062373893380076595,-0.0005098708627084836,-0.012173756957054138,-0.030124932527542114,0.0,133.2265995285182,0.07500000000000001,1
pair_113,GT,Rank_2,150,2,0.00014791434909847313,0.09407823148672638,-0.09393031713762791,-0.007232964038848877,0,-0.004957222652716364,1.2081219979309665e-05,0.008715137839317322,-0.034491062164306585,-0.03749999999999999,117.4689528241478,0.07500000000000001,1
pair_113,GT,Rank_3,150,3,0.00014791434909847313,0.08323391034058529,-0.08308599599148682,-0.010767698287963867,0,-0.007797732642525812,0.00029361219644108427,-0.0007510930299758911,-0.04069620370864868,-0.043585412256314196,129.3888112303822,0.07500000000000001,1
pair_113,GT,Rank_4,150,4,0.00014791434909847313,0.08240571408480765,-0.08225779973570918,-0.008825600147247314,0,-0.008281385640759753,-0.002328057674029216,0.003811269998550415,-0.04177588224411011,-0.0602081728298995,114.76905230975144,0.07500000000000001,1
pair_113,GT,Rank_5,150,5,0.00014791434909847313,0.06709570203504275,-0.06694778768594428,0.0014457106590270996,0,0.002625195072547215,0.006243511800345214,0.015930116176605225,-0.015165209770202581,-0.0796164609606622,116.1217704427254,0.07500000000000001,1
pair_113,GT,Rank_6,150,6,0.00014791434909847313,0.06281552262207374,-0.06266760827297527,-0.0044762492179870605,0,-0.002906262825293604,0.003241123376848787,0.022710517048835754,-0.020697146654128973,-0.008852549156242097,100.91551431323376,0.07500000000000001,1
pair_113,GT,Rank_7,150,7,0.00014791434909847313,0.058589914092208734,-0.05844199974311026,-0.0021512508392333984,0,-0.002511477673396101,0.005926772930076485,0.013657897710800171,-0.0219118595123291,0.0,147.28948247304695,0.07500000000000001,1
pair_113,GT,Rank_8,150,8,0.00014791434909847313,0.05093278428183986,-0.05078486993274139,-0.006571769714355469,0,-0.00688663086150354,0.00017966714918737914,0.011879190802574158,-0.04515928030014038,-0.075,142.71338549784258,0.07500000000000001,1
pair_113,GT,Rank_9,150,9,0.00014791434909847313,0.0502549664594318,-0.05010705211033333,-0.005924642086029053,0,-0.003369358376754894,0.006547884501904244,-0.01082611083984375,-0.036740183830261175,-0.0602081728298995,87.20015686637251,0.07500000000000001,1
pair_113,GT,Rank_10,150,10,0.00014791434909847313,0.04592341357891628,-0.04577549922981781,0.0042067766189575195,0,0.004477628424526703,0.008353365483858233,0.0019744932651519775,-0.01039174199104309,-0.008852549156242097,161.064798800063,0.07500000000000001,1
pair_113,GT,Rank_11,150,11,0.00014791434909847313,0.040819852313768994,-0.04067193796467052,-0.0005988478660583496,0,0.0002071081533492336,0.01507651174239033,0.030124783515930176,-0.019885778427123968,-0.008852549156242097,116.34663338536413,0.07500000000000001,1
pair_113,GT,Rank_12,150,12,0.00014791434909847313,0.03999197664582473,-0.03984406229672626,0.0014722347259521484,0,-0.0005653382194960033,-0.0027139259543755845,0.0024114996194839478,-0.016634047031402588,-0.08409902576697319,114.33349694377804,0.07500000000000001,1
pair_113,GT,Rank_13,150,13,0.00014791434909847313,0.039432671308736296,-0.039284756959637825,-0.0040367841720581055,0,-0.002201994759910453,0.008845063701924616,0.007937714457511902,-0.03393504023551941,0.0,132.4649032495381,0.07500000000000001,1
pair_113,GT,Rank_14,150,14,0.00014791434909847313,0.03693535047218801,-0.03678743612308954,0.0038892626762390137,0,-0.0010952308281103607,0.00025611210304976595,0.01681041717529297,-0.02051135897636408,-0.0927050983124842,113.11162366661506,0.07500000000000001,1
pair_113,GT,Rank_15,150,15,0.00014791434909847313,0.03295877562596384,-0.03281086127686537,-0.006004691123962402,0,-0.004915967974426727,-0.0014843335643487388,-0.0016121268272399902,-0.03600645065307617,-0.03749999999999999,86.07764889817588,0.07500000000000001,1
pair_113,GT,Rank_16,150,16,0.00014791434909847313,0.031284003007096745,-0.03113608865799827,-0.007131397724151611,0,-0.008340532081661078,0.0042523515110194365,-0.01101607084274292,-0.04145491123199457,-0.043585412256314196,101.34491531038012,0.07500000000000001,1
pair_113,GT,Rank_17,150,17,0.00014791434909847313,0.025166739284435878,-0.025018824935337403,0.004656672477722168,0,0.0032729789923312547,0.0010483012164964611,-0.002240106463432312,-0.004720360040664673,-0.008852549156242097,129.84789507397204,0.07500000000000001,1
pair_113,GT,Rank_18,150,18,0.00014791434909847313,0.016992550546103758,-0.016844636197005283,-0.00026869773864746094,0,-0.004844252169418861,0.00013082494833049907,0.01555544137954712,-0.028560638427734375,-0.11249999999999989,127.21156002691428,0.07500000000000001,1
pair_113,GT,Rank_19,150,19,0.00014791434909847313,0.016066027889816748,-0.015918113540718273,-0.0006431341171264648,0,-0.0023541031223149878,0.005438060147328505,0.03240036964416504,-0.026728838682174683,0.0,39.42039835497886,0.07,1
pair_113,GT,Rank_20,150,20,0.00014791434909847313,0.015019809105831082,-0.014871894756732609,0.002854466438293457,0,0.0019447621591157649,0.014077255070019112,-0.0022759735584259033,-0.019114941358566284,0.0,72.51887267194317,0.07500000000000001,1
pair_114,GT,Rank_1,4,1,0.6901857942690596,0.8727876063532755,-0.1826018120842159,-0.015281856060028076,0,-0.052984700840543186,0.039255732004490895,-0.025083713233470917,0.01776140928268427,0.0,23.163709005215395,0.0,1
pair_114,GT,Rank_2,4,2,0.6901857942690596,0.8415884518812718,-0.15140265761221228,0.004353076219558716,0,-0.07816685904190568,-0.01109679883801662,-0.006594799458980505,0.025158733129501287,0.0,22.017604364269033,0.0,1
pair_114,GT,Rank_3,4,3,0.6901857942690596,0.7462376671107009,-0.05605187284164137,-0.02090531587600708,0,-0.040363801987981285,0.030117284799159982,-0.014726471155881882,0.02403122186660761,0.0,20.328783553724605,0.0,1
pair_114,GT,Rank_5,4,5,0.6901857942690596,0.5168368721073477,0.17334892216171183,0.005242973566055298,0,-0.053368364140146674,-0.014318210428486022,-0.009749248623847906,0.050333142280578586,0.0,74.62553350139757,0.0,1
pair_114,GT,Rank_6,4,6,0.6901857942690596,0.4603332208018282,0.22985257346723137,0.0549821257591247,0,0.045138862805813834,0.041950641075336886,0.02048594132065773,0.1598246842622757,-0.0927050983124842,17.827953108429995,0.0,1
pair_114,GT,Rank_7,4,7,0.6901857942690596,0.4451612570301134,0.24502453723894618,-0.005062758922576904,0,-0.05287439016564505,-0.028018339612483623,-0.012365285307168905,0.04741954803466791,-0.075,13.142019367887627,0.0,1
pair_114,GT,Rank_8,4,8,0.6901857942690596,0.3172694933452486,0.37291630092381095,-0.00576445460319519,0,-0.07344275937508576,-0.022187762729683702,-0.014385227113962173,0.018614500761032104,-0.075,18.16924892113866,0.0,1
pair_114,GT,Rank_9,4,9,0.6901857942690596,0.20111038769374284,0.48907540657531673,0.0661391913890838,0,0.056769526687424826,0.10146433991844489,0.028635248541832026,0.1198200732469559,-0.0927050983124842,19.535546674293812,0.0,1
pair_114,GT,Rank_10,4,10,0.6901857942690596,0.1799027567812024,0.5102830374878572,0.005512118339538519,0,-0.05639487463358728,0.00690634594268319,-0.006154697388410568,0.021836221218109075,0.0,-29.142780340724386,0.0,1
pair_114,GT,Rank_11,4,11,0.6901857942690596,0.17781886843882724,0.5123669258302324,0.0063261389732360285,0,-0.009453409225280596,0.015739224383371775,-0.006480753421783392,0.0529415309429169,0.0,68.35083756552929,0.0,1
pair_114,GT,Rank_12,4,12,0.6901857942690596,0.17734497654882397,0.5128408177202356,0.06790408492088312,0,0.03974289801756081,0.07850098724049667,0.024459190666675623,0.1219130009412765,-0.075,13.025397802039322,0.0,1
pair_114,GT,Rank_13,4,13,0.6901857942690596,0.11028415890786752,0.5799016353611921,0.0033252537250518244,0,-0.07607250829878387,0.043525274598243596,-0.008680012077093069,0.08007493615150449,-0.075,24.822988616489567,0.0,1
pair_114,GT,Rank_14,4,14,0.6901857942690596,0.09092229570195673,0.5992634985671028,-0.01478460431098938,0,-0.07438298323373166,0.03745762127583219,-0.01864833757281298,0.028869986534118597,-0.11249999999999989,24.67580579273306,0.0,1
pair_114,GT,Rank_15,4,15,0.6901857942690596,0.08879465416152868,0.6013911401075309,0.06842178106307978,0,0.02368077652989284,0.09991949257565408,0.026534300297498703,0.1233177334070206,-0.12694368026754382,15.539326810749799,0.0,1
pair_114,GT,Rank_16,4,16,0.6901857942690596,0.08681096220750101,0.6033748320615586,0.05625483393669123,0,0.024538828235475235,0.0010024860635933774,0.02356443926692009,0.1020349115133285,-0.11249999999999989,9.947344493928199,0.0,1
pair_114,GT,Rank_17,4,17,0.6901857942690596,0.08531040766296982,0.6048753866060897,0.060559540987014715,0,0.04247277212432174,0.09960093338440137,0.031747318804264124,0.056809559464454595,-0.13713203435596422,72.23192564445165,0.0,1
pair_114,GT,Rank_18,4,18,0.6901857942690596,0.08156526710402502,0.6086205271650346,0.002469122409820501,0,-0.019838190064984274,-0.0133146827538968,-0.010154806077480316,0.04485231637954712,-0.11249999999999989,7.046733829731494,0.0,1
pair_114,GT,Rank_19,4,19,0.6901857942690596,0.08132953595074108,0.6088562583183185,0.06641528010368342,0,0.01113790789751834,0.13725500092868378,0.02937852218747139,0.12500239908695218,-0.1162132317597294,125.68582653826688,0.0,1
pair_114,GT,Rank_20,4,20,0.6901857942690596,0.07211679508674428,0.6180689991823153,0.06794947385787958,0,0.006250479972898737,0.09583130684117908,0.020207379013299998,0.14308084547519678,-0.0927050983124842,1.6566550885690958,0.0,1
pair_115,GT,Rank_1,7,1,0.7966598917439986,0.8804464927246459,-0.08378660098064727,0.03239864110946655,0,0.0163927479240209,-0.01244604919146619,0.003694683313369751,0.06992733478546143,0.0,-30.94791119129802,0.0,1
pair_115,GT,Rank_2,7,2,0.7966598917439986,0.8640302735729267,-0.06737038182892807,0.007991373538970947,0,0.010633855068839404,0.021340583051186357,-0.03401032090187073,0.027801513671875,0.0,-25.18056270186368,0.0,1
pair_115,GT,Rank_3,7,3,0.7966598917439986,0.8440183185042948,-0.04735842676029611,0.016375362873077393,0,0.01629196150885981,-0.0024120063085157906,-0.009145490825176239,0.06189972162246704,0.0,48.71046983248759,0.0,1
pair_115,GT,Rank_4,7,4,0.7966598917439986,0.8439348656080574,-0.04727497386405877,0.0027251243591308594,0,0.004704388846707763,-0.007577410554685082,-0.023755118250846863,0.014898061752319336,0.0,-17.957168126866932,0.0,1
pair_115,GT,Rank_5,7,5,0.7966598917439986,0.8140354554146542,-0.017375563670655514,0.01788228750228882,0,0.01867846676791607,0.026080750400307995,-0.009037762880325317,0.052808284759521484,-0.008852549156242097,44.17358297306667,0.0,1
pair_115,GT,Rank_6,7,6,0.7966598917439986,0.8081094817669435,-0.011449590022944878,0.03203648328781128,0,0.030790210776099225,-0.00916749970216646,0.0005829185247421265,0.10388430953025823,0.0,-32.08858833676133,0.0,1
pair_115,GT,Rank_8,7,8,0.7966598917439986,0.7359315066940944,0.0607283850499043,0.051363229751586914,0,0.029858049704719614,-0.007092459715518862,-0.00487866997718811,0.07649970054626465,0.0,-37.625707621063654,0.0,1
pair_115,GT,Rank_9,7,9,0.7966598917439986,0.47906625765942407,0.3175936340845746,-0.005502581596374512,0,-0.00536579478382504,-0.008889199164450412,-0.038254961371421814,-0.011466681957244873,-0.043585412256314196,-45.721057022579785,0.0,1
pair_115,GT,Rank_10,7,10,0.7966598917439986,0.37913564696820856,0.4175242447757901,0.11399191617965698,0,0.1114652727901898,0.15291337278575945,0.040989458560943604,0.10945492982864385,-0.008852549156242097,40.87610738205221,0.0,1
pair_115,GT,Rank_11,7,11,0.7966598917439986,0.37360808582345373,0.4230518059205449,0.007167935371398926,0,0.006637948261549509,0.010291136198733453,-0.00263427197933197,0.01789957284927368,-0.03749999999999999,41.45925633640874,0.0,1
pair_115,GT,Rank_12,7,12,0.7966598917439986,0.3474272797684784,0.4492326119755202,0.1223287582397461,0,0.11745694193853595,0.17587586590694593,0.05409914255142212,0.12680056691169744,-0.0602081728298995,37.3535051537978,0.0,1
pair_115,GT,Rank_13,7,13,0.7966598917439986,0.33722157775663064,0.459438313987368,0.014179110527038574,0,0.018545409534172497,0.03320840281608772,-0.046977415680885315,0.02632284164428711,0.0,-62.551640916030735,0.0,1
pair_115,GT,Rank_14,7,14,0.7966598917439986,0.17227886703689485,0.6243810247071038,0.027843773365020752,0,0.03390071300858488,0.05048045093658793,-0.004218205809593201,0.05717134475708008,-0.08409902576697319,-5.171177935029803,0.0,1
pair_115,GT,Rank_15,7,15,0.7966598917439986,0.14786093986626325,0.6487989518777354,0.02083122730255127,0,0.023395029789250787,0.0027925706169791287,-0.00872708112001419,0.05197817087173462,-0.075,-12.600078897925655,0.0,1
pair_115,GT,Rank_16,7,16,0.7966598917439986,0.12922530600633567,0.667434585737663,0.17305713891983032,0,0.16192295135119605,0.04669364357108863,0.037146151065826416,0.15002122521400457,-0.0796164609606622,34.36244258957355,0.0,1
pair_115,GT,Rank_17,7,17,0.7966598917439986,0.09072781804612653,0.7059320736978721,0.008970916271209717,0,0.007120869279070852,-0.0067146437758554,-0.03713785111904144,0.016264677047729492,-0.0796164609606622,-51.16543995741115,0.0,1
pair_115,GT,Rank_18,7,18,0.7966598917439986,0.08487772257750865,0.71178216916649,0.049739718437194824,0,0.029014529737814487,-0.0024017047578974715,-0.005306363105773926,0.10053426027297974,-0.043585412256314196,52.37499232248651,0.0,1
pair_115,GT,Rank_19,7,19,0.7966598917439986,0.07461324094901409,0.7220466507949845,0.03652852773666382,0,0.037270062776731505,0.0013845627963585683,-0.030967727303504944,0.09161943197250366,-0.008852549156242097,-56.646708206218236,0.0,1
pair_115,GT,Rank_20,7,20,0.7966598917439986,0.05363779863002365,0.743022093113975,0.13994473218917847,0,0.13686713496129688,0.1465226104821178,0.04474249482154846,0.11055323481559753,-0.11249999999999989,20.99982636559136,0.0,1
pair_116,GT,Rank_1,10,1,0.055327539507354875,0.8127735674402763,-0.7574460279329214,-0.0004327893257140558,0,0.018319163216402812,0.03040047579626759,-0.000780984759330694,-0.014410272240638705,0.11249999999999989,-20.793847758248376,0.0,1
pair_116,GT,Rank_2,10,2,0.055327539507354875,0.45287019724835487,-0.397542657741,0.0005720257759094238,0,0.054429469488719184,0.07384902354677808,-0.0029467195272445124,-0.009838670492172213,0.11249999999999989,-26.333193131915692,0.0,1
pair_116,GT,Rank_3,10,3,0.055327539507354875,0.3665037468259732,-0.31117620731861834,-0.007389992475509588,0,0.06184083523671097,0.08003841311364557,-0.0031814724206923883,-0.012828230857849121,0.11249999999999989,-14.619246145735644,0.0,1
pair_116,GT,Rank_4,10,4,0.055327539507354875,0.3556815142111719,-0.30035397470381703,-0.013116538524627686,0,0.03944078423385816,0.04892220392198948,-0.012338966131210327,-0.014796391129493713,0.0749999999999999,5.503978550111356,0.0,1
pair_116,GT,Rank_5,10,5,0.055327539507354875,0.12481752611441357,-0.0694899866070587,0.09164994955062872,0,0.1394755124812396,0.14080847024413287,0.03413160145282751,0.03039055317640299,0.03288353903933769,-29.637967758537087,0.0,1
pair_116,GT,Rank_6,10,6,0.055327539507354875,0.07615786627613806,-0.020830326768783186,0.06203925609588623,0,0.09170367466946211,0.07833805414154787,0.0627700537443161,0.020545303821563693,0.03288353903933769,-18.035458780503973,0.0,1
pair_116,GT,Rank_7,10,7,0.055327539507354875,0.07260287477269124,-0.017275335265336367,0.011402457952499445,0,0.015820815048130377,0.029847368000404273,0.008911952376365662,0.006546005606651278,0.11249999999999989,-19.763558819593186,0.0,1
pair_116,GT,Rank_8,10,8,0.055327539507354875,0.07041004446258124,-0.015082504955226367,-0.007326811552047674,0,0.04007785329699309,0.057193005147708365,0.024403981864452362,0.015556097030639593,0.0689145877436857,-40.65927796431444,0.0,1
pair_116,GT,Rank_9,10,9,0.055327539507354875,0.06171881792162975,-0.006391278414274872,0.004009604454040527,0,0.03145656148341086,0.05648541283787678,0.049639344215393066,0.010805234313011197,0.08143398282201779,22.732506934936367,0.0,1
pair_116,GT,Rank_11,10,11,0.055327539507354875,0.03682932554794811,0.01849821395940677,-0.003230690956115667,0,0.03491575063070529,0.04521730739461599,-0.006536856293678284,-0.004828333854675321,0.10364745084375779,-55.947971890333065,0.0,1
pair_116,GT,Rank_12,10,12,0.055327539507354875,0.033207352346199294,0.02212018716115558,0.08446493744850164,0,0.12702423517494338,0.15054920490271548,0.0881010033190251,0.05745860934257509,0.03288353903933769,15.523037581118047,0.0,1
pair_116,GT,Rank_13,10,13,0.055327539507354875,0.03197826557112873,0.023349273936226142,0.09662294387817383,0,0.11310955394506461,0.12619487394408638,0.04894376546144491,0.04279964417219159,0.11249999999999989,-28.2839567664424,0.0,1
pair_116,GT,Rank_14,10,14,0.055327539507354875,0.030452252364932743,0.024875287142422133,0.07464787364006042,0,0.1467451099328565,0.13996932920833588,0.07006855309009558,0.024274505674838992,0.019794901687515687,-50.99922403451808,0.0,1
pair_116,GT,Rank_15,10,15,0.055327539507354875,0.02736992729591896,0.027957612211435914,0.011642932891845703,0,0.0907853842075419,0.13286997962195557,0.045430585741996765,-0.0033842772245407104,0.019794901687515687,22.433973787072517,0.0,1
pair_116,GT,Rank_16,10,16,0.055327539507354875,0.026623510173549556,0.02870402933380532,0.095660001039505,0,0.1315839471287203,0.12589112801305097,0.0462246835231781,0.05531577020883559,0.10364745084375779,-32.102951539177155,0.0,1
pair_116,GT,Rank_17,10,17,0.055327539507354875,0.025170764050015646,0.03015677545733923,0.04736247658729553,0,0.010134491732726791,0.004144167722704761,0.046060711145401,0.038264825940132086,0.0,-2.37899902211646,0.0,1
pair_116,GT,Rank_18,10,18,0.055327539507354875,0.025142407108129733,0.030185132399225142,0.010073870420455933,0,0.10768334764962101,0.13760708489951598,0.03601387143135071,0.025713384151458685,0.037499999999999895,-37.37706985724404,0.0,1
pair_116,GT,Rank_19,10,19,0.055327539507354875,0.024832209058622417,0.03049533044873246,0.09447729587554932,0,0.16913867198749188,0.16992699963240737,0.0827915892004967,0.06283258646726608,0.11249999999999989,-47.79809812863752,0.0,1
pair_116,GT,Rank_20,10,20,0.055327539507354875,0.023073640934684562,0.03225389857267032,0.09592857956886292,0,0.1395134901392014,0.159982365083235,0.061424061655998285,0.007765397429466192,0.037499999999999895,37.493644721404834,0.0,1
pair_117,GT,Rank_2,1,2,0.46520707857420296,0.3714403890799779,0.09376668949422506,0.011096179485321045,0,0.011253885644281758,0.005453030503621448,0.016333356499671936,0.010487347841262817,0.0,63.29444769458093,0.0,1
pair_117,GT,Rank_3,1,3,0.46520707857420296,0.2197615331174869,0.24544554545671607,0.006453216075897217,0,0.006170599156263279,0.010423638164410054,-0.020848959684371948,-0.009764909744262695,0.0,99.0403732486053,0.0,1
pair_117,GT,Rank_4,1,4,0.46520707857420296,0.12198070999720735,0.3432263685769956,0.007008612155914307,0,0.010469108224691048,0.0032012149334511575,0.062150776386260986,0.008717507123947199,0.0,9.060881172633458,0.0,1
pair_117,GT,Rank_5,1,5,0.46520707857420296,0.07874320649149714,0.38646387208270583,0.011417269706726074,0,0.009498640459657648,0.01322736847590944,0.04096671938896179,0.011658459901809692,0.0,10.925094099273679,0.0,1
pair_117,GT,Rank_6,1,6,0.46520707857420296,0.0715760279804958,0.3936310505937072,0.11093634366989136,0,0.11530772307584525,0.1408472207845901,0.038235947489738464,0.12971839308738708,0.0,65.42684808334076,0.0,1
pair_117,GT,Rank_7,1,7,0.46520707857420296,0.05601267484961933,0.4091944037245836,0.011160552501678467,0,0.011503760278653297,0.013877670816499155,-0.03655129671096802,0.010392099618911799,0.0,91.8170169033545,0.0,1
pair_117,GT,Rank_8,1,8,0.46520707857420296,0.05014060680859045,0.4150664717656125,0.014118552207946777,0,0.019094617965539684,0.017462570495573315,-0.01865006983280182,0.01790142059326172,0.0,101.02812427265796,0.0,1
pair_117,GT,Rank_9,1,9,0.46520707857420296,0.036543235124954374,0.42866384344924857,0.014267802238464355,0,0.010790813351291284,0.008872813401850088,-0.0014532357454299927,0.008691340684890803,0.0,73.07115451836533,0.0,1
pair_117,GT,Rank_10,1,10,0.46520707857420296,0.03302089785245336,0.4321861807217496,0.01543968915939331,0,0.017726347069768167,0.020244360704858688,0.028503000736236572,0.0306837260723114,0.0,10.162173710475798,0.0,1
pair_117,GT,Rank_11,1,11,0.46520707857420296,0.03006049383681171,0.43514658473739126,0.011142373085021973,0,0.012793001645008184,0.004238608098799723,-0.003618955612182617,0.01995134353637701,0.0,-48.36986973153165,0.0,1
pair_117,GT,Rank_12,1,12,0.46520707857420296,0.028923323491094704,0.43628375508310824,0.016981065273284912,0,0.012925541772238147,0.006600995464617232,0.08192578703165054,0.004764705896377619,0.0,-2.4180425652406825,0.0,1
pair_117,GT,Rank_13,1,13,0.46520707857420296,0.026213232246439167,0.4389938463277638,0.01614898443222046,0,0.01213939996680613,0.016160508380041794,0.033451057970523834,-0.004448384046554565,0.0,-69.00844323611904,0.0,1
pair_117,GT,Rank_14,1,14,0.46520707857420296,0.02540354709034556,0.4398035314838574,0.14802461862564087,0,0.13542102334787343,0.06705364739539244,0.04446278512477875,0.04783588647842413,0.0,41.82498837529678,0.0,1
pair_117,GT,Rank_15,1,15,0.46520707857420296,0.02446770166783384,0.4407393769063691,0.014528155326843262,0,0.011742753931476502,0.008223135211736121,0.043005816638469696,0.021482974290847834,0.0,6.3701691933170395,0.0,1
pair_117,GT,Rank_16,1,16,0.46520707857420296,0.01842800313155319,0.4467790754426498,0.23098140954971313,0,0.21703759292856578,0.302339088952278,0.19416676461696625,0.20726442337036133,-0.0796164609606622,65.10393014422266,0.0,1
pair_117,GT,Rank_17,1,17,0.46520707857420296,0.018364556741163024,0.44684252183303996,0.11868345737457275,0,0.12326961338959153,0.07906443916830053,0.10155528038740158,0.13077718019485474,0.0,-27.670285060420923,0.0,1
pair_117,GT,Rank_18,1,18,0.46520707857420296,0.016697133736557283,0.44850994483764567,0.016646862030029297,0,0.012163019497534733,0.007595231428254801,-0.011028066277503967,0.017433077096939087,0.0,-45.88027700781626,0.0,1
pair_117,GT,Rank_19,1,19,0.46520707857420296,0.015512409904032416,0.44969466867017055,0.009131073951721191,0,0.010332460850356773,0.018315356552041973,-0.037504181265830994,0.010199189186096191,-0.008852549156242097,-41.811204975940456,0.0,1
pair_117,GT,Rank_20,1,20,0.46520707857420296,0.014907106196798848,0.4502999723774041,0.1435483694076538,0,0.1385707328044229,0.12114736132166004,0.050593793392181396,0.0661200881004334,0.0,31.29963831915488,0.0,1
pair_122,GT,Rank_1,3,1,0.8385049843672245,0.9354729436767538,-0.09696795930952928,0.037340074777603094,0,0.0359106230484833,0.022635145147354097,0.03175348043441767,0.05625331401824951,0.0,8.001552857296772,0.0,1
pair_122,GT,Rank_2,3,2,0.8385049843672245,0.9220883844000136,-0.08358340003278908,0.04687690734863281,0,0.011899626961966392,0.0203364318460017,0.02828933298587799,0.07166799902915952,0.0,-77.33868960284018,0.0,1
pair_122,GT,Rank_4,3,4,0.8385049843672245,0.8321070385081152,0.006397945859109355,0.03958475589752192,0,0.022839309350605463,-0.015599689011852103,0.019441276788711492,0.06361854076385501,0.0,-49.5077311550199,0.0,1
pair_122,GT,Rank_5,3,5,0.8385049843672245,0.7576615337211989,0.0808434506460256,0.020010441541671697,0,0.016569405364713075,0.016910494257000086,-0.007424399256706293,0.04231026768684382,0.0,-17.139966381359557,0.0,1
pair_122,GT,Rank_6,3,6,0.8385049843672245,0.7271682123749275,0.11133677199229708,0.02249127626419062,0,0.01989784853322557,0.0262435057729698,0.005764409899711553,0.057331547141075107,0.0,-26.091996354582918,0.0,1
pair_122,GT,Rank_7,3,7,0.8385049843672245,0.5257107167823145,0.31279426758491,0.05182170867919922,0,0.08369467434144495,0.045986768249369425,0.0373002290725708,0.0571596026420593,-0.03749999999999999,8.629714105287633,0.0,1
pair_122,GT,Rank_8,3,8,0.8385049843672245,0.4431614042824308,0.39534358008479376,0.004473298788070679,0,0.009570027841580286,0.006637985363293186,-0.010901913046836909,0.036578804254531805,-0.043585412256314196,-8.417111036754676,0.0,1
pair_122,GT,Rank_9,3,9,0.8385049843672245,0.18952966396948814,0.6489753203977364,0.02570641040802002,0,0.07142406669988399,0.010554586391770315,0.00645704567432398,0.04660670459270472,-0.0602081728298995,-44.12335041100289,0.0,1
pair_122,GT,Rank_10,3,10,0.8385049843672245,0.18626304346665828,0.6522419409005662,0.03333267569541931,0,0.0318110213542947,0.03368648101807009,0.013842836022376959,0.0708397626876831,-0.075,-35.219025511748555,0.0,1
pair_122,GT,Rank_11,3,11,0.8385049843672245,0.16484393411284035,0.6736610502543842,0.05433934926986689,0,0.09966249204833169,0.016507734949272823,0.046620965003967285,0.09336133301258082,-0.008852549156242097,15.428838984591678,0.0,1
pair_122,GT,Rank_12,3,12,0.8385049843672245,0.11360134611299834,0.7249036382542262,0.03770476579666138,0,0.08590266244744157,0.015600826694270875,0.019100055098533575,0.0759553462266922,-0.075,-62.998128343370965,0.0,1
pair_122,GT,Rank_13,3,13,0.8385049843672245,0.10701762507378566,0.7314873592934389,0.03905832767486567,0,0.07045781721648708,0.0779678451792685,0.038488864898681585,0.0566900372505188,0.0,-110.22418185474724,0.0,1
pair_122,GT,Rank_14,3,14,0.8385049843672245,0.10357313975705147,0.734931844610173,0.02748358249664301,0,0.06533676129367078,0.031110847296983324,0.012695655226707403,0.05369633436203,-0.075,-25.669902796203814,0.0,1
pair_122,GT,Rank_15,3,15,0.8385049843672245,0.10223109021582304,0.7362738941514015,0.08453047275543207,0,0.13691945406445669,0.1285628482283262,0.05624113976955408,0.1279653459787369,-0.11249999999999989,-71.58698192192453,0.0,1
pair_122,GT,Rank_16,3,16,0.8385049843672245,0.10146424688742167,0.7370407374798029,0.1312965750694275,0,0.10990965895763008,0.12128977576078101,0.11813020706176758,0.12446972727775571,-0.11249999999999989,10.298871206251874,0.0,1
pair_122,GT,Rank_17,3,17,0.8385049843672245,0.0874422758921101,0.7510627084751145,0.09036135673522949,0,0.1517308515436561,0.07518331864671549,0.0723398625850677,0.10418805480003351,-0.0602081728298995,-22.942655436579642,0.0,1
pair_122,GT,Rank_18,3,18,0.8385049843672245,0.08643089231827945,0.752074092048945,0.04995426535606379,0,0.10265755677481317,0.10689967864666941,0.0253325998783111,0.0650480836629867,0.0,-3.629510638190382,0.0,1
pair_122,GT,Rank_19,3,19,0.8385049843672245,0.08067084559641365,0.7578341387708109,0.03720280528068537,0,0.09961784458656509,0.025047932722267685,0.012825548648834173,0.0550880432128906,0.0,-120.4161713086478,0.0,1
pair_122,GT,Rank_20,3,20,0.8385049843672245,0.07815060636458888,0.7603543780026356,0.05679157376289368,0,0.010847939266809492,0.01473529177492261,0.03434653580188746,0.0996507853269577,0.0,-86.9640941291806,0.0,1
pair_123,GT,Rank_1,18,1,0.03430799075050366,0.6453771361127871,-0.6110691453622835,-0.020230114459991455,0,-0.05266263105592295,-0.042519171300815284,-0.019143573008477632,-0.05739718675613403,0.0,-24.426865443520477,0.0,1
pair_123,GT,Rank_2,18,2,0.03430799075050366,0.4974871831502091,-0.46317919239970545,-0.018695473670959473,0,-0.0542716552754724,-0.019129952619310275,-0.022241179831326008,-0.05114912986755371,0.0,-6.603486129470774,0.0,1
pair_123,GT,Rank_3,18,3,0.03430799075050366,0.4067796658496746,-0.37247167509917095,-0.01655822992324829,0,-0.04150490797256323,-0.014654503406131059,0.0004788646474480629,-0.0403631329536438,0.0,-54.6322907178965,0.0,1
pair_123,GT,Rank_4,18,4,0.03430799075050366,0.4028805275239208,-0.3685725367734171,-0.010958373546600342,0,-0.07639621978372069,-0.0578373402106751,0.006310918368399199,-0.0380517840385437,0.0,3.45684679491832,0.0,1
pair_123,GT,Rank_5,18,5,0.03430799075050366,0.3941875848392045,-0.35987959408870085,-0.012684226036071777,0,-0.08135457496760201,-0.05864852388214459,-0.020134872756898403,-0.035936951637268066,0.0,-63.20230067045106,0.0,1
pair_123,GT,Rank_6,18,6,0.03430799075050366,0.36325036635852914,-0.3289423756080255,-0.009620249271392822,0,-0.05248060179763114,-0.031881449882388724,0.012910689227283001,-0.01992213726043701,0.0,-53.11029731864392,0.0,1
pair_123,GT,Rank_7,18,7,0.03430799075050366,0.2913015563867648,-0.25699356563626113,-0.012943446636199951,0,-0.04680433958073249,-0.017239224463906355,-0.015022742561995928,-0.04261964559555054,0.0,-88.51230027233439,0.0,1
pair_123,GT,Rank_8,18,8,0.03430799075050366,0.27283807654212966,-0.238530085791626,-0.01007622480392456,0,-0.026281345579828086,0.002727224436279818,-0.01682184543460602,-0.03484296798706055,0.0,-76.64786756592804,0.0,1
pair_123,GT,Rank_9,18,9,0.03430799075050366,0.21829192028936897,-0.1839839295388653,-0.01271122694015503,0,-0.08727640178907681,-0.05525231955851839,-0.004201353527605534,-0.03512465953826904,0.0,-46.189463552447314,0.0,1
pair_123,GT,Rank_10,18,10,0.03430799075050366,0.21688912763054147,-0.1825811368800378,-0.010896682739257812,0,-0.056045584947795435,-0.019660272436673676,0.0043828459456563,-0.03376889228820801,0.0,-107.8404387730397,0.0,1
pair_123,GT,Rank_11,18,11,0.03430799075050366,0.11925423798976648,-0.0849462472392628,-0.0031505227088928223,0,-0.08171902864177572,-0.06476616501956878,-0.009249757044017315,-0.03321647644042969,0.0,-57.71056231971456,0.0,1
pair_123,GT,Rank_12,18,12,0.03430799075050366,0.06853942157274281,-0.03423143082223915,-0.0068097710609436035,0,-0.060437526908776795,-0.03876846293397196,-0.006902309134602547,-0.030755043029785156,0.0,-63.77515301622493,0.0,1
pair_123,GT,Rank_13,18,13,0.03430799075050366,0.057836079036715164,-0.0235280882862115,0.0020962953567504883,0,-0.08715305740641377,-0.05194843106223701,0.004110842011868954,-5.677342414850406e-05,0.0,-84.08992066685718,0.0,1
pair_123,GT,Rank_14,18,14,0.03430799075050366,0.04593650593245223,-0.011628515181948566,-0.008956074714660645,0,-0.010089365178296839,0.028335924727847073,-0.012550880201160908,-0.02123284339904785,0.0,-34.89165294834819,0.0,1
pair_123,GT,Rank_15,18,15,0.03430799075050366,0.04319866581610414,-0.008890675065600477,0.09875112771987915,0,0.04255763502614052,0.007401100282267592,0.007763800211250782,0.0007274746894836981,0.0,-53.628650834036385,0.0,1
pair_123,GT,Rank_16,18,16,0.03430799075050366,0.0421153155330646,-0.007807324782560937,0.00018864870071411133,0,-0.05348912244861337,-0.019311591806356887,-0.015643910504877512,-0.00017502903938293457,0.0,-57.93883969481484,0.0,1
pair_123,GT,Rank_17,18,17,0.03430799075050366,0.039593986423169594,-0.0052859956726659316,-0.004771888256072998,0,-0.027817963337169682,-0.021229809302293345,-0.015170115046203136,-0.007492810487747192,0.0,-69.2414096642205,0.0,1
pair_123,GT,Rank_19,18,19,0.03430799075050366,0.033150578537270145,0.0011574122132335177,0.09647077322006226,0,0.04451390575029701,0.114976982841834,0.022112536244094372,0.03661271929740911,0.0,-19.563162813168866,0.0,1
pair_123,GT,Rank_20,18,20,0.03430799075050366,0.02617341796865898,0.008134572781844682,0.00731891393661499,0,-0.08379032747487769,-0.05417395852452256,0.0021534599363803864,0.004308938980102595,0.0,-97.46049004261073,0.0,1
pair_125,GT,Rank_1,2,1,0.18104072549630557,0.22675668666303014,-0.04571596116672458,-0.009324908256530762,0,0.0026761499372619513,0.03243839621716471,-0.0008942447602748871,-0.012337207794189453,0.0,-2.0975783638098164,0.0,1
pair_125,GT,Rank_3,2,3,0.18104072549630557,0.15177034562648994,0.02927037986981562,0.0005174875259399414,0,0.017087282839589046,0.0354492960994468,0.015440713614225388,0.025312364101409968,0.0,45.30639567460675,0.0,1
pair_125,GT,Rank_4,2,4,0.18104072549630557,0.12715321679625616,0.05388750870004941,0.0005596280097961426,0,0.004475939719956967,0.0017999958480870992,-0.017446003854274694,0.0016558170318603516,-0.008852549156242097,56.919774868932485,0.0,1
pair_125,GT,Rank_5,2,5,0.18104072549630557,0.11002352622951472,0.07101719926679084,0.0017186999320983887,0,0.016398501759516737,0.03186075745267536,-0.03074348345398903,0.003422260284423828,0.0,4.6099592973850605,0.0,1
pair_125,GT,Rank_6,2,6,0.18104072549630557,0.09165472799408629,0.08938599750221927,0.004378676414489746,0,-0.004864527488075532,0.01882808239977385,-0.034507278352975845,0.02095767855644226,0.0,60.16642342564468,0.0,1
pair_125,GT,Rank_7,2,7,0.18104072549630557,0.0871992803434841,0.09384144515282146,0.0021068453788757324,0,0.03955263562053779,0.023181801323975848,-7.191672921180725e-05,0.014110863208770752,0.0,51.10732186441,0.0,1
pair_125,GT,Rank_8,2,8,0.18104072549630557,0.0739985251571789,0.10704220033912666,-0.00013238191604614258,0,0.010865869909206904,0.010993185642281578,-0.03661370649933815,0.0027889013290405273,0.0,4.53642696179692,0.0,1
pair_125,GT,Rank_9,2,9,0.18104072549630557,0.07011341232654443,0.11092731316976114,-0.006457388401031494,0,0.0002809127409422185,0.018346345722736968,-0.0074920691549777985,-0.007816910743713379,-0.043585412256314196,-47.06959474431815,0.0,1
pair_125,GT,Rank_10,2,10,0.18104072549630557,0.06331595144752752,0.11772477404877804,-0.0014792084693908691,0,0.012246121893810136,0.02781436508352042,-0.03758108615875244,-0.0007554888725280762,0.0,64.55800753108616,0.0,1
pair_125,GT,Rank_11,2,11,0.18104072549630557,0.03646920494687007,0.1445715205494355,0.0013211965560913086,0,0.030926274581617008,0.01180840187731802,-0.01529407873749733,0.004149436950683594,0.0,-54.64452534480094,0.0,1
pair_125,GT,Rank_12,2,12,0.18104072549630557,0.03202414068195664,0.14901658481434893,-0.003594636917114258,0,-0.002892638184419427,0.003974268526693803,-0.03921373933553696,0.013448268175125178,0.0,-70.98541151804542,0.0,1
pair_125,GT,Rank_13,2,13,0.18104072549630557,0.027296739243982498,0.15374398625232308,0.12938910722732544,0,0.10893385389776311,0.15890816306979605,0.04917923733592039,0.08212888240814215,-0.03749999999999999,15.040336022371562,0.0,1
pair_125,GT,Rank_14,2,14,0.18104072549630557,0.025734583307334063,0.1553061421889715,-0.006550192832946777,0,-0.0014734106167234584,-0.004159999833448613,-0.018754314631223623,-0.010899186134338379,0.0,-83.93419939397322,0.0,1
pair_125,GT,Rank_15,2,15,0.18104072549630557,0.024327136542203916,0.15671358895410165,0.00833505392074585,0,-0.011197841393621233,0.060084955238683846,-0.0037157870829105377,0.04979485273361206,0.0,53.314724740065834,0.0,1
pair_125,GT,Rank_16,2,16,0.18104072549630557,0.021585106185564088,0.15945561931074148,0.11720144748687744,0,0.13563063301518508,0.18224865815533398,0.05123621970415121,0.07998749613761907,0.0,-41.14488645459983,0.0,1
pair_125,GT,Rank_17,2,17,0.18104072549630557,0.020126425579378767,0.1609142999169268,0.12445306777954102,0,0.13797462074527334,0.18323781166768482,0.04948882386088371,0.06302005052566534,0.0,4.279454110022016,0.0,1
pair_125,GT,Rank_18,2,18,0.18104072549630557,0.02010660326066528,0.1609341222356403,0.09462690353393555,0,0.09605480403232025,0.17080445716153492,0.03575412184000021,0.03912770748138428,0.0,-0.3698687274537207,0.0,1
pair_125,GT,Rank_19,2,19,0.18104072549630557,0.019044927619196354,0.16199579787710922,0.13149845600128174,0,0.11384535688054598,0.04819807753269767,0.01747679710388189,0.07078623771667486,0.0,35.50680946656209,0.0,1
pair_125,GT,Rank_20,2,20,0.18104072549630557,0.01848893443410672,0.16255179106219886,0.10818058252334595,0,0.1540790737981116,0.1602885735652949,0.0343450084328652,0.09373456239700317,0.0,11.150962480364598,0.0,1
pair_126,GT,Rank_1,2,1,0.752112967988453,0.7918514283011283,-0.03973846031267536,0.033026218414306585,0,0.025978004272287802,0.038640929022997705,0.007502645254135187,0.012526385486126002,0.008852549156242097,-85.06251663431888,0.0,1
pair_126,GT,Rank_3,2,3,0.752112967988453,0.2838826986756056,0.46823026931284734,0.038990020751953125,0,0.03347185254071311,0.032287407814577895,-0.024013295769691412,0.029886893928050995,0.008852549156242097,-31.910738009356542,0.0,1
pair_126,GT,Rank_4,2,4,0.752112967988453,0.17185584648756774,0.5802571215008852,0.033949464559555,0,0.02906474269155751,0.03849707938167829,-0.02179832756519312,0.016412012279033703,-0.028647450843757895,-38.916214207271814,0.0,1
pair_126,GT,Rank_5,2,5,0.752112967988453,0.11042563892202995,0.641687329066423,0.1195523738861084,0,0.0965813129578246,0.12415023309700568,0.00440973043441778,0.021963868290185998,-0.10364745084375779,-123.91710936427202,0.0,1
pair_126,GT,Rank_6,2,6,0.752112967988453,0.10848222741316764,0.6436307405752854,0.09758323431015009,0,0.08477382433730471,0.08300608629075759,0.007131904363632285,0.021782983094453895,-0.0707639118044201,-116.71794484254829,0.0,1
pair_126,GT,Rank_7,2,7,0.752112967988453,0.09112406517852444,0.6609889028099285,0.041678011417388916,0,0.0370549179699976,0.036246159609452766,-0.017409406602382604,0.055451150983572096,0.008852549156242097,-113.6211607541081,0.0,1
pair_126,GT,Rank_8,2,8,0.752112967988453,0.09066869880727364,0.6614442691811793,0.03836411237716669,0,0.018812295292665204,0.032259315113375764,-0.03487180173397059,-0.00028974562883370136,-0.0347328631000721,-58.00831091812487,0.0,1
pair_126,GT,Rank_9,2,9,0.752112967988453,0.07259789359189901,0.6795150743965539,0.1288698613643646,0,0.11130775705707172,0.12450226422136149,0.05535105615854269,0.0756522966548801,0.0,-35.1100138857939,0.0,1
pair_126,GT,Rank_10,2,10,0.752112967988453,0.07252256943793361,0.6795903985505194,0.04959240555763239,0,0.04030897823024751,0.037876830710585785,0.0026320815086364746,0.010512396693229703,-0.028647450843757895,-47.40343746416031,0.0,1
pair_126,GT,Rank_11,2,11,0.752112967988453,0.06436861789353775,0.6877443500949152,0.06916975975036621,0,0.05389241116075891,0.059463110500385274,0.006364457309246091,0.016276270151138403,-0.0347328631000721,-147.7671324928292,0.0,1
pair_126,GT,Rank_12,2,12,0.752112967988453,0.05992805955199913,0.6921849084364539,0.04256933927536011,0,0.0324144564714095,0.044939903986843,0.02087411284446719,0.021397709846496596,0.008852549156242097,-92.74291868091734,0.0,1
pair_126,GT,Rank_13,2,13,0.752112967988453,0.059327991938993685,0.6927849760494593,0.04427778720855713,0,0.037626051824265705,0.0343682342287186,-0.009196430444717407,5.865842103959518e-05,-0.0347328631000721,-77.73362328675938,0.0,1
pair_126,GT,Rank_14,2,14,0.752112967988453,0.05402496180289102,0.6980880061855619,0.03816083073616022,0,0.0375991941114068,0.05074916843020477,-0.024305298924446106,0.026912014931440395,-0.028647450843757895,-50.63925026137755,0.0,1
pair_126,GT,Rank_15,2,15,0.752112967988453,0.038517957670858596,0.7135950103175943,0.03415384888648981,0,0.025730452218425293,0.03301888446726431,0.0178289413452149,0.0412491075694561,-0.028647450843757895,-127.2784577317924,0.0,1
pair_126,GT,Rank_16,2,16,0.752112967988453,0.03784237584440395,0.714270592144049,0.04757720232009882,0,0.04623757042388152,0.045589557934090974,-0.01032942533493042,-0.0052181109786033075,0.008852549156242097,-54.60777146010307,0.0,1
pair_126,GT,Rank_17,2,17,0.752112967988453,0.035260430906657966,0.716852537081795,0.04961299896240229,0,0.044712169446869704,0.05656007419707587,0.024632640182971982,0.0200377143919468,-0.10364745084375779,-74.0104800926672,0.0,1
pair_126,GT,Rank_18,2,18,0.752112967988453,0.03525356778651335,0.7168594002019396,0.0685400664806366,0,0.057016654559086416,0.05048191430958071,-0.0005033612251281183,0.0013348758220673024,0.008852549156242097,-32.62455473567173,0.0,1
pair_126,GT,Rank_19,2,19,0.752112967988453,0.034997458326134975,0.717115509662318,0.08894211053848261,0,0.07069863098292642,0.059980897994686866,0.006855390965938596,0.003352694213390392,0.008852549156242097,-26.02258687087481,0.0,1
pair_126,GT,Rank_20,2,20,0.752112967988453,0.03030489081219066,0.7218080771762623,0.08185847103595731,0,0.05140400975073592,0.07091721902313908,0.008466154336929377,0.023609038442373297,-0.10364745084375779,-152.3039489990445,0.0,1
pair_128,GT,Rank_1,14,1,0.031120414678478654,0.7989528330034527,-0.767832418324974,-0.01945558190345764,0,0.11350134363163628,0.03509177939528352,-0.017837449908256586,-0.03012976050376892,0.075,9.411014787727822,0.0,1
pair_128,GT,Rank_2,14,2,0.031120414678478654,0.6034238358606662,-0.5723034211821875,-0.010299265384674017,0,0.07631946637216169,0.03485438284453113,-0.009903848171234186,-0.005797028541564997,0.075,14.933182801426852,0.0,1
pair_128,GT,Rank_3,14,3,0.031120414678478654,0.3402442860694701,-0.30912387139099146,-0.020261317491531372,0,0.08993393885546697,0.011819406733721616,-0.01843699812889099,-0.030445098876953125,0.014791827170100497,0.2202484283152728,0.0,1
pair_128,GT,Rank_4,14,4,0.031120414678478654,0.19535379069080094,-0.1642333760123223,-0.005079746246337891,0,0.14542076730407366,0.0370455346062285,-0.003511756658554077,-0.012204974889755305,0.075,5.775667065939302,0.0,1
pair_128,GT,Rank_5,14,5,0.031120414678478654,0.15766316626928645,-0.1265427515908078,-0.012963324785232488,0,0.16164189580336108,0.0456969242345881,0.020799756050109808,-0.0233767032623291,0.014791827170100497,22.4360845039827,0.0,1
pair_128,GT,Rank_6,14,6,0.031120414678478654,0.08906736209682241,-0.057946947418343754,-0.012891650199890081,0,0.07915083639891551,0.005528214934263198,-0.012688890099525507,-0.006409496068954523,0.075,-19.671542761113187,0.0,1
pair_128,GT,Rank_7,14,7,0.031120414678478654,0.06676242364520288,-0.035642008966724224,-0.008421599864959717,0,0.11344239880947321,0.0156926363335671,-0.00839079916477209,-0.0031303763389587957,0.075,-34.4090425835802,0.0,1
pair_128,GT,Rank_8,14,8,0.031120414678478654,0.051236984026236186,-0.020116569347757532,0.06242185831069952,0,0.2090174321139686,0.0875069645658042,0.017472140491008703,0.008686363697052002,0.0,29.79906503238402,0.0,1
pair_128,GT,Rank_9,14,9,0.031120414678478654,0.04534760742235234,-0.014227192743873684,0.03404372930526739,0,0.2467439575167297,0.08917863211804111,0.027266614139079992,0.03991048038005829,-0.037499999999999895,-28.267436364996513,0.0,1
pair_128,GT,Rank_10,14,10,0.031120414678478654,0.045177703621652875,-0.01405728894317422,-0.006333798170089722,0,0.1645316706066408,0.013978814817853513,0.005915917456149999,0.0012774467468261719,0.075,34.0763944563771,0.0,1
pair_128,GT,Rank_11,14,11,0.031120414678478654,0.03681170608632452,-0.005691291407845862,0.09015095233917242,0,0.20114578829234947,0.1172737789649787,0.039061605930328314,0.0542411208152771,-0.04121323175972941,46.06085105743638,0.0,1
pair_128,GT,Rank_12,14,12,0.031120414678478654,0.03601155757364009,-0.004891142895161439,-0.015477478504180908,0,0.058135874247781605,-0.0315752389307461,-0.011373676359653473,-0.018160104751586914,0.0314145877436858,-22.051931583851314,0.0,1
pair_128,GT,Rank_13,14,13,0.031120414678478654,0.03116170767961549,-4.1293001136834956e-05,-0.020649582147598267,0,0.09652529209286359,-0.007059850571646764,-0.012589618563652094,-0.019931882619857788,-0.004616460960662205,29.731798690274076,0.0,1
pair_128,GT,Rank_15,14,15,0.031120414678478654,0.030909101518081926,0.00021131316039672832,0.05263316631317139,0,0.08515312503650918,-0.011432482954085388,0.03460809588432312,0.018601596355438177,-0.0686606960566987,44.23672894079692,0.0,1
pair_128,GT,Rank_16,14,16,0.031120414678478654,0.026533810493689608,0.004586604184789046,0.07551705837249761,0,0.19814775821883918,0.0583797002960334,0.04915726184844971,0.06981748342514038,-0.037499999999999895,-4.076087968974349,0.0,1
pair_128,GT,Rank_17,14,17,0.031120414678478654,0.023000338518890544,0.00812007615958811,0.06222349405288702,0,0.14935302767082698,0.09207831453032311,0.016752809286117498,0.040011659264564486,-0.037499999999999895,-28.522701888431044,0.0,1
pair_128,GT,Rank_18,14,18,0.031120414678478654,0.021184938427124857,0.009935476251353798,0.0712328851222992,0,0.11989050695282671,0.04115163509036113,0.07078288123011589,0.052256435155868475,-0.037499999999999895,17.525960405436592,0.0,1
pair_128,GT,Rank_19,14,19,0.031120414678478654,0.02011192424627803,0.011008490432200625,-0.018084198236465454,0,0.17190542381871676,-0.023188870158323605,-0.014103353023529108,-0.0244273841381073,0.0314145877436858,-25.230298940090705,0.0,1
pair_128,GT,Rank_20,14,20,0.031120414678478654,0.019793963559850063,0.01132645111862859,0.07612895965576172,0,0.2772084626751456,0.052730620687839624,0.020686432719230596,0.043264999985694885,0.0661474508437579,17.020111972794297,0.0,1
pair_129,GT,Rank_2,1,2,0.8165532914240496,0.565880818119358,0.25067247330469167,0.018950700759887695,0,0.015869943590333446,0.012769248250424914,0.00468363612890238,-0.01618194580078125,0.0,38.19848812100176,0.0,1
pair_129,GT,Rank_3,1,3,0.8165532914240496,0.1024076741086668,0.7141456173153828,0.15946829319000244,0,0.1537673012373132,0.13822468413026456,0.027327261865139008,0.058604866266250666,0.0,-7.116046888984897,0.0,1
pair_129,GT,Rank_4,1,4,0.8165532914240496,0.0718904419810365,0.7446628494430132,0.16138958930969238,0,0.15514809290921505,0.13720591253668846,0.023221872746944372,0.04829293489456177,0.0,-24.36588525137742,0.0,1
pair_129,GT,Rank_5,1,5,0.8165532914240496,0.06403070872443534,0.7525225826996143,0.15955901145935059,0,0.15861321186146504,0.14001553590674587,0.051276519894599915,0.03986227512359619,0.0,-15.220366677666334,0.0,1
pair_129,GT,Rank_6,1,6,0.8165532914240496,0.05632340548568404,0.7602298859383656,0.17250806093215942,0,0.1666335465717611,0.1916898357565865,0.05282376706600189,0.05619326233863836,0.0,-11.031442004464566,0.0,1
pair_129,GT,Rank_7,1,7,0.8165532914240496,0.05026346206034381,0.7662898293637058,0.16111427545547485,0,0.1576696565368626,0.13473180284671282,0.0270209982991218,0.03632935881614685,0.0,-31.80555790071864,0.0,1
pair_129,GT,Rank_8,1,8,0.8165532914240496,0.03894148576236478,0.7776118056616849,0.15658330917358398,0,0.15716209411133442,0.17781337647565976,0.039951041340827886,0.1279434114694596,0.0,42.74295600636103,0.0,1
pair_129,GT,Rank_9,1,9,0.8165532914240496,0.03690664191256275,0.7796466495114869,0.16360270977020264,0,0.15984138140502946,0.14461890429896007,0.05439227819442749,0.027359366416931152,0.0,17.27100322343655,0.0,1
pair_129,GT,Rank_10,1,10,0.8165532914240496,0.033638305525401854,0.7829149858986478,0.29631102085113525,0,0.2935910013088907,0.2778599501278104,0.06290978193283081,0.11911650002002719,-0.043585412256314196,9.670312406276722,0.0,1
pair_129,GT,Rank_11,1,11,0.8165532914240496,0.02941793474683257,0.7871353566772171,0.16475355625152588,0,0.15992994376101155,0.14429980927613695,0.03346963226795191,0.020790457725524902,0.0,-6.932269563864395,0.0,1
pair_129,GT,Rank_12,1,12,0.8165532914240496,0.029286335267099773,0.7872669561569499,0.14480698108673096,0,0.14445208946421895,0.16674561123472853,0.03284032642841339,0.08101272583007818,-0.11249999999999989,33.48848823822128,0.0,1
pair_129,GT,Rank_13,1,13,0.8165532914240496,0.026975275459780266,0.7895780159642694,0.18607306480407715,0,0.17998150479838881,0.19171511233286098,0.06072819232940668,0.09859755635261536,-0.03749999999999999,63.03589189970884,0.0,1
pair_129,GT,Rank_14,1,14,0.8165532914240496,0.026847926407130795,0.7897053650169188,0.16983312368392944,0,0.16396612029692748,0.14272098612291273,0.030790582299232483,0.051654100418090876,0.0,-18.610615190256937,0.0,1
pair_129,GT,Rank_15,1,15,0.8165532914240496,0.025286619666157733,0.7912666717578919,0.16486197710037231,0,0.15936433108716752,0.13022054747997314,0.03278512507677073,0.043980687856674194,0.0,-23.917174188931142,0.0,1
pair_129,GT,Rank_16,1,16,0.8165532914240496,0.022801861547361187,0.7937514298766885,0.17007148265838623,0,0.16385687873685506,0.19061597230004979,0.044975824654102325,0.0772358775138855,0.0,47.88016716753208,0.0,1
pair_129,GT,Rank_17,1,17,0.8165532914240496,0.022696806547023392,0.7938564848770262,0.16646593809127808,0,0.1609551346919148,0.14596331718644817,0.0277569517493248,0.04287004470825195,0.0,5.63695704055408,0.0,1
pair_129,GT,Rank_18,1,18,0.8165532914240496,0.019852357369511096,0.7967009340545386,0.17209714651107788,0,0.16585391925693505,0.13438278463226405,0.05298949033021921,0.06253325939178467,0.0,-0.7696910909660062,0.0,1
pair_129,GT,Rank_19,1,19,0.8165532914240496,0.017750087787662124,0.7988032036363876,0.28700363636016846,0,0.2785675709980849,0.2887624741927775,0.058111090213060324,0.05834317207336426,0.0,46.02727955989825,0.0,1
pair_129,GT,Rank_20,1,20,0.8165532914240496,0.015616824472500115,0.8009364669515495,0.29242473840713507,0,0.2962322206399931,0.3252107488127219,0.13788632303476328,0.13350291550159457,-0.008852549156242097,69.64131415010853,0.0,1
pair_130,GT,Rank_1,8,1,0.19167020470207707,0.811482317837336,-0.619812113135259,-0.025593876838684082,0,-0.04580718415566132,-0.04179793474900395,-0.002578169107437134,-0.008882209658622686,0.075,-43.70833403532717,0.0,1
pair_130,GT,Rank_2,8,2,0.19167020470207707,0.7876629562818948,-0.5959927515798177,0.0008769631385803223,0,-0.004667234890086913,0.0068926081289770735,0.012177735567092896,0.007414773106575012,0.075,-19.938503380197673,0.0,1
pair_130,GT,Rank_3,8,3,0.19167020470207707,0.785972553744313,-0.5943023490422359,-0.0174302458763122,0,-0.03879276387954139,-0.03031782805809724,-0.00023400783538812808,0.012765735387802096,0.075,-42.26262140211284,0.0,1
pair_130,GT,Rank_4,8,4,0.19167020470207707,0.6943665352072472,-0.5026963305051702,-0.001625657081604004,0,-0.014809405854692037,-0.006292168807993548,0.00231125950813299,0.0028605163097382147,0.075,13.498019459396147,0.0,1
pair_130,GT,Rank_5,8,5,0.19167020470207707,0.6448361421065818,-0.4531659374045047,-0.013216584920883179,0,-0.017587790547399118,-0.02634587227435231,-0.004127100110054016,0.018036186695098905,0.075,-58.146212972837844,0.0,1
pair_130,GT,Rank_6,8,6,0.19167020470207707,0.5154786157629727,-0.32380841106089564,0.0007894337177277166,0,-0.03989169486356403,-0.0059301075720117336,-0.002917453646659851,0.02263584733009341,0.0661474508437579,-52.910364160569145,0.0,1
pair_130,GT,Rank_7,8,7,0.19167020470207707,0.2976104559309958,-0.1059402512289187,-0.0061248838901519775,0,0.017163543557260685,0.022120711390102965,0.003279060125350952,0.0212979465723038,0.075,-43.535643080579746,0.0,1
pair_130,GT,Rank_9,8,9,0.19167020470207707,0.16793596897908328,0.023734235722993796,0.009588062763214111,0,0.004316653139802007,0.011772514538946788,0.010197266936302185,-0.0009280890226363858,0.0661474508437579,-46.45689324033225,0.0,1
pair_130,GT,Rank_10,8,10,0.19167020470207707,0.13573116419267042,0.05593904050940665,0.01824581623077398,0,-0.05144702312151189,-0.02586955703606042,0.04462632536888128,0.02037505805492401,0.075,-52.49836614763339,0.0,1
pair_130,GT,Rank_11,8,11,0.19167020470207707,0.10814973556681447,0.0835204691352626,0.052318722009658813,0,0.0745344971986921,0.11192153381840408,0.05025579035282135,8.127093315130063e-05,0.037500000000000006,-76.75728085894133,0.0,1
pair_130,GT,Rank_12,8,12,0.19167020470207707,0.1060013573046614,0.08566884739741568,-0.010280400514602606,0,0.010085165380319172,0.02393661586242879,0.007495671510696467,0.011984914541244507,-0.037499999999999895,-64.27778883972758,0.0,1
pair_130,GT,Rank_13,8,13,0.19167020470207707,0.10130708558818471,0.09036311911389236,-0.001566559076309204,0,-0.03806147725351311,0.02126513608423347,0.004923969507217463,0.0017576515674591064,-0.00909902576697319,15.326481299360012,0.0,1
pair_130,GT,Rank_14,8,14,0.19167020470207707,0.0749713431172059,0.11669886158487118,0.08089226484298712,0,0.10988200596909328,0.17825409977684528,0.09670583158731466,0.1053658649325371,-0.04121323175972941,-54.633731522344675,0.0,1
pair_130,GT,Rank_15,8,15,0.19167020470207707,0.07314093504240117,0.1185292696596759,0.07459399104118347,0,0.07663011024863839,0.045924468920256784,0.07427081465721136,0.048698261380195604,-0.004616460960662205,-47.3496382434013,0.0,1
pair_130,GT,Rank_16,8,16,0.19167020470207707,0.05606165510177293,0.13560854960030413,0.05809545516967779,0,0.03919231356090558,0.06213394834845418,0.04321180284023285,0.0315019860863686,-0.004616460960662205,3.6349197180289394,0.0,1
pair_130,GT,Rank_17,8,17,0.19167020470207707,0.05512472558062476,0.13654547912145232,0.0723540186882019,0,0.04435278876666238,0.06312738966600936,0.07139562070369726,0.005345389246940613,-0.037499999999999895,-71.68581291426727,0.0,1
pair_130,GT,Rank_18,8,18,0.19167020470207707,0.054783021921259036,0.13688718278081805,0.08960485458374029,0,0.07501642832953989,0.007001855560954173,0.09461155533790588,0.07088511437177661,-0.004616460960662205,-56.50223912087961,0.0,1
pair_130,GT,Rank_19,8,19,0.19167020470207707,0.05423321024939557,0.1374369944526815,0.03255441784858709,0,0.0629190747608763,0.10251114204711298,0.03827543556690216,0.0592510178685188,0.075,-70.50226464473411,0.0,1
pair_130,GT,Rank_20,8,20,0.19167020470207707,0.05402466677230194,0.13764553792977513,0.10463032126426702,0,0.05972765266581409,0.05719255686422858,0.09220767021179208,0.0433564558625221,-0.004616460960662205,4.62147620441479,0.0,1
pair_131,GT,Rank_2,1,2,0.6937177946969063,0.6929238242107237,0.0007939704861825714,0.01191776990890503,0,0.016954351475147345,0.017881732728228794,0.006507223471999224,0.01973098516464239,0.0,11.121320635249134,0.0,1
pair_131,GT,Rank_3,1,3,0.6937177946969063,0.6333381437840375,0.06037965091286879,0.007863640785217285,0,-0.004497140538581634,-0.01990595921831062,0.009029131382703781,-0.01047495007514948,0.0,-3.792557506975328,0.0,1
pair_131,GT,Rank_4,1,4,0.6937177946969063,0.6147309039493636,0.07898689074754273,0.014892041683197021,0,-0.0072582551932384165,-0.026072625800278026,0.006936352699995096,0.0007913112640380859,0.0,3.631677027254966,0.0,1
pair_131,GT,Rank_5,1,5,0.6937177946969063,0.5385018827922473,0.155215911904659,0.020992696285247803,0,-0.003739504066519017,-0.010217431563266044,0.0009567495435476858,0.04141682386398321,0.0,16.834366158235696,0.0,1
pair_131,GT,Rank_6,1,6,0.6937177946969063,0.5266234910395377,0.16709430365736866,0.01208573579788208,0,0.013310224919910407,-0.007224982110582312,-0.005279965698719025,0.00395539402961731,0.0,21.486158829113407,0.0,1
pair_131,GT,Rank_7,1,7,0.6937177946969063,0.46473170591483326,0.22898608878207305,0.02877795696258545,0,0.025889908143539753,0.033153349799604825,0.002506881020963192,0.034025818109512385,0.0,80.40397997741732,0.0,1
pair_131,GT,Rank_8,1,8,0.6937177946969063,0.42719888939164535,0.26651890530526096,0.0224992036819458,0,0.022613718963600093,0.021280659092461907,0.01571032591164112,0.03350484371185303,0.0,45.46224654316174,0.0,1
pair_131,GT,Rank_9,1,9,0.6937177946969063,0.3317013679404893,0.362016426756417,0.014445960521697998,0,0.00044082007265999756,-0.032043070248625405,-0.004270488396286909,0.01414152979850769,-0.008852549156242097,33.757742563687984,0.0,1
pair_131,GT,Rank_10,1,10,0.6937177946969063,0.27341738765219764,0.42030040704470867,0.011568427085876465,0,0.043537204786716965,-0.030333202034614093,-0.007477449253201485,0.0083362758159638,0.0,-11.91943174060384,0.0,1
pair_131,GT,Rank_11,1,11,0.6937177946969063,0.24115648877373136,0.45256130592317495,0.020624279975891113,0,0.019459855804639825,0.0009360680676137045,-0.012574486434459686,0.011216193437576294,0.0,98.195908298826,0.0,1
pair_131,GT,Rank_12,1,12,0.6937177946969063,0.21794218800105797,0.47577560669584834,0.028959214687347412,0,0.04205796028719344,0.025383147664719274,-0.003340234979987089,0.03009733557701111,0.0,-9.88111571923622,0.0,1
pair_131,GT,Rank_13,1,13,0.6937177946969063,0.18312424912910977,0.5105935455677966,0.0214155912399292,0,0.04634179342973255,-0.017862131986619234,-0.011951737105846405,0.015644282102584894,0.0,89.69218076840181,0.0,1
pair_131,GT,Rank_14,1,14,0.6937177946969063,0.15961612719039764,0.5341016675065087,0.03348630666732788,0,0.04819674247664929,0.04256249847827598,0.003871874883770998,0.03845992684364319,0.0,15.132070927578553,0.0,1
pair_131,GT,Rank_15,1,15,0.6937177946969063,0.14568291903041955,0.5480348756664868,0.02924710512161255,0,-0.007944415460674481,-0.005503483157657474,0.014426371082663592,0.0473658442497254,0.0,57.26317212240615,0.0,1
pair_131,GT,Rank_16,1,16,0.6937177946969063,0.07881842019780388,0.6148993744991025,0.02752166986465454,0,0.03898574296420021,-0.013898116931484017,-0.0002049226313828867,0.02539891004562378,0.0,2.5125425517563826,0.0,1
pair_131,GT,Rank_17,1,17,0.6937177946969063,0.059812878760475946,0.6339049159364304,0.040783822536468506,0,0.004378896535667143,0.018142282452982883,0.008296757936477717,0.05668079853057861,0.0,39.275734822933345,0.0,1
pair_131,GT,Rank_18,1,18,0.6937177946969063,0.047849775113493725,0.6458680195834126,0.030339598655700684,0,0.026116466073567435,-0.0020957039924032195,-0.011108960956335012,0.04412314295768738,0.0,26.15113207568075,0.0,1
pair_131,GT,Rank_19,1,19,0.6937177946969063,0.04502169890699272,0.6486960957899136,0.029882729053497314,0,0.06541928302458044,0.011307567861005507,0.012812422588467598,0.0354225635528565,0.0,69.55996103813794,0.0,1
pair_131,GT,Rank_20,1,20,0.6937177946969063,0.04284482488445795,0.6508729698124484,0.0715213418006897,0,0.08033118345638413,0.05236190416081643,-0.003950221464037895,0.05967745184898382,0.0,74.59634264398339,0.0,1
pair_132,GT,Rank_1,94,1,0.0012736440331335014,0.047268424397776204,-0.045994780364642704,0.014775335788726807,0,0.05072659723389632,0.028480581878442303,0.01483007892966269,0.0239502224139869,-0.1162132317597294,-24.77625641909816,0.0,1
pair_132,GT,Rank_2,94,2,0.0012736440331335014,0.028347800286542275,-0.027074156253408775,0.0007480382919312079,0,0.021578924727871318,-0.012713411934795,0.008741984143853201,-0.014607949182391201,-0.0602081728298995,68.90770422435486,0.0,1
pair_132,GT,Rank_3,94,3,0.0012736440331335014,0.026196059036682838,-0.024922415003549338,-0.027071282267570496,0,0.002694373378230225,-0.007736172346487991,-0.011007975786924293,-0.045733613893389695,-0.043585412256314196,48.06501675754694,0.0,1
pair_132,GT,Rank_4,94,4,0.0012736440331335014,0.023687290638722193,-0.022413646605588693,0.014729768037796104,0,0.03234769861735032,0.009722639303642006,0.012920152861624998,-0.013181125745177297,-0.1162132317597294,25.011843140551733,0.0,1
pair_132,GT,Rank_5,94,5,0.0012736440331335014,0.022591523109076077,-0.021317879075942577,-0.03200460970401761,0,0.005428767932807915,0.022897231809919406,-0.015591083094477612,-0.0204562339931727,0.0,-13.170081390255518,0.0,1
pair_132,GT,Rank_6,94,6,0.0012736440331335014,0.01692847908498237,-0.01565483505184887,-0.0027884840965270996,0,0.025677193608799512,0.006914537398707503,0.00754207186400889,-0.031132502481341397,-0.075,3.4182474109835255,0.0,1
pair_132,GT,Rank_7,94,7,0.0012736440331335014,0.015489643590409552,-0.01421599955727605,-0.002815648913383484,0,0.03373729446348682,0.016439561607608504,0.004386225715279593,-0.0268774684518576,-0.12694368026754382,-27.43697477179046,0.0,1
pair_132,GT,Rank_8,94,8,0.0012736440331335014,0.01425969274069662,-0.012986048707563118,-0.0013511180877684992,0,0.02725842528616891,0.023482236549350007,0.000924254767596791,-0.0382514279335738,-0.12694368026754382,-46.685723455464114,0.0,1
pair_132,GT,Rank_9,94,9,0.0012736440331335014,0.013257842172118476,-0.011984198138984974,-0.000642821192741394,0,0.04289666166358591,0.016292162500368204,0.01533536426723009,-0.024110229685902602,-0.1162132317597294,-49.1806322195728,0.0,1
pair_132,GT,Rank_10,94,10,0.0012736440331335014,0.012176855046131412,-0.01090321101299791,-0.003130704164505005,0,0.016989443925550615,-0.002473690553706595,0.009805442765355096,0.0104825738817453,-0.15000000000000002,67.1054970894927,0.0,1
pair_132,GT,Rank_11,94,11,0.0012736440331335014,0.01194384250595108,-0.010670198472817577,-0.002819582819938604,0,0.02449014333050671,0.022177958511232505,0.014337334781885203,-0.025203010067343698,-0.031066017177982103,-50.216004900326055,0.0,1
pair_132,GT,Rank_12,94,12,0.0012736440331335014,0.011388681596694279,-0.010115037563560777,-0.0043802410364151,0,0.020810293654220116,0.013800227663680803,0.010117245838046102,-0.027534687891602502,-0.043585412256314196,-45.67218514399718,0.0,1
pair_132,GT,Rank_13,94,13,0.0012736440331335014,0.010765035953116661,-0.00949139191998316,-0.005798116326332092,0,0.009953115794648013,-0.0303338680561107,4.2169354856000374e-05,-0.0058914106339216996,-0.043585412256314196,68.42199389373297,0.0,1
pair_132,GT,Rank_14,94,14,0.0012736440331335014,0.009502430686804755,-0.008228786653671253,-0.0077287256717681885,0,0.002602684813598405,0.008438895280354602,0.008814480155706392,-0.038240781053900795,-0.008852549156242097,-47.833791506406556,0.0,1
pair_132,GT,Rank_15,94,15,0.0012736440331335014,0.009288215148737941,-0.008014571115604439,0.009665757417678889,0,0.030079731566536413,0.012281751795424005,0.0240023843944073,-0.022684803232550697,-0.0796164609606622,29.772221628149993,0.0,1
pair_132,GT,Rank_16,94,16,0.0012736440331335014,0.009123693772887293,-0.00785004973975379,0.009502515196800315,0,0.051164595979406716,0.043177488138261604,0.019722062163055,-0.024219231680035598,-0.075,-50.59480228575012,0.0,1
pair_132,GT,Rank_17,94,17,0.0012736440331335014,0.00908780857209658,-0.007814164538963077,-0.0023593753576277854,0,0.02439105747180241,0.008194609730482805,0.008381290361285196,-0.005134968087077203,0.0,65.66895845067424,0.0,1
pair_132,GT,Rank_18,94,18,0.0012736440331335014,0.008902696625316857,-0.007629052592183356,0.004086866974830711,0,0.03259943585737261,0.011988073830692905,0.0035323295742274025,-0.0343565996736288,-0.03749999999999999,-2.900358749321981,0.0,1
pair_132,GT,Rank_19,94,19,0.0012736440331335014,0.008721013797892502,-0.007447369764759001,-0.025285422801971408,0,0.0002995936461969162,0.0057196652299519035,-0.010464597493410097,-0.0420817937701941,-0.0796164609606622,43.33815240623093,0.0,1
pair_132,GT,Rank_20,94,20,0.0012736440331335014,0.008667963156584779,-0.007394319123451278,-0.03812494874000549,0,-0.002573248096196301,-0.0026266880541167964,-0.019093422219157205,-0.021664647385478,-0.075,-30.19683899051614,0.0,1
pair_133,GT,Rank_2,1,2,0.9349201190929795,0.8297176979091173,0.10520242118386214,0.0012355446815490723,0,0.016797547802496315,0.022611795993966455,-0.004132010042667389,-0.012484192848205566,0.0,29.34688336968486,0.0,1
pair_133,GT,Rank_3,1,3,0.9349201190929795,0.3123297924113148,0.6225903266816646,0.07777255773544312,0,0.10460142224067759,0.14133579204995317,-0.07708036154508596,0.054010868072509766,0.0,36.691504941989194,0.0,1
pair_133,GT,Rank_4,1,4,0.9349201190929795,0.20307537888127014,0.7318447402117093,0.08997189998626709,0,0.11338520576771394,0.14411399791290758,-0.056548409163951874,0.14969614148139954,0.0,5.763057148786146,0.0,1
pair_133,GT,Rank_5,1,5,0.9349201190929795,0.07978782399138187,0.8551322951015976,0.16069740056991577,0,0.14714845985300695,0.17831014757900077,0.17473580688238138,0.05676805973052984,0.0,33.73232470166391,0.6199999999999999,1
pair_133,GT,Rank_6,1,6,0.9349201190929795,0.0482219143728418,0.8866982047201376,0.13683325052261353,0,0.1303272926791169,0.17996195929798042,0.11441165953874582,0.11376550793647766,-0.11249999999999989,3.88095197912304,0.0,1
pair_133,GT,Rank_7,1,7,0.9349201190929795,0.029229089634131615,0.9056910294588478,0.16191118955612183,0,0.2474202590527671,0.26235088012903873,0.1743825264275074,0.060424536466598566,0.0,38.62033940024682,0.6199999999999999,1
pair_133,GT,Rank_8,1,8,0.9349201190929795,0.019841716295630935,0.9150784027973485,0.1620195508003235,0,0.2892469020622731,0.3035027133609601,0.16763433814048762,0.07596018910408026,0.0,41.44251745014273,0.6199999999999999,1
pair_133,GT,Rank_9,1,9,0.9349201190929795,0.01797230267742789,0.9169478164155516,0.2511250972747803,0,0.3559887435192567,0.34999014310165366,-0.04620151966810232,0.09679561853408813,0.0,-2.70364876309074,0.0,1
pair_133,GT,Rank_10,1,10,0.9349201190929795,0.01606495092877281,0.9188551681642066,0.15680134296417236,0,0.1591104745235461,0.19354680975590122,0.1864708997309208,0.06698852777481085,-0.0602081728298995,-22.91671593525956,0.0,1
pair_133,GT,Rank_11,1,11,0.9349201190929795,0.011604803207211419,0.923315315885768,0.16102170944213867,0,0.15295460036478847,0.18852213964291686,-0.05487151443958288,0.008442401885986328,0.0,-57.47032849995006,0.0,1
pair_133,GT,Rank_12,1,12,0.9349201190929795,0.009550145639111064,0.9253699734538684,0.14040887355804443,0,0.17996294784334965,0.22622909396927549,0.10996072739362711,0.14116150140762335,-0.11249999999999989,32.27850007421178,0.0,1
pair_133,GT,Rank_13,1,13,0.9349201190929795,0.00866176261143037,0.9262583564815491,0.23986810445785522,0,0.3111802963234534,0.3680740540963778,0.09841194376349449,0.16349357366561895,-0.043585412256314196,46.380424435147134,0.6199999999999999,1
pair_133,GT,Rank_14,1,14,0.9349201190929795,0.007813603075063982,0.9271065160179155,0.243949294090271,0,0.29226091782585667,0.3439524326926828,0.1296317279338836,0.16115725040435797,-0.0796164609606622,-10.630140815514778,0.0,1
pair_133,GT,Rank_15,1,15,0.9349201190929795,0.007654622396311095,0.9272654966966684,0.1544569730758667,0,0.14363515578655217,0.17499960503427758,0.1662252396345138,0.06514355540275574,-0.008852549156242097,-39.40368155630284,0.0,1
pair_133,GT,Rank_16,1,16,0.9349201190929795,0.007596981624469765,0.9273231374685097,0.25615394115448,0,0.2664742207220276,0.32747717432972095,0.1231268085539341,0.22006621956825256,-0.043585412256314196,48.02370347263734,0.6199999999999999,1
pair_133,GT,Rank_17,1,17,0.9349201190929795,0.006876556937121696,0.9280435621558577,0.16421228647232056,0,0.19319543346177126,0.2139753185681913,-0.13082192093133932,0.03103005886077881,0.0,90.80606328743016,0.0,1
pair_133,GT,Rank_18,1,18,0.9349201190929795,0.006481679718388643,0.9284384393745908,0.240528404712677,0,0.28149088461908267,0.3491289919781608,0.0551155880093574,0.22499707341194158,0.0,39.00459052877153,0.0,1
pair_133,GT,Rank_19,1,19,0.9349201190929795,0.006309230612027657,0.9286108884809517,0.2049492597579956,0,0.17618881662814756,0.21112316847582546,-0.07374096661806112,0.09208118915557867,0.0,77.75860845956156,0.0,1
pair_133,GT,Rank_20,1,20,0.9349201190929795,0.0057292496541540144,0.9291908694388255,0.16147643327713013,0,0.2673842286099389,0.2892397824960565,-0.1300180703401566,0.023035645484924316,0.0,-25.61458651818458,0.0,1
pair_135,GT,Rank_1,3,1,0.8158556979112865,0.8852441613051509,-0.0693884633938644,-0.00694727897644043,0,-0.045228302684864885,0.00019847760203206555,-0.0029461830854415894,-0.044326841831207275,0.0,7.321312059438796,0.0,1
pair_135,GT,Rank_2,3,2,0.8158556979112865,0.8193784715975797,-0.003522773686293168,0.0025787353515625,0,0.07552383099295534,0.04874498563452834,-0.0015686675906181335,-0.01769682765007019,0.0,-8.569401613318078,0.0,1
pair_135,GT,Rank_4,3,4,0.8158556979112865,0.8044612156488214,0.011394482262465089,-0.0040700435638427734,0,-0.03628788543835859,0.007187250976776083,0.000748559832572937,-0.01707813143730158,0.0,17.36896349359884,0.0,1
pair_135,GT,Rank_5,3,5,0.8158556979112865,0.8001385672643255,0.01571713064696101,0.002657949924468994,0,0.07680523631995406,0.05562171726171494,0.00769372284412384,-0.012401908636093084,0.0,19.82811447155116,0.0,1
pair_135,GT,Rank_6,3,6,0.8158556979112865,0.6891713851450756,0.12668431276621095,-0.008151888847351074,0,0.15305635617982782,0.06047649356025542,-0.010341271758079529,-0.0414789617061615,0.0,18.847332030502685,0.0,1
pair_135,GT,Rank_7,3,7,0.8158556979112865,0.5883733254996949,0.22748237241159164,0.060405850410461426,0,0.00685331822755908,0.002770228698599997,0.018694259226322174,0.013552993535995483,0.0,-9.874293985063943,0.0,1
pair_135,GT,Rank_8,3,8,0.8158556979112865,0.5738130993199979,0.24204259859128863,0.06814634799957275,0,0.0354975126909447,0.042029239529404405,0.02509235590696335,0.003215014934539795,0.0,-21.621098318582597,0.0,1
pair_135,GT,Rank_9,3,9,0.8158556979112865,0.44275405164761106,0.3731016462636755,0.05142223834991455,0,-0.006593881039238525,0.037108034867043393,0.02283499389886856,0.024792313575744684,0.0,-84.64269050508233,0.0,1
pair_135,GT,Rank_10,3,10,0.8158556979112865,0.4348876245509169,0.38096807336036964,0.0018174052238464355,0,0.09324114392896832,0.0640778159845351,0.00785694271326065,-0.020779192447662298,0.0,10.562195574025637,0.0,1
pair_135,GT,Rank_11,3,11,0.8158556979112865,0.3153769231201904,0.5004787747910961,0.01160961389541626,0,0.21831787111722567,0.11234151079724986,0.008871801197528839,0.013722240924835205,0.0,20.626558984577557,0.0,1
pair_135,GT,Rank_12,3,12,0.8158556979112865,0.17166013742487707,0.6441955604864095,0.04475855827331543,0,0.06754072322763871,0.034740091867850986,0.012474775314331055,-0.02834752202033991,-0.0602081728298995,-18.046302744017083,0.0,1
pair_135,GT,Rank_13,3,13,0.8158556979112865,0.10577936135785898,0.7100763365534275,0.00016939640045166016,0,0.04828882712521876,-0.0019276113257384875,-0.007990814745426178,-0.015798866748809814,-0.043585412256314196,7.893800233668841,0.0,1
pair_135,GT,Rank_14,3,14,0.8158556979112865,0.09710771489123157,0.7187479830200549,0.012182831764221191,0,0.034346212298162926,0.027373829360678115,-0.0018664300441741943,-0.00035694241523742676,-0.0602081728298995,4.4125381453060015,0.0,1
pair_135,GT,Rank_15,3,15,0.8158556979112865,0.06435478423874612,0.7515009136725405,-0.010144531726837158,0,0.09597819980056499,0.02108997918899269,-0.017246365547180176,-0.04059195518493652,-0.043585412256314196,14.4980469345833,0.0,1
pair_135,GT,Rank_16,3,16,0.8158556979112865,0.0577394726209302,0.7581162252903564,-0.0038527846336364746,0,-0.043415043840163814,0.008330735688241275,0.00482245534658432,-0.04779753088951111,-0.0796164609606622,10.128730166619462,0.0,1
pair_135,GT,Rank_17,3,17,0.8158556979112865,0.05605332301021697,0.7598023749010696,0.12791812419891357,0,0.1145009607869969,0.05810085122920483,0.1152398511767388,0.0711857676506043,-0.043585412256314196,27.75106389556521,0.0,1
pair_135,GT,Rank_18,3,18,0.8158556979112865,0.05546219371206334,0.7603935041992232,0.026490986347198486,0,-0.03460265039410104,0.004903267219697138,0.0036594420671463013,0.0062292516231536865,-0.0602081728298995,2.2738726719995412,0.0,1
pair_135,GT,Rank_19,3,19,0.8158556979112865,0.05429919343159415,0.7615565044796924,-0.0019282102584838867,0,0.056467617194032926,0.039043176995564144,-0.004377514123916626,-0.03702819347381592,-0.11249999999999989,8.649312504765987,0.0,1
pair_135,GT,Rank_20,3,20,0.8158556979112865,0.04900391211675645,0.7668517857945301,0.021915316581726074,0,0.1127325946774318,0.05390571127365684,0.006767831742763519,0.012133687734603882,-0.0602081728298995,-1.002952589792514,0.0,1
pair_136,GT,Rank_1,68,1,0.0025482048563410507,0.8739981091547598,-0.8714499042984188,-0.03190165758132929,0,-0.055145418024606985,-0.0689677959542605,-0.018000498414039612,-0.07131104171276093,0.0796164609606622,30.563416297702105,0.0,1
pair_136,GT,Rank_2,68,2,0.0025482048563410507,0.6713927844341403,-0.6688445795777993,-0.0135689377784729,0,-0.055323865822917484,-0.04020526532053892,-0.0010875090956687927,-0.042407259345054626,0.0796164609606622,44.38946343118141,0.0,1
pair_136,GT,Rank_3,68,3,0.0025482048563410507,0.6668002417784066,-0.6642520369220656,-0.018188118934631348,0,-0.07817896229407006,-0.09324862921793492,-0.015962868928909302,-0.05601640045642853,0.03603104870434801,6.3271105984685505,0.0,1
pair_136,GT,Rank_4,68,4,0.0025482048563410507,0.2692776069662191,-0.26672940210987806,-0.01512029767036438,0,-0.07914592197995929,-0.08268124696205481,-0.008677750825882014,-0.06327302753925323,0.0796164609606622,-13.261038546369406,0.0,1
pair_136,GT,Rank_5,68,5,0.0025482048563410507,0.13923981635186067,-0.13669161149551962,-0.01400083303451538,0,-0.024023773656519753,-0.015916475401349828,-0.006144732236862183,-0.029646798968315125,0.0796164609606622,56.44464008640229,0.0,1
pair_136,GT,Rank_6,68,6,0.0025482048563410507,0.11506042786304667,-0.11251222300670562,-0.001849830150604248,0,-0.02293774997268605,-0.04259092951713683,-0.0006298720836639959,-0.06876958906650543,0.0796164609606622,42.74638993569833,0.0,1
pair_136,GT,Rank_7,68,7,0.0025482048563410507,0.10196172201049356,-0.0994135171541525,-0.025975733995437567,0,-0.01517658190978205,0.008738077293096391,0.0029649138450622003,-0.0891005247831344,0.0796164609606622,-18.156302704681593,0.0,1
pair_136,GT,Rank_8,68,8,0.0025482048563410507,0.08973553369831988,-0.08718732884197883,-0.016789108514785767,0,-0.05612965995007879,-0.04983839314973432,0.0060284882783889215,-0.052545115351676885,-0.03288353903933769,5.2817093711859116,0.0,1
pair_136,GT,Rank_9,68,9,0.0025482048563410507,0.07233573340744116,-0.06978752855110011,-0.025819540023803655,0,-0.13791759380812169,-0.12603957094491341,-0.0016608759760857184,-0.0753882080316543,-0.0703835390393378,35.49299176743466,0.0,1
pair_136,GT,Rank_10,68,10,0.0025482048563410507,0.06479190981277037,-0.06224370495642932,0.018187135457992554,0,0.05622375049815012,0.05581015392955346,0.014960251748561804,-0.055031523108482305,-0.03288353903933769,37.512134080690345,0.0,1
pair_136,GT,Rank_11,68,11,0.0025482048563410507,0.05221798931597283,-0.04966978445963178,-0.03544831275939936,0,-0.11048290946587197,-0.1131751482921805,-0.023786991834640503,-0.08390374481678009,-0.06404423509603649,28.5807408569338,0.0,1
pair_136,GT,Rank_12,68,12,0.0025482048563410507,0.04742960557917371,-0.04488140072283266,0.0020392239093780518,0,-0.09689926122303077,-0.08760859359446244,0.007019512355327606,-0.010827347636222784,0.04211646096066221,3.397865987234894,0.0,1
pair_136,GT,Rank_13,68,13,0.0025482048563410507,0.045705774545017175,-0.04315756968867612,0.02040436863899231,0,0.12715764129351423,0.12383680666490307,0.02027690410614008,0.024610549211502103,0.0796164609606622,11.272952790778902,0.0,1
pair_136,GT,Rank_14,68,14,0.0025482048563410507,0.041359018917190085,-0.03881081406084903,0.02968490123748785,0,0.04412938438839262,0.05567987162193258,0.025269135832786505,0.04570929706096649,-0.004482564806310985,40.5836774506317,0.0,1
pair_136,GT,Rank_15,68,15,0.0025482048563410507,0.04129273242164109,-0.03874452756530004,0.018365114927291926,0,0.035690563324707714,0.02723511977682236,0.024055898189544622,-0.021269336342811584,0.004616460960662205,17.908123464026062,0.0,1
pair_136,GT,Rank_16,68,16,0.0025482048563410507,0.03370884680618455,-0.0311606419498435,-0.04197204113006586,0,-0.085725351752661,-0.07848830948075192,-0.02866785228252411,-0.095203086733818,-0.0365967707990672,18.910832601665987,0.0,1
pair_136,GT,Rank_17,68,17,0.0025482048563410507,0.02707440499177218,-0.02452620013543113,-0.013530761003494263,0,-0.033175172196725555,-0.037997845853382506,-0.009542055428028107,-0.02601306140422821,0.04211646096066221,-30.69721854391338,0.0,1
pair_136,GT,Rank_18,68,18,0.0025482048563410507,0.023501812190036296,-0.020953607333695244,-0.016194939613342285,0,0.015635592226742323,0.00559744974221027,-0.0025703310966492254,-0.0318047553300857,0.03603104870434801,-9.801129104449103,0.0,1
pair_136,GT,Rank_19,68,19,0.0025482048563410507,0.022359677226973674,-0.019811472370632622,0.022458106279373224,0,0.00365683061834271,-0.007664469763931203,0.024628311395645086,-0.02040313184261322,-0.03288353903933769,-3.976345356928846,0.0,1
pair_136,GT,Rank_20,68,20,0.0025482048563410507,0.021443814410331538,-0.018895609553990486,-0.030344069004058782,0,-0.045864940528874354,-0.022921382780783706,-0.020093955099582728,-0.07920430600643152,-0.03288353903933769,-1.8960174266999275,0.0,1
pair_137,GT,Rank_1,21,1,0.011571243440299177,0.16705623175105297,-0.1554849883107538,-0.019909977912902832,0,-0.0027660276360355063,-0.00569346640431867,0.005826778709888458,-0.061495631933212336,0.0,-75.02045335890287,0.0,1
pair_137,GT,Rank_2,21,2,0.011571243440299177,0.11947736159756094,-0.10790611815726175,-0.001128077507019043,0,0.01969998219462127,0.009372505228906092,0.020888522267341614,-0.022841453552246094,-0.1162132317597294,48.465464198624666,0.0,1
pair_137,GT,Rank_3,21,3,0.011571243440299177,0.09753920783520026,-0.08596796439490108,-0.009672045707702637,0,0.018844039949146463,0.006799431903798059,-0.003109179437160492,-0.0537103414535523,0.0,-71.17451771060993,0.0,1
pair_137,GT,Rank_4,21,4,0.011571243440299177,0.08829473894867175,-0.07672349550837257,-0.005321323871612549,0,0.005925649338249239,0.005551711742049825,0.02276134490966797,-0.03670993447303772,0.0,-57.86614642382915,0.0,1
pair_137,GT,Rank_5,21,5,0.011571243440299177,0.07786974084052894,-0.06629849740022976,-0.0027059316635131836,0,0.01598669570984318,0.0073087072333059,0.01838582754135132,-0.0194128155708313,0.0,-13.052639674271845,0.0,1
pair_137,GT,Rank_6,21,6,0.011571243440299177,0.07337740204653695,-0.06180615860623777,-0.007066309452056885,0,-0.004306102822942637,0.0036471996102941384,-0.0016027987003326416,-0.042517215013504084,-0.11249999999999989,1.311054861027415,0.0,1
pair_137,GT,Rank_7,21,7,0.011571243440299177,0.05881507687767852,-0.04724383343737934,-5.561113357543945e-05,0,0.00951145520849056,0.00827682430176191,0.015637211501598358,-0.018807888031005915,-0.11249999999999989,-70.62388118553642,0.0,1
pair_137,GT,Rank_8,21,8,0.011571243440299177,0.05242104423994693,-0.040849800799647756,0.0024120211601257324,0,0.003049575375345448,0.003722915951982819,0.009163089096546173,0.01082462072372431,-0.1162132317597294,-65.54335336522425,0.0,1
pair_137,GT,Rank_9,21,9,0.011571243440299177,0.04885215180269574,-0.03728090836239656,-0.004113972187042236,0,0.01981911831047828,0.00727547539863338,0.008909694850444794,-0.033306598663330134,0.0,-21.13601218946208,0.0,1
pair_137,GT,Rank_10,21,10,0.011571243440299177,0.041455235918336164,-0.029883992478036987,0.00172501802444458,0,0.012480444665349477,0.00537401558749806,0.012194082140922546,0.014181047677993774,-0.008852549156242097,-0.9671383050593221,0.0,1
pair_137,GT,Rank_11,21,11,0.011571243440299177,0.036080186703529804,-0.024508943263230627,-0.010158061981201172,0,-0.09649337885357767,-0.01892876669804011,-0.01271597295999527,-0.0624289214611054,0.0,-60.38911181054934,0.0,1
pair_137,GT,Rank_12,21,12,0.011571243440299177,0.028050703725485925,-0.016479460285186747,-0.0031949281692504883,0,0.03892159689318586,0.016135287964524125,0.024616047739982605,-0.04136556386947632,-0.043585412256314196,-68.93749092632757,0.0,1
pair_137,GT,Rank_13,21,13,0.011571243440299177,0.027868428797663717,-0.01629718535736454,0.007319748401641846,0,-0.08391323462356948,0.0017830097372576459,0.03571787476539612,-0.020773202180862482,0.0,7.635862684887471,0.0,1
pair_137,GT,Rank_14,21,14,0.011571243440299177,0.022167325036032783,-0.010596081595733605,-0.002792179584503174,0,-0.09005504244078733,-0.010017751508996642,-0.0034991800785064697,-0.04584994912147522,-0.03749999999999999,8.705244031768558,0.0,1
pair_137,GT,Rank_15,21,15,0.011571243440299177,0.02171050607344621,-0.010139262633147031,0.004313170909881592,0,-0.010768559673352773,-0.000942241991241155,0.00971127301454544,-0.019900590181350708,-0.0602081728298995,30.873945607489006,0.0,1
pair_137,GT,Rank_16,21,16,0.011571243440299177,0.02022061763480167,-0.008649374194502492,0.005248308181762695,0,-0.08975751035048607,-0.011092682252430652,0.027030080556869507,-0.042540460824966486,-0.11249999999999989,4.552153827651438,0.0,1
pair_137,GT,Rank_17,21,17,0.011571243440299177,0.017586272058705936,-0.0060150286184067585,-0.005153298377990723,0,-0.01678431418532078,-0.011666302165056819,-0.006211496889591217,-0.037178307771682795,-0.031066017177982103,-56.06102213331238,0.0,1
pair_137,GT,Rank_18,21,18,0.011571243440299177,0.013995952946743424,-0.0024247095064442465,-0.004684627056121826,0,-0.013257494393339897,-0.007004861142298258,0.006168276071548462,-0.0312824547290802,-0.0796164609606622,53.30963579403995,0.0,1
pair_137,GT,Rank_19,21,19,0.011571243440299177,0.013909308639598543,-0.0023380651992993655,-0.003386080265045166,0,0.01404603916134195,0.01156535668553893,0.021773822605609894,-0.018437206745147705,0.0,-89.4137313999916,0.0,1
pair_137,GT,Rank_20,21,20,0.011571243440299177,0.013021595364639107,-0.00145035192433993,-0.004963934421539307,0,0.09910897940613694,0.054995204126487285,0.013627655804157257,-0.03603342175483709,-0.11249999999999989,-72.16587240405138,0.0,1
pair_139,GT,Rank_2,1,2,0.7586307664258533,0.6941691685276955,0.06446159789815775,0.030222415924072266,0,0.04647159068457163,0.025045058468159298,-0.024674206972122192,0.023735463619232122,0.0,26.084970883968708,0.0,1
pair_139,GT,Rank_3,1,3,0.7586307664258533,0.6144156213279813,0.14421514509787192,-0.01264733076095581,0,0.013475237225848091,0.028498148208452756,-0.0668940544128418,-0.06508216261863714,0.0,3.1817904228007308,0.0,1
pair_139,GT,Rank_4,1,4,0.7586307664258533,0.45155668037291147,0.3070740860529418,0.005809962749481201,0,0.1353536353869711,0.036878532689138765,0.0019128024578094482,-0.02420982718467718,0.0,4.676866563743587,0.0,1
pair_139,GT,Rank_5,1,5,0.7586307664258533,0.370035354126061,0.3885954122997923,-0.016003549098968506,0,0.06322513752198045,0.07449722094357591,-0.06871265172958374,-0.06756821274757391,0.0,5.139429235550637,0.0,1
pair_139,GT,Rank_6,1,6,0.7586307664258533,0.29740013250036784,0.4612306339254854,0.03737252950668335,0,0.033391613356305694,0.022077881650632625,-0.013588368892669678,0.0667212307453155,-0.008852549156242097,25.158153271273378,0.0,1
pair_139,GT,Rank_7,1,7,0.7586307664258533,0.18413034471099032,0.5745004217148629,-0.005650520324707031,0,-0.004351881091094967,-0.0033549514056412377,-0.05667591094970703,-0.04070857167243963,0.0,-71.9032330207334,0.0,1
pair_139,GT,Rank_8,1,8,0.7586307664258533,0.14665711783755203,0.6119736485883012,0.025317132472991943,0,0.04932624515885442,-0.004500892632764986,-0.02758312225341797,0.030257046222686712,0.0,-51.58053091778389,0.0,1
pair_139,GT,Rank_9,1,9,0.7586307664258533,0.10918390112676506,0.6494468652990882,0.028419852256774902,0,0.06307718859687228,0.05112264649289333,0.021784275770187378,0.028880625963211004,-0.03749999999999999,25.199616852590154,0.0,1
pair_139,GT,Rank_10,1,10,0.7586307664258533,0.0983496342672722,0.6602811321585811,0.003818809986114502,0,0.047415371011621965,-0.010793925045846642,-0.05015069246292114,-0.00943633913993841,0.0,-61.31129273663193,0.0,1
pair_139,GT,Rank_11,1,11,0.7586307664258533,0.08984405256675482,0.6687867138590984,-0.00353163480758667,0,0.05789924228979393,0.07587191831000728,-0.05594763159751892,-0.03749296069145208,-0.03749999999999999,5.062208010026708,0.0,1
pair_139,GT,Rank_12,1,12,0.7586307664258533,0.06612983207489781,0.6925009343509554,0.028487682342529297,0,0.03932016876467903,0.0057820149887931604,-0.01582169532775879,0.03549540042877192,-0.043585412256314196,22.651610772458355,0.0,1
pair_139,GT,Rank_13,1,13,0.7586307664258533,0.04164419769611592,0.7169865687297373,0.0014832615852355957,0,0.09603348617779106,0.08814460022840076,-0.03962168097496033,-0.00993677973747259,-0.075,4.582864911506547,0.0,1
pair_139,GT,Rank_14,1,14,0.7586307664258533,0.03942478554641574,0.7192059808794375,-0.007697165012359619,0,0.008450191775797977,0.01636648671837171,-0.06193947792053223,-0.057973831892013605,-0.043585412256314196,4.250192818331257,0.0,1
pair_139,GT,Rank_15,1,15,0.7586307664258533,0.038547499022737734,0.7200832674031156,0.08554625511169434,0,0.08406392376365646,-0.009458632576696768,0.03253316879272461,0.055696040391922,0.0,18.03200195416933,0.0,1
pair_139,GT,Rank_16,1,16,0.7586307664258533,0.03315738856508164,0.7254733778607716,0.14555132389068604,0,0.1259313982567437,0.02454533614566201,0.11938902735710144,-0.04185727238655096,-0.043585412256314196,79.16967871220683,0.0,1
pair_139,GT,Rank_17,1,17,0.7586307664258533,0.029351053140119755,0.7292797132857335,-0.020364344120025635,0,0.037912543744714866,0.049214526197783215,-0.0726630687713623,-0.08038172125816351,0.0,-82.62156830277841,0.0,1
pair_139,GT,Rank_18,1,18,0.7586307664258533,0.022590515442031417,0.7360402509838219,0.14683538675308228,0,0.13345813438717935,0.0029669036709670804,0.09422078728675842,-0.052472382783889826,-0.1162132317597294,79.12262313779587,0.0,1
pair_139,GT,Rank_19,1,19,0.7586307664258533,0.011425349923374115,0.7472054165024792,0.11110901832580566,0,0.13790774771293068,0.15190220904238472,0.05691266059875488,0.034976035356521606,0.0,-38.34622694360773,0.0,1
pair_139,GT,Rank_20,1,20,0.7586307664258533,0.011111350981421925,0.7475194154444313,0.055936336517333984,0,0.012175439073953132,0.016896679432064854,0.0015878081321716309,0.07347536087036133,0.0,-74.03560987703703,0.0,1
