pair_id,set_type,d_th,cand_th,gt_err,score_A,score_B,score_C,score_D,score_E,score_interp_area,score_interp_cubic,score_interp_linear
pair_001,SetA,-0.3,-0.6499999999999999,0.2108098545825281,0.8423510193824768,0.6691256165504456,0.7903834164142609,0.7557383477687836,0.6691256761550903,0.7903834164142609,0.7092929661273956,0.7143499135971069
pair_001,SetA,-0.25,-0.6,0.16080985458252817,0.843254029750824,0.6709593534469604,0.7915655910968781,0.7571066319942474,0.6709592342376709,0.7915655910968781,0.7106251180171966,0.7159822106361389
pair_001,SetA,-0.2,-0.55,0.11080985458252823,0.8441185355186462,0.6723085045814514,0.7925755441188811,0.7582135498523712,0.6723085641860962,0.7925755441188811,0.7124515831470489,0.7176129937171936
pair_001,SetA,-0.15000000000000002,-0.5,0.06080985458252819,0.844680666923523,0.6733368635177612,0.793277508020401,0.7590087354183197,0.6733368039131165,0.793277508020401,0.7130517542362212,0.7184174299240111
pair_001,SetA,-0.10000000000000003,-0.45,0.0108098545825282,0.8450863361358643,0.6735904216766357,0.7936375796794891,0.7593384087085724,0.6735904812812805,0.7936375796794891,0.7132633090019226,0.7184815049171447
pair_001,SetA,-0.050000000000000044,-0.4,0.03919014541747179,0.8454111814498901,0.6739104986190796,0.7939609587192535,0.7596608102321625,0.6739104390144348,0.7939609587192535,0.7122208356857299,0.7179342329502105
pair_001,SetA,-5.551115123125783e-17,-0.35000000000000003,0.08919014541747178,0.8455255627632141,0.6740242838859558,0.79407519698143,0.7597749531269073,0.6740243434906006,0.79407519698143,0.7116432845592497,0.7177385509014129
pair_001,SetA,0.04999999999999993,-0.30000000000000004,0.13919014541747177,0.8454433083534241,0.6734114289283752,0.793833726644516,0.7594273388385773,0.6734113693237305,0.793833726644516,0.7116412997245788,0.7174184918403624
pair_001,SetA,0.09999999999999992,-0.25000000000000006,0.18919014541747176,0.8451360464096069,0.6723501682281494,0.7933002650737763,0.7587430775165558,0.6723501086235046,0.7933002650737763,0.7117585301399231,0.7174605488777159
pair_001,SetA,0.1499999999999999,-0.20000000000000007,0.23919014541747174,0.8446710109710693,0.6710569858551025,0.7925867855548858,0.7578639686107635,0.6710569262504578,0.7925867855548858,0.7116977989673614,0.7173031449317933
pair_001,SetA,0.1999999999999999,-0.15000000000000008,0.28919014541747173,0.8439446091651917,0.6689561009407043,0.791448038816452,0.7564503252506256,0.6689560413360596,0.791448038816452,0.7093652367591857,0.7156826674938201
pair_001,SetA,0.24999999999999983,-0.10000000000000014,0.33919014541747167,0.8431661128997803,0.6664130091667175,0.7901401996612549,0.7547895908355713,0.6664130687713623,0.7901401996612549,0.7092951953411102,0.7151889979839324
pair_001,SetA,0.2999999999999999,-0.0500000000000001,0.3891901454174717,0.8419072031974792,0.6629962921142578,0.7882339298725127,0.7524517476558685,0.6629962921142578,0.7882339298725127,0.7058969914913177,0.7122631728649138
pair_005,SetA,-0.3,1.0999999999999999,0.3039346441119368,0.8265408873558044,0.6046389937400818,0.7599702835083008,0.7155898809432983,0.6046388745307922,0.7599702835083008,0.683736765384674,0.6904373943805694
pair_005,SetA,-0.25,1.15,0.2539346441119368,0.8284510374069214,0.6099288463592529,0.7628944158554076,0.7191900014877319,0.6099289655685425,0.7628944158554076,0.6862153649330138,0.6929777979850769
pair_005,SetA,-0.2,1.2,0.20393464411193674,0.8299497365951538,0.6141219139099121,0.7652013719081878,0.7220357954502106,0.6141218543052673,0.7652013719081878,0.6876399755477905,0.6944824814796448
pair_005,SetA,-0.15000000000000002,1.25,0.1539346441119367,0.8311931490898132,0.6175987124443054,0.7671148359775543,0.7243959605693817,0.6175987720489502,0.7671148359775543,0.6886219143867492,0.6953922569751739
pair_005,SetA,-0.10000000000000003,1.2999999999999998,0.10393464411193687,0.8320461511611938,0.6197908520698547,0.7683695077896118,0.7259184122085571,0.6197906732559204,0.7683695077896118,0.6895473480224609,0.6963103890419006
pair_005,SetA,-0.050000000000000044,1.3499999999999999,0.053934644111936825,0.8324664235115051,0.6209214925765991,0.7690029084682464,0.7266938984394073,0.6209213733673096,0.7690029084682464,0.6899572253227233,0.6967808842658996
pair_005,SetA,-5.551115123125783e-17,1.4,0.00393464411193678,0.8325837254524231,0.6209169030189514,0.7690836608409881,0.7267502844333649,0.6209168434143066,0.7690836608409881,0.6887706458568572,0.6960850477218627
pair_005,SetA,0.04999999999999993,1.4499999999999997,0.04606535588806304,0.8322455883026123,0.6195507049560547,0.7684370696544647,0.7258980572223663,0.6195505261421204,0.7684370696544647,0.6876498758792877,0.6950278997421264
pair_005,SetA,0.09999999999999992,1.4999999999999998,0.09606535588806309,0.831533670425415,0.6172546744346619,0.7672499537467956,0.7243941426277161,0.6172546148300171,0.7672499537467956,0.6860534608364105,0.6935906767845154
pair_005,SetA,0.1499999999999999,1.5499999999999998,0.14606535588806313,0.8305530548095703,0.6142692565917969,0.7656678974628448,0.7224111258983612,0.6142691969871521,0.7656678974628448,0.6860346198081969,0.6932219326496123
pair_005,SetA,0.1999999999999999,1.5999999999999999,0.19606535588806318,0.829158365726471,0.6105035543441772,0.7635618686676025,0.7198308706283569,0.6105033755302429,0.7635618686676025,0.6862589597702027,0.6929645955562591
pair_005,SetA,0.24999999999999983,1.6499999999999997,0.246065355888063,0.8275089263916016,0.6061164140701294,0.7610911905765533,0.7168127000331879,0.6061164736747742,0.7610911905765533,0.6864750385284423,0.6927287578582764
pair_005,SetA,0.2999999999999999,1.6999999999999997,0.29606535588806304,0.8253405690193176,0.6002517938613892,0.757813936471939,0.7127961814403534,0.6002517938613892,0.757813936471939,0.6848153412342071,0.690797644853592
pair_007,SetA,-0.3,4.45,0.2782918969867003,0.8256049752235413,0.6482193470001221,0.7685626864433288,0.7305344939231873,0.6354640126228333,0.7685626864433288,0.6800844550132751,0.6859666407108306
pair_007,SetA,-0.25,4.5,0.2282918969867005,0.8266831040382385,0.6506386399269104,0.769930350780487,0.7320951819419861,0.6375072598457336,0.769930350780487,0.6809674739837646,0.6869067192077637
pair_007,SetA,-0.2,4.55,0.17829189698670067,0.8275684118270874,0.652675449848175,0.7710315227508544,0.7333402633666992,0.639112114906311,0.7710315227508544,0.6819376170635223,0.6879091620445251
pair_007,SetA,-0.15000000000000002,4.6,0.12829189698670085,0.8282725214958191,0.6537445187568665,0.7718428134918212,0.7342230081558228,0.6401734948158264,0.7718428134918212,0.6837313294410705,0.6893090009689331
pair_007,SetA,-0.10000000000000003,4.65,0.07829189698670014,0.828777015209198,0.6548125147819519,0.7724443137645721,0.7348891794681549,0.6410013437271118,0.7724443137645721,0.6849274635314941,0.6904603004455565
pair_007,SetA,-0.050000000000000044,4.7,0.028291896986700316,0.8290815949440002,0.6551183462142944,0.7727066755294799,0.7351233959197998,0.6411651968955994,0.7727066755294799,0.6844856321811675,0.690225237607956
pair_007,SetA,-5.551115123125783e-17,4.75,0.021708103013299507,0.829097330570221,0.6545729041099548,0.7724410116672515,0.7346701323986053,0.6402429342269897,0.7724410116672515,0.6835961818695068,0.6893447518348693
pair_007,SetA,0.04999999999999993,4.8,0.07170810301329933,0.829012393951416,0.6538724303245544,0.7720769822597504,0.7341200411319733,0.6392276883125305,0.7720769822597504,0.6831813931465148,0.68884419798851
pair_007,SetA,0.09999999999999992,4.85,0.12170810301329915,0.8286830186843872,0.652479350566864,0.7713716328144072,0.7331640422344208,0.6376450657844543,0.7713716328144072,0.6832218170166015,0.6886712014675139
pair_007,SetA,0.1499999999999999,4.9,0.17170810301329986,0.8281943798065186,0.6506161093711853,0.7704939484596252,0.732026994228363,0.6358596086502075,0.7704939484596252,0.6823417365550994,0.687600952386856
pair_007,SetA,0.1999999999999999,4.95,0.22170810301329968,0.8274829387664795,0.6482880711555481,0.7692609608173371,0.7304463088512421,0.6334096789360046,0.7692609608173371,0.6805747926235199,0.6859815418720244
pair_007,SetA,0.24999999999999983,5.0,0.2717081030132995,0.8265283107757568,0.6459231972694397,0.767671114206314,0.7284329831600189,0.630337655544281,0.767671114206314,0.6782473504543304,0.6839989483356474
pair_007,SetA,0.2999999999999999,5.05,0.32170810301329933,0.8253231048583984,0.6427942514419556,0.765773057937622,0.7260730266571045,0.6268229484558105,0.765773057937622,0.6757032454013825,0.6816504418849945
pair_008,SetA,-0.3,-3.4,0.27689141992287825,0.757626473903656,0.6156084537506104,0.7150210857391357,0.6866174936294556,0.6156085133552551,0.7150210857391357,0.6533053398132324,0.6604816436767578
pair_008,SetA,-0.25,-3.35,0.22689141992287842,0.7626643180847168,0.6262403726577759,0.7217370986938476,0.6944522857666016,0.6262402534484863,0.7217370986938476,0.6599638879299163,0.6672962188720702
pair_008,SetA,-0.2,-3.3000000000000003,0.1768914199228786,0.7667644023895264,0.6348285675048828,0.7271836876869201,0.7007965445518494,0.6348286867141724,0.7271836876869201,0.6649385154247284,0.6725483059883117
pair_008,SetA,-0.15000000000000002,-3.25,0.12689141992287833,0.7698240876197815,0.6411653757095337,0.7312264740467072,0.7054947316646576,0.6411653757095337,0.7312264740467072,0.6685828626155853,0.6762629568576812
pair_008,SetA,-0.10000000000000003,-3.2,0.07689141992287851,0.7719756364822388,0.6455129981040955,0.7340368270874023,0.7087442874908447,0.6455129384994507,0.7340368270874023,0.671167629957199,0.6786801159381866
pair_008,SetA,-0.050000000000000044,-3.1500000000000004,0.02689141992287869,0.7731305956840515,0.6478957533836365,0.7355601251125334,0.7105131447315216,0.6478956937789917,0.7355601251125334,0.672275185585022,0.679594612121582
pair_008,SetA,-5.551115123125783e-17,-3.1,0.023108580077121577,0.7731881141662598,0.6479535102844238,0.7356177687644958,0.7105708718299866,0.6479536294937134,0.7356177687644958,0.6716952383518219,0.6789643943309783
pair_008,SetA,0.04999999999999993,-3.0500000000000003,0.0731085800771214,0.7723618745803833,0.6460914015769958,0.7344807505607605,0.709226667881012,0.6460914611816406,0.7344807505607605,0.6700020790100097,0.6773670673370361
pair_008,SetA,0.09999999999999992,-3.0,0.12310858007712167,0.7704516649246216,0.6422828435897827,0.7320010542869567,0.7063673138618469,0.6422829627990723,0.7320010542869567,0.6675106227397918,0.6748319685459137
pair_008,SetA,0.1499999999999999,-2.95,0.1731085800771215,0.7674347162246704,0.636167049407959,0.7280543625354766,0.7018007934093475,0.6361668705940247,0.7280543625354766,0.6634183824062347,0.6707453608512878
pair_008,SetA,0.1999999999999999,-2.9000000000000004,0.2231085800771213,0.7634117007255554,0.6282785534858704,0.7228717386722564,0.6958450973033905,0.6282784938812256,0.7228717386722564,0.6574547290802002,0.6648654341697693
pair_008,SetA,0.24999999999999983,-2.85,0.2731085800771216,0.7583832144737244,0.6184121966362,0.7163918375968932,0.6883975863456726,0.6184119582176208,0.7163918375968932,0.6506003975868224,0.6580249786376953
pair_008,SetA,0.2999999999999999,-2.8000000000000003,0.3231085800771214,0.7522460222244263,0.606867253780365,0.7086323559284209,0.6795565783977509,0.6068671345710754,0.7086323559284209,0.6434939742088317,0.6506028354167938
pair_009,SetA,-0.3,-2.4,0.3072544707475977,0.851611852645874,0.6113975048065186,0.7795475661754607,0.7315047085285187,0.6113975644111633,0.7795475661754607,0.7104940176010132,0.7188104212284088
pair_009,SetA,-0.25,-2.35,0.2572544707475979,0.852856457233429,0.615411102771759,0.7816228330135344,0.7341337502002716,0.6154110431671143,0.7816228330135344,0.7130529463291169,0.7209570884704589
pair_009,SetA,-0.2,-2.3000000000000003,0.20725447074759806,0.8538615107536316,0.6186951994895935,0.7833116352558135,0.7362783849239349,0.6186952590942383,0.7833116352558135,0.7145511388778686,0.7223245203495026
pair_009,SetA,-0.15000000000000002,-2.25,0.1572544707475978,0.8545788526535034,0.621525228023529,0.7846627295017241,0.7380519807338715,0.6215251088142395,0.7846627295017241,0.7156724989414214,0.7234935343265533
pair_009,SetA,-0.10000000000000003,-2.2,0.10725447074759797,0.8551138043403625,0.6236373782157898,0.7856708407402038,0.7393755316734314,0.6236372590065002,0.7856708407402038,0.7158870637416839,0.7239175796508788
pair_009,SetA,-0.050000000000000044,-2.1500000000000004,0.05725447074759815,0.8553878664970398,0.6249567270278931,0.7862585604190826,0.7401723563671112,0.6249568462371826,0.7862585604190826,0.7157449126243591,0.7239892721176147
pair_009,SetA,-5.551115123125783e-17,-2.1,0.007254470747597885,0.8554825186729431,0.6255676746368408,0.7865080296993255,0.7405250370502472,0.6255675554275513,0.7865080296993255,0.7152141869068145,0.7236636757850646
pair_009,SetA,0.04999999999999993,-2.0500000000000003,0.04274552925240194,0.8553682565689087,0.6255571246147156,0.7864249169826507,0.7404626905918121,0.6255571246147156,0.7864249169826507,0.7149732828140258,0.7234449625015258
pair_009,SetA,0.09999999999999992,-2.0,0.0927455292524022,0.8549976944923401,0.6250602006912231,0.7860164105892181,0.7400288879871368,0.6250600814819336,0.7860164105892181,0.714502340555191,0.7230169653892518
pair_009,SetA,0.1499999999999999,-1.9500000000000002,0.14274552925240203,0.854437530040741,0.6234220266342163,0.7851328790187835,0.7389297783374786,0.6234220266342163,0.7851328790187835,0.7139211356639861,0.7223756849765778
pair_009,SetA,0.1999999999999999,-1.9000000000000001,0.19274552925240207,0.8536359071731567,0.6209938526153564,0.7838432908058166,0.7373148798942566,0.6209938526153564,0.7838432908058166,0.7128406345844269,0.7212021172046661
pair_009,SetA,0.24999999999999983,-1.8500000000000003,0.2427455292524019,0.8525744080543518,0.6174928545951843,0.782049959897995,0.7350336611270905,0.6174929141998291,0.782049959897995,0.7111284017562866,0.7195139288902281
pair_009,SetA,0.2999999999999999,-1.8000000000000003,0.29274552925240194,0.8513271808624268,0.6136983633041382,0.780038571357727,0.7325128316879272,0.6136984825134277,0.780038571357727,0.7093385279178619,0.717737603187561
pair_010,SetA,-0.3,-5.0,0.1606361047819247,0.6734858751296997,0.4546010494232178,0.6009321480989456,0.5525629967451096,0.4316401183605194,0.6009321480989456,0.5149199336767196,0.5201343476772309
pair_010,SetA,-0.25,-4.95,0.11063610478192487,0.6755920052528381,0.4561431407928467,0.6029943525791168,0.5545959174633026,0.4335998296737671,0.6029943525791168,0.5158799886703491,0.5213805437088013
pair_010,SetA,-0.2,-4.9,0.06063610478192505,0.6771733164787292,0.45686787366867065,0.6044914960861205,0.5560369491577148,0.43490058183670044,0.6044914960861205,0.5166467487812042,0.5223369210958481
pair_010,SetA,-0.15000000000000002,-4.8500000000000005,0.010636104781925226,0.6785563230514526,0.45670339465141296,0.6056645572185516,0.5570700466632843,0.43558377027511597,0.6056645572185516,0.5163134932518005,0.5224166065454483
pair_010,SetA,-0.10000000000000003,-4.8,0.039363895218075484,0.6794522404670715,0.45584622025489807,0.6062609791755675,0.5574668049812317,0.43548136949539185,0.6062609791755675,0.5160210818052291,0.522398406267166
pair_010,SetA,-0.050000000000000044,-4.75,0.0893638952180753,0.6799331307411194,0.45416882634162903,0.606445887684822,0.5574543923139572,0.43497565388679504,0.606445887684822,0.5169005453586578,0.5232708066701889
pair_010,SetA,-5.551115123125783e-17,-4.7,0.13936389521807513,0.6800615787506104,0.45124348998069763,0.606081810593605,0.5567619651556015,0.43346235156059265,0.606081810593605,0.5184056520462036,0.5245157510042191
pair_010,SetA,0.04999999999999993,-4.65,0.18936389521807495,0.679659903049469,0.44763079285621643,0.6051794737577438,0.5555258542299271,0.43139180541038513,0.6051794737577438,0.5189880490303039,0.5249013364315033
pair_010,SetA,0.09999999999999992,-4.6000000000000005,0.23936389521807477,0.6787638068199158,0.4429175555706024,0.6037870794534683,0.5538025945425034,0.42884138226509094,0.6037870794534683,0.5190196365118026,0.524711400270462
pair_010,SetA,0.1499999999999999,-4.550000000000001,0.2893638952180746,0.6776291131973267,0.4371573030948639,0.6020208418369293,0.5516153275966644,0.4256015419960022,0.6020208418369293,0.5184561491012574,0.5240082621574402
pair_010,SetA,0.1999999999999999,-4.5,0.3393638952180753,0.6760434508323669,0.4305404722690582,0.6000059992074966,0.5493143647909164,0.42258527874946594,0.6000059992074966,0.5172011166810989,0.5225114971399307
pair_010,SetA,0.24999999999999983,-4.45,0.38936389521807513,0.6740579009056091,0.42344096302986145,0.5976744443178177,0.5467521399259567,0.4194463789463043,0.5976744443178177,0.515330895781517,0.5206359446048736
pair_010,SetA,0.2999999999999999,-4.4,0.43936389521807495,0.6717026233673096,0.41597655415534973,0.5949847936630248,0.5438395738601685,0.41597652435302734,0.5949847936630248,0.5135413318872452,0.5186310321092605
pair_011,SetA,-0.3,-2.25,0.33934074730958796,0.8508069515228271,0.5632321834564209,0.7645345389842986,0.7070195972919464,0.5632322430610657,0.7645345389842986,0.7138685643672943,0.7192626774311065
pair_011,SetA,-0.25,-2.2,0.28934074730958814,0.8528890609741211,0.5704367160797119,0.7681533396244048,0.7116628587245941,0.5704366564750671,0.7681533396244048,0.7168914020061493,0.7224766254425048
pair_011,SetA,-0.2,-2.15,0.23934074730958788,0.8546295762062073,0.5763223171234131,0.7711373805999756,0.7154759168624878,0.5763222575187683,0.7711373805999756,0.7196184813976287,0.725268942117691
pair_011,SetA,-0.15000000000000002,-2.1,0.18934074730958805,0.8559907674789429,0.5808614492416382,0.7734519183635711,0.7184260189533234,0.5808612704277039,0.7734519183635711,0.7227181851863861,0.7282586932182311
pair_011,SetA,-0.10000000000000003,-2.05,0.1393407473095878,0.8570101261138916,0.5842874646186829,0.7751933813095092,0.7206488847732544,0.5842876434326172,0.7751933813095092,0.724932998418808,0.7302281975746154
pair_011,SetA,-0.050000000000000044,-2.0,0.08934074730958796,0.8576784133911133,0.58644038438797,0.7763069868087769,0.7220593690872192,0.5864403247833252,0.7763069868087769,0.7251101315021514,0.73066845536232
pair_011,SetA,-5.551115123125783e-17,-1.95,0.03934074730958792,0.8580250144004822,0.5873809456825256,0.7768317401409148,0.7227028906345367,0.5873807668685913,0.7768317401409148,0.7242960035800934,0.7301744461059569
pair_011,SetA,0.04999999999999993,-1.9,0.010659252690412124,0.8579818606376648,0.587316632270813,0.7767823100090026,0.7226492762565613,0.5873166918754578,0.7767823100090026,0.7235149562358856,0.7294071853160857
pair_011,SetA,0.09999999999999992,-1.85,0.06065925269041195,0.8576178550720215,0.5863606333732605,0.7762406349182129,0.7219891548156738,0.5863604545593262,0.7762406349182129,0.7231383979320526,0.7288788676261901
pair_011,SetA,0.1499999999999999,-1.8,0.11065925269041199,0.8569701910018921,0.5839809775352478,0.7750734269618987,0.72047558426857,0.5839809775352478,0.7750734269618987,0.7220075845718383,0.7275627672672271
pair_011,SetA,0.1999999999999999,-1.75,0.16065925269041204,0.8558748364448547,0.580623209476471,0.7732993483543396,0.7182490229606628,0.580623209476471,0.7732993483543396,0.7195046186447143,0.7252544760704039
pair_011,SetA,0.24999999999999983,-1.7000000000000002,0.21065925269041186,0.854508101940155,0.5761011242866516,0.7709860086441039,0.7153046131134033,0.5761011242866516,0.7709860086441039,0.7164849162101745,0.7223809480667114
pair_011,SetA,0.2999999999999999,-1.6500000000000001,0.2606592526904119,0.8528350591659546,0.5705658197402954,0.7681543409824371,0.7117005288600922,0.5705659985542297,0.7681543409824371,0.7133575558662414,0.7192091166973114
pair_012,SetA,-0.3,3.6,0.25994555794637497,0.7681488394737244,0.6024398803710938,0.7184361696243285,0.6852943897247314,0.6024399399757385,0.7184361696243285,0.656157499551773,0.6624363839626312
pair_012,SetA,-0.25,3.65,0.20994555794637515,0.7731776237487793,0.6121081113815308,0.7248567879199981,0.6926428973674774,0.6121081709861755,0.7248567879199981,0.6627679646015167,0.6691374897956848
pair_012,SetA,-0.2,3.6999999999999997,0.15994555794637533,0.7772193551063538,0.62007075548172,0.730074793100357,0.6986450850963593,0.6200708150863647,0.730074793100357,0.6681438028812408,0.6745247542858124
pair_012,SetA,-0.15000000000000002,3.75,0.10994555794637506,0.7802022099494934,0.6262328028678894,0.7340113699436187,0.703217476606369,0.6262327432632446,0.7340113699436187,0.6721348762512207,0.6784523546695709
pair_012,SetA,-0.10000000000000003,3.8,0.05994555794637524,0.7821100950241089,0.6304756999015808,0.7366197586059571,0.7062928676605225,0.630475640296936,0.7366197586059571,0.6742105484008789,0.6805761516094208
pair_012,SetA,-0.050000000000000044,3.8499999999999996,0.009945557946375416,0.782960832118988,0.6324979066848755,0.7378219366073608,0.7077293395996094,0.6324978470802307,0.7378219366073608,0.674798572063446,0.6812038540840148
pair_012,SetA,-5.551115123125783e-17,3.9,0.04005444205362485,0.7827151417732239,0.6323964595794678,0.7376195192337036,0.7075557708740234,0.632396399974823,0.7376195192337036,0.6744826316833497,0.6808214247226715
pair_012,SetA,0.04999999999999993,3.9499999999999997,0.09005444205362467,0.7814163565635681,0.6302657127380371,0.7360711634159087,0.7058410346508026,0.6302657127380371,0.7360711634159087,0.6726890683174133,0.6789200961589813
pair_012,SetA,0.09999999999999992,4.0,0.14005444205362494,0.7790974974632263,0.6262513399124146,0.7332436859607696,0.7026744782924652,0.6262514591217041,0.7332436859607696,0.6689060509204865,0.6754144668579101
pair_012,SetA,0.1499999999999999,4.05,0.19005444205362476,0.7756766080856323,0.6204107403755188,0.7290968656539916,0.698043704032898,0.6204107999801636,0.7290968656539916,0.6648024439811706,0.6712775588035583
pair_012,SetA,0.1999999999999999,4.1,0.24005444205362458,0.7712105512619019,0.6127844452857971,0.723682701587677,0.6919974684715271,0.6127843856811523,0.723682701587677,0.659945160150528,0.6664337396621703
pair_012,SetA,0.24999999999999983,4.1499999999999995,0.2900544420536244,0.7658454775810242,0.6035552024841309,0.7171583771705627,0.6847003102302551,0.6035551428794861,0.7171583771705627,0.6534671604633331,0.6600828170776367
pair_012,SetA,0.2999999999999999,4.2,0.3400544420536251,0.7595217823982239,0.5929036140441895,0.7095363318920135,0.6762126982212067,0.5929036140441895,0.7095363318920135,0.6469928801059722,0.6534386575222015
pair_013,SetA,-0.3,-1.3,0.2710704433040967,0.8201152086257935,0.6648314595222473,0.765507847070694,0.7291029393672943,0.6380906701087952,0.765507847070694,0.6663344502449036,0.6721116662025451
pair_013,SetA,-0.25,-1.25,0.22107044330409664,0.8211804032325745,0.6669173836708069,0.7668806910514832,0.7306808829307556,0.6401813626289368,0.7668806910514832,0.6675519704818725,0.6733755648136138
pair_013,SetA,-0.2,-1.2,0.1710704433040966,0.821983277797699,0.6688203811645508,0.7679875314235687,0.7319903671741486,0.6419974565505981,0.7679875314235687,0.6684005320072174,0.6742400407791138
pair_013,SetA,-0.15000000000000002,-1.15,0.12107044330409655,0.8226135969161987,0.6702823638916016,0.768931096792221,0.733142763376236,0.6436719298362732,0.768931096792221,0.6691676795482635,0.6749386489391327
pair_013,SetA,-0.10000000000000003,-1.1,0.07107044330409673,0.8230823874473572,0.6710913777351379,0.7696359038352966,0.7340049147605896,0.644927442073822,0.7696359038352966,0.6698616027832031,0.6755901277065277
pair_013,SetA,-0.050000000000000044,-1.05,0.021070443304096687,0.8233504891395569,0.6714349389076233,0.7701358914375305,0.7346594929695129,0.645968496799469,0.7701358914375305,0.6704125702381134,0.6759697616100311
pair_013,SetA,-5.551115123125783e-17,-1.0,0.028929556695903358,0.8234065175056458,0.6712080836296082,0.7703167855739592,0.7349236309528351,0.6464407444000244,0.7703167855739592,0.6705150365829468,0.6763036847114562
pair_013,SetA,0.04999999999999993,-0.9500000000000001,0.07892955669590329,0.8233658671379089,0.670861542224884,0.7704106032848357,0.7351070940494537,0.6468483209609985,0.7704106032848357,0.6703697741031647,0.6762360751628875
pair_013,SetA,0.09999999999999992,-0.9000000000000001,0.12892955669590322,0.823009192943573,0.6700572967529297,0.7701679587364196,0.7349404692649841,0.6468717455863953,0.7701679587364196,0.670980978012085,0.6767400324344635
pair_013,SetA,0.1499999999999999,-0.8500000000000001,0.17892955669590327,0.822618842124939,0.6687741875648499,0.7697329580783843,0.734475702047348,0.6463325619697571,0.7697329580783843,0.6719477534294128,0.6775660514831543
pair_013,SetA,0.1999999999999999,-0.8,0.2289295566959033,0.821936309337616,0.6670010089874268,0.7689242899417876,0.7335829436779022,0.6452295780181885,0.7689242899417876,0.6735371947288513,0.6788133800029754
pair_013,SetA,0.24999999999999983,-0.7500000000000002,0.27892955669590314,0.8211029767990112,0.6649680733680725,0.7679430782794952,0.7325031459331512,0.6439033150672913,0.7679430782794952,0.6743124365806579,0.6797014236450195
pair_013,SetA,0.2999999999999999,-0.7000000000000002,0.3289295566959032,0.8200321197509766,0.6625716090202332,0.7666645646095276,0.7310861945152283,0.64214026927948,0.7666645646095276,0.6743477821350098,0.6800960481166839
pair_015,SetA,-0.3,-2.65,0.28502903518365486,0.8335815072059631,0.6628333926200867,0.7759710550308226,0.7375640869140625,0.6415466666221619,0.7759710550308226,0.684067040681839,0.6898135662078857
pair_015,SetA,-0.25,-2.6,0.23502903518365503,0.8350316286087036,0.6656575798988342,0.777627009153366,0.7393572628498077,0.6436828970909119,0.777627009153366,0.6858101308345794,0.6915775835514069
pair_015,SetA,-0.2,-2.5500000000000003,0.1850290351836552,0.8361433744430542,0.668147087097168,0.7790032923221588,0.7409099042415619,0.6456764340400696,0.7790032923221588,0.687183505296707,0.6929309666156768
pair_015,SetA,-0.15000000000000002,-2.5,0.13502903518365494,0.8370713591575623,0.6699775457382202,0.7801785945892333,0.7422500848770142,0.6474288105964661,0.7801785945892333,0.6875856518745422,0.6931882500648499
pair_015,SetA,-0.10000000000000003,-2.45,0.08502903518365512,0.8376985788345337,0.6713317632675171,0.7809733092784882,0.7431564629077911,0.6486143469810486,0.7809733092784882,0.6870699048042297,0.6928173840045928
pair_015,SetA,-0.050000000000000044,-2.4000000000000004,0.0350290351836553,0.8381227850914001,0.672146737575531,0.7815376877784728,0.7438142895698547,0.6495057940483093,0.7815376877784728,0.6860097110271454,0.6920222342014313
pair_015,SetA,-5.551115123125783e-17,-2.35,0.014970964816344967,0.8382343053817749,0.6720388531684875,0.7815857470035552,0.7438200414180756,0.6494057774543762,0.7815857470035552,0.6843045890331267,0.6906434953212737
pair_015,SetA,0.04999999999999993,-2.3000000000000003,0.06497096481634479,0.8381244540214539,0.6713979244232178,0.7813241899013519,0.7434573471546173,0.6487902402877808,0.7813241899013519,0.6834715485572814,0.689797967672348
pair_015,SetA,0.09999999999999992,-2.25,0.11497096481634506,0.8377392888069153,0.6701472401618958,0.7808200418949127,0.742873877286911,0.6480084657669067,0.7808200418949127,0.6827025353908538,0.6837352633476257
pair_015,SetA,0.1499999999999999,-2.2,0.16497096481634488,0.8370851278305054,0.6686455607414246,0.780070036649704,0.742059975862503,0.6470348238945007,0.780070036649704,0.6763368487358092,0.6828694939613342
pair_015,SetA,0.1999999999999999,-2.1500000000000004,0.2149709648163447,0.8361486792564392,0.6663258075714111,0.7789275765419006,0.7407801747322083,0.6454116702079773,0.7789275765419006,0.6762616157531738,0.6823253452777862
pair_015,SetA,0.24999999999999983,-2.1,0.26497096481634497,0.8349447250366211,0.6635756492614746,0.777403438091278,0.7390425801277161,0.643140435218811,0.777403438091278,0.6755635142326355,0.6815418481826783
pair_015,SetA,0.2999999999999999,-2.0500000000000003,0.3149709648163448,0.8335311412811279,0.6602985262870789,0.7756049036979674,0.7369874119758606,0.6404436826705933,0.7756049036979674,0.6741024076938629,0.680080884695053
pair_016,SetA,-0.3,0.10000000000000003,0.33325134761942327,0.7717509269714355,0.6113923192024231,0.7236433446407318,0.6915716230869293,0.6113923192024231,0.7236433446407318,0.6579115808010101,0.6635909140110016
pair_016,SetA,-0.25,0.15000000000000002,0.2832513476194233,0.776179850101471,0.6193044185638428,0.729117202758789,0.6977421045303345,0.619304358959198,0.729117202758789,0.6604802429676055,0.6670295119285583
pair_016,SetA,-0.2,0.2,0.2332513476194233,0.7799641489982605,0.6258580088615417,0.7337323069572448,0.7029110789299011,0.6258580088615417,0.7337323069572448,0.6655845284461975,0.671804916858673
pair_016,SetA,-0.15000000000000002,0.25,0.1832513476194233,0.782863974571228,0.6307753920555115,0.7372373640537262,0.706819623708725,0.6307752728462219,0.7372373640537262,0.667242830991745,0.673762673139572
pair_016,SetA,-0.10000000000000003,0.3,0.1332513476194233,0.7849945425987244,0.6341860294342041,0.739752060174942,0.7095904052257538,0.6341862678527832,0.739752060174942,0.6693168401718139,0.6759427547454834
pair_016,SetA,-0.050000000000000044,0.35,0.08325134761942332,0.7862265706062317,0.6360461115837097,0.7411724507808685,0.7111363708972931,0.6360461711883545,0.7411724507808685,0.6707467913627624,0.6774685204029083
pair_016,SetA,-5.551115123125783e-17,0.39999999999999997,0.03325134761942333,0.7867295742034912,0.6363489627838135,0.7416153550148009,0.7115392088890076,0.6363488435745239,0.7416153550148009,0.6722507655620574,0.6787787973880768
pair_016,SetA,0.04999999999999993,0.44999999999999996,0.016748652380576656,0.7863657474517822,0.6350306868553162,0.7409652292728424,0.7106982171535492,0.6350306868553162,0.7409652292728424,0.6722380399703979,0.6785837471485138
pair_016,SetA,0.09999999999999992,0.49999999999999994,0.06674865238057665,0.7851410508155823,0.6320613026618958,0.7392171800136565,0.7086012661457062,0.6320614814758301,0.7392171800136565,0.6706537187099456,0.676915031671524
pair_016,SetA,0.1499999999999999,0.5499999999999999,0.11674865238057663,0.7830567359924316,0.6275748014450073,0.7364121377468108,0.7053157389163971,0.6275747418403625,0.7364121377468108,0.6687358677387237,0.6747817337512969
pair_016,SetA,0.1999999999999999,0.5999999999999999,0.16674865238057657,0.78007972240448,0.621330738067627,0.7324550092220306,0.7007052004337311,0.6213306784629822,0.7324550092220306,0.6645611703395844,0.6707125127315521
pair_016,SetA,0.24999999999999983,0.6499999999999999,0.2167486523805766,0.7761754989624023,0.6135655641555786,0.727392554283142,0.6948705911636353,0.6135656833648682,0.727392554283142,0.6597600102424621,0.6658491075038909
pair_016,SetA,0.2999999999999999,0.7,0.26674865238057666,0.771476686000824,0.6046764850616455,0.7214366078376769,0.6880765557289124,0.6046764254570007,0.7214366078376769,0.6539740085601806,0.6602588236331939
pair_019,SetA,-0.3,2.35,0.313031107598837,0.8542153239250183,0.5607806444168091,0.7661848664283752,0.7074978947639465,0.5607804656028748,0.7661848664283752,0.7084949433803558,0.7146727502346039
pair_019,SetA,-0.25,2.4,0.2630311075988372,0.8561705946922302,0.566938579082489,0.769400918483734,0.7115544676780701,0.5669383406639099,0.769400918483734,0.7115406215190887,0.7176725268363952
pair_019,SetA,-0.2,2.4499999999999997,0.21303110759883737,0.8577961921691895,0.5722704529762268,0.7721384525299071,0.7150332927703857,0.572270393371582,0.7721384525299071,0.7132585763931274,0.7195501804351806
pair_019,SetA,-0.15000000000000002,2.5,0.1630311075988371,0.8590756058692932,0.5768554210662842,0.7744095504283904,0.7179655134677887,0.5768554210662842,0.7744095504283904,0.7144080758094787,0.7208911776542664
pair_019,SetA,-0.10000000000000003,2.55,0.11303110759883728,0.8599992394447327,0.5802873969078064,0.7760856509208679,0.7201432585716248,0.5802872776985168,0.7760856509208679,0.7147920608520507,0.7215218901634215
pair_019,SetA,-0.050000000000000044,2.5999999999999996,0.06303110759883745,0.8605139255523682,0.5822961926460266,0.7770486056804656,0.7214050590991974,0.5822961926460266,0.7770486056804656,0.7159573793411254,0.7225189089775085
pair_019,SetA,-5.551115123125783e-17,2.65,0.013031107598837188,0.8607320785522461,0.5836096405982971,0.7775953114032745,0.7221707999706268,0.5836095213890076,0.7775953114032745,0.7163991928100585,0.7227848827838896
pair_019,SetA,0.04999999999999993,2.6999999999999997,0.036968892401162634,0.8606194257736206,0.5837624669075012,0.7775623381137847,0.7221909463405609,0.5837624669075012,0.7775623381137847,0.7154286205768584,0.7220400094985961
pair_019,SetA,0.09999999999999992,2.75,0.0869688924011629,0.8601111769676208,0.5825324654579163,0.7768375813961028,0.7213218510150909,0.582532525062561,0.7768375813961028,0.7134569644927977,0.7204228401184082
pair_019,SetA,0.1499999999999999,2.8,0.13696889240116272,0.8592567443847656,0.5802114605903625,0.775543177127838,0.7197341322898865,0.5802115201950073,0.775543177127838,0.7115463912487029,0.7188381552696228
pair_019,SetA,0.1999999999999999,2.8499999999999996,0.18696889240116255,0.8580167293548584,0.5766571760177612,0.7736088275909423,0.717336893081665,0.5766570568084717,0.7736088275909423,0.7102267920970916,0.7173665583133697
pair_019,SetA,0.24999999999999983,2.9,0.2369688924011628,0.8564381003379822,0.5722159147262573,0.7711713910102843,0.7143269181251526,0.572215735912323,0.7711713910102843,0.7088580250740051,0.7159332931041718
pair_019,SetA,0.2999999999999999,2.9499999999999997,0.28696889240116263,0.8545539975166321,0.5667566657066345,0.7682147979736327,0.7106553316116333,0.5667566657066345,0.7682147979736327,0.7077618122100829,0.7145156145095826
pair_021,SetA,-0.3,0.39999999999999997,0.09904138045964256,0.8366071581840515,0.6520519852638245,0.7812406241893768,0.7443296015262604,0.6520520448684692,0.7812406241893768,0.6968731522560119,0.7023438215255737
pair_021,SetA,-0.25,0.44999999999999996,0.04904138045964257,0.837984561920166,0.6535825133323669,0.7826639115810394,0.7457834780216217,0.6535823941230774,0.7826639115810394,0.699773621559143,0.7045310676097869
pair_021,SetA,-0.2,0.49999999999999994,0.0009586195403574194,0.8392459750175476,0.6551278829574585,0.7840105652809143,0.7471869587898254,0.6551279425621033,0.7840105652809143,0.701331502199173,0.7059939384460449
pair_021,SetA,-0.15000000000000002,0.5499999999999999,0.05095861954035741,0.8402409553527832,0.6564410924911499,0.7851009607315063,0.7483409643173218,0.6564409732818604,0.7851009607315063,0.700496232509613,0.7053778290748596
pair_021,SetA,-0.10000000000000003,0.5999999999999999,0.10095861954035734,0.8409859538078308,0.6576590538024902,0.7859878838062286,0.7493225038051605,0.6576590538024902,0.7859878838062286,0.6990814685821533,0.7043403804302215
pair_021,SetA,-0.050000000000000044,0.6499999999999999,0.15095861954035739,0.8414710164070129,0.6584517955780029,0.7865652322769164,0.7499613761901855,0.6584517359733582,0.7865652322769164,0.6993157625198363,0.7047710359096526
pair_021,SetA,-5.551115123125783e-17,0.7,0.20095861954035743,0.8415907025337219,0.658553421497345,0.7866795361042022,0.7500720918178558,0.6585534811019897,0.7866795361042022,0.6993510723114014,0.7047408759593964
pair_021,SetA,0.04999999999999993,0.7499999999999999,0.25095861954035736,0.8414945006370544,0.6579570174217224,0.7864332914352417,0.7497258186340332,0.657957136631012,0.7864332914352417,0.6974248707294464,0.7033062815666198
pair_021,SetA,0.09999999999999992,0.7999999999999998,0.3009586195403573,0.8411039710044861,0.6570378541946411,0.7858841359615325,0.7490709125995636,0.6570378541946411,0.7858841359615325,0.6957142353057861,0.7017328143119812
pair_021,SetA,0.1499999999999999,0.8499999999999999,0.35095861954035734,0.8403773307800293,0.6557374000549316,0.7849853515624999,0.7480573654174805,0.6557374000549316,0.7849853515624999,0.6955334007740019,0.7013697445392608
pair_021,SetA,0.1999999999999999,0.8999999999999999,0.4009586195403574,0.83938068151474,0.6536622047424316,0.7836651563644409,0.7465214729309082,0.6536622643470764,0.7836651563644409,0.6950941145420074,0.7008297741413116
pair_021,SetA,0.24999999999999983,0.9499999999999997,0.4509586195403572,0.8381465077400208,0.6509335041046143,0.7819826245307923,0.7445400357246399,0.650933563709259,0.7819826245307923,0.692143964767456,0.6981469929218291
pair_021,SetA,0.2999999999999999,0.9999999999999998,0.5009586195403573,0.836667001247406,0.6479074358940125,0.7800391137599945,0.7422871887683868,0.6479073762893677,0.7800391137599945,0.689589375257492,0.695692640542984
pair_022,SetA,-0.3,-3.0,0.31463819958223205,0.754758894443512,0.6395980715751648,0.7202106297016143,0.697178453207016,0.63959801197052,0.7202106297016143,0.6602133572101593,0.6662421464920043
pair_022,SetA,-0.25,-2.95,0.2646381995822322,0.7597386837005615,0.6478984951972961,0.7261865735054016,0.7038185000419617,0.6478983163833618,0.7261865735054016,0.6662496268749236,0.6720691561698913
pair_022,SetA,-0.2,-2.9000000000000004,0.2146381995822324,0.7639570236206055,0.6549292802810669,0.7312487185001373,0.7094431817531586,0.6549293398857117,0.7312487185001373,0.6709390103816986,0.6769350588321685
pair_022,SetA,-0.15000000000000002,-2.85,0.16463819958223214,0.7672516107559204,0.660599410533905,0.7352559864521027,0.7139255702495575,0.6605995297431946,0.7352559864521027,0.6746284127235412,0.6806873142719269
pair_022,SetA,-0.10000000000000003,-2.8000000000000003,0.11463819958223231,0.7696680426597595,0.6645953059196472,0.7381462395191192,0.7171317040920258,0.664595365524292,0.7381462395191192,0.6773037910461426,0.6833667039871215
pair_022,SetA,-0.050000000000000044,-2.75,0.06463819958223205,0.7712361812591553,0.6669057011604309,0.739937001466751,0.7190708816051483,0.6669055819511414,0.739937001466751,0.6791163742542267,0.6852464020252228
pair_022,SetA,-5.551115123125783e-17,-2.7,0.014638199582232225,0.7719577550888062,0.667841374874115,0.7407228589057921,0.719899594783783,0.6678414344787598,0.7407228589057921,0.6800738155841827,0.6861034274101258
pair_022,SetA,0.04999999999999993,-2.6500000000000004,0.0353618004177676,0.7717769145965576,0.6673786044120789,0.7404574036598205,0.7195777297019958,0.6673785448074341,0.7404574036598205,0.6796814858913421,0.6857229828834533
pair_022,SetA,0.09999999999999992,-2.6,0.08536180041776786,0.7706825137138367,0.6653105020523071,0.7390708923339843,0.7179964780807495,0.6653104424476624,0.7390708923339843,0.6785231053829193,0.6845897197723388
pair_022,SetA,0.1499999999999999,-2.5500000000000003,0.13536180041776769,0.7688247561454773,0.6618545651435852,0.7367336988449096,0.7153396606445312,0.6618545651435852,0.7367336988449096,0.6770942986011504,0.6828720450401307
pair_022,SetA,0.1999999999999999,-2.5000000000000004,0.1853618004177675,0.7660702466964722,0.6567200422286987,0.733265221118927,0.7113952040672302,0.6567201614379883,0.733265221118927,0.6729716837406158,0.678859794139862
pair_022,SetA,0.24999999999999983,-2.45,0.23536180041776777,0.7626224160194397,0.650411069393158,0.7289590120315551,0.7065167427062988,0.650411069393158,0.7289590120315551,0.6677242696285247,0.673612779378891
pair_022,SetA,0.2999999999999999,-2.4000000000000004,0.2853618004177676,0.7582371234893799,0.6425806879997253,0.7235401928424835,0.7004089057445526,0.6425806879997253,0.7235401928424835,0.6609826326370238,0.66687992811203
pair_023,SetA,-0.3,4.75,0.24062251413888092,0.8656827807426453,0.6052468419075012,0.7875519990921019,0.7354648113250732,0.6052468419075012,0.7875519990921019,0.7272211551666259,0.7329102516174316
pair_023,SetA,-0.25,4.8,0.1906225141388811,0.8670781850814819,0.609512209892273,0.7898083746433258,0.738295167684555,0.6095121502876282,0.7898083746433258,0.730012184381485,0.7354387581348418
pair_023,SetA,-0.2,4.85,0.14062251413888127,0.868215799331665,0.613170325756073,0.7917021214962005,0.7406930029392242,0.6131702065467834,0.7917021214962005,0.732502818107605,0.737895506620407
pair_023,SetA,-0.15000000000000002,4.8999999999999995,0.09062251413888145,0.8691103458404541,0.6157864332199097,0.793113225698471,0.742448478937149,0.615786612033844,0.793113225698471,0.7339027881622314,0.739208561182022
pair_023,SetA,-0.10000000000000003,4.95,0.04062251413888074,0.8697064518928528,0.6173837184906006,0.7940096139907836,0.7435450553894043,0.6173836588859558,0.7940096139907836,0.7342954397201538,0.7396851301193237
pair_023,SetA,-0.050000000000000044,5.0,0.009377485861119084,0.8699474930763245,0.6180790662765503,0.7943869292736052,0.7440132200717926,0.6180789470672607,0.7943869292736052,0.7339756965637206,0.7397210836410523
pair_023,SetA,-5.551115123125783e-17,5.05,0.059377485861118906,0.8700091242790222,0.6178780198097229,0.7943697929382324,0.7439435720443726,0.6178780198097229,0.7943697929382324,0.7338545083999634,0.7396994292736053
pair_023,SetA,0.04999999999999993,5.1,0.10937748586111873,0.8697620034217834,0.6168231964111328,0.7938803255558013,0.7432925403118134,0.6168230772018433,0.7938803255558013,0.7334642529487609,0.7392822086811065
pair_023,SetA,0.09999999999999992,5.1499999999999995,0.15937748586111855,0.8691855669021606,0.6149241924285889,0.792907154560089,0.7420548796653748,0.6149241924285889,0.792907154560089,0.7330516636371611,0.7388889193534851
pair_023,SetA,0.1499999999999999,5.199999999999999,0.20937748586111837,0.8683533668518066,0.6122779250144958,0.7915307521820067,0.7403156757354736,0.6122779846191406,0.7915307521820067,0.7324374079704284,0.7381730377674103
pair_023,SetA,0.1999999999999999,5.25,0.2593774858611191,0.867310643196106,0.6089509725570679,0.7898027062416076,0.7381307482719421,0.6089508533477783,0.7898027062416076,0.7309964656829833,0.7367171168327331
pair_023,SetA,0.24999999999999983,5.3,0.3093774858611189,0.8659436106681824,0.604777991771698,0.7875939071178436,0.7353607714176178,0.6047779321670532,0.7875939071178436,0.7289386332035064,0.7344311952590942
pair_023,SetA,0.2999999999999999,5.35,0.35937748586111873,0.8643259406089783,0.5998383164405823,0.7849796712398529,0.7320821583271027,0.599838376045227,0.7849796712398529,0.7251725137233734,0.730875700712204
pair_025,SetA,-0.3,-3.6999999999999997,0.26851670622973156,0.7798823118209839,0.650762677192688,0.741146421432495,0.7153224945068359,0.650762677192688,0.741146421432495,0.6414836943149567,0.6480052113533019
pair_025,SetA,-0.25,-3.65,0.21851670622973174,0.7815330028533936,0.6541600823402405,0.7433210909366608,0.7178464829921722,0.6541599631309509,0.7433210909366608,0.6441485106945037,0.650610464811325
pair_025,SetA,-0.2,-3.6,0.16851670622973192,0.782960832118988,0.6571648120880127,0.7452220797538757,0.7200629115104675,0.657164990901947,0.7452220797538757,0.6461380302906036,0.6525174915790557
pair_025,SetA,-0.15000000000000002,-3.55,0.11851670622973165,0.7839983701705933,0.6592468023300171,0.7465729713439941,0.7216227054595947,0.6592470407485962,0.7465729713439941,0.6474656283855438,0.6539748966693878
pair_025,SetA,-0.10000000000000003,-3.5,0.06851670622973183,0.7848171591758728,0.6607178449630737,0.747587364912033,0.7227675020694733,0.6607178449630737,0.747587364912033,0.6488650083541869,0.6553031384944916
pair_025,SetA,-0.050000000000000044,-3.45,0.018516706229732005,0.7853842973709106,0.6614961624145508,0.748217874765396,0.7234402596950531,0.6614962220191956,0.748217874765396,0.6491387486457825,0.6556212663650512
pair_025,SetA,-5.551115123125783e-17,-3.4,0.03148329377026826,0.7856414318084717,0.661747932434082,0.7484733998775481,0.7236947119235992,0.6617479920387268,0.7484733998775481,0.6492211639881134,0.6556614339351654
pair_025,SetA,0.04999999999999993,-3.35,0.08148329377026808,0.7855734825134277,0.6610143184661865,0.7482056975364685,0.7232938408851624,0.661014199256897,0.7482056975364685,0.6499578058719635,0.6561623215675354
pair_025,SetA,0.09999999999999992,-3.3,0.13148329377026835,0.7853925824165344,0.6601848602294922,0.7478303372859955,0.7227888405323029,0.6601850986480713,0.7478303372859955,0.6498464703559875,0.6558422625064849
pair_025,SetA,0.1499999999999999,-3.25,0.18148329377026817,0.784828245639801,0.6588373184204102,0.7470309853553772,0.721832811832428,0.6588373780250549,0.7470309853553772,0.6480315029621124,0.6542858660221099
pair_025,SetA,0.1999999999999999,-3.2,0.231483293770268,0.7840319275856018,0.657052755355835,0.7459381937980651,0.7205423712730408,0.6570528149604797,0.7459381937980651,0.6464047074317931,0.6528015911579133
pair_025,SetA,0.24999999999999983,-3.15,0.28148329377026826,0.7829601764678955,0.6548197269439697,0.7445181131362915,0.7188900709152222,0.6548199653625488,0.7445181131362915,0.6449874401092529,0.6514502584934234
pair_025,SetA,0.2999999999999999,-3.1,0.3314832937702681,0.7815597057342529,0.6515250205993652,0.7425493359565735,0.7165424227714539,0.6515251398086548,0.7425493359565735,0.6433336138725281,0.6500840485095978
pair_026,SetA,-0.3,-3.85,0.2641182601687513,0.6721024513244629,0.48336324095726013,0.6154807060956955,0.5777328759431839,0.4833633005619049,0.6154807060956955,0.5489477962255478,0.5545790165662765
pair_026,SetA,-0.25,-3.8000000000000003,0.21411826016875146,0.6761304140090942,0.4895261526107788,0.6201491177082061,0.5828282535076141,0.48952609300613403,0.6201491177082061,0.5529717177152633,0.5584405928850174
pair_026,SetA,-0.2,-3.7500000000000004,0.16411826016875164,0.6793898940086365,0.49442678689956665,0.6239009618759155,0.5869083404541016,0.49442678689956665,0.6239009618759155,0.5552743017673492,0.5608148247003555
pair_026,SetA,-0.15000000000000002,-3.7,0.11411826016875137,0.681890606880188,0.49824413657188416,0.6267966657876968,0.5900673717260361,0.49824413657188416,0.6267966657876968,0.5569803655147552,0.5623544096946715
pair_026,SetA,-0.10000000000000003,-3.6500000000000004,0.06411826016875155,0.6835988759994507,0.50102698802948,0.6288272559642791,0.5923128426074982,0.5010268092155457,0.6288272559642791,0.5573728144168854,0.5628895193338393
pair_026,SetA,-0.050000000000000044,-3.6000000000000005,0.014118260168751728,0.6844900846481323,0.5022323131561279,0.6298127174377441,0.5933611392974854,0.5022321939468384,0.6298127174377441,0.5557502418756485,0.561790370941162
pair_026,SetA,-5.551115123125783e-17,-3.5500000000000003,0.03588173983124854,0.6846230626106262,0.5019457936286926,0.6298198282718659,0.5932843387126923,0.5019456148147583,0.6298198282718659,0.5536306679248809,0.5599736392498016
pair_026,SetA,0.04999999999999993,-3.5000000000000004,0.08588173983124836,0.683901846408844,0.4998125433921814,0.6286750644445419,0.5918572098016739,0.4998125731945038,0.6286750644445419,0.5510578095912932,0.557394590973854
pair_026,SetA,0.09999999999999992,-3.45,0.13588173983124863,0.6823683977127075,0.49640747904777527,0.626580148935318,0.589387983083725,0.49640756845474243,0.626580148935318,0.5485066324472427,0.5547863006591797
pair_026,SetA,0.1499999999999999,-3.4000000000000004,0.18588173983124845,0.6799544095993042,0.49121323227882385,0.6233320653438568,0.5855838358402252,0.49121326208114624,0.6233320653438568,0.5457565486431122,0.5517758458852767
pair_026,SetA,0.1999999999999999,-3.3500000000000005,0.23588173983124827,0.6767875552177429,0.48478153347969055,0.6191857397556304,0.5807845294475555,0.48478150367736816,0.6191857397556304,0.5422514647245407,0.548079890012741
pair_026,SetA,0.24999999999999983,-3.3000000000000003,0.28588173983124854,0.6726393699645996,0.47672680020332336,0.6138656258583068,0.5746831297874451,0.4767268896102905,0.6138656258583068,0.5371081590652466,0.5428721129894256
pair_026,SetA,0.2999999999999999,-3.2500000000000004,0.33588173983124836,0.6677470803260803,0.46753183007240295,0.6076824873685837,0.5676394253969193,0.4675317704677582,0.6076824873685837,0.5309210687875747,0.5366810113191605
pair_028,SetA,-0.3,0.7,0.23210246023432768,0.727708101272583,0.5772011280059814,0.6825560271739959,0.6524546444416046,0.5772011876106262,0.6825560271739959,0.6088716328144073,0.6144898414611816
pair_028,SetA,-0.25,0.75,0.18210246023432763,0.7311067581176758,0.5836581587791443,0.6868721425533294,0.6573823988437653,0.5836580395698547,0.6868721425533294,0.6124611496925354,0.6181441485881805
pair_028,SetA,-0.2,0.8,0.1321024602343276,0.7339683175086975,0.5889532566070557,0.690463799238205,0.6614607870578766,0.5889532566070557,0.690463799238205,0.615555065870285,0.6213895738124847
pair_028,SetA,-0.15000000000000002,0.85,0.08210246023432766,0.7362242937088013,0.5930590033531189,0.6932747066020964,0.6646416485309601,0.5930590033531189,0.6932747066020964,0.6186635792255402,0.6244899332523346
pair_028,SetA,-0.10000000000000003,0.8999999999999999,0.03210246023432772,0.7377212643623352,0.5960968136787415,0.6952338933944702,0.6669089794158936,0.5960966944694519,0.6952338933944702,0.6219938099384308,0.6276646614074707
pair_028,SetA,-0.050000000000000044,0.95,0.01789753976567232,0.7385857701301575,0.5978927612304688,0.6963778495788574,0.6682392358779907,0.597892701625824,0.6963778495788574,0.6243177592754364,0.6299630641937255
pair_028,SetA,-5.551115123125783e-17,1.0,0.06789753976567237,0.7388956546783447,0.598584771156311,0.6968023896217346,0.6687402129173279,0.598584771156311,0.6968023896217346,0.6260512351989745,0.6317982733249664
pair_028,SetA,0.04999999999999993,1.0499999999999998,0.11789753976567219,0.7384705543518066,0.5978170037269592,0.6962745428085327,0.6681438684463501,0.5978171825408936,0.6962745428085327,0.6266272723674774,0.632303762435913
pair_028,SetA,0.09999999999999992,1.0999999999999999,0.16789753976567223,0.73758864402771,0.5962491631507874,0.6951867640018462,0.6669188439846039,0.5962490439414978,0.6951867640018462,0.6264350116252899,0.6318693518638611
pair_028,SetA,0.1499999999999999,1.15,0.21789753976567228,0.7359216809272766,0.5935418605804443,0.6932076990604401,0.6647317111492157,0.5935417413711548,0.6932076990604401,0.6233519077301025,0.6292649686336517
pair_028,SetA,0.1999999999999999,1.2,0.2678975397656723,0.7336293458938599,0.5894995927810669,0.6903904557228088,0.6615645289421082,0.5894997119903564,0.6903904557228088,0.6202824413776398,0.6261834919452667
pair_028,SetA,0.24999999999999983,1.2499999999999998,0.31789753976567214,0.7310250997543335,0.5849734544754028,0.6872095704078673,0.6579992175102234,0.5849733352661133,0.6872095704078673,0.6168191492557525,0.6226684749126434
pair_028,SetA,0.2999999999999999,1.2999999999999998,0.3678975397656722,0.7277003526687622,0.5794369578361511,0.6832213699817657,0.6535687148571014,0.5794370770454407,0.6832213699817657,0.6123944401741027,0.6183676660060882
pair_032,SetA,-0.3,-5.1499999999999995,0.2800474102918864,0.7410602569580078,0.5433871746063232,0.6817583322525024,0.6422237157821655,0.5433871746063232,0.6817583322525024,0.6065410405397414,0.6123729109764099
pair_032,SetA,-0.25,-5.1,0.23004741029188658,0.7452974319458008,0.5519291162490845,0.6872869908809661,0.6486133635044098,0.5519292950630188,0.6872869908809661,0.6107889533042907,0.6167754888534546
pair_032,SetA,-0.2,-5.05,0.18004741029188676,0.7489376664161682,0.5592024326324463,0.6920171320438384,0.654070109128952,0.5592025518417358,0.6920171320438384,0.6138064742088317,0.6201211512088776
pair_032,SetA,-0.15000000000000002,-5.0,0.13004741029188693,0.7516896724700928,0.564881443977356,0.6956471860408783,0.658285528421402,0.5648813843727112,0.6956471860408783,0.6171334952116012,0.6235654711723327
pair_032,SetA,-0.10000000000000003,-4.949999999999999,0.08004741029188622,0.7536630630493164,0.5690058469772339,0.6982658982276916,0.6613344550132751,0.5690058469772339,0.6982658982276916,0.6194898664951324,0.6258885025978088
pair_032,SetA,-0.050000000000000044,-4.8999999999999995,0.0300474102918864,0.7547040581703186,0.5717452168464661,0.6998163878917694,0.66322460770607,0.5717451572418213,0.6998163878917694,0.62076815366745,0.6274109780788422
pair_032,SetA,-5.551115123125783e-17,-4.85,0.019952589708113422,0.754851758480072,0.5724274516105652,0.7001245021820068,0.6636396646499634,0.5724275708198547,0.7001245021820068,0.6213996469974518,0.6280844032764434
pair_032,SetA,0.04999999999999993,-4.8,0.06995258970811324,0.7543337345123291,0.5719782114028931,0.699627023935318,0.6631558835506439,0.5719780325889587,0.699627023935318,0.6205088049173355,0.6270441532135009
pair_032,SetA,0.09999999999999992,-4.75,0.11995258970811307,0.7527719736099243,0.5695169568061829,0.6977953970432281,0.661144345998764,0.5695167183876038,0.6977953970432281,0.6183739930391311,0.6248130083084106
pair_032,SetA,0.1499999999999999,-4.699999999999999,0.16995258970811378,0.7506038546562195,0.5657667517662048,0.695152759552002,0.6581853628158569,0.5657668709754944,0.695152759552002,0.6157349497079849,0.6221902608871459
pair_032,SetA,0.1999999999999999,-4.6499999999999995,0.2199525897081136,0.7475206255912781,0.5604961514472961,0.6914132833480835,0.6540083885192871,0.5604961514472961,0.6914132833480835,0.6119530379772186,0.6182654589414596
pair_032,SetA,0.24999999999999983,-4.6,0.2699525897081134,0.7436875104904175,0.5535862445831299,0.6866571485996246,0.6486369073390961,0.5535863041877747,0.6866571485996246,0.607016709446907,0.6133402466773986
pair_032,SetA,0.2999999999999999,-4.55,0.31995258970811324,0.7390928268432617,0.5450408458709717,0.6808772146701813,0.6420668065547943,0.5450407862663269,0.6808772146701813,0.6002345174551009,0.6068890899419784
pair_033,SetA,-0.3,1.4,0.3261192771700281,0.8755353689193726,0.6502227187156677,0.8079415380954742,0.7628789842128754,0.6502225995063782,0.8079415380954742,0.7521079957485198,0.758027297258377
pair_033,SetA,-0.25,1.45,0.27611927717002804,0.8773919939994812,0.6559436917304993,0.8109574675559997,0.7666677832603455,0.6559435725212097,0.8109574675559997,0.7542596220970152,0.760317039489746
pair_033,SetA,-0.2,1.5,0.226119277170028,0.8790320158004761,0.6608244180679321,0.813569700717926,0.7699281573295593,0.6608242988586426,0.813569700717926,0.7564150750637054,0.7624179899692536
pair_033,SetA,-0.15000000000000002,1.5499999999999998,0.17611927717002818,0.8803322315216064,0.6644887924194336,0.815579217672348,0.7724105417728424,0.6644888520240784,0.815579217672348,0.7583621561527252,0.7641851842403411
pair_033,SetA,-0.10000000000000003,1.5999999999999999,0.12611927717002813,0.8812495470046997,0.6671078205108643,0.8170069754123687,0.7741785943508148,0.6671076416969299,0.8170069754123687,0.7595055818557739,0.7653596699237823
pair_033,SetA,-0.050000000000000044,1.65,0.07611927717002809,0.8819369077682495,0.6687906384468079,0.8179930806159973,0.7753638625144958,0.6687908172607422,0.8179930806159973,0.7609921813011169,0.7666120171546936
pair_033,SetA,-5.551115123125783e-17,1.7,0.026119277170028043,0.8822016716003418,0.6693980097770691,0.81836057305336,0.7757998406887054,0.6693980097770691,0.81836057305336,0.7618402540683745,0.7673091411590576
pair_033,SetA,0.04999999999999993,1.75,0.023880722829972,0.8821291327476501,0.6688715219497681,0.8181518495082855,0.7755003273487091,0.6688715219497681,0.8181518495082855,0.761868417263031,0.7671672701835632
pair_033,SetA,0.09999999999999992,1.7999999999999998,0.07388072282997182,0.8817422389984131,0.6670935153961182,0.8173476397991181,0.774417906999588,0.6670935750007629,0.8173476397991181,0.7613871276378631,0.7666454970836639
pair_033,SetA,0.1499999999999999,1.8499999999999999,0.12388072282997187,0.8810430765151978,0.6644460558891296,0.8160639345645905,0.7727445065975189,0.6644459366798401,0.8160639345645905,0.7605085909366608,0.7658067166805267
pair_033,SetA,0.1999999999999999,1.9,0.1738807228299719,0.8800498247146606,0.6612135171890259,0.814398968219757,0.770631730556488,0.6612136363983154,0.814398968219757,0.7593029320240021,0.7646596014499664
pair_033,SetA,0.24999999999999983,1.9499999999999997,0.22388072282997173,0.8787413239479065,0.6568570137023926,0.8121760129928588,0.7677991390228271,0.6568569540977478,0.8121760129928588,0.7571070790290831,0.7625404596328735
pair_033,SetA,0.2999999999999999,1.9999999999999998,0.2738807228299718,0.8771536946296692,0.6516910195350647,0.8095148742198943,0.7644223272800446,0.6516909599304199,0.8095148742198943,0.7535314977169036,0.7589666008949278
pair_035,SetA,-0.3,1.9999999999999998,0.2844484698658951,0.8377424478530884,0.6378386616706848,0.7777713119983672,0.7377905547618866,0.6378386616706848,0.7777713119983672,0.6969629943370819,0.70305894613266
pair_035,SetA,-0.25,2.05,0.23444846986589507,0.8388079404830933,0.6399588584899902,0.7791531801223754,0.739383339881897,0.6399587392807007,0.7791531801223754,0.6980558514595031,0.7042030453681944
pair_035,SetA,-0.2,2.0999999999999996,0.18444846986589525,0.8396615982055664,0.6418993473052979,0.7803329050540924,0.7407804429531097,0.6418992877006531,0.7803329050540924,0.6985147953033447,0.7046784222126006
pair_035,SetA,-0.15000000000000002,2.15,0.13444846986589498,0.8403198719024658,0.6431566476821899,0.7811708688735961,0.7417382001876831,0.6431565284729004,0.7811708688735961,0.6992109537124633,0.7054284870624541
pair_035,SetA,-0.10000000000000003,2.1999999999999997,0.08444846986589516,0.8407487273216248,0.6438390612602234,0.7816758453845978,0.7422939240932465,0.6438391208648682,0.7816758453845978,0.6994089722633362,0.7054639875888824
pair_035,SetA,-0.050000000000000044,2.25,0.03444846986589489,0.8410128951072693,0.6439705491065979,0.7819002091884613,0.742491751909256,0.6439706087112427,0.7819002091884613,0.6993442118167876,0.7054260969161986
pair_035,SetA,-5.551115123125783e-17,2.3,0.01555153013410493,0.8411705493927002,0.6441510319709778,0.7820646584033966,0.7426607310771942,0.6441509127616882,0.7820646584033966,0.69891397356987,0.7052187442779541
pair_035,SetA,0.04999999999999993,2.3499999999999996,0.06555153013410475,0.8410484194755554,0.6433768272399902,0.7817469239234924,0.7422125935554504,0.6433767676353455,0.7817469239234924,0.6985668122768401,0.7050622940063476
pair_035,SetA,0.09999999999999992,2.4,0.11555153013410502,0.8407713770866394,0.6425369381904602,0.7813010454177856,0.7416541576385498,0.6425369381904602,0.7813010454177856,0.6979973018169403,0.7042582690715788
pair_035,SetA,0.1499999999999999,2.4499999999999997,0.16555153013410484,0.840318500995636,0.6412301063537598,0.7805919468402862,0.7407742440700531,0.6412299871444702,0.7805919468402862,0.6969185650348663,0.7030767023563385
pair_035,SetA,0.1999999999999999,2.4999999999999996,0.21555153013410466,0.8397554755210876,0.6398155093193054,0.7797734677791595,0.7397854626178741,0.6398154497146606,0.7797734677791595,0.6952630877494812,0.7014071822166443
pair_035,SetA,0.24999999999999983,2.55,0.26555153013410493,0.8391023874282837,0.637751042842865,0.7786969661712646,0.738426685333252,0.6377509832382202,0.7786969661712646,0.692937582731247,0.6992836415767669
pair_035,SetA,0.2999999999999999,2.5999999999999996,0.31555153013410475,0.8381995558738708,0.6354615688323975,0.7773781418800354,0.7368305325508118,0.6354615092277527,0.7773781418800354,0.6903587937355041,0.6967261910438537
pair_037,SetA,-0.3,-4.5,0.2995234894709462,0.8378558158874512,0.6086772084236145,0.7691022515296936,0.7232665419578552,0.6086772680282593,0.7691022515296936,0.6927370846271514,0.6986106872558593
pair_037,SetA,-0.25,-4.45,0.24952348947094638,0.8387819528579712,0.6108644008636475,0.770406687259674,0.7248231768608093,0.6108644008636475,0.770406687259674,0.6952472031116484,0.7008509337902069
pair_037,SetA,-0.2,-4.4,0.19952348947094656,0.839534342288971,0.6125441789627075,0.7714372575283049,0.7260392010211945,0.612544059753418,0.7714372575283049,0.6977907776832579,0.7031745791435242
pair_037,SetA,-0.15000000000000002,-4.3500000000000005,0.14952348947094674,0.8400446176528931,0.6136367917060852,0.7721222519874573,0.7268406748771667,0.6136367321014404,0.7721222519874573,0.6995232939720153,0.7048888623714447
pair_037,SetA,-0.10000000000000003,-4.3,0.09952348947094602,0.8404375314712524,0.6145474910736084,0.7726705729961394,0.7274926006793976,0.6145476698875427,0.7726705729961394,0.7009849905967711,0.7064593911170959
pair_037,SetA,-0.050000000000000044,-4.25,0.0495234894709462,0.8406439423561096,0.6151177287101746,0.7729860603809356,0.7278808057308197,0.6151176691055298,0.7729860603809356,0.7020044624805449,0.7074934601783752
pair_037,SetA,-5.551115123125783e-17,-4.2,0.0004765105290536198,0.840674877166748,0.6151275038719177,0.773010629415512,0.7279011309146881,0.6151273846626282,0.773010629415512,0.7032145977020263,0.7086666762828826
pair_037,SetA,0.04999999999999993,-4.15,0.05047651052905344,0.8405429124832153,0.6151345372200012,0.7729203820228576,0.7278386950492859,0.6151344776153564,0.7729203820228576,0.70399352312088,0.7093454480171203
pair_037,SetA,0.09999999999999992,-4.1000000000000005,0.10047651052905326,0.8403165936470032,0.6151950359344482,0.77278014421463,0.7277558445930481,0.615195095539093,0.77278014421463,0.7054224252700805,0.7102856338024139
pair_037,SetA,0.1499999999999999,-4.050000000000001,0.1504765105290531,0.8398955464363098,0.614884078502655,0.772392052412033,0.7273897230625153,0.6148838996887207,0.772392052412033,0.7054967284202576,0.710213017463684
pair_037,SetA,0.1999999999999999,-4.0,0.2004765105290538,0.8393557667732239,0.6143916249275208,0.7718665242195129,0.7268736958503723,0.6143916249275208,0.7718665242195129,0.7047248423099517,0.7094539046287537
pair_037,SetA,0.24999999999999983,-3.95,0.2504765105290536,0.8386398553848267,0.6136084198951721,0.7711303889751433,0.7261240780353546,0.6136083006858826,0.7711303889751433,0.7033563494682312,0.708041077852249
pair_037,SetA,0.2999999999999999,-3.9000000000000004,0.30047651052905344,0.8377636075019836,0.6129524111747742,0.7703203022480011,0.7253580987453461,0.6129525899887085,0.7703203022480011,0.7003620862960814,0.7053502023220062
pair_039,SetA,-0.3,-4.0,0.289667439819989,0.8634997606277466,0.6364397406578064,0.795381736755371,0.7499697208404541,0.6364396810531616,0.795381736755371,0.7347070753574372,0.7397540271282195
pair_039,SetA,-0.25,-3.95,0.23966743981998917,0.8647213578224182,0.6401193141937256,0.7973407804965972,0.7524203956127167,0.6401194334030151,0.7973407804965972,0.7371117711067199,0.7420243501663207
pair_039,SetA,-0.2,-3.9000000000000004,0.18966743981998935,0.8656836748123169,0.642890453338623,0.7988457441329955,0.7542871236801147,0.6428905725479126,0.7988457441329955,0.7385046958923339,0.7435800790786742
pair_039,SetA,-0.15000000000000002,-3.85,0.13966743981998908,0.8664106726646423,0.6448666453361511,0.7999474823474884,0.7556386888027191,0.6448667049407959,0.7999474823474884,0.7397873878479003,0.7450858592987061
pair_039,SetA,-0.10000000000000003,-3.8000000000000003,0.08966743981998926,0.866912305355072,0.6462154388427734,0.8007032811641693,0.7565639317035675,0.646215558052063,0.8007032811641693,0.7412676453590392,0.7465978026390075
pair_039,SetA,-0.050000000000000044,-3.75,0.03966743981998899,0.8672053217887878,0.6469873189926147,0.8011399209499359,0.7570963203907013,0.6469873189926147,0.8011399209499359,0.7426014184951782,0.7478440344333649
pair_039,SetA,-5.551115123125783e-17,-3.7,0.01033256018001083,0.8672831058502197,0.6469247341156006,0.8011756122112274,0.7571039497852325,0.6469247937202454,0.8011756122112274,0.7435998797416686,0.7486476778984069
pair_039,SetA,0.04999999999999993,-3.6500000000000004,0.06033256018001065,0.86713045835495,0.6461893320083618,0.8008481204509735,0.7566598951816559,0.6461893320083618,0.8008481204509735,0.7435853421688079,0.7486308515071869
pair_039,SetA,0.09999999999999992,-3.6,0.11033256018001092,0.8667901158332825,0.6448794007301331,0.8002168655395507,0.755834698677063,0.6448792815208435,0.8002168655395507,0.7429378092288971,0.7481598377227783
pair_039,SetA,0.1499999999999999,-3.5500000000000003,0.16033256018001074,0.8661410808563232,0.6425668597221375,0.7990688323974608,0.7543540000915527,0.6425669193267822,0.7990688323974608,0.741694837808609,0.7470021724700927
pair_039,SetA,0.1999999999999999,-3.5000000000000004,0.21033256018001056,0.8652772903442383,0.6396452784538269,0.7975876688957213,0.7524612545967102,0.6396452188491821,0.7975876688957213,0.7395855069160461,0.7450240194797515
pair_039,SetA,0.24999999999999983,-3.45,0.26033256018001083,0.8641546964645386,0.6358838081359863,0.7956733942031861,0.7500191926956177,0.6358836889266968,0.7956733942031861,0.7373658657073974,0.7429689943790436
pair_039,SetA,0.2999999999999999,-3.4000000000000004,0.31033256018001065,0.8628222346305847,0.6319239139556885,0.7935528099536896,0.7473731935024261,0.6319241523742676,0.7935528099536896,0.7347777903079986,0.7403469741344452
pair_041,SetA,-0.3,-0.8500000000000001,0.30911806028502875,0.8870815634727478,0.6338423490524292,0.8111097812652587,0.7604619264602661,0.6338422894477844,0.8111097812652587,0.7620606482028961,0.767637425661087
pair_041,SetA,-0.25,-0.8,0.2591180602850287,0.8890736699104309,0.641255795955658,0.8147283434867858,0.7651647925376892,0.6412559151649475,0.8147283434867858,0.7654599666595459,0.7709578812122344
pair_041,SetA,-0.2,-0.75,0.20911806028502866,0.8907976746559143,0.6480980515480042,0.8179877877235413,0.7694478631019592,0.6480980515480042,0.8179877877235413,0.767887681722641,0.7735278189182281
pair_041,SetA,-0.15000000000000002,-0.7000000000000001,0.15911806028502873,0.8921390771865845,0.6536836624145508,0.8206024527549743,0.7729113698005676,0.6536836624145508,0.8206024527549743,0.7701225876808167,0.7759113550186156
pair_041,SetA,-0.10000000000000003,-0.6500000000000001,0.1091180602850288,0.893127977848053,0.6579939723014832,0.8225877940654754,0.7755610048770905,0.6579940319061279,0.8225877940654754,0.7722005784511565,0.7779576659202575
pair_041,SetA,-0.050000000000000044,-0.6000000000000001,0.05911806028502875,0.8937429189682007,0.6606510877609253,0.823815369606018,0.777197003364563,0.6606510877609253,0.823815369606018,0.7731800675392151,0.7790173768997192
pair_041,SetA,-5.551115123125783e-17,-0.55,0.009118060285028706,0.8939939737319946,0.6621458530426025,0.824439537525177,0.7780699133872986,0.6621458530426025,0.824439537525177,0.7747007310390472,0.7803932428359984
pair_041,SetA,0.04999999999999993,-0.5000000000000001,0.04088193971497123,0.8939309120178223,0.6619206666946411,0.8243278741836547,0.7779258489608765,0.6619207859039307,0.8243278741836547,0.7746546208858489,0.7805260896682739
pair_041,SetA,0.09999999999999992,-0.4500000000000001,0.09088193971497122,0.8934906721115112,0.6597071886062622,0.8233555912971496,0.7765988707542419,0.6597070693969727,0.8233555912971496,0.7743798613548278,0.7800940811634063
pair_041,SetA,0.1499999999999999,-0.40000000000000013,0.1408819397149712,0.892706573009491,0.6567938327789307,0.8219327330589294,0.7747501730918884,0.6567937731742859,0.8219327330589294,0.773320585489273,0.7792428791522978
pair_041,SetA,0.1999999999999999,-0.35000000000000014,0.1908819397149712,0.8915956020355225,0.6522582769393921,0.8197944045066833,0.7719269394874573,0.6522582769393921,0.8197944045066833,0.7721816599369049,0.7780495226383208
pair_041,SetA,0.24999999999999983,-0.3000000000000002,0.24088193971497113,0.8901575803756714,0.6460155844688416,0.8169150352478027,0.7680866718292236,0.6460157632827759,0.8169150352478027,0.7700269401073456,0.7757578670978547
pair_041,SetA,0.2999999999999999,-0.25000000000000017,0.29088193971497117,0.8882939219474792,0.6387380361557007,0.8134271919727325,0.7635160386562347,0.6387381553649902,0.8134271919727325,0.7668962895870208,0.7726380169391632
pair_047,SetA,-0.3,2.45,0.3107654897620984,0.8274118304252625,0.5896827578544617,0.7560930728912353,0.7085472345352173,0.5896826386451721,0.7560930728912353,0.6967631220817565,0.7024763226509093
pair_047,SetA,-0.25,2.5,0.26076548976209857,0.829481303691864,0.595207154750824,0.7591990590095519,0.712344229221344,0.595207154750824,0.7591990590095519,0.6999708712100982,0.7056037664413451
pair_047,SetA,-0.2,2.55,0.21076548976209875,0.8311262726783752,0.5993703007698059,0.7615994811058044,0.7152482867240906,0.5993703007698059,0.7615994811058044,0.701796293258667,0.7074945211410522
pair_047,SetA,-0.15000000000000002,2.6,0.16076548976209848,0.8324980735778809,0.6028216481208801,0.7635951459407806,0.7176598608493805,0.6028216481208801,0.7635951459407806,0.7030844390392302,0.7088334619998932
pair_047,SetA,-0.10000000000000003,2.65,0.11076548976209866,0.8335076570510864,0.60541170835495,0.7650788724422455,0.7194596827030182,0.60541170835495,0.7650788724422455,0.7042800426483153,0.7099296748638153
pair_047,SetA,-0.050000000000000044,2.7,0.06076548976209839,0.8341881036758423,0.6070119738578796,0.7660353183746337,0.7206001281738281,0.607012152671814,0.7660353183746337,0.7054184556007385,0.7110557198524474
pair_047,SetA,-5.551115123125783e-17,2.75,0.010765489762098568,0.8345192670822144,0.6077436804771423,0.7664866089820862,0.7211315035820007,0.6077437400817871,0.7664866089820862,0.7052242219448089,0.7109503030776978
pair_047,SetA,0.04999999999999993,2.8,0.039234510237901254,0.8344746828079224,0.6075529456138611,0.7663981795310973,0.7210138440132141,0.6075530052185059,0.7663981795310973,0.7047904908657074,0.7106666028499602
pair_047,SetA,0.09999999999999992,2.85,0.08923451023790152,0.8341251611709595,0.6061500310897827,0.7657326757907867,0.7201376855373383,0.606150209903717,0.7657326757907867,0.7038945257663726,0.7099178612232208
pair_047,SetA,0.1499999999999999,2.9,0.13923451023790134,0.8334493637084961,0.6040527820587158,0.7646304249763489,0.7187511324882507,0.6040529012680054,0.7646304249763489,0.7032238662242889,0.7092144548892975
pair_047,SetA,0.1999999999999999,2.9499999999999997,0.18923451023790117,0.8324683904647827,0.600921094417572,0.763004183769226,0.716694712638855,0.6009210348129272,0.763004183769226,0.7021203458309173,0.7079160094261169
pair_047,SetA,0.24999999999999983,3.0,0.23923451023790143,0.8310427069664001,0.5969237685203552,0.7608070433139801,0.7139832675457001,0.596923828125,0.7608070433139801,0.7001886367797852,0.7059467375278472
pair_047,SetA,0.2999999999999999,3.05,0.28923451023790125,0.8293290734291077,0.5921535491943359,0.7581764698028564,0.710741400718689,0.5921537280082703,0.7581764698028564,0.6975883543491362,0.703381460905075
pair_049,SetA,-0.3,2.1500000000000004,0.3263897599482366,0.8409529328346252,0.6543056964874268,0.7849587440490722,0.7476292848587036,0.654305636882782,0.7849587440490722,0.711581403017044,0.716865074634552
pair_049,SetA,-0.25,2.2,0.2763897599482368,0.8421151041984558,0.6578541398048401,0.7868368506431579,0.7499846816062927,0.6578542590141296,0.7868368506431579,0.7145097076892852,0.7195676565170288
pair_049,SetA,-0.2,2.25,0.22638975994823696,0.8431265950202942,0.6609048247337341,0.788460099697113,0.7520157694816589,0.6609049439430237,0.788460099697113,0.715843254327774,0.7208389103412627
pair_049,SetA,-0.15000000000000002,2.3000000000000003,0.1763897599482367,0.8438973426818848,0.663373589515686,0.7897401988506316,0.753635436296463,0.6633735299110413,0.7897401988506316,0.7158667683601379,0.7208839237689971
pair_049,SetA,-0.10000000000000003,2.35,0.12638975994823687,0.8445366621017456,0.6654872298240662,0.7908218681812286,0.7550120055675507,0.6654873490333557,0.7908218681812286,0.7156566381454468,0.7207792937755584
pair_049,SetA,-0.050000000000000044,2.4000000000000004,0.0763897599482366,0.8449034094810486,0.6668628454208374,0.7914912223815918,0.7558830976486206,0.6668627858161926,0.7914912223815918,0.71530122756958,0.7206041395664214
pair_049,SetA,-5.551115123125783e-17,2.45,0.02638975994823678,0.845135509967804,0.6678653359413147,0.7919544219970702,0.7565003633499146,0.6678652167320251,0.7919544219970702,0.7152343094348907,0.7205431759357452
pair_049,SetA,0.04999999999999993,2.5,0.023610240051763043,0.8451325297355652,0.6683863401412964,0.792108690738678,0.7567594647407532,0.6683863997459412,0.792108690738678,0.715348356962204,0.7204110085964203
pair_049,SetA,0.09999999999999992,2.5500000000000003,0.07361024005176331,0.8449426889419556,0.668421745300293,0.7919863522052765,0.7566821277141571,0.6684215664863586,0.7919863522052765,0.7153425753116607,0.7202881574630736
pair_049,SetA,0.1499999999999999,2.6,0.12361024005176313,0.8445371389389038,0.6677570939064026,0.7915031254291534,0.7561471164226532,0.6677570939064026,0.7915031254291534,0.7148347675800323,0.7198323190212249
pair_049,SetA,0.1999999999999999,2.65,0.17361024005176295,0.8439525365829468,0.6666704416275024,0.7907679259777068,0.755311518907547,0.6666705012321472,0.7907679259777068,0.7132466912269593,0.7185426950454712
pair_049,SetA,0.24999999999999983,2.7,0.22361024005176322,0.843122661113739,0.6647957563400269,0.7896245718002319,0.7539591789245605,0.6647956967353821,0.7896245718002319,0.7117183983325958,0.7170862257480621
pair_049,SetA,0.2999999999999999,2.75,0.27361024005176304,0.8422307968139648,0.6627968549728394,0.7884006321430206,0.7525138556957245,0.6627969145774841,0.7884006321430206,0.7101353704929352,0.7155413746833801
pair_051,SetA,-0.3,-2.75,0.39639200851745304,0.847095251083374,0.6418519616127014,0.7855222463607788,0.7444735765457153,0.6418519020080566,0.7855222463607788,0.7083330929279327,0.7135565578937529
pair_051,SetA,-0.25,-2.7,0.3463920085174532,0.848097562789917,0.643214762210846,0.7866327047348022,0.7456561326980591,0.6432147026062012,0.7866327047348022,0.7090250253677368,0.7144069492816925
pair_051,SetA,-0.2,-2.6500000000000004,0.2963920085174534,0.8488914370536804,0.6444470882415771,0.7875581324100495,0.7466692626476288,0.6444470882415771,0.7875581324100495,0.7095441460609435,0.7148673355579376
pair_051,SetA,-0.15000000000000002,-2.6,0.24639200851745313,0.8495213985443115,0.6451491117477417,0.7882097125053404,0.7473352551460266,0.6451491117477417,0.7882097125053404,0.7094874501228332,0.7148432731628417
pair_051,SetA,-0.10000000000000003,-2.5500000000000003,0.1963920085174533,0.8499048948287964,0.6454090476036072,0.7885561406612396,0.7476569712162018,0.6454090476036072,0.7885561406612396,0.7094089090824127,0.7147430658340455
pair_051,SetA,-0.050000000000000044,-2.5,0.14639200851745304,0.8501755595207214,0.6452303528785706,0.7886920332908629,0.7477030158042908,0.6452304720878601,0.7886920332908629,0.708319616317749,0.7138659060001373
pair_051,SetA,-5.551115123125783e-17,-2.45,0.09639200851745322,0.8502966165542603,0.644792377948761,0.788645327091217,0.7475444674491882,0.6447923183441162,0.788645327091217,0.7070842862129211,0.7127859830856322
pair_051,SetA,0.04999999999999993,-2.4000000000000004,0.0463920085174534,0.8502119779586792,0.6438179016113281,0.7882937550544739,0.7470149397850037,0.6438179016113281,0.7882937550544739,0.7066064417362212,0.7124245882034301
pair_051,SetA,0.09999999999999992,-2.35,0.0036079914825468684,0.850009560585022,0.6427246928215027,0.7878240823745727,0.7463670969009399,0.6427246332168579,0.7878240823745727,0.7061763644218444,0.7118451178073882
pair_051,SetA,0.1499999999999999,-2.3000000000000003,0.05360799148254669,0.8496743440628052,0.6414321660995483,0.7872016549110412,0.745553195476532,0.6414320468902588,0.7872016549110412,0.7063261687755584,0.7116311907768249
pair_051,SetA,0.1999999999999999,-2.2500000000000004,0.10360799148254651,0.8490771651268005,0.6395909786224365,0.7862313270568847,0.7443341016769409,0.6395910382270813,0.7862313270568847,0.7052253365516662,0.7107609391212464
pair_051,SetA,0.24999999999999983,-2.2,0.15360799148254678,0.8483611941337585,0.6377769708633423,0.7851859271526336,0.7430690824985504,0.6377769708633423,0.7851859271526336,0.7044878900051116,0.7099388241767883
pair_051,SetA,0.2999999999999999,-2.1500000000000004,0.2036079914825466,0.847464382648468,0.635475218296051,0.7838676691055297,0.7414698600769043,0.6354753375053406,0.7838676691055297,0.7037039935588837,0.7091018438339233
pair_052,SetA,-0.3,-0.55,0.3240609150417113,0.7288926243782043,0.5458680987358093,0.6739852309226989,0.6373803019523621,0.5458679795265198,0.6739852309226989,0.6047050833702087,0.6105919897556304
pair_052,SetA,-0.25,-0.5,0.27406091504171126,0.734366238117218,0.5558384656906128,0.6808079600334167,0.6451024413108826,0.5558386445045471,0.6808079600334167,0.6114696085453033,0.6172889471054077
pair_052,SetA,-0.2,-0.45,0.2240609150417113,0.7388294339179993,0.5635759830474854,0.6862534523010253,0.6512027978897095,0.5635761618614197,0.6862534523010253,0.6169864177703857,0.6227637588977813
pair_052,SetA,-0.15000000000000002,-0.4,0.1740609150417113,0.7423797249794006,0.5695109367370605,0.690519106388092,0.655945360660553,0.5695109963417053,0.690519106388092,0.6199319779872894,0.6262025952339172
pair_052,SetA,-0.10000000000000003,-0.35000000000000003,0.12406091504171132,0.744928240776062,0.5737565755844116,0.6935767233371735,0.6593423783779144,0.5737565159797668,0.6935767233371735,0.6220026552677154,0.6284752666950225
pair_052,SetA,-0.050000000000000044,-0.30000000000000004,0.07406091504171133,0.7465909719467163,0.5762376189231873,0.6954849302768706,0.661414235830307,0.5762374997138977,0.6954849302768706,0.6236836016178131,0.6303277730941772
pair_052,SetA,-5.551115123125783e-17,-0.25000000000000006,0.024060915041711345,0.7471438646316528,0.5768429040908813,0.6960536122322082,0.6619934439659119,0.5768430233001709,0.6960536122322082,0.6235812544822693,0.6304281175136566
pair_052,SetA,0.04999999999999993,-0.20000000000000007,0.025939084958288644,0.7467557787895203,0.5756182670593262,0.6954145967960357,0.6611871421337128,0.5756185054779053,0.6954145967960357,0.6245691359043121,0.6308732509613036
pair_052,SetA,0.09999999999999992,-0.15000000000000008,0.07593908495828863,0.7452566027641296,0.5726356506347656,0.6934703350067138,0.65894615650177,0.5726357102394104,0.6934703350067138,0.6223872661590576,0.6287916123867034
pair_052,SetA,0.1499999999999999,-0.10000000000000009,0.12593908495828862,0.7430263757705688,0.568027138710022,0.6905265510082244,0.6555266678333282,0.5680269598960876,0.6905265510082244,0.6210771143436432,0.6268603205680847
pair_052,SetA,0.1999999999999999,-0.0500000000000001,0.1759390849582886,0.7396311163902283,0.5612833499908447,0.6861267328262328,0.6504571437835693,0.5612831711769104,0.6861267328262328,0.6150696575641632,0.6212815940380096
pair_052,SetA,0.24999999999999983,-1.6653345369377348e-16,0.22593908495828854,0.7348810434341431,0.5525831580162048,0.6801916778087616,0.643732100725174,0.5525831580162048,0.6801916778087616,0.6006232053041458,0.6093354105949402
pair_052,SetA,0.2999999999999999,0.04999999999999988,0.27593908495828856,0.7301942706108093,0.5429500937461853,0.6740209817886352,0.6365721225738525,0.5429499745368958,0.6740209817886352,0.6019715130329132,0.6082390189170837
pair_053,SetA,-0.3,-5.05,0.25781137420874956,0.7981778383255005,0.6468324065208435,0.7474929571151733,0.7137030363082886,0.6292282342910767,0.7474929571151733,0.6636498510837554,0.6692076265811919
pair_053,SetA,-0.25,-5.0,0.20781137420874973,0.7994489669799805,0.6490575075149536,0.7489905536174774,0.7153516113758087,0.631254255771637,0.7489905536174774,0.6652290463447571,0.6707353115081787
pair_053,SetA,-0.2,-4.95,0.1578113742087499,0.8004265427589417,0.6503263711929321,0.7501226425170897,0.716586709022522,0.6327468752861023,0.7501226425170897,0.66589395403862,0.671502947807312
pair_053,SetA,-0.15000000000000002,-4.9,0.10781137420875009,0.801264762878418,0.6514750719070435,0.7511221170425414,0.7176936864852905,0.6341226100921631,0.7511221170425414,0.6659294307231903,0.6719108819961548
pair_053,SetA,-0.10000000000000003,-4.85,0.05781137420874938,0.8018205165863037,0.652472972869873,0.7518985629081726,0.7186172604560852,0.6354140043258667,0.7518985629081726,0.6653391063213349,0.6716566979885101
pair_053,SetA,-0.050000000000000044,-4.8,0.007811374208749555,0.8021236658096313,0.6527612209320068,0.7522561430931091,0.719011127948761,0.6358985900878906,0.7522561430931091,0.6658848643302917,0.6722349643707275
pair_053,SetA,-5.551115123125783e-17,-4.75,0.04218862579125027,0.8021708130836487,0.6525941491127014,0.752307653427124,0.7190655469894409,0.6359602808952332,0.752307653427124,0.666065090894699,0.6723205029964446
pair_053,SetA,0.04999999999999993,-4.7,0.09218862579125009,0.8019524812698364,0.6518368124961853,0.7520292937755585,0.7187471687793732,0.6355418562889099,0.7520292937755585,0.665794950723648,0.6719171345233917
pair_053,SetA,0.09999999999999992,-4.65,0.1421886257912499,0.8015283942222595,0.6502493619918823,0.7513950824737549,0.7179728746414185,0.6344173550605774,0.7513950824737549,0.6649188578128814,0.6708927035331725
pair_053,SetA,0.1499999999999999,-4.6,0.19218862579125062,0.8008400797843933,0.6484403014183044,0.7504953026771545,0.7169321179389954,0.6330241560935974,0.7504953026771545,0.6639249444007873,0.669671255350113
pair_053,SetA,0.1999999999999999,-4.55,0.24218862579125044,0.7998642921447754,0.6456632614135742,0.7491626918315887,0.715361624956131,0.6308589577674866,0.7491626918315887,0.6628427982330323,0.668505859375
pair_053,SetA,0.24999999999999983,-4.5,0.29218862579125027,0.7986436486244202,0.642937421798706,0.7475854039192199,0.7135465741157532,0.6284494996070862,0.7475854039192199,0.6613757073879241,0.6669952869415283
pair_053,SetA,0.2999999999999999,-4.45,0.3421886257912501,0.7972691059112549,0.6389973759651184,0.7455810070037842,0.7111222743988037,0.6249754428863525,0.7455810070037842,0.6605035066604613,0.6663375198841095
pair_054,SetA,-0.3,3.4000000000000004,0.30401148759190555,0.7140028476715088,0.5576255917549133,0.6670896351337432,0.6358141601085663,0.5576254725456238,0.6670896351337432,0.5998428583145141,0.6065691828727722
pair_054,SetA,-0.25,3.45,0.2540114875919057,0.7180677056312561,0.5638988614082336,0.6718170702457428,0.6409833133220673,0.5638989210128784,0.6718170702457428,0.6054564774036407,0.6120998561382294
pair_054,SetA,-0.2,3.5,0.2040114875919059,0.721424400806427,0.5692732930183411,0.6757790505886078,0.6453488171100616,0.5692732334136963,0.6757790505886078,0.6112551510334014,0.6176369488239288
pair_054,SetA,-0.15000000000000002,3.5500000000000003,0.15401148759190564,0.7240656018257141,0.5732764601707458,0.6788288235664368,0.6486709713935852,0.5732763409614563,0.6788288235664368,0.6160689115524292,0.622210043668747
pair_054,SetA,-0.10000000000000003,3.6,0.10401148759190582,0.7259746193885803,0.5763905048370361,0.6810993850231171,0.6511825621128082,0.5763905048370361,0.6810993850231171,0.6190997540950774,0.625504857301712
pair_054,SetA,-0.050000000000000044,3.6500000000000004,0.05401148759190555,0.7272248268127441,0.5782642960548401,0.6825366675853729,0.6527445614337921,0.5782642960548401,0.6825366675853729,0.6200386703014373,0.6266732096672059
pair_054,SetA,-5.551115123125783e-17,3.7,0.004011487591905727,0.727737545967102,0.5790196061134338,0.6831221461296082,0.6533785462379456,0.5790195465087891,0.6831221461296082,0.6198351323604583,0.6266823291778565
pair_054,SetA,0.04999999999999993,3.75,0.045988512408094095,0.7274539470672607,0.5784568190574646,0.6827547371387481,0.6529552638530731,0.5784565806388855,0.6827547371387481,0.6191369354724884,0.6259040534496307
pair_054,SetA,0.09999999999999992,3.8000000000000003,0.09598851240809436,0.726464033126831,0.576607882976532,0.6815071880817413,0.6515359580516815,0.576607882976532,0.6815071880817413,0.618057906627655,0.6247323274612426
pair_054,SetA,0.1499999999999999,3.85,0.14598851240809418,0.7246572375297546,0.5735912322998047,0.6793374001979827,0.6491241753101349,0.5735911130905151,0.6793374001979827,0.6154240131378174,0.6219349443912505
pair_054,SetA,0.1999999999999999,3.9,0.195988512408094,0.722118079662323,0.5696778297424316,0.6763860225677489,0.6458979845046997,0.5696778893470764,0.6763860225677489,0.6122064232826232,0.6184253513813018
pair_054,SetA,0.24999999999999983,3.95,0.24598851240809427,0.718946099281311,0.5646970272064209,0.6726714134216307,0.6418216228485107,0.5646971464157104,0.6726714134216307,0.608754801750183,0.6145904779434204
pair_054,SetA,0.2999999999999999,4.0,0.2959885124080941,0.7149569392204285,0.5584756731987,0.6680125415325164,0.6367162764072418,0.5584756135940552,0.6680125415325164,0.6040292263031005,0.6098298966884612
pair_055,SetA,-0.3,-1.15,0.21979381471289772,0.8420252203941345,0.6677840948104858,0.7882127761840819,0.7523378133773804,0.6626504063606262,0.7882127761840819,0.7071819305419921,0.7123914659023284
pair_055,SetA,-0.25,-1.1,0.1697938147128979,0.8428559899330139,0.6694263219833374,0.7893678069114685,0.7537090182304382,0.6645620465278625,0.7893678069114685,0.7080298483371734,0.7133136093616486
pair_055,SetA,-0.2,-1.05,0.11979381471289785,0.843460738658905,0.6708126664161682,0.7902902364730835,0.7548432350158691,0.6662257313728333,0.7902902364730835,0.7087326228618621,0.7141054689884185
pair_055,SetA,-0.15000000000000002,-1.0,0.0697938147128978,0.8439676761627197,0.6712952852249146,0.7909578204154968,0.7556179165840149,0.6672681570053101,0.7909578204154968,0.7094798743724823,0.7150075197219847
pair_055,SetA,-0.10000000000000003,-0.95,0.01979381471289776,0.8443214893341064,0.6718599200248718,0.7914913773536681,0.7562713027000427,0.668221116065979,0.7914913773536681,0.709843772649765,0.7155080914497376
pair_055,SetA,-0.050000000000000044,-0.9,0.030206185287102172,0.8443973660469055,0.6717262268066406,0.7916015326976775,0.756404310464859,0.6684112548828125,0.7916015326976775,0.7101298093795776,0.7159171938896179
pair_055,SetA,-5.551115123125783e-17,-0.8500000000000001,0.0802061852871021,0.8443280458450317,0.6707433462142944,0.7914722561836242,0.7562350630760193,0.6681420803070068,0.7914722561836242,0.7093291223049163,0.7154584050178527
pair_055,SetA,0.04999999999999993,-0.8,0.13020618528710215,0.84409099817276,0.669418215751648,0.7910295724868773,0.7556552886962891,0.6672195792198181,0.7910295724868773,0.708705312013626,0.7147274434566497
pair_055,SetA,0.09999999999999992,-0.75,0.1802061852871022,0.8435388207435608,0.6676058769226074,0.7902367651462554,0.7547020614147186,0.6658653020858765,0.7902367651462554,0.7088465273380279,0.7144750773906707
pair_055,SetA,0.1499999999999999,-0.7000000000000001,0.23020618528710213,0.8427819609642029,0.6649711728096008,0.7891234934329987,0.7533511817455292,0.6639204025268555,0.7891234934329987,0.707403951883316,0.7127202033996581
pair_055,SetA,0.1999999999999999,-0.6500000000000001,0.28020618528710206,0.8417196273803711,0.6618668437004089,0.787601214647293,0.7515222728252411,0.6613249182701111,0.787601214647293,0.7053595781326293,0.7104606330394745
pair_055,SetA,0.24999999999999983,-0.6000000000000001,0.3302061852871021,0.840499758720398,0.6584805250167847,0.7858939886093139,0.7494901418685913,0.6584805250167847,0.7858939886093139,0.7017342150211333,0.7071534395217894
pair_055,SetA,0.2999999999999999,-0.55,0.38020618528710215,0.8390729427337646,0.6553017497062683,0.7839415490627288,0.7471872866153717,0.6553016304969788,0.7839415490627288,0.6993894696235656,0.7048812687397003
pair_057,SetA,-0.3,-0.8,0.2848464350884268,0.8408108353614807,0.6119662523269653,0.7721574604511261,0.726388543844223,0.6119662523269653,0.7721574604511261,0.717151015996933,0.723624449968338
pair_057,SetA,-0.25,-0.75,0.23484643508842673,0.8430259227752686,0.6183831691741943,0.7756331145763397,0.7307045757770538,0.6183832287788391,0.7756331145763397,0.7205576539039612,0.7269929587841033
pair_057,SetA,-0.2,-0.7,0.18484643508842669,0.8447431921958923,0.6233264207839966,0.7783181607723235,0.7340348064899445,0.6233264207839966,0.7783181607723235,0.7233508050441741,0.7298464536666869
pair_057,SetA,-0.15000000000000002,-0.65,0.13484643508842675,0.8462045788764954,0.6275874376296997,0.7806194365024566,0.7368960082530975,0.6275874376296997,0.7806194365024566,0.7264716863632201,0.7328293740749359
pair_057,SetA,-0.10000000000000003,-0.6000000000000001,0.08484643508842682,0.8472254276275635,0.6302001476287842,0.7821178257465362,0.7387127578258514,0.6302000880241394,0.7821178257465362,0.7280008852481842,0.7342229545116424
pair_057,SetA,-0.050000000000000044,-0.55,0.034846435088426775,0.8479394912719727,0.632026731967926,0.7831656455993652,0.739983081817627,0.6320266723632812,0.7831656455993652,0.729344093799591,0.7354192554950714
pair_057,SetA,-5.551115123125783e-17,-0.5,0.01515356491157327,0.8481533527374268,0.6327078342437744,0.7835196614265441,0.7404305338859558,0.6327077150344849,0.7835196614265441,0.7292121231555938,0.7352396190166473
pair_057,SetA,0.04999999999999993,-0.45000000000000007,0.0651535649115732,0.8480839729309082,0.6321881413459778,0.7833152055740356,0.7401360273361206,0.632188081741333,0.7833152055740356,0.7285258412361145,0.7344012320041655
pair_057,SetA,0.09999999999999992,-0.4000000000000001,0.11515356491157319,0.8475636839866638,0.6311225891113281,0.7826313734054564,0.7393431663513184,0.6311226487159729,0.7826313734054564,0.7277153551578521,0.7335273802280425
pair_057,SetA,0.1499999999999999,-0.3500000000000001,0.16515356491157318,0.8467808365821838,0.6289528608322144,0.7777952075004577,0.7318047881126404,0.6168287396430969,0.7777952075004577,0.7268588304519653,0.7326154828071594
pair_057,SetA,0.1999999999999999,-0.3000000000000001,0.21515356491157317,0.8456629514694214,0.6253430843353271,0.7760629713535309,0.7296629846096039,0.6136630177497864,0.7760629713535309,0.7260482847690581,0.731678956747055
pair_057,SetA,0.24999999999999983,-0.25000000000000017,0.2651535649115731,0.8440434336662292,0.6204604506492615,0.7736319422721862,0.726690948009491,0.6093384623527527,0.7736319422721862,0.7232960820198058,0.7293156087398528
pair_057,SetA,0.2999999999999999,-0.20000000000000012,0.31515356491157315,0.8421328663825989,0.6142298579216003,0.7707121670246124,0.7230983674526215,0.604063868522644,0.7707121670246124,0.7209937512874602,0.7270685076713561
pair_059,SetA,-0.3,0.8999999999999999,0.3102028733253621,0.8107243180274963,0.5237051248550415,0.7246185600757598,0.6672147214412689,0.5237051248550415,0.7246185600757598,0.6644332945346831,0.6713303327560424
pair_059,SetA,-0.25,0.95,0.26020287332536207,0.8135060667991638,0.5304535031318665,0.7285903155803679,0.6719798147678375,0.5304535627365112,0.7285903155803679,0.6676614850759506,0.6746789216995238
pair_059,SetA,-0.2,1.0,0.21020287332536203,0.8157598972320557,0.5359256267547607,0.7318096697330475,0.6758428514003754,0.5359258055686951,0.7318096697330475,0.6700838267803192,0.677151820063591
pair_059,SetA,-0.15000000000000002,1.0499999999999998,0.1602028733253622,0.8174992203712463,0.5405179262161255,0.7344048500061034,0.6790086030960083,0.5405179858207703,0.7344048500061034,0.6717508167028426,0.6789486974477768
pair_059,SetA,-0.10000000000000003,1.0999999999999999,0.11020287332536216,0.8188520669937134,0.5436401963233948,0.7362884879112244,0.6812461018562317,0.54364013671875,0.7362884879112244,0.6727953225374221,0.680043426156044
pair_059,SetA,-0.050000000000000044,1.15,0.060202873325362116,0.8196742534637451,0.5460237264633179,0.7375790953636169,0.6828489899635315,0.5460237264633179,0.7375790953636169,0.6738821178674697,0.6811764240264891
pair_059,SetA,-5.551115123125783e-17,1.2,0.010202873325362072,0.8200152516365051,0.5468447804450989,0.7380640923976898,0.6834299862384796,0.5468447208404541,0.7380640923976898,0.6731826275587082,0.6805870860815048
pair_059,SetA,0.04999999999999993,1.25,0.03979712667463797,0.81979900598526,0.5464203953742981,0.7377854228019715,0.683109700679779,0.5464203953742981,0.7377854228019715,0.6717166572809219,0.679271811246872
pair_059,SetA,0.09999999999999992,1.2999999999999998,0.0897971266746378,0.8190968036651611,0.5447866916656494,0.7368037700653075,0.6819417476654053,0.5447866916656494,0.7368037700653075,0.6703503131866455,0.6779972910881042
pair_059,SetA,0.1499999999999999,1.3499999999999999,0.13979712667463784,0.8178375363349915,0.542037308216095,0.7350974857807159,0.6799374520778656,0.5420373678207397,0.7350974857807159,0.6694138437509536,0.6769131988286972
pair_059,SetA,0.1999999999999999,1.4,0.18979712667463788,0.8161006569862366,0.538566529750824,0.7328403830528258,0.6773335337638855,0.5385664105415344,0.7328403830528258,0.6682176351547241,0.675535848736763
pair_059,SetA,0.24999999999999983,1.4499999999999997,0.2397971266746377,0.8138459324836731,0.5333612561225891,0.7297005295753478,0.6736035943031311,0.5333612561225891,0.7297005295753478,0.6662803739309311,0.6734247624874115
pair_059,SetA,0.2999999999999999,1.4999999999999998,0.28979712667463775,0.8110559582710266,0.5274674296379089,0.7259793639183044,0.669261634349823,0.5274673104286194,0.7259793639183044,0.6637805730104447,0.670772698521614
pair_062,SetA,-0.3,-2.65,0.28999731884277713,0.774428129196167,0.6549805402755737,0.738593852519989,0.7147043347358704,0.6549805402755737,0.738593852519989,0.6795951187610626,0.6860127210617064
pair_062,SetA,-0.25,-2.6,0.2399973188427773,0.7790935039520264,0.6627991199493408,0.7442051708698273,0.7209462821483612,0.662799060344696,0.7442051708698273,0.6841183185577393,0.6908593833446502
pair_062,SetA,-0.2,-2.5500000000000003,0.18999731884277749,0.78280109167099,0.6693244576454163,0.7487581551074981,0.7260628640651703,0.6693246364593506,0.7487581551074981,0.6878471136093139,0.6947076976299286
pair_062,SetA,-0.15000000000000002,-2.5,0.13999731884277722,0.7854865789413452,0.674105167388916,0.752072137594223,0.7297958433628082,0.6741051077842712,0.752072137594223,0.690605241060257,0.697511750459671
pair_062,SetA,-0.10000000000000003,-2.45,0.0899973188427774,0.7871485352516174,0.677222728729248,0.7541707754135132,0.7321856021881104,0.6772226691246033,0.7541707754135132,0.6924160122871399,0.6992448329925537
pair_062,SetA,-0.050000000000000044,-2.4000000000000004,0.039997318842777574,0.7878026962280273,0.6785801649093628,0.7550359725952148,0.7331914901733398,0.6785802841186523,0.7550359725952148,0.6934497058391571,0.7001356601715087
pair_062,SetA,-5.551115123125783e-17,-2.35,0.010002681157222693,0.7874458432197571,0.6781483292579651,0.7546566069126128,0.7327971160411835,0.6781483888626099,0.7546566069126128,0.6940370917320251,0.7004375457763672
pair_062,SetA,0.04999999999999993,-2.3000000000000003,0.060002681157222515,0.7859454154968262,0.6759721636772156,0.7529534935951232,0.730958878993988,0.6759723424911499,0.7529534935951232,0.6929384052753449,0.6992886841297149
pair_062,SetA,0.09999999999999992,-2.25,0.11000268115722278,0.7835026979446411,0.6720322966575623,0.750061559677124,0.7277674674987793,0.6720322370529175,0.750061559677124,0.6909170985221862,0.6972760319709776
pair_062,SetA,0.1499999999999999,-2.2,0.1600026811572226,0.7799670696258545,0.6666895151138306,0.7459838032722472,0.7233282923698425,0.6666895151138306,0.7459838032722472,0.68749840259552,0.6938631117343902
pair_062,SetA,0.1999999999999999,-2.1500000000000004,0.21000268115722243,0.7754889130592346,0.6597235798835754,0.7407593131065369,0.717606246471405,0.6597235798835754,0.7407593131065369,0.6825385093688965,0.6890238463878631
pair_062,SetA,0.24999999999999983,-2.1,0.2600026811572227,0.7700250148773193,0.6511091589927673,0.7343502402305603,0.710567057132721,0.6511090993881226,0.7343502402305603,0.6762581884860992,0.6826086640357971
pair_062,SetA,0.2999999999999999,-2.0500000000000003,0.3100026811572225,0.7636144757270813,0.6413143873214722,0.726924467086792,0.7024644613265991,0.6413144469261169,0.726924467086792,0.6690316438674926,0.6751574754714965
pair_063,SetA,-0.3,2.5,0.24977847655454966,0.8436809182167053,0.6631166338920593,0.789511615037918,0.7533987462520599,0.6631165742874146,0.789511615037918,0.7047766387462615,0.7103715598583221
pair_063,SetA,-0.25,2.55,0.19977847655454983,0.8446045517921448,0.6646929383277893,0.7906310677528381,0.754648745059967,0.6646929383277893,0.7906310677528381,0.705707037448883,0.711350828409195
pair_063,SetA,-0.2,2.5999999999999996,0.14977847655455,0.8453347682952881,0.6661255955696106,0.7915720343589782,0.7557302117347717,0.6661256551742554,0.7915720343589782,0.7065834283828735,0.7121013820171356
pair_063,SetA,-0.15000000000000002,2.65,0.09977847655454974,0.8459405303001404,0.6672908663749695,0.7923456132411956,0.7566156685352325,0.6672908067703247,0.7923456132411956,0.7066953182220459,0.7121019959449768
pair_063,SetA,-0.10000000000000003,2.6999999999999997,0.04977847655454992,0.8462724089622498,0.6678318381309509,0.7927402555942535,0.7570521533489227,0.6678318977355957,0.7927402555942535,0.7056491792201995,0.7112573027610778
pair_063,SetA,-0.050000000000000044,2.75,0.00022152344545034452,0.8465745449066162,0.667955756187439,0.792988908290863,0.7572651505470276,0.667955756187439,0.792988908290863,0.7047179400920867,0.7103246867656707
pair_063,SetA,-5.551115123125783e-17,2.8,0.05022152344545017,0.8466097712516785,0.6676904559135437,0.7929339587688446,0.7571500837802887,0.6676903963088989,0.7929339587688446,0.7037850320339202,0.7096241354942321
pair_063,SetA,0.04999999999999993,2.8499999999999996,0.10022152344544999,0.8465133905410767,0.6668722033500671,0.7926210522651672,0.7566928267478943,0.6668722629547119,0.7926210522651672,0.7036360681056977,0.7097410380840301
pair_063,SetA,0.09999999999999992,2.9,0.15022152344545026,0.8461629748344421,0.6657410860061646,0.7920364081859588,0.7559520304203033,0.6657410860061646,0.7920364081859588,0.7044034481048583,0.7105783760547637
pair_063,SetA,0.1499999999999999,2.9499999999999997,0.20022152344545008,0.8456779718399048,0.6644503474235535,0.7913096666336059,0.7550641298294067,0.6644502878189087,0.7913096666336059,0.705220991373062,0.7112023651599884
pair_063,SetA,0.1999999999999999,2.9999999999999996,0.2502215234454499,0.8449935913085938,0.6628197431564331,0.7903414368629456,0.7539066672325134,0.6628197431564331,0.7903414368629456,0.705690199136734,0.7114137053489684
pair_063,SetA,0.24999999999999983,3.05,0.30022152344545017,0.8440791964530945,0.6608347296714783,0.789105874300003,0.7524569928646088,0.660834789276123,0.789105874300003,0.7053309082984924,0.7109607815742492
pair_063,SetA,0.2999999999999999,3.0999999999999996,0.35022152344545,0.8430291414260864,0.6580386161804199,0.787531965970993,0.7505338490009308,0.6580385565757751,0.787531965970993,0.7046597898006438,0.7100265443325042
pair_064,SetA,-0.3,2.75,0.3897528018435068,0.7459222078323364,0.5854182839393616,0.6977710306644439,0.665670245885849,0.5854182839393616,0.6977710306644439,0.6404745876789093,0.6460778832435607
pair_064,SetA,-0.25,2.8,0.339752801843507,0.7512445449829102,0.5949578881263733,0.7043586015701293,0.6731013059616089,0.5949580669403076,0.7043586015701293,0.6472864210605621,0.6529127180576324
pair_064,SetA,-0.2,2.8499999999999996,0.28975280184350716,0.7557845115661621,0.6032091975212097,0.7100119173526764,0.6794968545436859,0.6032091975212097,0.7100119173526764,0.652729743719101,0.6584823369979858
pair_064,SetA,-0.15000000000000002,2.9,0.2397528018435069,0.7594919800758362,0.6100671887397766,0.7146645963191985,0.6847796738147736,0.6100673675537109,0.7146645963191985,0.6568188309669494,0.6626516282558441
pair_064,SetA,-0.10000000000000003,2.9499999999999997,0.18975280184350707,0.7623310685157776,0.6152408123016357,0.7182040452957152,0.6887860298156738,0.6152409911155701,0.7182040452957152,0.6597765266895295,0.6657515704631805
pair_064,SetA,-0.050000000000000044,3.0,0.1397528018435068,0.7643769383430481,0.6189908981323242,0.7207611441612243,0.6916839480400085,0.618990957736969,0.7207611441612243,0.661911928653717,0.6678292870521545
pair_064,SetA,-5.551115123125783e-17,3.05,0.08975280184350698,0.7655816674232483,0.6212683320045471,0.7222876667976379,0.6934249997138977,0.6212683320045471,0.7222876667976379,0.6627510786056519,0.6684393405914306
pair_064,SetA,0.04999999999999993,3.0999999999999996,0.03975280184350716,0.7658123970031738,0.6221875548362732,0.7227249622344971,0.6940000057220459,0.622187614440918,0.7227249622344971,0.6618126928806305,0.6675121307373046
pair_064,SetA,0.09999999999999992,3.15,0.01024719815649311,0.765241801738739,0.6216663122177124,0.7221691727638244,0.6934540867805481,0.6216663718223572,0.7221691727638244,0.659371942281723,0.6654046773910522
pair_064,SetA,0.1499999999999999,3.1999999999999997,0.06024719815649293,0.7638612389564514,0.6196541786193848,0.7205990850925446,0.6917576491832733,0.6196540594100952,0.7205990850925446,0.6568289160728454,0.663044798374176
pair_064,SetA,0.1999999999999999,3.2499999999999996,0.11024719815649275,0.7614976763725281,0.6159888505935669,0.7178450465202331,0.6887432932853699,0.6159889101982117,0.7178450465202331,0.6529190719127654,0.6592638492584229
pair_064,SetA,0.24999999999999983,3.3,0.16024719815649302,0.7583457827568054,0.6107968688011169,0.7140811085700989,0.6845713257789612,0.6107968688011169,0.7140811085700989,0.6482098996639252,0.6546399891376495
pair_064,SetA,0.2999999999999999,3.3499999999999996,0.21024719815649284,0.7543513178825378,0.6040259599685669,0.7092537105083465,0.6791886389255524,0.6040259599685669,0.7092537105083465,0.6434316337108612,0.649917984008789
pair_065,SetA,-0.3,-3.5999999999999996,0.3061630244272675,0.83879154920578,0.6842236518859863,0.7924211621284484,0.7615075707435608,0.6842235922813416,0.7924211621284484,0.6997740864753723,0.7051155030727386
pair_065,SetA,-0.25,-3.55,0.2561630244272677,0.8399301767349243,0.6875638961791992,0.7942203104496002,0.7637470662593842,0.687563955783844,0.7942203104496002,0.7009826779365539,0.7065775036811828
pair_065,SetA,-0.2,-3.5,0.20616302442726786,0.8407773375511169,0.6902855038642883,0.7956297695636749,0.7655313909053802,0.6902854442596436,0.7956297695636749,0.7018259346485137,0.7076977312564849
pair_065,SetA,-0.15000000000000002,-3.4499999999999997,0.1561630244272676,0.8415114879608154,0.6925011277198792,0.7968083620071411,0.7670062780380249,0.6925010681152344,0.7968083620071411,0.702355659008026,0.7083652973175047
pair_065,SetA,-0.10000000000000003,-3.4,0.10616302442726777,0.842072069644928,0.6944456696510315,0.7977841317653656,0.7682588398456573,0.6944456100463867,0.7977841317653656,0.7020574331283569,0.7085810303688049
pair_065,SetA,-0.050000000000000044,-3.3499999999999996,0.056163024427267505,0.842384397983551,0.6957744359970093,0.7984014630317688,0.7690795063972473,0.6957746148109436,0.7984014630317688,0.7021046102046966,0.7088767945766449
pair_065,SetA,-5.551115123125783e-17,-3.3,0.006163024427267683,0.8424961566925049,0.6966592669487,0.7987450897693634,0.7695777118206024,0.6966592669487,0.7987450897693634,0.7025889933109284,0.7091904699802398
pair_065,SetA,0.04999999999999993,-3.25,0.04383697557273214,0.8423900008201599,0.6968703866004944,0.7987341165542602,0.7696301937103271,0.6968703866004944,0.7987341165542602,0.7030472218990325,0.7092492699623107
pair_065,SetA,0.09999999999999992,-3.1999999999999997,0.0938369755727324,0.8420956134796143,0.6962973475456238,0.7983561336994172,0.769196480512619,0.6962973475456238,0.7983561336994172,0.7037364184856414,0.7096425831317901
pair_065,SetA,0.1499999999999999,-3.15,0.14383697557273223,0.8416298031806946,0.6953524947166443,0.7977466464042664,0.7684912085533142,0.6953526139259338,0.7977466464042664,0.7034891009330748,0.7092845141887664
pair_065,SetA,0.1999999999999999,-3.1,0.19383697557273205,0.8409221768379211,0.6939424276351929,0.7968282520771026,0.767432302236557,0.6939424276351929,0.7968282520771026,0.7026817977428436,0.7083948493003844
pair_065,SetA,0.24999999999999983,-3.05,0.24383697557273232,0.840131938457489,0.6922337412834167,0.7957624971866608,0.7661828696727753,0.6922338008880615,0.7957624971866608,0.7017857909202575,0.7075455665588378
pair_065,SetA,0.2999999999999999,-3.0,0.29383697557273214,0.8390960693359375,0.6898048520088196,0.7943087041378021,0.7644504606723785,0.6898048520088196,0.7943087041378021,0.7014598965644836,0.7070373654365538
pair_066,SetA,-0.3,-0.75,0.3316435443063615,0.7388462424278259,0.5907189249992371,0.6944080471992492,0.6647825837135315,0.5907189249992371,0.6944080471992492,0.6294843792915344,0.6353368699550628
pair_066,SetA,-0.25,-0.7,0.28164354430636146,0.7446837425231934,0.6005054712295532,0.7014302432537078,0.6725945770740509,0.6005054116249084,0.7014302432537078,0.6359078705310821,0.6420542478561401
pair_066,SetA,-0.2,-0.65,0.23164354430636153,0.7497048377990723,0.6089063286781311,0.7074652850627899,0.6793055832386017,0.6089063286781311,0.7074652850627899,0.6411332964897155,0.647457206249237
pair_066,SetA,-0.15000000000000002,-0.6000000000000001,0.1816435443063616,0.7537180185317993,0.6159749031066895,0.7123951375484466,0.6848465502262115,0.6159750819206238,0.7123951375484466,0.6451989352703095,0.6514811515808105
pair_066,SetA,-0.10000000000000003,-0.55,0.13164354430636155,0.7568705081939697,0.6217135190963745,0.7163233757019043,0.6892919540405273,0.621713399887085,0.7163233757019043,0.6490551412105561,0.6552228689193725
pair_066,SetA,-0.050000000000000044,-0.5,0.0816435443063615,0.7589081525802612,0.6255214214324951,0.7188921868801117,0.6922148764133453,0.6255216002464294,0.7188921868801117,0.6507839739322663,0.6571174800395965
pair_066,SetA,-5.551115123125783e-17,-0.45000000000000007,0.03164354430636157,0.7600461840629578,0.6279414892196655,0.7204147577285765,0.6939938068389893,0.6279414296150208,0.7204147577285765,0.6519204854965209,0.6584368348121643
pair_066,SetA,0.04999999999999993,-0.4000000000000001,0.018356455693638418,0.7601300477981567,0.6284849047660828,0.720636522769928,0.6943075060844421,0.6284849643707275,0.720636522769928,0.6518685519695282,0.6585405647754669
pair_066,SetA,0.09999999999999992,-0.3500000000000001,0.06835645569363841,0.7592482566833496,0.6282063722610474,0.7196993708610534,0.6933334469795227,0.6274186372756958,0.7196993708610534,0.6519261300563812,0.6585449934005737
pair_066,SetA,0.1499999999999999,-0.3000000000000001,0.1183564556936384,0.7572727799415588,0.6268757581710815,0.7173873484134673,0.6907970607280731,0.6243213415145874,0.7173873484134673,0.6510388672351837,0.6573941826820373
pair_066,SetA,0.1999999999999999,-0.2500000000000001,0.16835645569363838,0.754413902759552,0.6240428686141968,0.7139883637428284,0.687038004398346,0.6196621060371399,0.7139883637428284,0.6482462048530578,0.6546000003814697
pair_066,SetA,0.24999999999999983,-0.20000000000000018,0.21835645569363832,0.7505561709403992,0.6195549368858337,0.7093483746051787,0.6818765103816986,0.613196849822998,0.7093483746051787,0.6438319265842437,0.6500703871250152
pair_066,SetA,0.2999999999999999,-0.15000000000000013,0.26835645569363836,0.7454434633255005,0.6135136485099792,0.7032803893089294,0.6751716732978821,0.6048998832702637,0.7032803893089294,0.6364804327487945,0.6429129540920258
pair_067,SetA,-0.3,3.75,0.26890412895242655,0.819532573223114,0.5967377424240112,0.7526941239833832,0.7081351578235626,0.5967377424240112,0.7526941239833832,0.6809830248355866,0.6879625380039215
pair_067,SetA,-0.25,3.8,0.21890412895242672,0.821532666683197,0.6019271612167358,0.7556510150432586,0.7117299139499664,0.6019271612167358,0.7556510150432586,0.6828811705112456,0.6900555551052093
pair_067,SetA,-0.2,3.8499999999999996,0.1689041289524269,0.8231256008148193,0.6064060926437378,0.7581098198890686,0.7147659659385681,0.6064063310623169,0.7581098198890686,0.685107398033142,0.6922227561473846
pair_067,SetA,-0.15000000000000002,3.9,0.11890412895242664,0.8243653178215027,0.6096978783607483,0.7599651575088501,0.717031717300415,0.6096981167793274,0.7599651575088501,0.6864704310894012,0.6936459004878996
pair_067,SetA,-0.10000000000000003,3.9499999999999997,0.06890412895242681,0.8251604437828064,0.6121893525123596,0.7612691879272461,0.7186750173568726,0.6121895909309387,0.7612691879272461,0.6870035350322723,0.6942459642887115
pair_067,SetA,-0.050000000000000044,4.0,0.018904128952426547,0.825558066368103,0.6134883165359497,0.7619371056556701,0.7195231318473816,0.6134881973266602,0.7619371056556701,0.6866100072860718,0.6941373944282531
pair_067,SetA,-5.551115123125783e-17,4.05,0.031095871047573276,0.8255602121353149,0.6138351559638977,0.7620427131652832,0.7196977138519287,0.6138352155685425,0.7620427131652832,0.6861754596233367,0.6939256012439727
pair_067,SetA,0.04999999999999993,4.1,0.0810958710475731,0.82513028383255,0.612837553024292,0.7614424645900726,0.718983918428421,0.612837553024292,0.7614424645900726,0.6850376367568969,0.6929435849189758
pair_067,SetA,0.09999999999999992,4.1499999999999995,0.13109587104757292,0.8242940306663513,0.6106581687927246,0.76020330786705,0.7174761593341827,0.6106582880020142,0.76020330786705,0.6844152390956878,0.6922180056571959
pair_067,SetA,0.1499999999999999,4.199999999999999,0.18109587104757274,0.8231001496315002,0.6075969338417053,0.7584492206573485,0.7153486013412476,0.6075970530509949,0.7584492206573485,0.6836416661739348,0.6912469148635865
pair_067,SetA,0.1999999999999999,4.25,0.23109587104757345,0.8214718103408813,0.6031849384307861,0.7559858024120331,0.7123284637928009,0.6031851172447205,0.7559858024120331,0.6832485377788544,0.6902707934379577
pair_067,SetA,0.24999999999999983,4.3,0.2810958710475733,0.8195153474807739,0.5975543856620789,0.7529270768165588,0.7085348963737488,0.5975544452667236,0.7529270768165588,0.6812513709068297,0.6881240427494049
pair_067,SetA,0.2999999999999999,4.35,0.3310958710475731,0.817201554775238,0.5909362435340881,0.749321961402893,0.7040688991546631,0.5909362435340881,0.749321961402893,0.6790289640426636,0.6854047656059264
pair_069,SetA,-0.3,0.2,0.26944645845522,0.8835978507995605,0.6346701383590698,0.8089195013046264,0.7591339349746704,0.6346700191497803,0.8089195013046264,0.7513836085796355,0.7570063769817352
pair_069,SetA,-0.25,0.25,0.21944645845521998,0.8853941559791565,0.6410948038101196,0.8121043324470519,0.7632444500923157,0.6410947442054749,0.8121043324470519,0.7533390879631042,0.7593355655670165
pair_069,SetA,-0.2,0.3,0.16944645845522,0.8869562745094299,0.6464931964874268,0.814817315340042,0.7667246758937836,0.6464930772781372,0.814817315340042,0.7567719757556914,0.7627076447010039
pair_069,SetA,-0.15000000000000002,0.35,0.11944645845522,0.8881658911705017,0.6509873867034912,0.8170123040676116,0.7695765793323517,0.6509872674942017,0.8170123040676116,0.7595851361751557,0.7657613277435302
pair_069,SetA,-0.10000000000000003,0.39999999999999997,0.06944645845522002,0.8890138268470764,0.6542854905128479,0.8185953080654144,0.7716496288776398,0.6542854309082031,0.8185953080654144,0.7620220243930816,0.7681455492973327
pair_069,SetA,-0.050000000000000044,0.44999999999999996,0.019446458455220028,0.8895434737205505,0.6565468311309814,0.8196444451808929,0.7730450928211212,0.6565467119216919,0.8196444451808929,0.7635514080524444,0.7697446227073669
pair_069,SetA,-5.551115123125783e-17,0.49999999999999994,0.03055354154477996,0.8896895051002502,0.6572952270507812,0.8199711501598358,0.7734922468662262,0.6572949886322021,0.8199711501598358,0.7647241950035095,0.7710064113140106
pair_069,SetA,0.04999999999999993,0.5499999999999999,0.08055354154477995,0.889495313167572,0.6564778089523315,0.819590026140213,0.772986501455307,0.656477689743042,0.819590026140213,0.7651694476604461,0.7714075684547423
pair_069,SetA,0.09999999999999992,0.5999999999999999,0.13055354154477988,0.8889012932777405,0.654656708240509,0.8186278820037841,0.77177894115448,0.6546565890312195,0.8186278820037841,0.7644822418689727,0.7707383096218109
pair_069,SetA,0.1499999999999999,0.6499999999999999,0.18055354154477993,0.8880165219306946,0.65144282579422,0.8170443773269653,0.7697296142578125,0.6514427065849304,0.8170443773269653,0.7636818289756775,0.7698639214038848
pair_069,SetA,0.1999999999999999,0.7,0.23055354154477997,0.8866939544677734,0.6465761661529541,0.8146585822105408,0.766635000705719,0.6465760469436646,0.8146585822105408,0.761097890138626,0.767352145910263
pair_069,SetA,0.24999999999999983,0.7499999999999998,0.2805535415447798,0.8850347399711609,0.6408286094665527,0.8117729008197784,0.7629316747188568,0.6408286094665527,0.8117729008197784,0.7588794589042663,0.764840418100357
pair_069,SetA,0.2999999999999999,0.7999999999999998,0.33055354154477984,0.8830333352088928,0.633733332157135,0.808243316411972,0.7583833038806915,0.6337332725524902,0.808243316411972,0.7552399933338165,0.761132913827896
pair_071,SetB,-0.3,1.0,0.311592338526987,0.7582106590270996,0.4812876582145691,0.6751337230205535,0.6197490990161896,0.48128753900527954,0.6751337230205535,0.5905520886182785,0.6012364536523819
pair_071,SetB,-0.25,1.05,0.26159233852698693,0.7589148879051208,0.4837151765823364,0.6763550102710723,0.6213150918483734,0.483715295791626,0.6763550102710723,0.5905926376581192,0.6010707885026931
pair_071,SetB,-0.2,1.1,0.2115923385269869,0.7595232725143433,0.4854357838630676,0.6772970259189606,0.6224795281887054,0.4854357838630676,0.6772970259189606,0.59124456346035,0.601391389966011
pair_071,SetB,-0.15000000000000002,1.15,0.16159233852698707,0.7599011063575745,0.48706507682800293,0.6780503064393997,0.6234831064939499,0.4870651066303253,0.6780503064393997,0.5921167463064193,0.6021353900432587
pair_071,SetB,-0.10000000000000003,1.2,0.11159233852698702,0.7602589726448059,0.48852455615997314,0.6787386566400527,0.6243917793035507,0.48852458596229553,0.6787386566400527,0.5921415090560913,0.6019658178091049
pair_071,SetB,-0.050000000000000044,1.25,0.06159233852698698,0.7604088187217712,0.48957809805870056,0.6791595488786697,0.6249933689832687,0.48957791924476624,0.6791595488786697,0.5941174983978271,0.6034489184617996
pair_071,SetB,-5.551115123125783e-17,1.3,0.011592338526986934,0.7604385614395142,0.4898373782634735,0.6792582601308822,0.625138059258461,0.48983755707740784,0.6792582601308822,0.593861711025238,0.6032517820596695
pair_071,SetB,0.04999999999999993,1.35,0.03840766147301311,0.7604092955589294,0.48974311351776123,0.6792093962430954,0.6250761300325394,0.4897429645061493,0.6792093962430954,0.5929332017898559,0.602507820725441
pair_071,SetB,0.09999999999999992,1.4,0.08840766147301293,0.760129988193512,0.48924246430397034,0.6788637667894364,0.6246862858533859,0.4892425835132599,0.6788637667894364,0.5919890820980072,0.6018273651599884
pair_071,SetB,0.1499999999999999,1.45,0.13840766147301298,0.7597184181213379,0.4886963665485382,0.678411740064621,0.6242072880268097,0.4886961579322815,0.678411740064621,0.5908523887395858,0.6008099496364594
pair_071,SetB,0.1999999999999999,1.5,0.18840766147301302,0.7591415643692017,0.4877444803714752,0.6777224034070968,0.6234429627656937,0.48774436116218567,0.6777224034070968,0.5883655846118927,0.5986316561698913
pair_071,SetB,0.24999999999999983,1.5499999999999998,0.23840766147301284,0.7583094835281372,0.48591941595077515,0.6765925079584121,0.6221145242452621,0.4859195649623871,0.6765925079584121,0.5881347984075546,0.598425406217575
pair_071,SetB,0.2999999999999999,1.5999999999999999,0.2884076614730129,0.7574865818023682,0.4839690029621124,0.6754312634468078,0.6207277178764343,0.4839688539505005,0.6754312634468078,0.5897107630968094,0.5991837322711944
pair_072,SetB,-0.3,-0.8499999999999999,0.27950314610597293,0.3216666579246521,0.12356729060411453,0.2581464722752571,0.21579968184232712,0.10993270576000214,0.2581464722752571,0.21788447350263593,0.2223637633025646
pair_072,SetB,-0.25,-0.7999999999999999,0.229503146105973,0.32334694266319275,0.12555277347564697,0.2598743438720703,0.21755927801132202,0.1117716133594513,0.2598743438720703,0.2187963381409645,0.22305032163858413
pair_072,SetB,-0.2,-0.75,0.17950314610597307,0.32461902499198914,0.12705391645431519,0.261197479814291,0.21891644969582558,0.11321387439966202,0.261197479814291,0.2197562910616398,0.22402636781334875
pair_072,SetB,-0.15000000000000002,-0.7,0.12950314610597302,0.325706422328949,0.12788896262645721,0.26245798245072366,0.2202923558652401,0.11487828940153122,0.26245798245072366,0.2214603155851364,0.22541153132915495
pair_072,SetB,-0.10000000000000003,-0.6499999999999999,0.07950314610597298,0.3264200687408447,0.12818045914173126,0.26325403973460193,0.22114335373044014,0.11586663872003555,0.26325403973460193,0.22393785342574118,0.22744750156998633
pair_072,SetB,-0.050000000000000044,-0.6,0.029503146105973044,0.3268749415874481,0.12824945151805878,0.2636533953249454,0.22150569781661034,0.11613645404577255,0.2636533953249454,0.22525408267974853,0.22869137302041054
pair_072,SetB,-5.551115123125783e-17,-0.55,0.02049685389402689,0.3269301652908325,0.1280047446489334,0.2637084759771824,0.22156068310141563,0.11619120091199875,0.2637084759771824,0.22632542327046393,0.22977278381586075
pair_072,SetB,0.04999999999999993,-0.5,0.07049685389402693,0.3267299234867096,0.1274552047252655,0.26342328190803527,0.22121885418891907,0.11570778489112854,0.26342328190803527,0.2269454576075077,0.23033542335033416
pair_072,SetB,0.09999999999999992,-0.45,0.12049685389402692,0.32618993520736694,0.12649713456630707,0.26271964982151985,0.22040612623095512,0.1146223172545433,0.26271964982151985,0.22670281305909157,0.23011620864272117
pair_072,SetB,0.1499999999999999,-0.4,0.1704968538940269,0.32525017857551575,0.12528516352176666,0.26164981722831726,0.21924957633018494,0.11324897408485413,0.26164981722831726,0.22574016004800795,0.2293285198509693
pair_072,SetB,0.1999999999999999,-0.35000000000000003,0.2204968538940269,0.324293851852417,0.12362216413021088,0.2604419261217117,0.2178739756345749,0.11145409941673279,0.2604419261217117,0.2261062189936638,0.2291442662477493
pair_072,SetB,0.24999999999999983,-0.3000000000000001,0.27049685389402683,0.3229467570781708,0.1214999258518219,0.25892480611801144,0.21624350547790527,0.10954025387763977,0.25892480611801144,0.2253435395658016,0.22822925522923468
pair_072,SetB,0.2999999999999999,-0.25000000000000006,0.3204968538940269,0.32114744186401367,0.119078129529953,0.2570392556488514,0.2143004648387432,0.10745348781347275,0.2570392556488514,0.22201299220323562,0.22510767132043835
pair_074,SetB,-0.3,-1.8,0.26062908620976755,0.5370072722434998,0.26312437653541565,0.45484243035316463,0.4000658690929413,0.2631244659423828,0.45484243035316463,0.40394844412803643,0.41062248796224593
pair_074,SetB,-0.25,-1.75,0.2106290862097675,0.5401261448860168,0.26777371764183044,0.4584203988313675,0.40394990146160126,0.26777365803718567,0.4584203988313675,0.4069072216749191,0.41388290077447887
pair_074,SetB,-0.2,-1.7,0.16062908620976746,0.5429402589797974,0.2718730568885803,0.46162007153034207,0.40740661323070526,0.27187296748161316,0.46162007153034207,0.40954452157020566,0.41655628979206083
pair_074,SetB,-0.15000000000000002,-1.65,0.11062908620976741,0.5451779961585999,0.2749646008014679,0.4641139417886734,0.4100712388753891,0.27496448159217834,0.4641139417886734,0.41116548180580137,0.4181507885456085
pair_074,SetB,-0.10000000000000003,-1.6,0.06062908620976759,0.5469709634780884,0.2771024703979492,0.4660104066133499,0.4120367020368576,0.27710244059562683,0.4660104066133499,0.41329988241195675,0.4202128201723099
pair_074,SetB,-0.050000000000000044,-1.55,0.010629086209767546,0.5481894016265869,0.2783324718475342,0.4672323048114776,0.41326090693473816,0.2783324122428894,0.4672323048114776,0.4158690184354782,0.4223849862813949
pair_074,SetB,-5.551115123125783e-17,-1.5,0.0393709137902325,0.5489658713340759,0.27882933616638184,0.46792493760585785,0.41389764845371246,0.278829425573349,0.46792493760585785,0.4164297223091125,0.42305837869644164
pair_074,SetB,0.04999999999999993,-1.4500000000000002,0.08937091379023232,0.5488982796669006,0.2779645323753357,0.46761814653873446,0.41343139111995697,0.2779645025730133,0.46761814653873446,0.41691040992736816,0.42355449795722955
pair_074,SetB,0.09999999999999992,-1.4000000000000001,0.13937091379023236,0.5484538674354553,0.27632251381874084,0.46681447029113765,0.4123882055282593,0.27632254362106323,0.46681447029113765,0.41518186330795287,0.4222479194402694
pair_074,SetB,0.1499999999999999,-1.35,0.1893709137902324,0.5475040078163147,0.2736704647541046,0.46535394489765164,0.41058723628520966,0.2736704647541046,0.46535394489765164,0.4134511157870292,0.4206825226545334
pair_074,SetB,0.1999999999999999,-1.3,0.23937091379023245,0.5460478663444519,0.27017712593078613,0.4632866710424423,0.4081125408411026,0.2701772153377533,0.4632866710424423,0.4124012112617492,0.4193389773368835
pair_074,SetB,0.24999999999999983,-1.2500000000000002,0.2893709137902323,0.544064462184906,0.2655332386493683,0.4605051308870315,0.4047989100217819,0.26553335785865784,0.4605051308870315,0.41021010428667065,0.4167695418000221
pair_074,SetB,0.2999999999999999,-1.2000000000000002,0.3393709137902323,0.5412700772285461,0.2602490484714508,0.4569637417793274,0.4007595181465149,0.26024895906448364,0.4569637417793274,0.4067272320389747,0.4132835805416107
pair_077,SetB,-0.3,-3.5,0.29515858355348445,0.7153107523918152,0.4799891412258148,0.6446236908435821,0.5974989831447601,0.4796872138977051,0.6446236908435821,0.5589102953672409,0.5704254388809205
pair_077,SetB,-0.25,-3.45,0.24515858355348463,0.716266393661499,0.48136284947395325,0.6455861538648605,0.5984659940004349,0.4806655943393707,0.6455861538648605,0.5615271776914597,0.5719678997993469
pair_077,SetB,-0.2,-3.4000000000000004,0.1951585835534848,0.7171704173088074,0.4823361039161682,0.6464938700199127,0.5993761718273163,0.4815819263458252,0.6464938700199127,0.5661968231201172,0.573724776506424
pair_077,SetB,-0.15000000000000002,-3.35,0.14515858355348454,0.7178484201431274,0.48298394680023193,0.6472818613052368,0.6002374887466431,0.4826265573501587,0.6472818613052368,0.567982417345047,0.575191468000412
pair_077,SetB,-0.10000000000000003,-3.3000000000000003,0.09515858355348472,0.7183486223220825,0.48335695266723633,0.6478511303663254,0.6008528023958206,0.4833569824695587,0.6478511303663254,0.5684076517820358,0.5754921495914459
pair_077,SetB,-0.050000000000000044,-3.25,0.045158583553484455,0.7187617421150208,0.48406651616096497,0.6483531564474105,0.6014140993356705,0.4840664565563202,0.6483531564474105,0.5668036997318268,0.5745892286300659
pair_077,SetB,-5.551115123125783e-17,-3.2,0.0048414164465153675,0.7188853025436401,0.483990341424942,0.648416832089424,0.6014378517866135,0.4839904010295868,0.648416832089424,0.5601440817117691,0.5745476663112641
pair_077,SetB,0.04999999999999993,-3.1500000000000004,0.05484141644651519,0.7189812064170837,0.4841803312301636,0.6485409617424011,0.601580798625946,0.48418039083480835,0.6485409617424011,0.5605954527854919,0.5746775090694427
pair_077,SetB,0.09999999999999992,-3.1,0.10484141644651546,0.7188527584075928,0.48368707299232483,0.6483030796051025,0.6012699604034424,0.483687162399292,0.6483030796051025,0.559932067990303,0.5743466049432754
pair_077,SetB,0.1499999999999999,-3.0500000000000003,0.15484141644651528,0.7184459567070007,0.48300081491470337,0.6478124052286147,0.6007233709096909,0.483000785112381,0.6478124052286147,0.5665214329957962,0.5743772208690643
pair_077,SetB,0.1999999999999999,-3.0000000000000004,0.2048414164465151,0.7179791331291199,0.4820072650909424,0.6471875727176666,0.5999931991100311,0.4820072650909424,0.6471875727176666,0.5659507483243942,0.5742269247770309
pair_077,SetB,0.24999999999999983,-2.95,0.25484141644651537,0.7172892093658447,0.4803789258003235,0.6462161511182785,0.5988341122865677,0.48037901520729065,0.6462161511182785,0.5658033490180969,0.5739369750022888
pair_077,SetB,0.2999999999999999,-2.9000000000000004,0.3048414164465152,0.7166228890419006,0.4786485731601715,0.6452305942773819,0.5976357311010361,0.4786485731601715,0.6452305942773819,0.5668811112642288,0.5744090437889099
pair_079,SetB,-0.3,1.7499999999999998,0.37168120591744747,0.748270571231842,0.44949957728385925,0.6586392641067504,0.5988850593566895,0.44949954748153687,0.6586392641067504,0.5912905812263489,0.598814171552658
pair_079,SetB,-0.25,1.7999999999999998,0.3216812059174474,0.7492138147354126,0.4509664475917816,0.6597395688295364,0.6000900715589523,0.45096632838249207,0.6597395688295364,0.5923000246286392,0.6000062584877014
pair_079,SetB,-0.2,1.8499999999999999,0.2716812059174474,0.7499346137046814,0.45190414786338806,0.6605254560709,0.6009193509817123,0.4519040882587433,0.6605254560709,0.5944023340940475,0.6019756495952606
pair_079,SetB,-0.15000000000000002,1.9,0.22168120591744733,0.7504982948303223,0.45283767580986023,0.6612001091241836,0.6016679853200912,0.45283767580986023,0.6612001091241836,0.5972890138626098,0.6042947232723236
pair_079,SetB,-0.10000000000000003,1.9499999999999997,0.1716812059174475,0.7508965730667114,0.453347384929657,0.6616318613290786,0.6021220535039902,0.4533475339412689,0.6616318613290786,0.5984918922185898,0.6052657723426819
pair_079,SetB,-0.050000000000000044,1.9999999999999998,0.12168120591744747,0.7511042356491089,0.4538644552230835,0.6619322836399077,0.6024843156337738,0.4538643956184387,0.6619322836399077,0.5991783797740936,0.6058944582939148
pair_079,SetB,-5.551115123125783e-17,2.05,0.07168120591744742,0.7511147260665894,0.45389148592948914,0.6619477719068526,0.6025031358003616,0.4538915455341339,0.6619477719068526,0.5987479388713837,0.6057515799999237
pair_079,SetB,0.04999999999999993,2.0999999999999996,0.0216812059174476,0.7510271072387695,0.45360296964645386,0.6617998480796813,0.6023150086402893,0.4536029100418091,0.6617998480796813,0.5979667723178863,0.6053544193506241
pair_079,SetB,0.09999999999999992,2.15,0.028318794082552667,0.750686526298523,0.45273131132125854,0.6612999618053437,0.6017089188098907,0.45273131132125854,0.6612999618053437,0.5977658092975616,0.6053107500076294
pair_079,SetB,0.1499999999999999,2.1999999999999997,0.07831879408255249,0.7501703500747681,0.45160913467407227,0.6606019496917724,0.6008896827697754,0.4516090154647827,0.6606019496917724,0.5970695167779922,0.6046480238437653
pair_079,SetB,0.1999999999999999,2.2499999999999996,0.1283187940825523,0.7494714856147766,0.45000338554382324,0.6596309840679169,0.5997373163700104,0.45000314712524414,0.6596309840679169,0.5966531008481979,0.6039810061454772
pair_079,SetB,0.24999999999999983,2.3,0.17831879408255258,0.7484848499298096,0.4480372667312622,0.6583505928516388,0.5982610881328583,0.448037326335907,0.6583505928516388,0.5955083400011062,0.6026989489793777
pair_079,SetB,0.2999999999999999,2.3499999999999996,0.2283187940825524,0.7473330497741699,0.44629114866256714,0.6570204436779021,0.5968120396137238,0.4462910294532776,0.6570204436779021,0.5948002189397812,0.6017081677913665
pair_081,SetB,-0.3,0.2,0.2202082220402667,0.7167037129402161,0.38760998845100403,0.6179756581783294,0.5521569550037384,0.38761019706726074,0.6179756581783294,0.5658398509025573,0.5745135873556138
pair_081,SetB,-0.25,0.25,0.1702082220402667,0.717506468296051,0.3886270225048065,0.6188426256179809,0.5530667304992676,0.38862699270248413,0.6188426256179809,0.5620623856782913,0.5714420199394226
pair_081,SetB,-0.2,0.3,0.12020822204026671,0.7182477712631226,0.3891209065914154,0.6195096939802169,0.5536843091249466,0.38912084698677063,0.6195096939802169,0.5625320851802825,0.5711733996868134
pair_081,SetB,-0.15000000000000002,0.35,0.07020822204026672,0.7188982367515564,0.3894649147987366,0.620068222284317,0.5541815459728241,0.3894648551940918,0.620068222284317,0.5596252739429474,0.5690760731697082
pair_081,SetB,-0.10000000000000003,0.39999999999999997,0.020208222040266732,0.7193289399147034,0.3891119062900543,0.6202638298273087,0.5542204231023788,0.3891119062900543,0.6202638298273087,0.5588315457105637,0.568146675825119
pair_081,SetB,-0.050000000000000044,0.44999999999999996,0.029791777959733257,0.7195205092430115,0.38825029134750366,0.620139443874359,0.5538854002952576,0.38825029134750366,0.620139443874359,0.5583190530538559,0.5674795508384705
pair_081,SetB,-5.551115123125783e-17,0.49999999999999994,0.07979177795973325,0.7196135520935059,0.3865271508693695,0.6196876496076584,0.5530703812837601,0.3865272104740143,0.6196876496076584,0.5546777516603469,0.5647068858146667
pair_081,SetB,0.04999999999999993,0.5499999999999999,0.12979177795973323,0.7194404006004333,0.38468435406684875,0.6190135598182678,0.5520623326301575,0.3846842646598816,0.6190135598182678,0.5536437481641769,0.563281673192978
pair_081,SetB,0.09999999999999992,0.5999999999999999,0.17979177795973317,0.719049334526062,0.38265347480773926,0.6181305587291717,0.5508513748645782,0.3826534152030945,0.6181305587291717,0.5516257166862487,0.5613877147436142
pair_081,SetB,0.1499999999999999,0.6499999999999999,0.2297917779597332,0.7184630036354065,0.38072288036346436,0.6171410113573074,0.5495930165052414,0.3807230293750763,0.6171410113573074,0.5519586592912674,0.5610859513282775
pair_081,SetB,0.1999999999999999,0.7,0.27979177795973326,0.7178142666816711,0.3788686990737915,0.616130605340004,0.5483414977788925,0.3788687288761139,0.616130605340004,0.549888202548027,0.5590904951095581
pair_081,SetB,0.24999999999999983,0.7499999999999998,0.3297917779597331,0.716955840587616,0.3768674433231354,0.6149293392896652,0.5469116717576981,0.37686750292778015,0.6149293392896652,0.5472337424755096,0.5567206412553787
pair_081,SetB,0.2999999999999999,0.7999999999999998,0.3797917779597331,0.7158442735671997,0.3750315010547638,0.6136004328727721,0.5454378724098206,0.3750314712524414,0.6136004328727721,0.5461348354816437,0.5551595479249954
pair_084,SetB,-0.3,3.0,0.4171947738923425,0.521152913570404,0.34382784366607666,0.46795541048049927,0.43249040842056274,0.34382790327072144,0.46795541048049927,0.4101922243833541,0.4172765105962753
pair_084,SetB,-0.25,3.05,0.3671947738923427,0.5249530673027039,0.34849804639816284,0.4720165967941284,0.4367256164550781,0.3484981656074524,0.4720165967941284,0.41326217353343964,0.42052142620086663
pair_084,SetB,-0.2,3.0999999999999996,0.31719477389234285,0.5281819105148315,0.35217294096946716,0.47537920176982873,0.44017739593982697,0.3521728813648224,0.47537920176982873,0.41616519987583156,0.4235061168670654
pair_084,SetB,-0.15000000000000002,3.15,0.2671947738923426,0.5307878851890564,0.35520485043525696,0.47811298370361327,0.44299638271331787,0.35520488023757935,0.47811298370361327,0.4185034781694412,0.4258259743452072
pair_084,SetB,-0.10000000000000003,3.1999999999999997,0.21719477389234276,0.5328007340431213,0.35728198289871216,0.48014514446258544,0.4450414180755615,0.3572821021080017,0.48014514446258544,0.42071006298065183,0.42776939570903777
pair_084,SetB,-0.050000000000000044,3.25,0.1671947738923425,0.534117579460144,0.35841742157936096,0.4814074963331222,0.4462674409151077,0.3584173023700714,0.4814074963331222,0.42002411484718316,0.4273424744606018
pair_084,SetB,-5.551115123125783e-17,3.3,0.11719477389234267,0.5348420143127441,0.35862061381340027,0.48197556734085084,0.4467312693595886,0.3586205244064331,0.48197556734085084,0.42015445530414575,0.427602818608284
pair_084,SetB,0.04999999999999993,3.3499999999999996,0.06719477389234285,0.5348889827728271,0.35797685384750366,0.48181530833244324,0.44643285870552063,0.3579767346382141,0.48181530833244324,0.4198664575815201,0.4271409183740616
pair_084,SetB,0.09999999999999992,3.4,0.017194773892342585,0.5343061685562134,0.3564508259296417,0.4809495389461517,0.44537845253944397,0.35645073652267456,0.4809495389461517,0.4191392838954925,0.4263467490673065
pair_084,SetB,0.1499999999999999,3.4499999999999997,0.03280522610765724,0.533236026763916,0.35436469316482544,0.47957460880279534,0.44380033016204834,0.35436463356018066,0.47957460880279534,0.4189349234104156,0.425877845287323
pair_084,SetB,0.1999999999999999,3.4999999999999996,0.08280522610765706,0.5314324498176575,0.3510512113571167,0.4773181140422821,0.44124189019203186,0.35105133056640625,0.4773181140422821,0.4186530739068985,0.4252976328134537
pair_084,SetB,0.24999999999999983,3.55,0.13280522610765733,0.5293951630592346,0.34739312529563904,0.47479453384876247,0.43839411437511444,0.34739306569099426,0.47479453384876247,0.4169912576675415,0.42376204431056974
pair_084,SetB,0.2999999999999999,3.5999999999999996,0.18280522610765715,0.5266516804695129,0.34284016489982605,0.47150827050209043,0.43474599719047546,0.342840313911438,0.47150827050209043,0.41391587555408477,0.42077479958534236
pair_087,SetB,-0.3,-1.05,0.22522713137942607,0.7786064743995667,0.5033960342407227,0.6960433602333068,0.641001284122467,0.5033960938453674,0.6960433602333068,0.6307612359523773,0.6391445547342299
pair_087,SetB,-0.25,-1.0,0.17522713137942603,0.7795411348342896,0.505890429019928,0.6974459052085876,0.6427157521247864,0.5058903694152832,0.6974459052085876,0.6325620174407959,0.6408873975276947
pair_087,SetB,-0.2,-0.95,0.12522713137942598,0.7803826928138733,0.5080583691596985,0.6986853957176208,0.6442205309867859,0.5080583691596985,0.6986853957176208,0.6328900396823883,0.6415041983127594
pair_087,SetB,-0.15000000000000002,-0.9,0.07522713137942605,0.7809901833534241,0.5096911787986755,0.6996004998683929,0.6453407108783722,0.5096912384033203,0.6996004998683929,0.6330393373966217,0.6416800469160079
pair_087,SetB,-0.10000000000000003,-0.8500000000000001,0.025227131379426115,0.7813848257064819,0.5109448432922363,0.7002528488636016,0.6461648643016815,0.5109449028968811,0.7002528488636016,0.6330695986747742,0.642094749212265
pair_087,SetB,-0.050000000000000044,-0.8,0.02477286862057393,0.7815892100334167,0.5116334557533264,0.7006025016307831,0.646611362695694,0.5116335153579712,0.7006025016307831,0.6344388037919998,0.6431966871023178
pair_087,SetB,-5.551115123125783e-17,-0.75,0.07477286862057397,0.7817771434783936,0.5114152431488037,0.7006684839725493,0.6465960443019867,0.5114149451255798,0.7006684839725493,0.6347098261117935,0.6433393746614456
pair_087,SetB,0.04999999999999993,-0.7000000000000001,0.1247728686205739,0.7816827893257141,0.5110011100769043,0.7004782855510712,0.6463419497013092,0.5110011100769043,0.7004782855510712,0.6346852272748946,0.6431144207715989
pair_087,SetB,0.09999999999999992,-0.6500000000000001,0.17477286862057384,0.7814943790435791,0.5093876719474792,0.6998623847961426,0.6454410552978516,0.509387731552124,0.6998623847961426,0.6342602640390396,0.642615619301796
pair_087,SetB,0.1499999999999999,-0.6000000000000001,0.22477286862057388,0.7811139822006226,0.5078945159912109,0.6991481065750121,0.644504189491272,0.5078943967819214,0.6991481065750121,0.6337812751531601,0.6421037048101426
pair_087,SetB,0.1999999999999999,-0.55,0.27477286862057393,0.7806119322776794,0.5054808259010315,0.6980725467205048,0.6430462896823883,0.5054806470870972,0.6980725467205048,0.6335214406251907,0.6416013270616531
pair_087,SetB,0.24999999999999983,-0.5000000000000002,0.32477286862057375,0.7798941731452942,0.502941370010376,0.6968083500862121,0.6414178013801575,0.5029414296150208,0.6968083500862121,0.6315839618444442,0.6397365510463714
pair_087,SetB,0.2999999999999999,-0.4500000000000001,0.37477286862057385,0.7791873812675476,0.500497579574585,0.6955804407596589,0.6398424804210663,0.500497579574585,0.6955804407596589,0.6310852050781249,0.6390927791595458
pair_088,SetB,-0.3,0.15000000000000002,0.3298762691820233,0.5009685158729553,0.33469489216804504,0.4510864466428756,0.41783173382282257,0.3346949517726898,0.4510864466428756,0.40710752606391903,0.4140949159860611
pair_088,SetB,-0.25,0.2,0.2798762691820233,0.5040886402130127,0.3384917974472046,0.45440956950187683,0.42129018902778625,0.3384917378425598,0.45440956950187683,0.4119964808225631,0.41843710541725154
pair_088,SetB,-0.2,0.25,0.2298762691820233,0.5064396262168884,0.3416297733783722,0.4569966793060302,0.4240347146987915,0.3416298031806946,0.4569966793060302,0.4135860413312912,0.42028886675834654
pair_088,SetB,-0.15000000000000002,0.3,0.17987626918202332,0.5082966685295105,0.34426480531692505,0.4590871185064316,0.42628075182437897,0.34426483511924744,0.4590871185064316,0.4153412520885467,0.42176274061203
pair_088,SetB,-0.10000000000000003,0.35,0.12987626918202333,0.5093982219696045,0.3461613059043884,0.4604271739721298,0.42777980864048004,0.3461613953113556,0.4604271739721298,0.41599028706550595,0.4226470649242401
pair_088,SetB,-0.050000000000000044,0.39999999999999997,0.07987626918202334,0.5099223852157593,0.34739720821380615,0.46116479635238644,0.42865973711013794,0.3473970890045166,0.46116479635238644,0.41727133095264435,0.42345515489578245
pair_088,SetB,-5.551115123125783e-17,0.44999999999999996,0.02987626918202335,0.5099645256996155,0.34804922342300415,0.46138993501663206,0.4290068745613098,0.34804922342300415,0.46138993501663206,0.417710793018341,0.42375691831111906
pair_088,SetB,0.04999999999999993,0.49999999999999994,0.020123730817976637,0.5093271732330322,0.34757182002067566,0.4608005672693252,0.42844949662685394,0.34757182002067566,0.4608005672693252,0.41730424761772156,0.42334968149662017
pair_088,SetB,0.09999999999999992,0.5499999999999999,0.07012373081797663,0.5081037878990173,0.3464343845844269,0.45960300266742704,0.4272691458463669,0.34643450379371643,0.45960300266742704,0.41711262464523313,0.4228145569562912
pair_088,SetB,0.1499999999999999,0.5999999999999999,0.12012373081797656,0.5062329173088074,0.3445965349674225,0.45774197578430176,0.42541468143463135,0.3445964455604553,0.45774197578430176,0.4148929357528687,0.420586422085762
pair_088,SetB,0.1999999999999999,0.6499999999999999,0.1701237308179766,0.5039201378822327,0.34222468733787537,0.4554115116596221,0.4230724275112152,0.34222471714019775,0.4554115116596221,0.4133112788200378,0.41892313659191127
pair_088,SetB,0.24999999999999983,0.6999999999999998,0.22012373081797654,0.5009031891822815,0.3394058644771576,0.4524539917707443,0.42015452682971954,0.3394058644771576,0.4524539917707443,0.41059617102146145,0.4164424568414688
pair_088,SetB,0.2999999999999999,0.7499999999999999,0.2701237308179766,0.49749264121055603,0.33606240153312683,0.44906356036663053,0.41677750647068024,0.33606237173080444,0.44906356036663053,0.4075491338968277,0.4136261492967605
pair_089,SetB,-0.3,-3.8,0.33184075563604587,0.7612876296043396,0.5198544859886169,0.6888576686382293,0.6405710279941559,0.5198544263839722,0.6888576686382293,0.6053513735532761,0.6131170958280563
pair_089,SetB,-0.25,-3.75,0.28184075563604605,0.7620052099227905,0.5221530199050903,0.6900495707988739,0.6420791447162628,0.5221530795097351,0.6900495707988739,0.6063549637794494,0.614195054769516
pair_089,SetB,-0.2,-3.7,0.23184075563604623,0.7625629305839539,0.5242765545845032,0.6910769999027252,0.6434197127819061,0.5242764949798584,0.6910769999027252,0.607617962360382,0.6150981187820435
pair_089,SetB,-0.15000000000000002,-3.65,0.18184075563604596,0.7631023526191711,0.5259392857551575,0.6919534504413605,0.6445208489894867,0.5259393453598022,0.6919534504413605,0.6074904680252075,0.6149993062019348
pair_089,SetB,-0.10000000000000003,-3.6,0.13184075563604614,0.7634212374687195,0.5274096727371216,0.69261776804924,0.6454154551029205,0.5274096727371216,0.69261776804924,0.6075076252222061,0.6151276737451553
pair_089,SetB,-0.050000000000000044,-3.55,0.08184075563604587,0.7636873126029968,0.5284140706062317,0.6931053578853607,0.6460507214069366,0.5284141302108765,0.6931053578853607,0.6089538335800171,0.6162237375974655
pair_089,SetB,-5.551115123125783e-17,-3.5,0.03184075563604605,0.7638718485832214,0.528971254825592,0.6934016346931458,0.646421492099762,0.5289711356163025,0.6934016346931458,0.6117630630731582,0.618341863155365
pair_089,SetB,0.04999999999999993,-3.45,0.018159244363953775,0.7638050317764282,0.5285707712173462,0.6932347714900969,0.6461879312992096,0.528570830821991,0.6932347714900969,0.613658782839775,0.619583511352539
pair_089,SetB,0.09999999999999992,-3.4,0.06815924436395404,0.7637425065040588,0.5280596613883972,0.6930376708507537,0.6459011137485504,0.528059720993042,0.6930376708507537,0.6135126441717148,0.6195682883262634
pair_089,SetB,0.1499999999999999,-3.35,0.11815924436395386,0.7634136080741882,0.5273067355155945,0.6925815284252167,0.645360141992569,0.5273066759109497,0.6925815284252167,0.612189382314682,0.618266224861145
pair_089,SetB,0.1999999999999999,-3.3000000000000003,0.16815924436395369,0.7631862759590149,0.5260723829269409,0.6920521259307861,0.6446293592453003,0.5260724425315857,0.6920521259307861,0.6102350801229477,0.6165706813335419
pair_089,SetB,0.24999999999999983,-3.25,0.21815924436395395,0.7626675367355347,0.524590253829956,0.6912443339824677,0.643628865480423,0.5245901942253113,0.6912443339824677,0.6087927639484405,0.6152869671583175
pair_089,SetB,0.2999999999999999,-3.2,0.2681592443639538,0.7620646953582764,0.5223985910415649,0.6901648461818695,0.6422316133975983,0.5223985314369202,0.6901648461818695,0.607993134856224,0.614464247226715
pair_090,SetB,-0.3,4.3500000000000005,0.36338062760212164,0.4380723536014557,0.263439804315567,0.38568259775638575,0.35075609385967255,0.2634398341178894,0.38568259775638575,0.33986510932445524,0.34633858948946
pair_090,SetB,-0.25,4.4,0.3133806276021218,0.44020524621009827,0.2660161852836609,0.3879485726356506,0.35311079025268555,0.2660163342952728,0.3879485726356506,0.3404522240161896,0.34781377166509625
pair_090,SetB,-0.2,4.45,0.263380627602122,0.4420493543148041,0.26850005984306335,0.3899845391511917,0.35527466237545013,0.2684999704360962,0.3899845391511917,0.3406127050518989,0.34830121546983717
pair_090,SetB,-0.15000000000000002,4.5,0.21338062760212217,0.4434835612773895,0.27029862999916077,0.3915280729532241,0.35689108073711395,0.2702986001968384,0.3915280729532241,0.34211655557155607,0.3494906142354011
pair_090,SetB,-0.10000000000000003,4.550000000000001,0.16338062760212146,0.4445251226425171,0.2719201147556305,0.3927435845136642,0.358222559094429,0.27191999554634094,0.3927435845136642,0.3430304676294327,0.3501655459403991
pair_090,SetB,-0.050000000000000044,4.6000000000000005,0.11338062760212164,0.4451356530189514,0.27325329184532166,0.39357095360755917,0.35919448733329773,0.27325332164764404,0.39357095360755917,0.34342527687549584,0.35085783898830414
pair_090,SetB,-5.551115123125783e-17,4.65,0.06338062760212182,0.4451693296432495,0.27402400970458984,0.39382576048374174,0.35959671437740326,0.274024099111557,0.39382576048374174,0.34195612818002696,0.35014768689870834
pair_090,SetB,0.04999999999999993,4.7,0.013380627602121997,0.44490858912467957,0.27431824803352356,0.39373149573802946,0.35961343348026276,0.27431827783584595,0.39373149573802946,0.3417030200362205,0.35033064186573026
pair_090,SetB,0.09999999999999992,4.75,0.036619372397877825,0.4441797435283661,0.27408334612846375,0.3931508600711822,0.3591316044330597,0.2740834653377533,0.3931508600711822,0.34372019916772845,0.3524625152349472
pair_090,SetB,0.1499999999999999,4.800000000000001,0.08661937239787854,0.4430559575557709,0.2734679877758026,0.39217954874038696,0.35826194286346436,0.27346792817115784,0.39217954874038696,0.3452117800712585,0.353952944278717
pair_090,SetB,0.1999999999999999,4.8500000000000005,0.13661937239787836,0.44152048230171204,0.2723970115184784,0.3907834857702255,0.3569588214159012,0.27239716053009033,0.3907834857702255,0.34542178511619565,0.3538880735635757
pair_090,SetB,0.24999999999999983,4.9,0.18661937239787818,0.4397313594818115,0.27176132798194885,0.38909422159194945,0.35533612966537476,0.270940899848938,0.38909422159194945,0.3451694846153259,0.3531665772199631
pair_090,SetB,0.2999999999999999,4.95,0.236619372397878,0.43763259053230286,0.27210506796836853,0.3871488213539123,0.35349297523498535,0.26935335993766785,0.3871488213539123,0.34703751057386395,0.3540527164936066
pair_092,SetB,-0.3,4.6000000000000005,0.2527320188990254,0.5429577827453613,0.33136120438575745,0.47947880029678347,0.4371594786643982,0.33136117458343506,0.47947880029678347,0.4244929879903793,0.4301536262035369
pair_092,SetB,-0.25,4.65,0.2027320188990256,0.5453276038169861,0.3357336223125458,0.4824494272470474,0.4405306428670883,0.33573368191719055,0.4824494272470474,0.42810017764568326,0.4338656723499298
pair_092,SetB,-0.2,4.7,0.15273201889902577,0.5468450784683228,0.33860278129577637,0.48437235355377195,0.4427238702774048,0.3386026620864868,0.48437235355377195,0.431797257065773,0.43738991916179654
pair_092,SetB,-0.15000000000000002,4.75,0.10273201889902595,0.5480284094810486,0.3405742943286896,0.4798262268304824,0.4343581050634384,0.32068780064582825,0.4798262268304824,0.4354685127735138,0.4409140557050705
pair_092,SetB,-0.10000000000000003,4.800000000000001,0.052732018899025235,0.5492793917655945,0.3415480852127075,0.4813138246536255,0.4360034465789795,0.3227275013923645,0.4813138246536255,0.43881766498088837,0.44405907988548277
pair_092,SetB,-0.050000000000000044,4.8500000000000005,0.0027320188990254124,0.5498701333999634,0.3412093222141266,0.48201238214969633,0.436773881316185,0.3236776292324066,0.48201238214969633,0.441045594215393,0.4457752615213394
pair_092,SetB,-5.551115123125783e-17,4.9,0.04726798110097441,0.549791157245636,0.33996570110321045,0.4818452328443527,0.4365479499101639,0.3233047425746918,0.4818452328443527,0.4411986619234085,0.4463077634572983
pair_092,SetB,0.04999999999999993,4.95,0.09726798110097423,0.5489723086357117,0.33732691407203674,0.4807133793830871,0.43520742654800415,0.32144254446029663,0.4807133793830871,0.4405046552419662,0.44586161673068997
pair_092,SetB,0.09999999999999992,5.0,0.14726798110097405,0.5474069118499756,0.33384254574775696,0.4786815643310547,0.4328646659851074,0.31832242012023926,0.4786815643310547,0.4406389683485031,0.4451961457729339
pair_092,SetB,0.1499999999999999,5.050000000000001,0.19726798110097477,0.5454041361808777,0.32927069067955017,0.4760358363389969,0.42979030311107635,0.314176470041275,0.4760358363389969,0.43796911835670466,0.4425518274307251
pair_092,SetB,0.1999999999999999,5.1000000000000005,0.2472679811009746,0.5427224636077881,0.32409363985061646,0.4726500838994979,0.42593516409397125,0.3091478645801544,0.4726500838994979,0.43415203690528864,0.43906508386135096
pair_092,SetB,0.24999999999999983,5.15,0.2972679811009744,0.5391408205032349,0.3177843391895294,0.46821648180484765,0.4209335893392563,0.3027263581752777,0.46821648180484765,0.4300654113292694,0.43509673774242397
pair_092,SetB,0.2999999999999999,5.2,0.34726798110097423,0.5350513458251953,0.31071987748146057,0.4631942421197891,0.415289506316185,0.2955276668071747,0.4631942421197891,0.4260069072246551,0.43088074028491974
pair_093,SetB,-0.3,-2.9,0.3361335023181531,0.7620149254798889,0.43549737334251404,0.6640596240758895,0.5987560898065567,0.4354972541332245,0.6640596240758895,0.6140170902013778,0.620783919095993
pair_093,SetB,-0.25,-2.85,0.28613350231815327,0.7631546258926392,0.4382539987564087,0.6656843841075897,0.6007042229175568,0.43825381994247437,0.6656843841075897,0.6144726157188415,0.6215300232172012
pair_093,SetB,-0.2,-2.8000000000000003,0.23613350231815344,0.7641838192939758,0.4406672418117523,0.6671288549900054,0.6024255454540253,0.4406672716140747,0.6671288549900054,0.6158301264047622,0.6229321658611298
pair_093,SetB,-0.15000000000000002,-2.75,0.18613350231815318,0.7648821473121643,0.44251003861427307,0.6681705147027969,0.6036960929632187,0.44251003861427307,0.6681705147027969,0.6169242948293685,0.6240665376186371
pair_093,SetB,-0.10000000000000003,-2.7,0.13613350231815335,0.7654092311859131,0.44455352425575256,0.6691524654626846,0.6049812883138657,0.44455334544181824,0.6691524654626846,0.6177906274795532,0.6249776095151901
pair_093,SetB,-0.050000000000000044,-2.6500000000000004,0.08613350231815353,0.7657380700111389,0.445943683385849,0.6697997540235519,0.605840876698494,0.445943683385849,0.6697997540235519,0.6192655980587005,0.6263226091861724
pair_093,SetB,-5.551115123125783e-17,-2.6,0.036133502318153266,0.7657914161682129,0.4470118582248688,0.6701575219631195,0.6064015924930573,0.4470117688179016,0.6701575219631195,0.6208776891231537,0.6277920871973037
pair_093,SetB,0.04999999999999993,-2.5500000000000003,0.013866497681846557,0.7656562328338623,0.4475274682044983,0.6702176123857498,0.6065918654203415,0.4475274980068207,0.6702176123857498,0.6221618950366974,0.6287656486034393
pair_093,SetB,0.09999999999999992,-2.5,0.06386649768184682,0.765280544757843,0.4475765824317932,0.6699693560600279,0.6064285635948181,0.4475765824317932,0.6699693560600279,0.6221408098936081,0.6287534207105636
pair_093,SetB,0.1499999999999999,-2.45,0.11386649768184665,0.7646545767784119,0.4468206763267517,0.6693044155836105,0.605737641453743,0.4468207061290741,0.6693044155836105,0.6214611738920212,0.6282006114721298
pair_093,SetB,0.1999999999999999,-2.4000000000000004,0.16386649768184647,0.7637845277786255,0.44559475779533386,0.6683275610208511,0.6046895831823349,0.4455946385860443,0.6683275610208511,0.6198298156261444,0.6266629099845886
pair_093,SetB,0.24999999999999983,-2.35,0.21386649768184673,0.7626870274543762,0.44378402829170227,0.6670161187648773,0.603235512971878,0.4437839984893799,0.6670161187648773,0.617792072892189,0.624830475449562
pair_093,SetB,0.2999999999999999,-2.3000000000000003,0.26386649768184656,0.7613886594772339,0.441221684217453,0.6653385490179061,0.6013051420450211,0.4412216246128082,0.6653385490179061,0.6157705336809158,0.6229670703411102
pair_095,SetB,-0.3,2.95,0.26165488230387,0.7685348391532898,0.49465808272361755,0.6857303977012634,0.6305274367332458,0.4925200343132019,0.6857303977012634,0.5877524137496948,0.5994189113378524
pair_095,SetB,-0.25,3.0,0.2116548823038702,0.769207775592804,0.49604177474975586,0.6866396099328995,0.6315941661596298,0.4939805567264557,0.6866396099328995,0.5884884744882584,0.5998055636882782
pair_095,SetB,-0.2,3.05,0.16165488230387037,0.7698073983192444,0.4968458414077759,0.6873849481344223,0.6324366480112076,0.4950658977031708,0.6873849481344223,0.587791484594345,0.5990266829729081
pair_095,SetB,-0.15000000000000002,3.1,0.1116548823038701,0.7701791524887085,0.4973772466182709,0.6879070043563842,0.6330589056015015,0.49593865871429443,0.6879070043563842,0.5845992803573608,0.5968797028064727
pair_095,SetB,-0.10000000000000003,3.15,0.061654882303870284,0.7704713344573975,0.4979366064071655,0.6883782237768172,0.6336494833230972,0.496827632188797,0.6883782237768172,0.5823091864585876,0.5947969645261764
pair_095,SetB,-0.050000000000000044,3.2,0.011654882303870018,0.7706524133682251,0.49797844886779785,0.6886196076869964,0.6339310705661774,0.49720972776412964,0.6886196076869964,0.5834704875946044,0.5953166484832764
pair_095,SetB,-5.551115123125783e-17,3.25,0.038345117696129805,0.7707128524780273,0.49716123938560486,0.6886283963918686,0.6339054256677628,0.49709799885749817,0.6886283963918686,0.5853598475456238,0.5971410781145096
pair_095,SetB,0.04999999999999993,3.3,0.08834511769612963,0.7706185579299927,0.4968787431716919,0.6884965777397155,0.6337485909461975,0.49687862396240234,0.6884965777397155,0.5864992409944534,0.5983572095632552
pair_095,SetB,0.09999999999999992,3.35,0.1383451176961299,0.7705565094947815,0.49686965346336365,0.6884504437446594,0.6337130665779114,0.49686962366104126,0.6884504437446594,0.5875800251960754,0.5995502501726151
pair_095,SetB,0.1499999999999999,3.4,0.18834511769612972,0.7703659534454346,0.49696582555770874,0.6883459240198135,0.6336659044027328,0.49696585536003113,0.6883459240198135,0.5893720984458923,0.6009206146001815
pair_095,SetB,0.1999999999999999,3.4499999999999997,0.23834511769612954,0.7701032161712646,0.4970765709877014,0.6881952404975891,0.6335899233818054,0.4970766305923462,0.6881952404975891,0.5913081109523772,0.6024025321006775
pair_095,SetB,0.24999999999999983,3.5,0.2883451176961298,0.7698273658752441,0.4967365264892578,0.6879000872373581,0.6332819014787674,0.49673643708229065,0.6879000872373581,0.5906506180763245,0.6017068803310394
pair_095,SetB,0.2999999999999999,3.55,0.3383451176961296,0.7694399356842041,0.49629509449005127,0.6874965012073517,0.6328675448894501,0.49629515409469604,0.6874965012073517,0.5878480017185211,0.599105167388916
pair_097,SetB,-0.3,-0.2000000000000001,0.5010091868610179,0.7104147672653198,0.395831435918808,0.6160397499799728,0.5531230717897415,0.3958313763141632,0.6160397499799728,0.5400906503200531,0.545072615146637
pair_097,SetB,-0.25,-0.1500000000000001,0.4510091868610179,0.7111753225326538,0.3975633680820465,0.6170917272567749,0.554369330406189,0.3975633382797241,0.6170917272567749,0.5388122886419295,0.5447183847427368
pair_097,SetB,-0.2,-0.10000000000000012,0.40100918686101794,0.7119408845901489,0.399275004863739,0.6181411385536193,0.5556079745292664,0.3992750644683838,0.6181411385536193,0.5409450858831405,0.5463599741458893
pair_097,SetB,-0.15000000000000002,-0.05000000000000013,0.3510091868610179,0.7123838663101196,0.4005018174648285,0.6188192784786224,0.5564428865909576,0.40050190687179565,0.6188192784786224,0.5403216779232025,0.5463544636964798
pair_097,SetB,-0.10000000000000003,-1.3877787807814457e-16,0.30100918686101796,0.7122762799263,0.40146589279174805,0.6190331906080245,0.5568711310625076,0.4014659821987152,0.6190331906080245,0.5306757688522339,0.5408383786678315
pair_097,SetB,-0.050000000000000044,0.04999999999999985,0.2510091868610179,0.7130599617958069,0.4023447334766388,0.6198454111814499,0.5577023774385452,0.40234479308128357,0.6198454111814499,0.5430247396230697,0.5490663856267929
pair_097,SetB,-5.551115123125783e-17,0.09999999999999984,0.20100918686101796,0.7132450938224792,0.4029466211795807,0.6201555967330932,0.5580959320068359,0.4029467701911926,0.6201555967330932,0.5451842844486237,0.5509248226881027
pair_097,SetB,0.04999999999999993,0.14999999999999983,0.15100918686101797,0.7131890654563904,0.4030916094779968,0.6201598554849624,0.5581403821706772,0.403091698884964,0.6201598554849624,0.5454694092273712,0.5518636375665664
pair_097,SetB,0.09999999999999992,0.19999999999999982,0.10100918686101798,0.7131404876708984,0.40322956442832947,0.6201672196388244,0.5581850409507751,0.40322959423065186,0.6201672196388244,0.5499976754188537,0.5552046000957489
pair_097,SetB,0.1499999999999999,0.2499999999999998,0.05100918686101799,0.7129174470901489,0.40327686071395874,0.6200252532958984,0.5580971240997314,0.40327680110931396,0.6200252532958984,0.548909941315651,0.5548539459705353
pair_097,SetB,0.1999999999999999,0.2999999999999998,0.0010091868610179744,0.7126242518424988,0.40279367566108704,0.6196750700473785,0.5577089488506317,0.40279364585876465,0.6196750700473785,0.5497052311897277,0.5554630368947983
pair_097,SetB,0.24999999999999983,0.34999999999999976,0.04899081313898196,0.7121982574462891,0.40218034386634827,0.6191928744316101,0.5571892857551575,0.4021803140640259,0.6191928744316101,0.5487300515174866,0.5550879597663879
pair_097,SetB,0.2999999999999999,0.3999999999999998,0.098990813138982,0.7118117809295654,0.40048137307167053,0.6184126406908035,0.5561465471982956,0.40048131346702576,0.6184126406908035,0.5457459330558777,0.5529443264007569
pair_099,SetB,-0.3,3.8000000000000007,0.32333481842903744,0.7181202173233032,0.36913639307022095,0.6134250700473786,0.5436283051967621,0.36913639307022095,0.6134250700473786,0.5689969509840012,0.5760972082614898
pair_099,SetB,-0.25,3.8500000000000005,0.2733348184290376,0.7192184329032898,0.37097176909446716,0.6147444516420364,0.5450951308012009,0.37097182869911194,0.6147444516420364,0.5704229176044464,0.577196455001831
pair_099,SetB,-0.2,3.9000000000000004,0.2233348184290378,0.7201334238052368,0.3724200129508972,0.6158193916082382,0.5462767034769058,0.37241998314857483,0.6158193916082382,0.5718198925256729,0.5785348623991012
pair_099,SetB,-0.15000000000000002,3.9500000000000006,0.17333481842903753,0.7209141850471497,0.37386003136634827,0.6167978852987289,0.5473870187997818,0.37385985255241394,0.6167978852987289,0.5721586167812347,0.5792221575975418
pair_099,SetB,-0.10000000000000003,4.000000000000001,0.12333481842903726,0.7214750647544861,0.37504708766937256,0.6175466805696487,0.5482610911130905,0.37504711747169495,0.6175466805696487,0.5725699365139008,0.5795922696590423
pair_099,SetB,-0.050000000000000044,4.050000000000001,0.07333481842903744,0.7218786478042603,0.3760722279548645,0.6181367486715316,0.548975482583046,0.37607231736183167,0.6181367486715316,0.5719390034675598,0.5793149471282959
pair_099,SetB,-5.551115123125783e-17,4.1000000000000005,0.023334818429037618,0.7221069931983948,0.37696489691734314,0.6185643464326859,0.5495359152555466,0.37696483731269836,0.6185643464326859,0.5705180764198303,0.5781455874443054
pair_099,SetB,0.04999999999999993,4.15,0.026665181570962204,0.7220489978790283,0.3771649897098541,0.6185837596654892,0.5496069341897964,0.3771648705005646,0.6185837596654892,0.5702511638402938,0.5775230914354325
pair_099,SetB,0.09999999999999992,4.2,0.07666518157096203,0.7218732833862305,0.3769957423210144,0.6184099942445754,0.5494344681501389,0.37699565291404724,0.6184099942445754,0.5706654369831086,0.5775543361902237
pair_099,SetB,0.1499999999999999,4.25,0.12666518157096185,0.7214751839637756,0.3768802285194397,0.6180966794490814,0.5491776764392853,0.3768801689147949,0.6180966794490814,0.5695225268602371,0.5766395151615142
pair_099,SetB,0.1999999999999999,4.300000000000001,0.17666518157096256,0.7208818793296814,0.3763960599899292,0.6175360977649689,0.5486389100551605,0.37639594078063965,0.6175360977649689,0.5688520818948746,0.5760629504919053
pair_099,SetB,0.24999999999999983,4.3500000000000005,0.22666518157096238,0.7200793623924255,0.375961571931839,0.6168439984321594,0.5480204224586487,0.3759614825248718,0.6168439984321594,0.5689495384693146,0.5760106712579727
pair_099,SetB,0.2999999999999999,4.4,0.2766651815709622,0.719169020652771,0.375105082988739,0.6159498751163481,0.5471371114253998,0.37510520219802856,0.6159498751163481,0.5687322288751602,0.5758365005254745
pair_100,SetB,-0.3,3.35,0.21949890280862716,0.5912733674049377,0.41097360849380493,0.5371834307909011,0.5011234730482101,0.41097357869148254,0.5371834307909011,0.48472386002540585,0.49202986061573023
pair_100,SetB,-0.25,3.4,0.16949890280862734,0.5942527055740356,0.4156743288040161,0.5406791746616363,0.5049634873867035,0.41567426919937134,0.5406791746616363,0.4872154504060745,0.49449124634265895
pair_100,SetB,-0.2,3.4499999999999997,0.11949890280862752,0.596510112285614,0.4194154441356659,0.5433816939592362,0.5079627484083176,0.4194153845310211,0.5433816939592362,0.4900315552949905,0.4970437139272689
pair_100,SetB,-0.15000000000000002,3.5,0.06949890280862725,0.5983442068099976,0.4220980703830719,0.5454703748226166,0.5102211534976959,0.4220981001853943,0.5454703748226166,0.49295244514942166,0.4997907996177673
pair_100,SetB,-0.10000000000000003,3.55,0.019498902808627427,0.5996114611625671,0.42405980825424194,0.5469459295272827,0.5118355751037598,0.4240596890449524,0.5469459295272827,0.4956068307161331,0.5021598786115646
pair_100,SetB,-0.050000000000000044,3.5999999999999996,0.030501097191372395,0.6002947688102722,0.4254326820373535,0.5478361517190933,0.5128637403249741,0.4254327118396759,0.5478361517190933,0.49633656144142146,0.5028930544853211
pair_100,SetB,-5.551115123125783e-17,3.65,0.08050109719137266,0.600309431552887,0.4257018566131592,0.5479271858930588,0.5130056887865067,0.42570194602012634,0.5479271858930588,0.4949859857559204,0.5019481092691421
pair_100,SetB,0.04999999999999993,3.6999999999999997,0.13050109719137248,0.5999172925949097,0.4251285791397095,0.5474806517362594,0.512522891163826,0.4251284897327423,0.5474806517362594,0.49359527528285974,0.5007888883352279
pair_100,SetB,0.09999999999999992,3.75,0.18050109719137275,0.5989395976066589,0.4237014353275299,0.5463681846857071,0.5113205760717392,0.42370155453681946,0.5463681846857071,0.4927037268877029,0.499992036819458
pair_100,SetB,0.1499999999999999,3.8,0.23050109719137257,0.5974403023719788,0.4214869439601898,0.5446543216705322,0.5094636678695679,0.421487033367157,0.5446543216705322,0.49240695536136625,0.49935252964496607
pair_100,SetB,0.1999999999999999,3.8499999999999996,0.2805010971913724,0.5952796936035156,0.41855037212371826,0.5422609150409698,0.5069150626659393,0.41855043172836304,0.5422609150409698,0.49159286916255945,0.4982946008443832
pair_100,SetB,0.24999999999999983,3.9,0.33050109719137266,0.5925721526145935,0.41490527987480164,0.5392720818519592,0.5037387013435364,0.41490525007247925,0.5392720818519592,0.4887291699647903,0.4952544867992401
pair_100,SetB,0.2999999999999999,3.9499999999999997,0.3805010971913725,0.5892460346221924,0.41069886088371277,0.535681864619255,0.4999724179506302,0.410698801279068,0.535681864619255,0.4844547629356384,0.49137262403964993
pair_101,SetB,-0.3,-0.8499999999999999,0.3843137715545047,0.6777558922767639,0.33160439133644104,0.5739104688167571,0.5046801865100861,0.3316044807434082,0.5739104688167571,0.5246070861816406,0.5310759931802749
pair_101,SetB,-0.25,-0.7999999999999999,0.33431377155450476,0.6795234084129333,0.3338957130908966,0.575835046172142,0.5067094713449478,0.3338955342769623,0.575835046172142,0.5272740811109543,0.5337259262800216
pair_101,SetB,-0.2,-0.75,0.2843137715545048,0.6810435056686401,0.3358290195465088,0.5774791330099106,0.5084362179040909,0.3358289301395416,0.5774791330099106,0.5303694874048233,0.5368039458990097
pair_101,SetB,-0.15000000000000002,-0.7,0.23431377155450478,0.6822674870491028,0.3372523784637451,0.5787629276514054,0.5097598880529404,0.33725228905677795,0.5787629276514054,0.5338288277387618,0.5401264816522598
pair_101,SetB,-0.10000000000000003,-0.6499999999999999,0.18431377155450474,0.683050274848938,0.3386991620063782,0.5797449767589569,0.5108747780323029,0.3386992812156677,0.5797449767589569,0.5365341395139693,0.5425191879272461
pair_101,SetB,-0.050000000000000044,-0.6,0.1343137715545048,0.6835730671882629,0.33983317017555237,0.5804510980844497,0.5117031186819077,0.33983317017555237,0.5804510980844497,0.5375446587800979,0.5434441953897476
pair_101,SetB,-5.551115123125783e-17,-0.55,0.08431377155450487,0.6838276982307434,0.3405507206916809,0.5808445960283279,0.512189194560051,0.3405506908893585,0.5808445960283279,0.538258358836174,0.5441807687282562
pair_101,SetB,0.04999999999999993,-0.5,0.034313771554504824,0.6835570931434631,0.34098020195961,0.5807840257883071,0.5122686475515366,0.34098020195961,0.5807840257883071,0.5377432048320769,0.543749588727951
pair_101,SetB,0.09999999999999992,-0.45,0.015686228445495165,0.6829952597618103,0.34116315841674805,0.5804456472396851,0.5120792388916016,0.3411632180213928,0.5804456472396851,0.5371651947498322,0.5429346770048141
pair_101,SetB,0.1499999999999999,-0.4,0.06568622844549515,0.6820811629295349,0.3415689468383789,0.5799274891614914,0.5118250399827957,0.3415689170360565,0.5799274891614914,0.5361935645341873,0.5420318990945816
pair_101,SetB,0.1999999999999999,-0.35000000000000003,0.11568622844549514,0.6810235381126404,0.34184959530830383,0.5792713731527328,0.5114365965127945,0.3418496549129486,0.5792713731527328,0.5356665462255478,0.54126318693161
pair_101,SetB,0.24999999999999983,-0.3000000000000001,0.16568622844549508,0.6796417236328125,0.3413531184196472,0.578155106306076,0.5104973614215851,0.34135299921035767,0.578155106306076,0.5347709894180298,0.5402940452098846
pair_101,SetB,0.2999999999999999,-0.25000000000000006,0.21568622844549512,0.6780421137809753,0.3408638536930084,0.5768885731697082,0.5094528794288635,0.3408636450767517,0.5768885731697082,0.533147320151329,0.5388782411813735
pair_103,SetB,-0.3,3.1,0.3818233181377102,0.7217945456504822,0.3937376141548157,0.6233774662017821,0.5577660799026489,0.3937376141548157,0.6233774662017821,0.5456173479557037,0.5527889013290405
pair_103,SetB,-0.25,3.15,0.3318233181377104,0.7225595116615295,0.3952895998954773,0.6243785381317138,0.5589245557785034,0.3952895998954773,0.6243785381317138,0.5458742320537566,0.5531166732311249
pair_103,SetB,-0.2,3.1999999999999997,0.28182331813771055,0.7233115434646606,0.3966090977191925,0.6253007739782332,0.5599602609872818,0.39660897850990295,0.6253007739782332,0.5459011822938918,0.5533309757709503
pair_103,SetB,-0.15000000000000002,3.25,0.2318233181377103,0.7238937020301819,0.3977168798446655,0.6260406821966171,0.5608053356409073,0.3977169692516327,0.6260406821966171,0.5463145613670349,0.5532202035188675
pair_103,SetB,-0.10000000000000003,3.3,0.18182331813771047,0.7241944074630737,0.39840131998062134,0.6264565169811248,0.5612979233264923,0.3984014391899109,0.6264565169811248,0.5452623188495636,0.5523935556411743
pair_103,SetB,-0.050000000000000044,3.3499999999999996,0.13182331813771064,0.7244179248809814,0.39870381355285645,0.6267036914825439,0.561560869216919,0.39870381355285645,0.6267036914825439,0.543836110830307,0.5512333452701568
pair_103,SetB,-5.551115123125783e-17,3.4,0.08182331813771038,0.7245396971702576,0.39936748147010803,0.6266712635755538,0.5614256411790848,0.398311585187912,0.6266712635755538,0.5437241315841674,0.5511982709169387
pair_103,SetB,0.04999999999999993,3.4499999999999997,0.031823318137710555,0.7244795560836792,0.3999243974685669,0.6264813572168351,0.5611492246389389,0.3978188931941986,0.6264813572168351,0.5442938923835754,0.5515007644891738
pair_103,SetB,0.09999999999999992,3.5,0.018176681862289712,0.7244157791137695,0.4005975127220154,0.6263126164674759,0.5609105080366135,0.3974052369594574,0.6263126164674759,0.5439197272062302,0.5511681050062179
pair_103,SetB,0.1499999999999999,3.55,0.06817668186228953,0.7240798473358154,0.40130650997161865,0.6259451419115065,0.5605220049619675,0.3969641625881195,0.6259451419115065,0.5416669219732284,0.5493696570396424
pair_103,SetB,0.1999999999999999,3.5999999999999996,0.11817668186228936,0.7235823273658752,0.40192466974258423,0.6254286497831345,0.5599928647279739,0.39640340209007263,0.6254286497831345,0.5403228104114532,0.5483052313327789
pair_103,SetB,0.24999999999999983,3.65,0.16817668186228962,0.7230185866355896,0.4022858142852783,0.6249177575111389,0.5595172047615051,0.39601582288742065,0.6249177575111389,0.5398664444684982,0.548261684179306
pair_103,SetB,0.2999999999999999,3.6999999999999997,0.21817668186228945,0.722470223903656,0.4019675850868225,0.6243282496929168,0.5589002668857574,0.3953303098678589,0.6243282496929168,0.5416136473417281,0.5494477957487106
pair_105,SetB,-0.3,-4.85,0.21964934684613358,0.7466123700141907,0.4836576581001282,0.6677259296178818,0.6151349693536758,0.483657568693161,0.6677259296178818,0.5636338889598846,0.5733309328556061
pair_105,SetB,-0.25,-4.8,0.16964934684613375,0.7472622394561768,0.48522597551345825,0.6686513781547546,0.6162441372871399,0.485226035118103,0.6686513781547546,0.5652012139558792,0.5755164086818695
pair_105,SetB,-0.2,-4.75,0.11964934684613393,0.7478001117706299,0.4864560067653656,0.6693968713283538,0.6171280443668365,0.4864559769630432,0.6693968713283538,0.5653688251972198,0.5756750762462616
pair_105,SetB,-0.15000000000000002,-4.7,0.06964934684613411,0.7481642365455627,0.48725125193595886,0.6698903679847716,0.6177077889442444,0.487251341342926,0.6698903679847716,0.5664701998233794,0.5764175742864608
pair_105,SetB,-0.10000000000000003,-4.6499999999999995,0.019649346846133398,0.7483712434768677,0.4876587688922882,0.6701575100421905,0.6180150210857391,0.4876587986946106,0.6701575100421905,0.5677512824535369,0.5772616535425186
pair_105,SetB,-0.050000000000000044,-4.6,0.030350653153866425,0.7485314011573792,0.48732098937034607,0.6701682776212692,0.6179261952638626,0.48732098937034607,0.6701682776212692,0.5677328318357467,0.5772511333227157
pair_105,SetB,-5.551115123125783e-17,-4.55,0.08035065315386625,0.7485368847846985,0.4868447780609131,0.6700292885303497,0.6176908910274506,0.48684489727020264,0.6700292885303497,0.567273649573326,0.5765122026205063
pair_105,SetB,0.04999999999999993,-4.5,0.13035065315386607,0.748353898525238,0.48581188917160034,0.6695913136005401,0.6170829236507416,0.4858119487762451,0.6695913136005401,0.5682190716266632,0.5773269146680832
pair_105,SetB,0.09999999999999992,-4.45,0.1803506531538659,0.7479676604270935,0.48453640937805176,0.6689382672309876,0.6162520051002502,0.484536349773407,0.6689382672309876,0.5698095858097076,0.5785714626312255
pair_105,SetB,0.1499999999999999,-4.4,0.23035065315386571,0.7476230263710022,0.4831998944282532,0.6682960689067841,0.6154114305973053,0.4831998348236084,0.6682960689067841,0.5677300542593002,0.5771723538637161
pair_105,SetB,0.1999999999999999,-4.35,0.2803506531538664,0.747035801410675,0.4813774526119232,0.667338278889656,0.6142065972089767,0.48137739300727844,0.667338278889656,0.5644470661878586,0.5740659683942795
pair_105,SetB,0.24999999999999983,-4.3,0.33035065315386625,0.7463846802711487,0.479512095451355,0.6663229048252106,0.6129483878612518,0.479512095451355,0.6663229048252106,0.5643855988979339,0.5734545648097992
pair_105,SetB,0.2999999999999999,-4.25,0.38035065315386607,0.7458232641220093,0.47816330194473267,0.6655253112316131,0.6119933426380157,0.4781634211540222,0.6655253112316131,0.5621300846338272,0.5716963231563568
pair_106,SetB,-0.3,3.1,0.11810356340153572,0.3389292359352112,0.15347039699554443,0.2832915708422661,0.24619979411363602,0.15347035229206085,0.2832915708422661,0.2467382118105888,0.25098889619112014
pair_106,SetB,-0.25,3.15,0.0681035634015359,0.34088513255119324,0.15498261153697968,0.28511439412832257,0.24793390184640884,0.15498267114162445,0.28511439412832257,0.24809286445379258,0.25241241008043286
pair_106,SetB,-0.2,3.1999999999999997,0.01810356340153607,0.34271368384361267,0.1560090035200119,0.2867022931575775,0.24936136603355408,0.15600904822349548,0.2867022931575775,0.2490081027150154,0.25349798798561096
pair_106,SetB,-0.15000000000000002,3.25,0.031896436598464195,0.34405869245529175,0.15607315301895142,0.28766302168369295,0.2500659078359604,0.15607312321662903,0.28766302168369295,0.2498669773340225,0.25388229340314866
pair_106,SetB,-0.10000000000000003,3.3,0.08189643659846402,0.3451598286628723,0.15583182871341705,0.2883613973855972,0.2504957765340805,0.1558317244052887,0.2883613973855972,0.24957628697156903,0.25374734252691267
pair_106,SetB,-0.050000000000000044,3.3499999999999996,0.13189643659846384,0.3457043766975403,0.1548616588115692,0.2884515434503555,0.25028298795223236,0.15486159920692444,0.2884515434503555,0.24912384152412412,0.25321315228939056
pair_106,SetB,-5.551115123125783e-17,3.4,0.1818964365984641,0.34618398547172546,0.1536182314157486,0.28841426372528073,0.24990111589431763,0.1536182463169098,0.28841426372528073,0.24822251498699185,0.2522644907236099
pair_106,SetB,0.04999999999999993,3.4499999999999997,0.23189643659846393,0.34616819024086,0.15192332863807678,0.28789473623037337,0.24904576689004898,0.15192334353923798,0.28789473623037337,0.24569705724716184,0.2500998839735985
pair_106,SetB,0.09999999999999992,3.5,0.2818964365984642,0.34591832756996155,0.1499803513288498,0.2871369257569313,0.24794932454824448,0.1499803215265274,0.2871369257569313,0.24289308488368988,0.2476568430662155
pair_106,SetB,0.1499999999999999,3.55,0.331896436598464,0.34532734751701355,0.14770078659057617,0.28603936582803724,0.24651404470205307,0.1477007418870926,0.28603936582803724,0.24144148528575896,0.24615267440676689
pair_106,SetB,0.1999999999999999,3.5999999999999996,0.38189643659846384,0.34438326954841614,0.14511772990226746,0.2846035987138748,0.2447504848241806,0.14511770009994507,0.2846035987138748,0.24049529656767843,0.24506612122058868
pair_106,SetB,0.24999999999999983,3.65,0.4318964365984641,0.3431021273136139,0.14217668771743774,0.28282448649406433,0.24263939261436462,0.14217665791511536,0.28282448649406433,0.2400095000863075,0.2445920571684837
pair_106,SetB,0.2999999999999999,3.6999999999999997,0.48189643659846393,0.34147992730140686,0.13878178596496582,0.28067046254873274,0.24013081938028336,0.13878171145915985,0.28067046254873274,0.23986483365297318,0.2440899133682251
pair_107,SetB,-0.3,-0.4,0.37941958230229,0.6765475273132324,0.290878564119339,0.560846820473671,0.4837130159139633,0.2908785045146942,0.560846820473671,0.5080581277608871,0.5152495086193085
pair_107,SetB,-0.25,-0.35,0.32941958230228996,0.6783742904663086,0.2937149107456207,0.5629764676094055,0.48604458570480347,0.29371488094329834,0.5629764676094055,0.5094448149204254,0.5169119298458099
pair_107,SetB,-0.2,-0.30000000000000004,0.27941958230229,0.6797567009925842,0.29612305760383606,0.5646666169166564,0.48793989419937134,0.29612308740615845,0.5646666169166564,0.5124803572893142,0.5196310341358185
pair_107,SetB,-0.15000000000000002,-0.25,0.22941958230229,0.6809159517288208,0.2979654371738434,0.566030815243721,0.4894407242536545,0.29796549677848816,0.566030815243721,0.5128365695476532,0.5205029547214508
pair_107,SetB,-0.10000000000000003,-0.20000000000000004,0.17941958230229005,0.6818000078201294,0.2991001009941101,0.5669900447130203,0.49045006930828094,0.2991001307964325,0.5669900447130203,0.5152557700872421,0.5224355161190033
pair_107,SetB,-0.050000000000000044,-0.15000000000000005,0.12941958230229006,0.6822267770767212,0.2999543845653534,0.5675450325012207,0.4910905361175537,0.29995429515838623,0.5675450325012207,0.5136461138725281,0.5214574486017227
pair_107,SetB,-5.551115123125783e-17,-0.10000000000000006,0.07941958230229006,0.6825915575027466,0.3005789518356323,0.5679878026247024,0.49158529937267303,0.3005790412425995,0.5679878026247024,0.51602523624897,0.5229607284069061
pair_107,SetB,0.04999999999999993,-0.05000000000000007,0.02941958230229007,0.682288646697998,0.30090612173080444,0.5678738713264465,0.49159735441207886,0.30090606212615967,0.5678738713264465,0.5132968306541443,0.5207923531532288
pair_107,SetB,0.09999999999999992,-8.326672684688674e-17,0.020580417697709918,0.6811909675598145,0.3001662790775299,0.5668835878372193,0.49067866802215576,0.30016636848449707,0.5668835878372193,0.49716966450214384,0.5102148175239563
pair_107,SetB,0.1499999999999999,0.049999999999999906,0.07058041769770991,0.6812095642089844,0.2998851239681244,0.5668122500181197,0.49054737389087677,0.29988518357276917,0.5668122500181197,0.5115463018417358,0.51907359957695
pair_107,SetB,0.1999999999999999,0.0999999999999999,0.1205804176977099,0.6803105473518372,0.29861006140708923,0.5658003747463226,0.4894602596759796,0.29860997200012207,0.5658003747463226,0.5119626492261886,0.5188128232955932
pair_107,SetB,0.24999999999999983,0.14999999999999983,0.17058041769770982,0.6788210868835449,0.2965712249279022,0.5641461282968521,0.48769615590572357,0.2965712249279022,0.5641461282968521,0.5079043358564377,0.5156250298023224
pair_107,SetB,0.2999999999999999,0.19999999999999987,0.22058041769770986,0.6773090362548828,0.2944411039352417,0.562448638677597,0.48587504029273987,0.2944410443305969,0.562448638677597,0.509161627292633,0.5160277128219605
pair_109,SetB,-0.3,-2.4,0.3447066416913116,0.6912815570831299,0.3916417956352234,0.5979010045528411,0.5356473028659821,0.38001304864883423,0.5979010045528411,0.5255250960588455,0.5325257271528243
pair_109,SetB,-0.25,-2.35,0.2947066416913118,0.6916326284408569,0.3924148678779602,0.598512277007103,0.5364320427179337,0.3812314569950104,0.598512277007103,0.5277598530054093,0.535028937458992
pair_109,SetB,-0.2,-2.3000000000000003,0.24470664169131195,0.6920931339263916,0.3926297128200531,0.5991314440965652,0.5371569842100143,0.3822208344936371,0.5991314440965652,0.5298019111156463,0.5369838088750839
pair_109,SetB,-0.15000000000000002,-2.25,0.1947066416913117,0.6922869682312012,0.3927083909511566,0.5994986295700073,0.5376397371292114,0.3829925060272217,0.5994986295700073,0.5328255027532577,0.5396583020687102
pair_109,SetB,-0.10000000000000003,-2.2,0.14470664169131187,0.6923317313194275,0.39253583550453186,0.5996404439210892,0.537846252322197,0.38336077332496643,0.5996404439210892,0.5334257781505585,0.5401408612728119
pair_109,SetB,-0.050000000000000044,-2.1500000000000004,0.09470664169131204,0.6924269199371338,0.3920489549636841,0.59981210231781,0.5380688905715942,0.3837108612060547,0.59981210231781,0.5335765689611435,0.5403529584407807
pair_109,SetB,-5.551115123125783e-17,-2.1,0.04470664169131178,0.6923739314079285,0.3914526700973511,0.5997618943452835,0.5380205363035202,0.38366714119911194,0.5997618943452835,0.5344520837068557,0.5409275144338608
pair_109,SetB,0.04999999999999993,-2.0500000000000003,0.005293358308688045,0.6922439336776733,0.39136165380477905,0.5997026979923248,0.5380085408687592,0.38377314805984497,0.5997026979923248,0.5343223899602889,0.5409175217151642
pair_109,SetB,0.09999999999999992,-2.0,0.05529335830868831,0.6920222640037537,0.39077919721603394,0.5994503706693649,0.5377357751131058,0.3834492862224579,0.5994503706693649,0.5332078576087951,0.5400283992290497
pair_109,SetB,0.1499999999999999,-1.9500000000000002,0.10529335830868813,0.691754937171936,0.39008763432502747,0.5990593671798705,0.5372623205184937,0.38276970386505127,0.5990593671798705,0.53297218978405,0.5394393295049668
pair_109,SetB,0.1999999999999999,-1.9000000000000001,0.15529335830868818,0.6914005279541016,0.3889370560646057,0.5985585182905196,0.5366638451814651,0.38192716240882874,0.5985585182905196,0.5322816491127014,0.5384812295436859
pair_109,SetB,0.24999999999999983,-1.8500000000000003,0.205293358308688,0.6909633278846741,0.3874821364879608,0.5979135990142822,0.535880446434021,0.3807975649833679,0.5979135990142822,0.5306909918785095,0.5366910606622696
pair_109,SetB,0.2999999999999999,-1.8000000000000003,0.25529335830868805,0.6904343366622925,0.3861583471298218,0.5972289413213729,0.5350920110940933,0.37974968552589417,0.5972289413213729,0.5278473734855652,0.5337992936372756
pair_111,SetB,-0.3,-1.35,0.36651619087881526,0.8487894535064697,0.5650709271430969,0.7636738777160643,0.7069301605224609,0.5650708675384521,0.7636738777160643,0.7086853981018066,0.7186031043529509
pair_111,SetB,-0.25,-1.3,0.3165161908788152,0.8502461910247803,0.5697579383850098,0.766099715232849,0.710002064704895,0.5697579383850098,0.766099715232849,0.7103527605533599,0.7205613374710083
pair_111,SetB,-0.2,-1.25,0.2665161908788152,0.8514431715011597,0.5738741159439087,0.7681724727153778,0.7126586735248566,0.5738741755485535,0.7681724727153778,0.7121648550033569,0.7222125232219695
pair_111,SetB,-0.15000000000000002,-1.2000000000000002,0.21651619087881535,0.8523348569869995,0.5768854022026062,0.7697000384330749,0.7146101593971252,0.576885461807251,0.7697000384330749,0.7129081249237059,0.72301487326622
pair_111,SetB,-0.10000000000000003,-1.1500000000000001,0.1665161908788153,0.8529771566390991,0.5789721608161926,0.7707756400108337,0.7159746289253235,0.5789721012115479,0.7707756400108337,0.7138639032840728,0.7240650475025177
pair_111,SetB,-0.050000000000000044,-1.1,0.11651619087881526,0.8533194065093994,0.5801941752433777,0.7713818371295929,0.7167567908763885,0.5801941752433777,0.7713818371295929,0.7154726386070251,0.7254715979099273
pair_111,SetB,-5.551115123125783e-17,-1.05,0.06651619087881522,0.8534224033355713,0.5801936984062195,0.7714537739753722,0.716808021068573,0.5801936388015747,0.7714537739753722,0.7143818736076354,0.7246369779109954
pair_111,SetB,0.04999999999999993,-1.0,0.016516190878815173,0.8532624244689941,0.57984459400177,0.7712370574474334,0.7165534794330597,0.5798445343971252,0.7712370574474334,0.7144300580024718,0.7243842899799346
pair_111,SetB,0.09999999999999992,-0.9500000000000002,0.03348380912118465,0.8528310656547546,0.5787909626960754,0.7706189990043639,0.7158109545707703,0.5787908434867859,0.7706189990043639,0.7126558661460876,0.7227439522743224
pair_111,SetB,0.1499999999999999,-0.9000000000000001,0.0834838091211847,0.8522036671638489,0.5766239762306213,0.7695297420024871,0.7144137918949127,0.5766239166259766,0.7695297420024871,0.7113562881946562,0.7210370838642121
pair_111,SetB,0.1999999999999999,-0.8500000000000001,0.13348380912118474,0.8512035012245178,0.5737640857696533,0.7679716587066651,0.7124837636947632,0.5737640261650085,0.7679716587066651,0.7090182900428772,0.7189525723457335
pair_111,SetB,0.24999999999999983,-0.8000000000000003,0.18348380912118456,0.8499923944473267,0.5701538324356079,0.7660408437252044,0.7100731432437897,0.5701538920402527,0.7660408437252044,0.7056275218725204,0.7160123705863952
pair_111,SetB,0.2999999999999999,-0.7500000000000002,0.2334838091211846,0.8484609127044678,0.5658174753189087,0.7636678457260131,0.7071391344070435,0.5658173561096191,0.7636678457260131,0.7017729818820952,0.7128909289836882
pair_114,SetB,-0.3,0.25000000000000006,0.3849977037759213,0.36253854632377625,0.23562093079090118,0.3244632616639137,0.2990797385573387,0.23562093079090118,0.3244632616639137,0.27962586432695385,0.28596663326025007
pair_114,SetB,-0.25,0.30000000000000004,0.3349977037759213,0.3646007478237152,0.23919570446014404,0.32697926610708233,0.3018982782959938,0.2391958087682724,0.32697926610708233,0.2892130300402641,0.2941861122846603
pair_114,SetB,-0.2,0.35000000000000003,0.2849977037759213,0.36630624532699585,0.24227996170520782,0.3290983647108078,0.30429311096668243,0.24227997660636902,0.3290983647108078,0.29767575711011884,0.30171743184328076
pair_114,SetB,-0.15000000000000002,0.4,0.23499770377592133,0.36770206689834595,0.24515442550182343,0.33093776106834405,0.3064282238483429,0.24515438079833984,0.33093776106834405,0.3022238060832023,0.3061948090791702
pair_114,SetB,-0.10000000000000003,0.45,0.18499770377592134,0.3688080906867981,0.2475900501012802,0.33244267404079436,0.30819906294345856,0.24759003520011902,0.33244267404079436,0.30471001863479613,0.30856689214706423
pair_114,SetB,-0.050000000000000044,0.5,0.13499770377592135,0.36946794390678406,0.24956001341342926,0.33349557816982267,0.30951400101184845,0.24956005811691284,0.33349557816982267,0.30492973774671556,0.3094611778855324
pair_114,SetB,-5.551115123125783e-17,0.55,0.08499770377592131,0.3698561191558838,0.2511110007762909,0.33423255681991576,0.31048351526260376,0.25111091136932373,0.33423255681991576,0.30773606449365615,0.3119591951370239
pair_114,SetB,0.04999999999999993,0.6,0.034997703775921374,0.3698793947696686,0.25185835361480713,0.33447310030460353,0.31086890399456024,0.2518584132194519,0.33447310030460353,0.30780038982629776,0.3121997237205505
pair_114,SetB,0.09999999999999992,0.6499999999999999,0.01500229622407856,0.3694183826446533,0.25214120745658875,0.3342352569103241,0.3107798397541046,0.2521412968635559,0.3342352569103241,0.3064754083752632,0.311188842356205
pair_114,SetB,0.1499999999999999,0.7,0.0650022962240786,0.36873412132263184,0.2514277994632721,0.3335422426462173,0.31008099019527435,0.25142785906791687,0.3335422426462173,0.3049012780189514,0.309676530957222
pair_114,SetB,0.1999999999999999,0.75,0.11500229622407865,0.3676050305366516,0.2501916289329529,0.332381010055542,0.30889832973480225,0.2501916289329529,0.332381010055542,0.3035955592989922,0.30875286310911176
pair_114,SetB,0.24999999999999983,0.7999999999999998,0.16500229622407847,0.3660446107387543,0.24854089319705963,0.3307934910058975,0.30729274451732635,0.24854087829589844,0.3307934910058975,0.3012175515294075,0.30671239048242566
pair_114,SetB,0.2999999999999999,0.8499999999999999,0.21500229622407852,0.36404502391815186,0.24610894918441772,0.32866417467594145,0.3050769418478012,0.24610885977745056,0.32866417467594145,0.29867606014013287,0.30419159680604935
pair_115,SetB,-0.3,-2.5,0.3554866706444937,0.7343645095825195,0.5075545907020569,0.6653619468212127,0.6193602383136749,0.5043559670448303,0.6653619468212127,0.5617225497961044,0.5705689698457718
pair_115,SetB,-0.25,-2.45,0.30548667064449386,0.735304057598114,0.5105677247047424,0.6668435513973237,0.62120321393013,0.507102370262146,0.6668435513973237,0.5640483438968659,0.5724155008792877
pair_115,SetB,-0.2,-2.4000000000000004,0.25548667064449404,0.7361646890640259,0.5131290555000305,0.6682484030723571,0.6229708790779114,0.5097770690917969,0.6682484030723571,0.5627625495195389,0.5716931760311126
pair_115,SetB,-0.15000000000000002,-2.35,0.20548667064449377,0.7369258403778076,0.5153396725654602,0.6695329606533049,0.6246043741703033,0.5122829079627991,0.6695329606533049,0.5631610602140427,0.5719364672899245
pair_115,SetB,-0.10000000000000003,-2.3000000000000003,0.15548667064449395,0.7374957203865051,0.5170609951019287,0.6704973757266999,0.625831812620163,0.5141679048538208,0.6704973757266999,0.5636499375104904,0.572486799955368
pair_115,SetB,-0.050000000000000044,-2.25,0.10548667064449369,0.7378363013267517,0.5184627771377563,0.6711787581443786,0.6267403960227966,0.5156444907188416,0.6711787581443786,0.566629809141159,0.5748455435037613
pair_115,SetB,-5.551115123125783e-17,-2.2,0.05548667064449386,0.7381078600883484,0.5196791291236877,0.6717593789100647,0.6275270581245422,0.5169462561607361,0.6717593789100647,0.5687132894992828,0.576249361038208
pair_115,SetB,0.04999999999999993,-2.1500000000000004,0.0054866706444940405,0.7381795048713684,0.5208835601806641,0.6721309661865235,0.6280986070632935,0.5180177092552185,0.6721309661865235,0.5703827053308487,0.5773240000009536
pair_115,SetB,0.09999999999999992,-2.1,0.044513329355506226,0.738076388835907,0.5214141011238098,0.6721386075019836,0.6281800866127014,0.5182837843894958,0.6721386075019836,0.5710788190364837,0.5780420660972595
pair_115,SetB,0.1499999999999999,-2.0500000000000003,0.09451332935550605,0.7377952933311462,0.5217320322990417,0.6720138490200043,0.6281595528125763,0.5185238122940063,0.6720138490200043,0.571766647696495,0.5787004858255386
pair_115,SetB,0.1999999999999999,-2.0000000000000004,0.14451332935550587,0.737382709980011,0.5215495228767395,0.6716334521770476,0.6278006136417389,0.5182185173034668,0.6716334521770476,0.5697327524423599,0.5773829460144042
pair_115,SetB,0.24999999999999983,-1.9500000000000004,0.19451332935550592,0.7369319200515747,0.5208638906478882,0.6711365282535553,0.6272729337215424,0.51761394739151,0.6711365282535553,0.5682587802410125,0.5764138042926787
pair_115,SetB,0.2999999999999999,-1.9000000000000004,0.24451332935550596,0.7363200783729553,0.5197031497955322,0.6703547775745391,0.6263779103755951,0.5164357423782349,0.6703547775745391,0.5676693737506866,0.5758221179246902
pair_117,SetB,-0.3,4.3500000000000005,0.22854645855572375,0.7361578345298767,0.485177218914032,0.6608636319637298,0.610667496919632,0.4851771593093872,0.6608636319637298,0.5745402783155441,0.5812747091054916
pair_117,SetB,-0.25,4.4,0.17854645855572393,0.7368847727775574,0.48567935824394226,0.6615231484174728,0.6112820655107498,0.48567935824394226,0.6615231484174728,0.5777911692857742,0.5840295135974883
pair_117,SetB,-0.2,4.45,0.1285464585557241,0.7375084161758423,0.48629066348075867,0.6621431082487106,0.6118995696306229,0.48629072308540344,0.6621431082487106,0.5793095409870147,0.5856407284736633
pair_117,SetB,-0.15000000000000002,4.5,0.07854645855572429,0.7378369569778442,0.48648801445961,0.6624322474002838,0.6121624410152435,0.4864879250526428,0.6624322474002838,0.5788136512041091,0.5858310133218765
pair_117,SetB,-0.10000000000000003,4.550000000000001,0.028546458555723575,0.7380762100219727,0.48659616708755493,0.6626322150230407,0.6123362183570862,0.4865962266921997,0.6626322150230407,0.5779223054647445,0.585344585776329
pair_117,SetB,-0.050000000000000044,4.6000000000000005,0.021453541444276247,0.7382200360298157,0.48612093925476074,0.6625902891159058,0.6121704578399658,0.48612087965011597,0.6625902891159058,0.5783657073974608,0.5855308890342712
pair_117,SetB,-5.551115123125783e-17,4.65,0.07145354144427607,0.7382560968399048,0.4857064485549927,0.6624911665916443,0.611981213092804,0.4857063293457031,0.6624911665916443,0.5799612581729888,0.586569681763649
pair_117,SetB,0.04999999999999993,4.7,0.12145354144427589,0.7380440831184387,0.4847378730773926,0.6620522201061249,0.6113909780979156,0.4847378730773926,0.6620522201061249,0.5817501157522201,0.5877811312675476
pair_117,SetB,0.09999999999999992,4.75,0.17145354144427571,0.7377722263336182,0.4834863841533661,0.6614864468574523,0.6106292605400085,0.4834862947463989,0.6614864468574523,0.5827473431825637,0.5887290805578231
pair_117,SetB,0.1499999999999999,4.800000000000001,0.22145354144427642,0.7373738884925842,0.4824201464653015,0.6608877211809158,0.6098969429731369,0.4824199974536896,0.6608877211809158,0.5819985032081604,0.5883570194244385
pair_117,SetB,0.1999999999999999,4.8500000000000005,0.27145354144427625,0.7369582653045654,0.4813317656517029,0.6602703243494034,0.6091450303792953,0.48133179545402527,0.6602703243494034,0.5817309707403183,0.5881395995616913
pair_117,SetB,0.24999999999999983,4.9,0.32145354144427607,0.7363137602806091,0.47986435890197754,0.6593789488077164,0.6080890744924545,0.4798643887042999,0.6593789488077164,0.580268606543541,0.5871241509914398
pair_117,SetB,0.2999999999999999,4.95,0.3714535414442759,0.7356120347976685,0.47822222113609314,0.6583950996398926,0.606917142868042,0.4782222509384155,0.6583950996398926,0.5805397808551789,0.5868981033563614
pair_122,SetB,-0.3,-0.75,0.3962117049407788,0.3452472388744354,0.16398194432258606,0.29086767733097074,0.2546146363019943,0.16398203372955322,0.29086767733097074,0.25652623921632767,0.2596311643719673
pair_122,SetB,-0.25,-0.7,0.34621170494077874,0.3471277356147766,0.16628527641296387,0.29287499338388445,0.25670649856328964,0.16628526151180267,0.29287499338388445,0.2574785470962524,0.2604034885764122
pair_122,SetB,-0.2,-0.65,0.2962117049407788,0.3488147258758545,0.16829867660999298,0.29465992450714107,0.2585567235946655,0.16829872131347656,0.29465992450714107,0.2587245300412178,0.26176179647445674
pair_122,SetB,-0.15000000000000002,-0.6000000000000001,0.24621170494077887,0.3501824140548706,0.1699371486902237,0.2961088433861732,0.26005979627370834,0.16993717849254608,0.2961088433861732,0.2600815758109093,0.2633806079626083
pair_122,SetB,-0.10000000000000003,-0.55,0.19621170494077883,0.3512113392353058,0.17139413952827454,0.2972661659121513,0.26130271703004837,0.17139409482479095,0.2972661659121513,0.2624591141939163,0.2656385540962219
pair_122,SetB,-0.050000000000000044,-0.5,0.14621170494077879,0.3518189787864685,0.17269936203956604,0.29808308035135267,0.2622591480612755,0.17269931733608246,0.29808308035135267,0.2644270405173301,0.26731334179639815
pair_122,SetB,-5.551115123125783e-17,-0.45000000000000007,0.09621170494077885,0.3523009121417999,0.17372991144657135,0.29872961193323133,0.26301541179418564,0.17372991144657135,0.29872961193323133,0.2648245692253113,0.26790516823530197
pair_122,SetB,0.04999999999999993,-0.4000000000000001,0.046211704940778864,0.3523033559322357,0.1744459867477417,0.29894614964723587,0.2633746787905693,0.1744460016489029,0.29894614964723587,0.2631610304117203,0.2672696590423584
pair_122,SetB,0.09999999999999992,-0.3500000000000001,0.003788295059221125,0.3520616888999939,0.1747203767299652,0.29885929077863693,0.26339102536439896,0.17472036182880402,0.29885929077863693,0.26255004554986955,0.2670792073011398
pair_122,SetB,0.1499999999999999,-0.3000000000000001,0.053788295059221114,0.3516722023487091,0.1749301552772522,0.29864961951971053,0.26330123096704483,0.17493025958538055,0.29864961951971053,0.2628659203648567,0.2673285096883774
pair_122,SetB,0.1999999999999999,-0.2500000000000001,0.1037882950592211,0.3510802984237671,0.1749078333377838,0.29822855889797206,0.26299406588077545,0.1749078333377838,0.29822855889797206,0.26277174800634384,0.26709885597229005
pair_122,SetB,0.24999999999999983,-0.20000000000000018,0.15378829505922104,0.3500894606113434,0.17420132458209991,0.2973230019211769,0.26214536279439926,0.17420126497745514,0.2973230019211769,0.2660077676177025,0.26903676241636276
pair_122,SetB,0.2999999999999999,-0.15000000000000013,0.20378829505922108,0.3488667905330658,0.17332302033901215,0.2962036460638046,0.2610948830842972,0.17332297563552856,0.2962036460638046,0.2665654897689819,0.2692990392446518
pair_125,SetB,-0.3,-3.8,0.3454162991628973,0.7334397435188293,0.42447125911712646,0.6407491713762283,0.5789554566144943,0.4244711697101593,0.6407491713762283,0.5685512483119964,0.5777773886919021
pair_125,SetB,-0.25,-3.75,0.29541629916289747,0.7340993881225586,0.42607805132865906,0.6416929692029952,0.5800886899232864,0.4260779917240143,0.6416929692029952,0.5687071800231933,0.5780445665121078
pair_125,SetB,-0.2,-3.7,0.24541629916289764,0.7345704436302185,0.4269702136516571,0.6422903567552567,0.5807702988386154,0.42697015404701233,0.6422903567552567,0.5703263610601425,0.5791237533092498
pair_125,SetB,-0.15000000000000002,-3.65,0.19541629916289738,0.7348849773406982,0.42751821875572205,0.6426749408245086,0.581201583147049,0.42751818895339966,0.6426749408245086,0.5716016680002213,0.5800205498933791
pair_125,SetB,-0.10000000000000003,-3.6,0.14541629916289756,0.735194206237793,0.4276197850704193,0.6429218620061874,0.5814069658517838,0.42761972546577454,0.6429218620061874,0.5718943625688553,0.5799639523029327
pair_125,SetB,-0.050000000000000044,-3.55,0.09541629916289729,0.7354402542114258,0.42752721905708313,0.6430663257837296,0.5814837068319321,0.42752715945243835,0.6430663257837296,0.5706598311662674,0.5789877444505691
pair_125,SetB,-5.551115123125783e-17,-3.5,0.04541629916289747,0.7355550527572632,0.4271838963031769,0.6430436879396438,0.5813694447278976,0.4271838366985321,0.6430436879396438,0.5696480095386505,0.5783656388521194
pair_125,SetB,0.04999999999999993,-3.45,0.004583700837102356,0.7355538010597229,0.4264146089553833,0.6428120076656342,0.5809841454029083,0.42641448974609375,0.6428120076656342,0.5696841299533844,0.5788476139307022
pair_125,SetB,0.09999999999999992,-3.4,0.05458370083710262,0.7354622483253479,0.4250341057777405,0.6423338145017623,0.5802481919527054,0.42503413558006287,0.6423338145017623,0.5696125388145447,0.5789179116487503
pair_125,SetB,0.1499999999999999,-3.35,0.10458370083710244,0.735171377658844,0.42341122031211853,0.6416433304548262,0.5792912989854813,0.42341122031211853,0.6416433304548262,0.5689825594425201,0.5786791563034057
pair_125,SetB,0.1999999999999999,-3.3000000000000003,0.15458370083710227,0.734819233417511,0.4218567907810211,0.6409305095672607,0.5783380270004272,0.4218568205833435,0.6409305095672607,0.5691419929265975,0.579134714603424
pair_125,SetB,0.24999999999999983,-3.25,0.20458370083710253,0.7342368364334106,0.41989821195602417,0.6399352580308915,0.5770675390958786,0.41989824175834656,0.6399352580308915,0.5687265872955322,0.5784544318914413
pair_125,SetB,0.2999999999999999,-3.2,0.25458370083710236,0.7336415648460388,0.4178154766559601,0.6388937562704086,0.5757285505533218,0.41781553626060486,0.6388937562704086,0.5680776625871657,0.5773752510547637
pair_126,SetB,-0.3,0.7,0.46268944439817283,0.27666398882865906,0.05627919360995293,0.20700859762728213,0.16057167015969753,0.04447935149073601,0.20700859762728213,0.164078538864851,0.16745527945458888
pair_126,SetB,-0.25,0.75,0.4126894443981728,0.2772064805030823,0.0568503700196743,0.2075837183743715,0.1611685436218977,0.04513060674071312,0.2075837183743715,0.16425155736505984,0.16791547015309333
pair_126,SetB,-0.2,0.8,0.36268944439817274,0.2777244448661804,0.05725361034274101,0.20804986804723738,0.16160015016794205,0.045475855469703674,0.20804986804723738,0.16680880226194855,0.17014290541410446
pair_126,SetB,-0.15000000000000002,0.85,0.3126894443981728,0.27804818749427795,0.058034490793943405,0.208448288962245,0.16204835660755634,0.04604852572083473,0.208448288962245,0.17015567645430563,0.17291699387133122
pair_126,SetB,-0.10000000000000003,0.8999999999999999,0.2626894443981729,0.2781638205051422,0.059059321880340576,0.20871860943734646,0.16242180205881596,0.0466797836124897,0.20871860943734646,0.17162758260965347,0.17428100891411302
pair_126,SetB,-0.050000000000000044,0.95,0.21268944439817283,0.2783477008342743,0.060333333909511566,0.20905234143137932,0.16285543516278267,0.047363169491291046,0.20905234143137932,0.17189920544624326,0.17437353283166884
pair_126,SetB,-5.551115123125783e-17,1.0,0.1626894443981728,0.27842020988464355,0.061345819383859634,0.2092880818992853,0.16319999657571316,0.04797978326678276,0.2092880818992853,0.17090258635580538,0.17385467030107973
pair_126,SetB,0.04999999999999993,1.0499999999999998,0.11268944439817297,0.2782110273838043,0.06215871497988701,0.2094154920428991,0.163551801815629,0.04889257624745369,0.2094154920428991,0.168657448515296,0.17217332459986207
pair_126,SetB,0.09999999999999992,1.0999999999999999,0.06268944439817292,0.27795425057411194,0.0626811608672142,0.20943449214100837,0.163754653185606,0.04955505579710007,0.20943449214100837,0.16816921122372147,0.1717107493430376
pair_126,SetB,0.1499999999999999,1.15,0.012689444398172878,0.2774917185306549,0.06304098665714264,0.20928016714751718,0.16380579955875874,0.050119880586862564,0.20928016714751718,0.16869714818894863,0.1719721246510744
pair_126,SetB,0.1999999999999999,1.2,0.03731055560182717,0.27695268392562866,0.06324420124292374,0.20905534215271473,0.16379044763743877,0.050628211349248886,0.20905534215271473,0.16974432878196238,0.17264362201094627
pair_126,SetB,0.24999999999999983,1.2499999999999998,0.08731055560182699,0.27638891339302063,0.06345103681087494,0.2088376648724079,0.16380349919199944,0.05121808499097824,0.2088376648724079,0.16967452205717562,0.17227957807481287
pair_126,SetB,0.2999999999999999,1.2999999999999998,0.13731055560182703,0.2756046652793884,0.06345047056674957,0.20851503945887087,0.16378862224519253,0.05197257921099663,0.20851503945887087,0.16934285312891006,0.17142675817012784
pair_129,SetB,-0.3,-3.65,0.25732976160649423,0.7312467098236084,0.2820117771625519,0.5964762032032013,0.5066291987895966,0.2820116877555847,0.5964762032032013,0.5457651704549789,0.5526288360357284
pair_129,SetB,-0.25,-3.6,0.2073297616064944,0.7319110631942749,0.2834537625312805,0.5973738908767701,0.5076824426651001,0.2834538221359253,0.5973738908767701,0.5462908834218979,0.5531993091106414
pair_129,SetB,-0.2,-3.5500000000000003,0.1573297616064946,0.7323362827301025,0.2843290865421295,0.5979341506958007,0.5083327293395996,0.2843291759490967,0.5979341506958007,0.5461218923330307,0.5530397832393645
pair_129,SetB,-0.15000000000000002,-3.5,0.10732976160649432,0.7327305674552917,0.28554007411003113,0.5985734194517135,0.5091353207826614,0.28554007411003113,0.5985734194517135,0.5457271337509155,0.5528354197740555
pair_129,SetB,-0.10000000000000003,-3.45,0.0573297616064945,0.732974112033844,0.2863788902759552,0.5989955186843872,0.509676456451416,0.28637880086898804,0.5989955186843872,0.5452832043170929,0.5526399612426758
pair_129,SetB,-0.050000000000000044,-3.4000000000000004,0.007329761606494678,0.7330813407897949,0.287195086479187,0.5993154555559158,0.5101381987333298,0.2871950566768646,0.5993154555559158,0.5447509944438934,0.5526538819074631
pair_129,SetB,-5.551115123125783e-17,-3.35,0.04267023839350559,0.7330345511436462,0.2880684733390808,0.5995447099208832,0.5105514824390411,0.28806841373443604,0.5995447099208832,0.5458836704492569,0.553612107038498
pair_129,SetB,0.04999999999999993,-3.3000000000000003,0.09267023839350541,0.7328400611877441,0.2887164354324341,0.5996029645204544,0.5107782334089279,0.2887164056301117,0.5996029645204544,0.5462053507566451,0.5536626577377319
pair_129,SetB,0.09999999999999992,-3.25,0.14267023839350568,0.7325721979141235,0.2889290750026703,0.599479278922081,0.5107506662607193,0.28892913460731506,0.599479278922081,0.5461158573627471,0.5535690039396286
pair_129,SetB,0.1499999999999999,-3.2,0.1926702383935055,0.7321416735649109,0.289177268743515,0.5992523610591888,0.5106594860553741,0.2891772985458374,0.5992523610591888,0.5452662289142608,0.5527817279100418
pair_129,SetB,0.1999999999999999,-3.1500000000000004,0.24267023839350532,0.7315798401832581,0.2891950011253357,0.5988643616437912,0.5103873759508133,0.28919491171836853,0.5988643616437912,0.5444005131721497,0.5519836962223053
pair_129,SetB,0.24999999999999983,-3.1,0.2926702383935056,0.7308495044708252,0.28887346386909485,0.5982567101716996,0.5098615139722824,0.2888735234737396,0.5982567101716996,0.5437522023916244,0.5512198150157928
pair_129,SetB,0.2999999999999999,-3.0500000000000003,0.3426702383935054,0.7299807071685791,0.28821060061454773,0.5974496930837631,0.5090956836938858,0.2882106602191925,0.5974496930837631,0.5439411550760269,0.5509565502405166
pair_130,SetB,-0.3,-4.35,0.30284438508485145,0.3775148093700409,0.130557581782341,0.3034276232123375,0.25403616577386856,0.13055752217769623,0.3034276232123375,0.25894449353218074,0.2627999641001224
pair_130,SetB,-0.25,-4.3,0.25284438508485163,0.37874865531921387,0.13089273869991302,0.3043918669223785,0.25482067465782166,0.13089269399642944,0.3043918669223785,0.25854645296931267,0.2625999093055725
pair_130,SetB,-0.2,-4.25,0.2028443850848518,0.3798239827156067,0.13100191950798035,0.30517732799053193,0.25541289150714874,0.1310018002986908,0.30517732799053193,0.2570383958518505,0.261389322578907
pair_130,SetB,-0.15000000000000002,-4.2,0.15284438508485199,0.3805943727493286,0.13014008104801178,0.3054580584168434,0.2553671821951866,0.13013999164104462,0.3054580584168434,0.25748985856771467,0.26163549944758413
pair_130,SetB,-0.10000000000000003,-4.1499999999999995,0.10284438508485128,0.3812207877635956,0.1292288601398468,0.3056232184171676,0.2552248388528824,0.1292288899421692,0.3056232184171676,0.25755635201931,0.26173344999551773
pair_130,SetB,-0.050000000000000044,-4.1,0.05284438508485145,0.3816869556903839,0.12844142317771912,0.3057133227586746,0.2550642341375351,0.12844151258468628,0.3057133227586746,0.2574472926557064,0.2619351305067539
pair_130,SetB,-5.551115123125783e-17,-4.05,0.0028443850848516306,0.3818913996219635,0.12742868065834045,0.3055525705218315,0.2546600177884102,0.12742863595485687,0.3055525705218315,0.2583454385399818,0.2624756135046482
pair_130,SetB,0.04999999999999993,-4.0,0.04715561491514819,0.3816019296646118,0.12644129991531372,0.3050537586212158,0.25402164459228516,0.1264413595199585,0.3050537586212158,0.25892279148101804,0.2627264358103275
pair_130,SetB,0.09999999999999992,-3.9499999999999997,0.09715561491514846,0.3811693787574768,0.12541034817695618,0.3044416427612304,0.2532898187637329,0.125410258769989,0.3044416427612304,0.2579034090042114,0.2618844486773014
pair_130,SetB,0.1499999999999999,-3.9,0.14715561491514828,0.38058096170425415,0.12432926148176193,0.3037054717540741,0.2524551451206207,0.1243293285369873,0.3037054717540741,0.25643194988369944,0.26028485894203185
pair_130,SetB,0.1999999999999999,-3.85,0.1971556149151481,0.3796957731246948,0.12385517358779907,0.30275541618466373,0.25146184489130974,0.12322791665792465,0.30275541618466373,0.25449316725134846,0.25866972133517263
pair_130,SetB,0.24999999999999983,-3.8,0.24715561491514837,0.3784385025501251,0.12332040071487427,0.30149435475468633,0.25019825622439384,0.12195800989866257,0.30149435475468633,0.253662421554327,0.2578919351100921
pair_130,SetB,0.2999999999999999,-3.75,0.2971556149151482,0.3771933317184448,0.12240324914455414,0.300260878354311,0.2489725761115551,0.12075182050466537,0.300260878354311,0.2541548281908035,0.2582188308238983
pair_131,SetB,-0.3,0.8999999999999999,0.368208655739108,0.7037842869758606,0.38881611824035645,0.6092938005924224,0.5463001430034637,0.3888159990310669,0.6092938005924224,0.5436588495969772,0.5521251559257507
pair_131,SetB,-0.25,0.95,0.31820865573910795,0.704748809337616,0.3914237916469574,0.6107513040304183,0.5480863004922867,0.3914237916469574,0.6107513040304183,0.5456906378269195,0.5538867026567459
pair_131,SetB,-0.2,1.0,0.2682086557391079,0.7055248022079468,0.3935777246952057,0.6119406610727309,0.5495512336492538,0.3935776650905609,0.6119406610727309,0.5465322941541672,0.5548825621604919
pair_131,SetB,-0.15000000000000002,1.0499999999999998,0.21820865573910808,0.7061834335327148,0.3953799605369568,0.612942373752594,0.5507816672325134,0.395379900932312,0.612942373752594,0.5483258694410323,0.5564952731132506
pair_131,SetB,-0.10000000000000003,1.0999999999999999,0.16820865573910804,0.7065924406051636,0.39669346809387207,0.6136226952075958,0.5516428649425507,0.39669328927993774,0.6136226952075958,0.5510632395744324,0.5589760214090347
pair_131,SetB,-0.050000000000000044,1.15,0.11820865573910799,0.7068625092506409,0.3980769217014313,0.6142267793416977,0.5524696260690689,0.39807674288749695,0.6142267793416977,0.5524317681789398,0.5601881861686706
pair_131,SetB,-5.551115123125783e-17,1.2,0.06820865573910795,0.7068696618080139,0.3990013301372528,0.6145091891288756,0.5529355406761169,0.39900141954421997,0.6145091891288756,0.5519650995731353,0.5601161748170852
pair_131,SetB,0.04999999999999993,1.25,0.018208655739107904,0.7068390846252441,0.3991629481315613,0.614536252617836,0.5530010312795639,0.39916297793388367,0.614536252617836,0.5539053261280059,0.5613317877054214
pair_131,SetB,0.09999999999999992,1.2999999999999998,0.03179134426089192,0.7066200971603394,0.39889243245124817,0.6143017441034316,0.5527561753988266,0.39889225363731384,0.6143017441034316,0.5543545603752136,0.5614248007535934
pair_131,SetB,0.1499999999999999,1.3499999999999999,0.08179134426089196,0.7062469720840454,0.39826273918151855,0.6138516753911971,0.5522548109292984,0.3982626497745514,0.6138516753911971,0.5512615591287613,0.5585274189710617
pair_131,SetB,0.1999999999999999,1.4,0.131791344260892,0.7057622075080872,0.3973740339279175,0.6132457464933395,0.5515681058168411,0.3973740041255951,0.6132457464933395,0.5483439266681671,0.5554362803697586
pair_131,SetB,0.24999999999999983,1.4499999999999997,0.18179134426089183,0.7050133347511292,0.39631351828575134,0.612403380870819,0.550663411617279,0.39631348848342896,0.612403380870819,0.5448460072278976,0.5526296377182006
pair_131,SetB,0.2999999999999999,1.4999999999999998,0.23179134426089187,0.7040889263153076,0.3948601484298706,0.6113203018903732,0.5494745522737503,0.394860178232193,0.6113203018903732,0.5420836478471756,0.5504194319248199
pair_133,SetB,-0.3,3.75,0.33842118069893523,0.7545167207717896,0.45376351475715637,0.6642907679080963,0.6041401326656342,0.45376354455947876,0.6642907679080963,0.5942466855049133,0.6025045573711395
pair_133,SetB,-0.25,3.8,0.2884211806989354,0.7552546262741089,0.4555576741695404,0.6653455406427383,0.6054061502218246,0.4555576741695404,0.6653455406427383,0.5950088381767272,0.6029735833406448
pair_133,SetB,-0.2,3.8499999999999996,0.2384211806989356,0.7558117508888245,0.45684605836868286,0.666122069954872,0.6063289493322372,0.45684614777565,0.666122069954872,0.5953951090574264,0.6027974903583526
pair_133,SetB,-0.15000000000000002,3.9,0.18842118069893532,0.7562152743339539,0.45760759711265564,0.6666329354047774,0.60691137611866,0.4576074779033661,0.6666329354047774,0.5959090262651443,0.6028036385774612
pair_133,SetB,-0.10000000000000003,3.9499999999999997,0.1384211806989355,0.7566199898719788,0.4581362307071686,0.6670748621225356,0.6073781102895737,0.4581362307071686,0.6670748621225356,0.5954301983118057,0.6020804733037948
pair_133,SetB,-0.050000000000000044,4.0,0.08842118069893523,0.7567437887191772,0.4581126570701599,0.6671544134616851,0.6074281632900238,0.45811253786087036,0.6671544134616851,0.5941685736179352,0.6011027961969375
pair_133,SetB,-5.551115123125783e-17,4.05,0.03842118069893541,0.7568377256393433,0.45835521817207336,0.667292982339859,0.6075964868068695,0.45835524797439575,0.667292982339859,0.5925231844186782,0.5998655378818512
pair_133,SetB,0.04999999999999993,4.1,0.011578819301064414,0.7566365599632263,0.4581247568130493,0.6670830100774765,0.6073806434869766,0.45812472701072693,0.6670830100774765,0.5917240411043168,0.5991247743368149
pair_133,SetB,0.09999999999999992,4.1499999999999995,0.061578819301064236,0.756493091583252,0.4581109285354614,0.6669784605503082,0.6073020398616791,0.4581109881401062,0.6669784605503082,0.5920040696859359,0.5994372457265853
pair_133,SetB,0.1499999999999999,4.199999999999999,0.11157881930106406,0.7560279965400696,0.4576990008354187,0.6665292888879776,0.606863483786583,0.4576989710330963,0.6665292888879776,0.5928271383047103,0.6004314035177231
pair_133,SetB,0.1999999999999999,4.25,0.16157881930106477,0.755463719367981,0.4571831524372101,0.6659795314073562,0.6063234061002731,0.4571830928325653,0.6659795314073562,0.5947564214468002,0.6021335512399673
pair_133,SetB,0.24999999999999983,4.3,0.2115788193010646,0.7548007965087891,0.4563431739807129,0.6652635008096695,0.6055719703435898,0.4563431441783905,0.6652635008096695,0.5971831947565078,0.6041586250066757
pair_133,SetB,0.2999999999999999,4.35,0.2615788193010644,0.754052460193634,0.454359233379364,0.664144492149353,0.604205846786499,0.454359233379364,0.664144492149353,0.5980538070201873,0.6050003558397293
pair_135,SetB,-0.3,-0.8,0.2498125255364212,0.7354996800422668,0.3898998200893402,0.6318197578191758,0.5626998096704483,0.38989993929862976,0.6318197578191758,0.5789274543523788,0.586455500125885
pair_135,SetB,-0.25,-0.75,0.19981252553642115,0.7369781136512756,0.39377495646476746,0.6340171754360199,0.5653765499591827,0.39377498626708984,0.6340171754360199,0.5818020522594451,0.5892464399337768
pair_135,SetB,-0.2,-0.7,0.1498125255364211,0.7381230592727661,0.3967762291431427,0.6357190549373627,0.5674497187137604,0.39677637815475464,0.6357190549373627,0.5836967825889587,0.5909908562898636
pair_135,SetB,-0.15000000000000002,-0.65,0.09981252553642117,0.7391391396522522,0.39939647912979126,0.6372163683176041,0.5692678540945053,0.3993965685367584,0.6372163683176041,0.5846123248338699,0.5918876737356186
pair_135,SetB,-0.10000000000000003,-0.6000000000000001,0.04981252553642124,0.739801287651062,0.40152597427368164,0.6383186846971511,0.5706636160612106,0.40152594447135925,0.6383186846971511,0.5843536049127578,0.5918823570013045
pair_135,SetB,-0.050000000000000044,-0.55,0.00018747446357880726,0.7401587963104248,0.4032084047794342,0.6390736877918243,0.5716836154460907,0.4032084345817566,0.6390736877918243,0.5870072931051254,0.5940192639827728
pair_135,SetB,-5.551115123125783e-17,-0.5,0.05018747446357885,0.7401907444000244,0.40418049693107605,0.6393876612186432,0.572185605764389,0.40418046712875366,0.6393876612186432,0.5882731825113297,0.5953579306602478
pair_135,SetB,0.04999999999999993,-0.45000000000000007,0.10018747446357879,0.7399700284004211,0.40438005328178406,0.6392930179834366,0.5721750110387802,0.4043799936771393,0.6392930179834366,0.5889285713434219,0.5959515303373336
pair_135,SetB,0.09999999999999992,-0.4000000000000001,0.15018747446357877,0.7395474910736084,0.4048199951648712,0.6391292065382004,0.572183683514595,0.40481987595558167,0.6391292065382004,0.5894170969724655,0.5965257495641708
pair_135,SetB,0.1499999999999999,-0.3500000000000001,0.20018747446357876,0.7387359738349915,0.40465396642684937,0.6385113805532455,0.5716949850320816,0.40465399622917175,0.6385113805532455,0.5898734599351882,0.596979221701622
pair_135,SetB,0.1999999999999999,-0.3000000000000001,0.25018747446357875,0.7376427054405212,0.40360942482948303,0.6374327212572097,0.5706260651350021,0.40360942482948303,0.6374327212572097,0.5908533900976181,0.597589212656021
pair_135,SetB,0.24999999999999983,-0.25000000000000017,0.3001874744635787,0.7363204956054688,0.40221697092056274,0.6360894739627838,0.5692687928676605,0.4022170901298523,0.6360894739627838,0.5883480191230773,0.595724868774414
pair_135,SetB,0.2999999999999999,-0.20000000000000012,0.35018747446357873,0.7348331809043884,0.4002237021923065,0.6344503194093705,0.5675284117460251,0.40022364258766174,0.6344503194093705,0.5884367823600769,0.5952738285064697
pair_139,SetB,-0.3,0.95,0.3350031112809193,0.7413330674171448,0.4501427710056305,0.6539760231971741,0.5957379937171936,0.45014292001724243,0.6539760231971741,0.582729235291481,0.5922554314136506
pair_139,SetB,-0.25,1.0,0.28500311128091926,0.7422953844070435,0.45269304513931274,0.6554146200418473,0.5974941104650497,0.45269283652305603,0.6554146200418473,0.5835934937000274,0.593255078792572
pair_139,SetB,-0.2,1.05,0.23500311128091922,0.7431459426879883,0.45496606826782227,0.656692025065422,0.5990560799837112,0.4549662172794342,0.656692025065422,0.5838874846696853,0.5936803132295608
pair_139,SetB,-0.15000000000000002,1.1,0.18500311128091917,0.7438169121742249,0.45637232065200806,0.657583498954773,0.6000945568084717,0.4563722014427185,0.657583498954773,0.583589231967926,0.5936789244413376
pair_139,SetB,-0.10000000000000003,1.15,0.13500311128091935,0.7442119121551514,0.4571467339992523,0.6580923318862915,0.6006792783737183,0.45714664459228516,0.6580923318862915,0.5835803687572478,0.5940408170223236
pair_139,SetB,-0.050000000000000044,1.2,0.08500311128091931,0.7444068193435669,0.4573046565055847,0.6582761704921721,0.6008557379245758,0.4573046565055847,0.6582761704921721,0.5852368026971817,0.5956313699483871
pair_139,SetB,-5.551115123125783e-17,1.25,0.035003111280919263,0.7444620728492737,0.45754972100257874,0.6583883851766585,0.6010059267282486,0.4575497806072235,0.6583883851766585,0.5890087008476257,0.598391917347908
pair_139,SetB,0.04999999999999993,1.2999999999999998,0.014996888719080559,0.7442663908004761,0.45759353041648865,0.6582645148038864,0.60092993080616,0.45759347081184387,0.6582645148038864,0.5911456406116485,0.5998847633600235
pair_139,SetB,0.09999999999999992,1.3499999999999999,0.0649968887190806,0.7439863681793213,0.45723435282707214,0.6579607456922532,0.6006103307008743,0.45723429322242737,0.6579607456922532,0.5901218742132186,0.5992725878953933
pair_139,SetB,0.1499999999999999,1.4,0.11499688871908065,0.7433835864067078,0.4568421542644501,0.6574211478233337,0.6001128554344177,0.4568421244621277,0.6574211478233337,0.5892014265060425,0.5985600769519805
pair_139,SetB,0.1999999999999999,1.45,0.1649968887190807,0.7426613569259644,0.4557187259197235,0.6565785229206085,0.599189966917038,0.4557185769081116,0.6565785229206085,0.5878862679004668,0.5973445296287536
pair_139,SetB,0.24999999999999983,1.4999999999999998,0.21499688871908051,0.741858720779419,0.45372945070266724,0.6554199308156966,0.5977940708398819,0.45372942090034485,0.6554199308156966,0.5866225928068161,0.595962455868721
pair_139,SetB,0.2999999999999999,1.5499999999999998,0.26499688871908056,0.74073326587677,0.45145726203918457,0.6539505004882813,0.5960953235626221,0.4514573812484741,0.6539505004882813,0.5833219945430755,0.5930243760347367
