triplet_id,sample_id,difficulty,architecture,ref_64_path,ref_128_path,pos_64_path,pos_128_path,neg_64_path,neg_128_path,pos_ncc,neg_ncc,pos_error,neg_error,gt_x,gt_y
0,0,Easy,dram_1x,data/hcr_train\triplets\00000_ref_64.npy,data/hcr_train\triplets\00000_ref_128.npy,data/hcr_train\triplets\00000_pos_64.npy,data/hcr_train\triplets\00000_pos_128.npy,data/hcr_train\triplets\00000_neg_64.npy,data/hcr_train\triplets\00000_neg_128.npy,0.9114,0.5343,0.58,143.7,842.7,280.5
1,0,Easy,dram_1x,data/hcr_train\triplets\00001_ref_64.npy,data/hcr_train\triplets\00001_ref_128.npy,data/hcr_train\triplets\00001_pos_64.npy,data/hcr_train\triplets\00001_pos_128.npy,data/hcr_train\triplets\00001_neg_64.npy,data/hcr_train\triplets\00001_neg_128.npy,0.9114,0.5293,0.58,71.7,842.7,280.5
2,0,Easy,dram_1x,data/hcr_train\triplets\00002_ref_64.npy,data/hcr_train\triplets\00002_ref_128.npy,data/hcr_train\triplets\00002_pos_64.npy,data/hcr_train\triplets\00002_pos_128.npy,data/hcr_train\triplets\00002_neg_64.npy,data/hcr_train\triplets\00002_neg_128.npy,0.9114,0.4761,0.58,18.5,842.7,280.5
3,0,Easy,dram_1x,data/hcr_train\triplets\00003_ref_64.npy,data/hcr_train\triplets\00003_ref_128.npy,data/hcr_train\triplets\00003_pos_64.npy,data/hcr_train\triplets\00003_pos_128.npy,data/hcr_train\triplets\00003_neg_64.npy,data/hcr_train\triplets\00003_neg_128.npy,0.9114,0.4589,0.58,191.5,842.7,280.5
4,0,Easy,dram_1x,data/hcr_train\triplets\00004_ref_64.npy,data/hcr_train\triplets\00004_ref_128.npy,data/hcr_train\triplets\00004_pos_64.npy,data/hcr_train\triplets\00004_pos_128.npy,data/hcr_train\triplets\00004_neg_64.npy,data/hcr_train\triplets\00004_neg_128.npy,0.9114,0.4524,0.58,13.5,842.7,280.5
5,1,Medium,dram_dense,data/hcr_train\triplets\00005_ref_64.npy,data/hcr_train\triplets\00005_ref_128.npy,data/hcr_train\triplets\00005_pos_64.npy,data/hcr_train\triplets\00005_pos_128.npy,data/hcr_train\triplets\00005_neg_64.npy,data/hcr_train\triplets\00005_neg_128.npy,0.8836,0.5248,0.54,14.21,266.5,280.2
6,1,Medium,dram_dense,data/hcr_train\triplets\00006_ref_64.npy,data/hcr_train\triplets\00006_ref_128.npy,data/hcr_train\triplets\00006_pos_64.npy,data/hcr_train\triplets\00006_pos_128.npy,data/hcr_train\triplets\00006_neg_64.npy,data/hcr_train\triplets\00006_neg_128.npy,0.8836,0.5186,0.54,14.81,266.5,280.2
7,1,Medium,dram_dense,data/hcr_train\triplets\00007_ref_64.npy,data/hcr_train\triplets\00007_ref_128.npy,data/hcr_train\triplets\00007_pos_64.npy,data/hcr_train\triplets\00007_pos_128.npy,data/hcr_train\triplets\00007_neg_64.npy,data/hcr_train\triplets\00007_neg_128.npy,0.8836,0.4844,0.54,86.5,266.5,280.2
8,1,Medium,dram_dense,data/hcr_train\triplets\00008_ref_64.npy,data/hcr_train\triplets\00008_ref_128.npy,data/hcr_train\triplets\00008_pos_64.npy,data/hcr_train\triplets\00008_pos_128.npy,data/hcr_train\triplets\00008_neg_64.npy,data/hcr_train\triplets\00008_neg_128.npy,0.8836,0.4835,0.54,826.12,266.5,280.2
9,1,Medium,dram_dense,data/hcr_train\triplets\00009_ref_64.npy,data/hcr_train\triplets\00009_ref_128.npy,data/hcr_train\triplets\00009_pos_64.npy,data/hcr_train\triplets\00009_pos_128.npy,data/hcr_train\triplets\00009_neg_64.npy,data/hcr_train\triplets\00009_neg_128.npy,0.8836,0.4827,0.54,173.5,266.5,280.2
10,2,Hard,finfet_10nm,data/hcr_train\triplets\00010_ref_64.npy,data/hcr_train\triplets\00010_ref_128.npy,data/hcr_train\triplets\00010_pos_64.npy,data/hcr_train\triplets\00010_pos_128.npy,data/hcr_train\triplets\00010_neg_64.npy,data/hcr_train\triplets\00010_neg_128.npy,0.705,0.699,2.5,22.14,555.5,705.0
11,2,Hard,finfet_10nm,data/hcr_train\triplets\00011_ref_64.npy,data/hcr_train\triplets\00011_ref_128.npy,data/hcr_train\triplets\00011_pos_64.npy,data/hcr_train\triplets\00011_pos_128.npy,data/hcr_train\triplets\00011_neg_64.npy,data/hcr_train\triplets\00011_neg_128.npy,0.705,0.6835,2.5,44.07,555.5,705.0
12,2,Hard,finfet_10nm,data/hcr_train\triplets\00012_ref_64.npy,data/hcr_train\triplets\00012_ref_128.npy,data/hcr_train\triplets\00012_pos_64.npy,data/hcr_train\triplets\00012_pos_128.npy,data/hcr_train\triplets\00012_neg_64.npy,data/hcr_train\triplets\00012_neg_128.npy,0.705,0.6708,2.5,22.14,555.5,705.0
13,2,Hard,finfet_10nm,data/hcr_train\triplets\00013_ref_64.npy,data/hcr_train\triplets\00013_ref_128.npy,data/hcr_train\triplets\00013_pos_64.npy,data/hcr_train\triplets\00013_pos_128.npy,data/hcr_train\triplets\00013_neg_64.npy,data/hcr_train\triplets\00013_neg_128.npy,0.705,0.6627,2.5,66.05,555.5,705.0
14,2,Hard,finfet_10nm,data/hcr_train\triplets\00014_ref_64.npy,data/hcr_train\triplets\00014_ref_128.npy,data/hcr_train\triplets\00014_pos_64.npy,data/hcr_train\triplets\00014_pos_128.npy,data/hcr_train\triplets\00014_neg_64.npy,data/hcr_train\triplets\00014_neg_128.npy,0.705,0.639,2.5,44.07,555.5,705.0
15,3,Adversarial,finfet_7nm,data/hcr_train\triplets\00015_ref_64.npy,data/hcr_train\triplets\00015_ref_128.npy,data/hcr_train\triplets\00015_pos_64.npy,data/hcr_train\triplets\00015_pos_128.npy,data/hcr_train\triplets\00015_neg_64.npy,data/hcr_train\triplets\00015_neg_128.npy,0.3601,0.3777,4.1,672.54,828.1,667.8
16,3,Adversarial,finfet_7nm,data/hcr_train\triplets\00016_ref_64.npy,data/hcr_train\triplets\00016_ref_128.npy,data/hcr_train\triplets\00016_pos_64.npy,data/hcr_train\triplets\00016_pos_128.npy,data/hcr_train\triplets\00016_neg_64.npy,data/hcr_train\triplets\00016_neg_128.npy,0.3601,0.3691,4.1,633.2,828.1,667.8
17,3,Adversarial,finfet_7nm,data/hcr_train\triplets\00017_ref_64.npy,data/hcr_train\triplets\00017_ref_128.npy,data/hcr_train\triplets\00017_pos_64.npy,data/hcr_train\triplets\00017_pos_128.npy,data/hcr_train\triplets\00017_neg_64.npy,data/hcr_train\triplets\00017_neg_128.npy,0.3601,0.3665,4.1,22.58,828.1,667.8
18,3,Adversarial,finfet_7nm,data/hcr_train\triplets\00018_ref_64.npy,data/hcr_train\triplets\00018_ref_128.npy,data/hcr_train\triplets\00018_pos_64.npy,data/hcr_train\triplets\00018_pos_128.npy,data/hcr_train\triplets\00018_neg_64.npy,data/hcr_train\triplets\00018_neg_128.npy,0.3601,0.365,4.1,652.8,828.1,667.8
19,3,Adversarial,finfet_7nm,data/hcr_train\triplets\00019_ref_64.npy,data/hcr_train\triplets\00019_ref_128.npy,data/hcr_train\triplets\00019_pos_64.npy,data/hcr_train\triplets\00019_pos_128.npy,data/hcr_train\triplets\00019_neg_64.npy,data/hcr_train\triplets\00019_neg_128.npy,0.3601,0.362,4.1,44.39,828.1,667.8
20,4,Easy,dram_1x,data/hcr_train\triplets\00020_ref_64.npy,data/hcr_train\triplets\00020_ref_128.npy,data/hcr_train\triplets\00020_pos_64.npy,data/hcr_train\triplets\00020_pos_128.npy,data/hcr_train\triplets\00020_neg_64.npy,data/hcr_train\triplets\00020_neg_128.npy,0.9066,0.8996,0.41,23.6,751.9,643.4
21,4,Easy,dram_1x,data/hcr_train\triplets\00021_ref_64.npy,data/hcr_train\triplets\00021_ref_128.npy,data/hcr_train\triplets\00021_pos_64.npy,data/hcr_train\triplets\00021_pos_128.npy,data/hcr_train\triplets\00021_neg_64.npy,data/hcr_train\triplets\00021_neg_128.npy,0.9066,0.8975,0.41,161.04,751.9,643.4
22,4,Easy,dram_1x,data/hcr_train\triplets\00022_ref_64.npy,data/hcr_train\triplets\00022_ref_128.npy,data/hcr_train\triplets\00022_pos_64.npy,data/hcr_train\triplets\00022_pos_128.npy,data/hcr_train\triplets\00022_neg_64.npy,data/hcr_train\triplets\00022_neg_128.npy,0.9066,0.8959,0.41,72.9,751.9,643.4
23,4,Easy,dram_1x,data/hcr_train\triplets\00023_ref_64.npy,data/hcr_train\triplets\00023_ref_128.npy,data/hcr_train\triplets\00023_pos_64.npy,data/hcr_train\triplets\00023_pos_128.npy,data/hcr_train\triplets\00023_neg_64.npy,data/hcr_train\triplets\00023_neg_128.npy,0.9066,0.895,0.41,87.06,751.9,643.4
24,4,Easy,dram_1x,data/hcr_train\triplets\00024_ref_64.npy,data/hcr_train\triplets\00024_ref_128.npy,data/hcr_train\triplets\00024_pos_64.npy,data/hcr_train\triplets\00024_pos_128.npy,data/hcr_train\triplets\00024_neg_64.npy,data/hcr_train\triplets\00024_neg_128.npy,0.9066,0.8935,0.41,76.62,751.9,643.4
25,5,Medium,dram_dense,data/hcr_train\triplets\00025_ref_64.npy,data/hcr_train\triplets\00025_ref_128.npy,data/hcr_train\triplets\00025_pos_64.npy,data/hcr_train\triplets\00025_pos_128.npy,data/hcr_train\triplets\00025_neg_64.npy,data/hcr_train\triplets\00025_neg_128.npy,0.8715,0.552,0.92,21.1,297.9,285.8
26,5,Medium,dram_dense,data/hcr_train\triplets\00026_ref_64.npy,data/hcr_train\triplets\00026_ref_128.npy,data/hcr_train\triplets\00026_pos_64.npy,data/hcr_train\triplets\00026_pos_128.npy,data/hcr_train\triplets\00026_neg_64.npy,data/hcr_train\triplets\00026_neg_128.npy,0.8715,0.545,0.92,107.1,297.9,285.8
27,5,Medium,dram_dense,data/hcr_train\triplets\00027_ref_64.npy,data/hcr_train\triplets\00027_ref_128.npy,data/hcr_train\triplets\00027_pos_64.npy,data/hcr_train\triplets\00027_pos_128.npy,data/hcr_train\triplets\00027_neg_64.npy,data/hcr_train\triplets\00027_neg_128.npy,0.8715,0.5286,0.92,53.1,297.9,285.8
28,5,Medium,dram_dense,data/hcr_train\triplets\00028_ref_64.npy,data/hcr_train\triplets\00028_ref_128.npy,data/hcr_train\triplets\00028_pos_64.npy,data/hcr_train\triplets\00028_pos_128.npy,data/hcr_train\triplets\00028_neg_64.npy,data/hcr_train\triplets\00028_neg_128.npy,0.8715,0.5254,0.92,14.23,297.9,285.8
29,5,Medium,dram_dense,data/hcr_train\triplets\00029_ref_64.npy,data/hcr_train\triplets\00029_ref_128.npy,data/hcr_train\triplets\00029_pos_64.npy,data/hcr_train\triplets\00029_pos_128.npy,data/hcr_train\triplets\00029_neg_64.npy,data/hcr_train\triplets\00029_neg_128.npy,0.8715,0.5199,0.92,648.69,297.9,285.8
30,6,Hard,finfet_10nm,data/hcr_train\triplets\00030_ref_64.npy,data/hcr_train\triplets\00030_ref_128.npy,data/hcr_train\triplets\00030_pos_64.npy,data/hcr_train\triplets\00030_pos_128.npy,data/hcr_train\triplets\00030_neg_64.npy,data/hcr_train\triplets\00030_neg_128.npy,0.7465,0.7555,3.11,92.9,403.1,901.2
31,6,Hard,finfet_10nm,data/hcr_train\triplets\00031_ref_64.npy,data/hcr_train\triplets\00031_ref_128.npy,data/hcr_train\triplets\00031_pos_64.npy,data/hcr_train\triplets\00031_pos_128.npy,data/hcr_train\triplets\00031_neg_64.npy,data/hcr_train\triplets\00031_neg_128.npy,0.7465,0.7519,3.11,44.9,403.1,901.2
32,6,Hard,finfet_10nm,data/hcr_train\triplets\00032_ref_64.npy,data/hcr_train\triplets\00032_ref_128.npy,data/hcr_train\triplets\00032_pos_64.npy,data/hcr_train\triplets\00032_pos_128.npy,data/hcr_train\triplets\00032_neg_64.npy,data/hcr_train\triplets\00032_neg_128.npy,0.7465,0.7506,3.11,12.9,403.1,901.2
33,6,Hard,finfet_10nm,data/hcr_train\triplets\00033_ref_64.npy,data/hcr_train\triplets\00033_ref_128.npy,data/hcr_train\triplets\00033_pos_64.npy,data/hcr_train\triplets\00033_pos_128.npy,data/hcr_train\triplets\00033_neg_64.npy,data/hcr_train\triplets\00033_neg_128.npy,0.7465,0.7491,3.11,60.9,403.1,901.2
34,6,Hard,finfet_10nm,data/hcr_train\triplets\00034_ref_64.npy,data/hcr_train\triplets\00034_ref_128.npy,data/hcr_train\triplets\00034_pos_64.npy,data/hcr_train\triplets\00034_pos_128.npy,data/hcr_train\triplets\00034_neg_64.npy,data/hcr_train\triplets\00034_neg_128.npy,0.7465,0.7489,3.11,76.9,403.1,901.2
35,7,Adversarial,finfet_7nm,data/hcr_train\triplets\00035_ref_64.npy,data/hcr_train\triplets\00035_ref_128.npy,data/hcr_train\triplets\00035_pos_64.npy,data/hcr_train\triplets\00035_pos_128.npy,data/hcr_train\triplets\00035_neg_64.npy,data/hcr_train\triplets\00035_neg_128.npy,0.5286,0.5316,1.2,26.8,470.2,227.0
36,7,Adversarial,finfet_7nm,data/hcr_train\triplets\00036_ref_64.npy,data/hcr_train\triplets\00036_ref_128.npy,data/hcr_train\triplets\00036_pos_64.npy,data/hcr_train\triplets\00036_pos_128.npy,data/hcr_train\triplets\00036_neg_64.npy,data/hcr_train\triplets\00036_neg_128.npy,0.5286,0.517,1.2,29.2,470.2,227.0
37,7,Adversarial,finfet_7nm,data/hcr_train\triplets\00037_ref_64.npy,data/hcr_train\triplets\00037_ref_128.npy,data/hcr_train\triplets\00037_pos_64.npy,data/hcr_train\triplets\00037_pos_128.npy,data/hcr_train\triplets\00037_neg_64.npy,data/hcr_train\triplets\00037_neg_128.npy,0.5286,0.5145,1.2,57.2,470.2,227.0
38,7,Adversarial,finfet_7nm,data/hcr_train\triplets\00038_ref_64.npy,data/hcr_train\triplets\00038_ref_128.npy,data/hcr_train\triplets\00038_pos_64.npy,data/hcr_train\triplets\00038_pos_128.npy,data/hcr_train\triplets\00038_neg_64.npy,data/hcr_train\triplets\00038_neg_128.npy,0.5286,0.5143,1.2,112.2,470.2,227.0
39,7,Adversarial,finfet_7nm,data/hcr_train\triplets\00039_ref_64.npy,data/hcr_train\triplets\00039_ref_128.npy,data/hcr_train\triplets\00039_pos_64.npy,data/hcr_train\triplets\00039_pos_128.npy,data/hcr_train\triplets\00039_neg_64.npy,data/hcr_train\triplets\00039_neg_128.npy,0.5286,0.5101,1.2,85.2,470.2,227.0
40,8,Easy,dram_1x,data/hcr_train\triplets\00040_ref_64.npy,data/hcr_train\triplets\00040_ref_128.npy,data/hcr_train\triplets\00040_pos_64.npy,data/hcr_train\triplets\00040_pos_128.npy,data/hcr_train\triplets\00040_neg_64.npy,data/hcr_train\triplets\00040_neg_128.npy,0.8673,0.8475,0.86,654.32,320.7,595.5
41,8,Easy,dram_1x,data/hcr_train\triplets\00041_ref_64.npy,data/hcr_train\triplets\00041_ref_128.npy,data/hcr_train\triplets\00041_pos_64.npy,data/hcr_train\triplets\00041_pos_128.npy,data/hcr_train\triplets\00041_neg_64.npy,data/hcr_train\triplets\00041_neg_128.npy,0.8673,0.78,0.86,654.79,320.7,595.5
42,8,Easy,dram_1x,data/hcr_train\triplets\00042_ref_64.npy,data/hcr_train\triplets\00042_ref_128.npy,data/hcr_train\triplets\00042_pos_64.npy,data/hcr_train\triplets\00042_pos_128.npy,data/hcr_train\triplets\00042_neg_64.npy,data/hcr_train\triplets\00042_neg_128.npy,0.8673,0.7494,0.86,660.6,320.7,595.5
43,8,Easy,dram_1x,data/hcr_train\triplets\00043_ref_64.npy,data/hcr_train\triplets\00043_ref_128.npy,data/hcr_train\triplets\00043_pos_64.npy,data/hcr_train\triplets\00043_pos_128.npy,data/hcr_train\triplets\00043_neg_64.npy,data/hcr_train\triplets\00043_neg_128.npy,0.8673,0.7381,0.86,648.57,320.7,595.5
44,8,Easy,dram_1x,data/hcr_train\triplets\00044_ref_64.npy,data/hcr_train\triplets\00044_ref_128.npy,data/hcr_train\triplets\00044_pos_64.npy,data/hcr_train\triplets\00044_pos_128.npy,data/hcr_train\triplets\00044_neg_64.npy,data/hcr_train\triplets\00044_neg_128.npy,0.8673,0.7198,0.86,57.3,320.7,595.5
45,9,Medium,dram_dense,data/hcr_train\triplets\00045_ref_64.npy,data/hcr_train\triplets\00045_ref_128.npy,data/hcr_train\triplets\00045_pos_64.npy,data/hcr_train\triplets\00045_pos_128.npy,data/hcr_train\triplets\00045_neg_64.npy,data/hcr_train\triplets\00045_neg_128.npy,0.9146,0.8703,0.0,24.0,550.0,50.0
46,9,Medium,dram_dense,data/hcr_train\triplets\00046_ref_64.npy,data/hcr_train\triplets\00046_ref_128.npy,data/hcr_train\triplets\00046_pos_64.npy,data/hcr_train\triplets\00046_pos_128.npy,data/hcr_train\triplets\00046_neg_64.npy,data/hcr_train\triplets\00046_neg_128.npy,0.9146,0.8626,0.0,48.0,550.0,50.0
47,9,Medium,dram_dense,data/hcr_train\triplets\00047_ref_64.npy,data/hcr_train\triplets\00047_ref_128.npy,data/hcr_train\triplets\00047_pos_64.npy,data/hcr_train\triplets\00047_pos_128.npy,data/hcr_train\triplets\00047_neg_64.npy,data/hcr_train\triplets\00047_neg_128.npy,0.9146,0.851,0.0,72.0,550.0,50.0
48,9,Medium,dram_dense,data/hcr_train\triplets\00048_ref_64.npy,data/hcr_train\triplets\00048_ref_128.npy,data/hcr_train\triplets\00048_pos_64.npy,data/hcr_train\triplets\00048_pos_128.npy,data/hcr_train\triplets\00048_neg_64.npy,data/hcr_train\triplets\00048_neg_128.npy,0.9146,0.8341,0.0,119.0,550.0,50.0
49,9,Medium,dram_dense,data/hcr_train\triplets\00049_ref_64.npy,data/hcr_train\triplets\00049_ref_128.npy,data/hcr_train\triplets\00049_pos_64.npy,data/hcr_train\triplets\00049_pos_128.npy,data/hcr_train\triplets\00049_neg_64.npy,data/hcr_train\triplets\00049_neg_128.npy,0.9146,0.8326,0.0,143.0,550.0,50.0
50,10,Hard,finfet_10nm,data/hcr_train\triplets\00050_ref_64.npy,data/hcr_train\triplets\00050_ref_128.npy,data/hcr_train\triplets\00050_pos_64.npy,data/hcr_train\triplets\00050_pos_128.npy,data/hcr_train\triplets\00050_neg_64.npy,data/hcr_train\triplets\00050_neg_128.npy,0.6341,0.4203,2.3,581.16,557.3,904.9
51,10,Hard,finfet_10nm,data/hcr_train\triplets\00051_ref_64.npy,data/hcr_train\triplets\00051_ref_128.npy,data/hcr_train\triplets\00051_pos_64.npy,data/hcr_train\triplets\00051_pos_128.npy,data/hcr_train\triplets\00051_neg_64.npy,data/hcr_train\triplets\00051_neg_128.npy,0.6341,0.4025,2.3,648.3,557.3,904.9
52,10,Hard,finfet_10nm,data/hcr_train\triplets\00052_ref_64.npy,data/hcr_train\triplets\00052_ref_128.npy,data/hcr_train\triplets\00052_pos_64.npy,data/hcr_train\triplets\00052_pos_128.npy,data/hcr_train\triplets\00052_neg_64.npy,data/hcr_train\triplets\00052_neg_128.npy,0.6341,0.3974,2.3,413.82,557.3,904.9
53,10,Hard,finfet_10nm,data/hcr_train\triplets\00053_ref_64.npy,data/hcr_train\triplets\00053_ref_128.npy,data/hcr_train\triplets\00053_pos_64.npy,data/hcr_train\triplets\00053_pos_128.npy,data/hcr_train\triplets\00053_neg_64.npy,data/hcr_train\triplets\00053_neg_128.npy,0.6341,0.3927,2.3,11.7,557.3,904.9
54,10,Hard,finfet_10nm,data/hcr_train\triplets\00054_ref_64.npy,data/hcr_train\triplets\00054_ref_128.npy,data/hcr_train\triplets\00054_pos_64.npy,data/hcr_train\triplets\00054_pos_128.npy,data/hcr_train\triplets\00054_neg_64.npy,data/hcr_train\triplets\00054_neg_128.npy,0.6341,0.389,2.3,18.3,557.3,904.9
55,11,Adversarial,finfet_7nm,data/hcr_train\triplets\00055_ref_64.npy,data/hcr_train\triplets\00055_ref_128.npy,data/hcr_train\triplets\00055_pos_64.npy,data/hcr_train\triplets\00055_pos_128.npy,data/hcr_train\triplets\00055_neg_64.npy,data/hcr_train\triplets\00055_neg_128.npy,0.4394,0.3967,0.67,750.19,564.6,92.3
56,11,Adversarial,finfet_7nm,data/hcr_train\triplets\00056_ref_64.npy,data/hcr_train\triplets\00056_ref_128.npy,data/hcr_train\triplets\00056_pos_64.npy,data/hcr_train\triplets\00056_pos_128.npy,data/hcr_train\triplets\00056_neg_64.npy,data/hcr_train\triplets\00056_neg_128.npy,0.4394,0.3623,0.67,103.7,564.6,92.3
57,11,Adversarial,finfet_7nm,data/hcr_train\triplets\00057_ref_64.npy,data/hcr_train\triplets\00057_ref_128.npy,data/hcr_train\triplets\00057_pos_64.npy,data/hcr_train\triplets\00057_pos_128.npy,data/hcr_train\triplets\00057_neg_64.npy,data/hcr_train\triplets\00057_neg_128.npy,0.4394,0.3594,0.67,611.58,564.6,92.3
58,11,Adversarial,finfet_7nm,data/hcr_train\triplets\00058_ref_64.npy,data/hcr_train\triplets\00058_ref_128.npy,data/hcr_train\triplets\00058_pos_64.npy,data/hcr_train\triplets\00058_pos_128.npy,data/hcr_train\triplets\00058_neg_64.npy,data/hcr_train\triplets\00058_neg_128.npy,0.4394,0.3473,0.67,53.72,564.6,92.3
59,11,Adversarial,finfet_7nm,data/hcr_train\triplets\00059_ref_64.npy,data/hcr_train\triplets\00059_ref_128.npy,data/hcr_train\triplets\00059_pos_64.npy,data/hcr_train\triplets\00059_pos_128.npy,data/hcr_train\triplets\00059_neg_64.npy,data/hcr_train\triplets\00059_neg_128.npy,0.4394,0.3355,0.67,656.43,564.6,92.3
60,12,Easy,dram_1x,data/hcr_train\triplets\00060_ref_64.npy,data/hcr_train\triplets\00060_ref_128.npy,data/hcr_train\triplets\00060_pos_64.npy,data/hcr_train\triplets\00060_pos_128.npy,data/hcr_train\triplets\00060_neg_64.npy,data/hcr_train\triplets\00060_neg_128.npy,0.9056,0.4828,0.51,144.9,853.9,279.5
61,12,Easy,dram_1x,data/hcr_train\triplets\00061_ref_64.npy,data/hcr_train\triplets\00061_ref_128.npy,data/hcr_train\triplets\00061_pos_64.npy,data/hcr_train\triplets\00061_pos_128.npy,data/hcr_train\triplets\00061_neg_64.npy,data/hcr_train\triplets\00061_neg_128.npy,0.9056,0.4663,0.51,72.9,853.9,279.5
62,12,Easy,dram_1x,data/hcr_train\triplets\00062_ref_64.npy,data/hcr_train\triplets\00062_ref_128.npy,data/hcr_train\triplets\00062_pos_64.npy,data/hcr_train\triplets\00062_pos_128.npy,data/hcr_train\triplets\00062_neg_64.npy,data/hcr_train\triplets\00062_neg_128.npy,0.9056,0.4653,0.51,216.9,853.9,279.5
63,12,Easy,dram_1x,data/hcr_train\triplets\00063_ref_64.npy,data/hcr_train\triplets\00063_ref_128.npy,data/hcr_train\triplets\00063_pos_64.npy,data/hcr_train\triplets\00063_pos_128.npy,data/hcr_train\triplets\00063_neg_64.npy,data/hcr_train\triplets\00063_neg_128.npy,0.9056,0.4518,0.51,15.5,853.9,279.5
64,12,Easy,dram_1x,data/hcr_train\triplets\00064_ref_64.npy,data/hcr_train\triplets\00064_ref_128.npy,data/hcr_train\triplets\00064_pos_64.npy,data/hcr_train\triplets\00064_pos_128.npy,data/hcr_train\triplets\00064_neg_64.npy,data/hcr_train\triplets\00064_neg_128.npy,0.9056,0.4397,0.51,18.5,853.9,279.5
65,13,Medium,dram_dense,data/hcr_train\triplets\00065_ref_64.npy,data/hcr_train\triplets\00065_ref_128.npy,data/hcr_train\triplets\00065_pos_64.npy,data/hcr_train\triplets\00065_pos_128.npy,data/hcr_train\triplets\00065_neg_64.npy,data/hcr_train\triplets\00065_neg_128.npy,0.8986,0.7542,0.7,20.3,910.7,596.0
66,13,Medium,dram_dense,data/hcr_train\triplets\00066_ref_64.npy,data/hcr_train\triplets\00066_ref_128.npy,data/hcr_train\triplets\00066_pos_64.npy,data/hcr_train\triplets\00066_pos_128.npy,data/hcr_train\triplets\00066_neg_64.npy,data/hcr_train\triplets\00066_neg_128.npy,0.8986,0.7123,0.7,14.02,910.7,596.0
67,13,Medium,dram_dense,data/hcr_train\triplets\00067_ref_64.npy,data/hcr_train\triplets\00067_ref_128.npy,data/hcr_train\triplets\00067_pos_64.npy,data/hcr_train\triplets\00067_pos_128.npy,data/hcr_train\triplets\00067_neg_64.npy,data/hcr_train\triplets\00067_neg_128.npy,0.8986,0.6865,0.7,591.7,910.7,596.0
68,13,Medium,dram_dense,data/hcr_train\triplets\00068_ref_64.npy,data/hcr_train\triplets\00068_ref_128.npy,data/hcr_train\triplets\00068_pos_64.npy,data/hcr_train\triplets\00068_pos_128.npy,data/hcr_train\triplets\00068_neg_64.npy,data/hcr_train\triplets\00068_neg_128.npy,0.8986,0.6853,0.7,854.7,910.7,596.0
69,13,Medium,dram_dense,data/hcr_train\triplets\00069_ref_64.npy,data/hcr_train\triplets\00069_ref_128.npy,data/hcr_train\triplets\00069_pos_64.npy,data/hcr_train\triplets\00069_pos_128.npy,data/hcr_train\triplets\00069_neg_64.npy,data/hcr_train\triplets\00069_neg_128.npy,0.8986,0.6801,0.7,811.7,910.7,596.0
70,14,Hard,finfet_10nm,data/hcr_train\triplets\00070_ref_64.npy,data/hcr_train\triplets\00070_ref_128.npy,data/hcr_train\triplets\00070_pos_64.npy,data/hcr_train\triplets\00070_pos_128.npy,data/hcr_train\triplets\00070_neg_64.npy,data/hcr_train\triplets\00070_neg_128.npy,0.7833,0.7872,2.32,52.35,316.3,726.7
71,14,Hard,finfet_10nm,data/hcr_train\triplets\00071_ref_64.npy,data/hcr_train\triplets\00071_ref_128.npy,data/hcr_train\triplets\00071_pos_64.npy,data/hcr_train\triplets\00071_pos_128.npy,data/hcr_train\triplets\00071_neg_64.npy,data/hcr_train\triplets\00071_neg_128.npy,0.7833,0.7646,2.32,51.75,316.3,726.7
72,14,Hard,finfet_10nm,data/hcr_train\triplets\00072_ref_64.npy,data/hcr_train\triplets\00072_ref_128.npy,data/hcr_train\triplets\00072_pos_64.npy,data/hcr_train\triplets\00072_pos_128.npy,data/hcr_train\triplets\00072_neg_64.npy,data/hcr_train\triplets\00072_neg_128.npy,0.7833,0.7375,2.32,379.7,316.3,726.7
73,14,Hard,finfet_10nm,data/hcr_train\triplets\00073_ref_64.npy,data/hcr_train\triplets\00073_ref_128.npy,data/hcr_train\triplets\00073_pos_64.npy,data/hcr_train\triplets\00073_pos_128.npy,data/hcr_train\triplets\00073_neg_64.npy,data/hcr_train\triplets\00073_neg_128.npy,0.7833,0.7219,2.32,103.73,316.3,726.7
74,14,Hard,finfet_10nm,data/hcr_train\triplets\00074_ref_64.npy,data/hcr_train\triplets\00074_ref_128.npy,data/hcr_train\triplets\00074_pos_64.npy,data/hcr_train\triplets\00074_pos_128.npy,data/hcr_train\triplets\00074_neg_64.npy,data/hcr_train\triplets\00074_neg_128.npy,0.7833,0.7209,2.32,275.7,316.3,726.7
75,15,Adversarial,finfet_7nm,data/hcr_train\triplets\00075_ref_64.npy,data/hcr_train\triplets\00075_ref_128.npy,data/hcr_train\triplets\00075_pos_64.npy,data/hcr_train\triplets\00075_pos_128.npy,data/hcr_train\triplets\00075_neg_64.npy,data/hcr_train\triplets\00075_neg_128.npy,0.5078,0.4798,2.21,802.59,827.2,623.8
76,15,Adversarial,finfet_7nm,data/hcr_train\triplets\00076_ref_64.npy,data/hcr_train\triplets\00076_ref_128.npy,data/hcr_train\triplets\00076_pos_64.npy,data/hcr_train\triplets\00076_pos_128.npy,data/hcr_train\triplets\00076_neg_64.npy,data/hcr_train\triplets\00076_neg_128.npy,0.5078,0.4737,2.21,633.38,827.2,623.8
77,15,Adversarial,finfet_7nm,data/hcr_train\triplets\00077_ref_64.npy,data/hcr_train\triplets\00077_ref_128.npy,data/hcr_train\triplets\00077_pos_64.npy,data/hcr_train\triplets\00077_pos_128.npy,data/hcr_train\triplets\00077_neg_64.npy,data/hcr_train\triplets\00077_neg_128.npy,0.5078,0.4618,2.21,155.23,827.2,623.8
78,15,Adversarial,finfet_7nm,data/hcr_train\triplets\00078_ref_64.npy,data/hcr_train\triplets\00078_ref_128.npy,data/hcr_train\triplets\00078_pos_64.npy,data/hcr_train\triplets\00078_pos_128.npy,data/hcr_train\triplets\00078_neg_64.npy,data/hcr_train\triplets\00078_neg_128.npy,0.5078,0.4608,2.21,768.38,827.2,623.8
79,15,Adversarial,finfet_7nm,data/hcr_train\triplets\00079_ref_64.npy,data/hcr_train\triplets\00079_ref_128.npy,data/hcr_train\triplets\00079_pos_64.npy,data/hcr_train\triplets\00079_pos_128.npy,data/hcr_train\triplets\00079_neg_64.npy,data/hcr_train\triplets\00079_neg_128.npy,0.5078,0.4371,2.21,629.65,827.2,623.8
80,16,Easy,dram_1x,data/hcr_train\triplets\00080_ref_64.npy,data/hcr_train\triplets\00080_ref_128.npy,data/hcr_train\triplets\00080_pos_64.npy,data/hcr_train\triplets\00080_pos_128.npy,data/hcr_train\triplets\00080_neg_64.npy,data/hcr_train\triplets\00080_neg_128.npy,0.9534,0.9252,0.36,29.3,137.3,684.2
81,16,Easy,dram_1x,data/hcr_train\triplets\00081_ref_64.npy,data/hcr_train\triplets\00081_ref_128.npy,data/hcr_train\triplets\00081_pos_64.npy,data/hcr_train\triplets\00081_pos_128.npy,data/hcr_train\triplets\00081_neg_64.npy,data/hcr_train\triplets\00081_neg_128.npy,0.9534,0.9245,0.36,19.2,137.3,684.2
82,16,Easy,dram_1x,data/hcr_train\triplets\00082_ref_64.npy,data/hcr_train\triplets\00082_ref_128.npy,data/hcr_train\triplets\00082_pos_64.npy,data/hcr_train\triplets\00082_pos_128.npy,data/hcr_train\triplets\00082_neg_64.npy,data/hcr_train\triplets\00082_neg_128.npy,0.9534,0.9244,0.36,28.7,137.3,684.2
83,16,Easy,dram_1x,data/hcr_train\triplets\00083_ref_64.npy,data/hcr_train\triplets\00083_ref_128.npy,data/hcr_train\triplets\00083_pos_64.npy,data/hcr_train\triplets\00083_pos_128.npy,data/hcr_train\triplets\00083_neg_64.npy,data/hcr_train\triplets\00083_neg_128.npy,0.9534,0.9188,0.36,86.3,137.3,684.2
84,16,Easy,dram_1x,data/hcr_train\triplets\00084_ref_64.npy,data/hcr_train\triplets\00084_ref_128.npy,data/hcr_train\triplets\00084_pos_64.npy,data/hcr_train\triplets\00084_pos_128.npy,data/hcr_train\triplets\00084_neg_64.npy,data/hcr_train\triplets\00084_neg_128.npy,0.9534,0.9146,0.36,38.2,137.3,684.2
85,17,Medium,dram_dense,data/hcr_train\triplets\00085_ref_64.npy,data/hcr_train\triplets\00085_ref_128.npy,data/hcr_train\triplets\00085_pos_64.npy,data/hcr_train\triplets\00085_pos_128.npy,data/hcr_train\triplets\00085_neg_64.npy,data/hcr_train\triplets\00085_neg_128.npy,0.8757,0.7427,1.08,283.0,917.0,545.6
86,17,Medium,dram_dense,data/hcr_train\triplets\00086_ref_64.npy,data/hcr_train\triplets\00086_ref_128.npy,data/hcr_train\triplets\00086_pos_64.npy,data/hcr_train\triplets\00086_pos_128.npy,data/hcr_train\triplets\00086_neg_64.npy,data/hcr_train\triplets\00086_neg_128.npy,0.8757,0.7256,1.08,211.01,917.0,545.6
87,17,Medium,dram_dense,data/hcr_train\triplets\00087_ref_64.npy,data/hcr_train\triplets\00087_ref_128.npy,data/hcr_train\triplets\00087_pos_64.npy,data/hcr_train\triplets\00087_pos_128.npy,data/hcr_train\triplets\00087_neg_64.npy,data/hcr_train\triplets\00087_neg_128.npy,0.8757,0.7222,1.08,247.01,917.0,545.6
88,17,Medium,dram_dense,data/hcr_train\triplets\00088_ref_64.npy,data/hcr_train\triplets\00088_ref_128.npy,data/hcr_train\triplets\00088_pos_64.npy,data/hcr_train\triplets\00088_pos_128.npy,data/hcr_train\triplets\00088_neg_64.npy,data/hcr_train\triplets\00088_neg_128.npy,0.8757,0.7174,1.08,646.05,917.0,545.6
89,17,Medium,dram_dense,data/hcr_train\triplets\00089_ref_64.npy,data/hcr_train\triplets\00089_ref_128.npy,data/hcr_train\triplets\00089_pos_64.npy,data/hcr_train\triplets\00089_pos_128.npy,data/hcr_train\triplets\00089_neg_64.npy,data/hcr_train\triplets\00089_neg_128.npy,0.8757,0.7118,1.08,176.01,917.0,545.6
90,18,Hard,finfet_10nm,data/hcr_train\triplets\00090_ref_64.npy,data/hcr_train\triplets\00090_ref_128.npy,data/hcr_train\triplets\00090_pos_64.npy,data/hcr_train\triplets\00090_pos_128.npy,data/hcr_train\triplets\00090_neg_64.npy,data/hcr_train\triplets\00090_neg_128.npy,0.756,0.7187,0.6,156.01,597.6,344.0
91,18,Hard,finfet_10nm,data/hcr_train\triplets\00091_ref_64.npy,data/hcr_train\triplets\00091_ref_128.npy,data/hcr_train\triplets\00091_pos_64.npy,data/hcr_train\triplets\00091_pos_128.npy,data/hcr_train\triplets\00091_neg_64.npy,data/hcr_train\triplets\00091_neg_128.npy,0.756,0.685,0.6,52.02,597.6,344.0
92,18,Hard,finfet_10nm,data/hcr_train\triplets\00092_ref_64.npy,data/hcr_train\triplets\00092_ref_128.npy,data/hcr_train\triplets\00092_pos_64.npy,data/hcr_train\triplets\00092_pos_128.npy,data/hcr_train\triplets\00092_neg_64.npy,data/hcr_train\triplets\00092_neg_128.npy,0.756,0.6689,0.6,145.14,597.6,344.0
93,18,Hard,finfet_10nm,data/hcr_train\triplets\00093_ref_64.npy,data/hcr_train\triplets\00093_ref_128.npy,data/hcr_train\triplets\00093_pos_64.npy,data/hcr_train\triplets\00093_pos_128.npy,data/hcr_train\triplets\00093_neg_64.npy,data/hcr_train\triplets\00093_neg_128.npy,0.756,0.6687,0.6,430.01,597.6,344.0
94,18,Hard,finfet_10nm,data/hcr_train\triplets\00094_ref_64.npy,data/hcr_train\triplets\00094_ref_128.npy,data/hcr_train\triplets\00094_pos_64.npy,data/hcr_train\triplets\00094_pos_128.npy,data/hcr_train\triplets\00094_neg_64.npy,data/hcr_train\triplets\00094_neg_128.npy,0.756,0.6635,0.6,104.01,597.6,344.0
95,19,Adversarial,finfet_7nm,data/hcr_train\triplets\00095_ref_64.npy,data/hcr_train\triplets\00095_ref_128.npy,data/hcr_train\triplets\00095_pos_64.npy,data/hcr_train\triplets\00095_pos_128.npy,data/hcr_train\triplets\00095_neg_64.npy,data/hcr_train\triplets\00095_neg_128.npy,0.4353,0.4187,3.21,22.43,601.2,653.8
96,19,Adversarial,finfet_7nm,data/hcr_train\triplets\00096_ref_64.npy,data/hcr_train\triplets\00096_ref_128.npy,data/hcr_train\triplets\00096_pos_64.npy,data/hcr_train\triplets\00096_pos_128.npy,data/hcr_train\triplets\00096_neg_64.npy,data/hcr_train\triplets\00096_neg_128.npy,0.4353,0.3972,3.21,22.03,601.2,653.8
97,19,Adversarial,finfet_7nm,data/hcr_train\triplets\00097_ref_64.npy,data/hcr_train\triplets\00097_ref_128.npy,data/hcr_train\triplets\00097_pos_64.npy,data/hcr_train\triplets\00097_pos_128.npy,data/hcr_train\triplets\00097_neg_64.npy,data/hcr_train\triplets\00097_neg_128.npy,0.4353,0.3966,3.21,44.32,601.2,653.8
98,19,Adversarial,finfet_7nm,data/hcr_train\triplets\00098_ref_64.npy,data/hcr_train\triplets\00098_ref_128.npy,data/hcr_train\triplets\00098_pos_64.npy,data/hcr_train\triplets\00098_pos_128.npy,data/hcr_train\triplets\00098_neg_64.npy,data/hcr_train\triplets\00098_neg_128.npy,0.4353,0.3861,3.21,551.56,601.2,653.8
99,19,Adversarial,finfet_7nm,data/hcr_train\triplets\00099_ref_64.npy,data/hcr_train\triplets\00099_ref_128.npy,data/hcr_train\triplets\00099_pos_64.npy,data/hcr_train\triplets\00099_pos_128.npy,data/hcr_train\triplets\00099_neg_64.npy,data/hcr_train\triplets\00099_neg_128.npy,0.4353,0.38,3.21,570.34,601.2,653.8
100,20,Easy,dram_1x,data/hcr_train\triplets\00100_ref_64.npy,data/hcr_train\triplets\00100_ref_128.npy,data/hcr_train\triplets\00100_pos_64.npy,data/hcr_train\triplets\00100_pos_128.npy,data/hcr_train\triplets\00100_neg_64.npy,data/hcr_train\triplets\00100_neg_128.npy,0.9501,0.8983,0.3,96.0,585.7,464.0
101,20,Easy,dram_1x,data/hcr_train\triplets\00101_ref_64.npy,data/hcr_train\triplets\00101_ref_128.npy,data/hcr_train\triplets\00101_pos_64.npy,data/hcr_train\triplets\00101_pos_128.npy,data/hcr_train\triplets\00101_neg_64.npy,data/hcr_train\triplets\00101_neg_128.npy,0.9501,0.8653,0.3,48.0,585.7,464.0
102,20,Easy,dram_1x,data/hcr_train\triplets\00102_ref_64.npy,data/hcr_train\triplets\00102_ref_128.npy,data/hcr_train\triplets\00102_pos_64.npy,data/hcr_train\triplets\00102_pos_128.npy,data/hcr_train\triplets\00102_neg_64.npy,data/hcr_train\triplets\00102_neg_128.npy,0.9501,0.7791,0.3,48.01,585.7,464.0
103,20,Easy,dram_1x,data/hcr_train\triplets\00103_ref_64.npy,data/hcr_train\triplets\00103_ref_128.npy,data/hcr_train\triplets\00103_pos_64.npy,data/hcr_train\triplets\00103_pos_128.npy,data/hcr_train\triplets\00103_neg_64.npy,data/hcr_train\triplets\00103_neg_128.npy,0.9501,0.7297,0.3,64.0,585.7,464.0
104,20,Easy,dram_1x,data/hcr_train\triplets\00104_ref_64.npy,data/hcr_train\triplets\00104_ref_128.npy,data/hcr_train\triplets\00104_pos_64.npy,data/hcr_train\triplets\00104_pos_128.npy,data/hcr_train\triplets\00104_neg_64.npy,data/hcr_train\triplets\00104_neg_128.npy,0.9501,0.7143,0.3,144.0,585.7,464.0
105,21,Medium,dram_dense,data/hcr_train\triplets\00105_ref_64.npy,data/hcr_train\triplets\00105_ref_128.npy,data/hcr_train\triplets\00105_pos_64.npy,data/hcr_train\triplets\00105_pos_128.npy,data/hcr_train\triplets\00105_neg_64.npy,data/hcr_train\triplets\00105_neg_128.npy,0.8553,0.8271,0.54,115.2,832.5,53.8
106,21,Medium,dram_dense,data/hcr_train\triplets\00106_ref_64.npy,data/hcr_train\triplets\00106_ref_128.npy,data/hcr_train\triplets\00106_pos_64.npy,data/hcr_train\triplets\00106_pos_128.npy,data/hcr_train\triplets\00106_neg_64.npy,data/hcr_train\triplets\00106_neg_128.npy,0.8553,0.8086,0.54,153.2,832.5,53.8
107,21,Medium,dram_dense,data/hcr_train\triplets\00107_ref_64.npy,data/hcr_train\triplets\00107_ref_128.npy,data/hcr_train\triplets\00107_pos_64.npy,data/hcr_train\triplets\00107_pos_128.npy,data/hcr_train\triplets\00107_neg_64.npy,data/hcr_train\triplets\00107_neg_128.npy,0.8553,0.7977,0.54,102.2,832.5,53.8
108,21,Medium,dram_dense,data/hcr_train\triplets\00108_ref_64.npy,data/hcr_train\triplets\00108_ref_128.npy,data/hcr_train\triplets\00108_pos_64.npy,data/hcr_train\triplets\00108_pos_128.npy,data/hcr_train\triplets\00108_neg_64.npy,data/hcr_train\triplets\00108_neg_128.npy,0.8553,0.7919,0.54,13.21,832.5,53.8
109,21,Medium,dram_dense,data/hcr_train\triplets\00109_ref_64.npy,data/hcr_train\triplets\00109_ref_128.npy,data/hcr_train\triplets\00109_pos_64.npy,data/hcr_train\triplets\00109_pos_128.npy,data/hcr_train\triplets\00109_neg_64.npy,data/hcr_train\triplets\00109_neg_128.npy,0.8553,0.7887,0.54,128.2,832.5,53.8
110,22,Hard,finfet_10nm,data/hcr_train\triplets\00110_ref_64.npy,data/hcr_train\triplets\00110_ref_128.npy,data/hcr_train\triplets\00110_pos_64.npy,data/hcr_train\triplets\00110_pos_128.npy,data/hcr_train\triplets\00110_neg_64.npy,data/hcr_train\triplets\00110_neg_128.npy,0.7196,0.728,0.76,59.7,248.7,94.3
111,22,Hard,finfet_10nm,data/hcr_train\triplets\00111_ref_64.npy,data/hcr_train\triplets\00111_ref_128.npy,data/hcr_train\triplets\00111_pos_64.npy,data/hcr_train\triplets\00111_pos_128.npy,data/hcr_train\triplets\00111_neg_64.npy,data/hcr_train\triplets\00111_neg_128.npy,0.7196,0.7168,0.76,89.7,248.7,94.3
112,22,Hard,finfet_10nm,data/hcr_train\triplets\00112_ref_64.npy,data/hcr_train\triplets\00112_ref_128.npy,data/hcr_train\triplets\00112_pos_64.npy,data/hcr_train\triplets\00112_pos_128.npy,data/hcr_train\triplets\00112_neg_64.npy,data/hcr_train\triplets\00112_neg_128.npy,0.7196,0.6787,0.76,29.71,248.7,94.3
113,22,Hard,finfet_10nm,data/hcr_train\triplets\00113_ref_64.npy,data/hcr_train\triplets\00113_ref_128.npy,data/hcr_train\triplets\00113_pos_64.npy,data/hcr_train\triplets\00113_pos_128.npy,data/hcr_train\triplets\00113_neg_64.npy,data/hcr_train\triplets\00113_neg_128.npy,0.7196,0.6753,0.76,119.7,248.7,94.3
114,22,Hard,finfet_10nm,data/hcr_train\triplets\00114_ref_64.npy,data/hcr_train\triplets\00114_ref_128.npy,data/hcr_train\triplets\00114_pos_64.npy,data/hcr_train\triplets\00114_pos_128.npy,data/hcr_train\triplets\00114_neg_64.npy,data/hcr_train\triplets\00114_neg_128.npy,0.7196,0.6674,0.76,382.7,248.7,94.3
115,23,Adversarial,finfet_7nm,data/hcr_train\triplets\00115_ref_64.npy,data/hcr_train\triplets\00115_ref_128.npy,data/hcr_train\triplets\00115_pos_64.npy,data/hcr_train\triplets\00115_pos_128.npy,data/hcr_train\triplets\00115_neg_64.npy,data/hcr_train\triplets\00115_neg_128.npy,0.499,0.5106,0.67,164.11,718.6,186.3
116,23,Adversarial,finfet_7nm,data/hcr_train\triplets\00116_ref_64.npy,data/hcr_train\triplets\00116_ref_128.npy,data/hcr_train\triplets\00116_pos_64.npy,data/hcr_train\triplets\00116_pos_128.npy,data/hcr_train\triplets\00116_neg_64.npy,data/hcr_train\triplets\00116_neg_128.npy,0.499,0.5058,0.67,179.0,718.6,186.3
117,23,Adversarial,finfet_7nm,data/hcr_train\triplets\00117_ref_64.npy,data/hcr_train\triplets\00117_ref_128.npy,data/hcr_train\triplets\00117_pos_64.npy,data/hcr_train\triplets\00117_pos_128.npy,data/hcr_train\triplets\00117_neg_64.npy,data/hcr_train\triplets\00117_neg_128.npy,0.499,0.5036,0.67,216.01,718.6,186.3
118,23,Adversarial,finfet_7nm,data/hcr_train\triplets\00118_ref_64.npy,data/hcr_train\triplets\00118_ref_128.npy,data/hcr_train\triplets\00118_pos_64.npy,data/hcr_train\triplets\00118_pos_128.npy,data/hcr_train\triplets\00118_neg_64.npy,data/hcr_train\triplets\00118_neg_128.npy,0.499,0.5005,0.67,164.52,718.6,186.3
119,23,Adversarial,finfet_7nm,data/hcr_train\triplets\00119_ref_64.npy,data/hcr_train\triplets\00119_ref_128.npy,data/hcr_train\triplets\00119_pos_64.npy,data/hcr_train\triplets\00119_pos_128.npy,data/hcr_train\triplets\00119_neg_64.npy,data/hcr_train\triplets\00119_neg_128.npy,0.499,0.4992,0.67,216.32,718.6,186.3
120,24,Easy,dram_1x,data/hcr_train\triplets\00120_ref_64.npy,data/hcr_train\triplets\00120_ref_128.npy,data/hcr_train\triplets\00120_pos_64.npy,data/hcr_train\triplets\00120_pos_128.npy,data/hcr_train\triplets\00120_neg_64.npy,data/hcr_train\triplets\00120_neg_128.npy,0.9164,0.9186,0.2,43.0,700.0,524.2
121,24,Easy,dram_1x,data/hcr_train\triplets\00121_ref_64.npy,data/hcr_train\triplets\00121_ref_128.npy,data/hcr_train\triplets\00121_pos_64.npy,data/hcr_train\triplets\00121_pos_128.npy,data/hcr_train\triplets\00121_neg_64.npy,data/hcr_train\triplets\00121_neg_128.npy,0.9164,0.9146,0.2,29.0,700.0,524.2
122,24,Easy,dram_1x,data/hcr_train\triplets\00122_ref_64.npy,data/hcr_train\triplets\00122_ref_128.npy,data/hcr_train\triplets\00122_pos_64.npy,data/hcr_train\triplets\00122_pos_128.npy,data/hcr_train\triplets\00122_neg_64.npy,data/hcr_train\triplets\00122_neg_128.npy,0.9164,0.9047,0.2,72.0,700.0,524.2
123,24,Easy,dram_1x,data/hcr_train\triplets\00123_ref_64.npy,data/hcr_train\triplets\00123_ref_128.npy,data/hcr_train\triplets\00123_pos_64.npy,data/hcr_train\triplets\00123_pos_128.npy,data/hcr_train\triplets\00123_neg_64.npy,data/hcr_train\triplets\00123_neg_128.npy,0.9164,0.9045,0.2,86.0,700.0,524.2
124,24,Easy,dram_1x,data/hcr_train\triplets\00124_ref_64.npy,data/hcr_train\triplets\00124_ref_128.npy,data/hcr_train\triplets\00124_pos_64.npy,data/hcr_train\triplets\00124_pos_128.npy,data/hcr_train\triplets\00124_neg_64.npy,data/hcr_train\triplets\00124_neg_128.npy,0.9164,0.9043,0.2,14.0,700.0,524.2
125,25,Medium,dram_dense,data/hcr_train\triplets\00125_ref_64.npy,data/hcr_train\triplets\00125_ref_128.npy,data/hcr_train\triplets\00125_pos_64.npy,data/hcr_train\triplets\00125_pos_128.npy,data/hcr_train\triplets\00125_neg_64.npy,data/hcr_train\triplets\00125_neg_128.npy,0.9143,0.8854,1.12,71.81,915.1,678.2
126,25,Medium,dram_dense,data/hcr_train\triplets\00126_ref_64.npy,data/hcr_train\triplets\00126_ref_128.npy,data/hcr_train\triplets\00126_pos_64.npy,data/hcr_train\triplets\00126_pos_128.npy,data/hcr_train\triplets\00126_neg_64.npy,data/hcr_train\triplets\00126_neg_128.npy,0.9143,0.8828,1.12,23.83,915.1,678.2
127,25,Medium,dram_dense,data/hcr_train\triplets\00127_ref_64.npy,data/hcr_train\triplets\00127_ref_128.npy,data/hcr_train\triplets\00127_pos_64.npy,data/hcr_train\triplets\00127_pos_128.npy,data/hcr_train\triplets\00127_neg_64.npy,data/hcr_train\triplets\00127_neg_128.npy,0.9143,0.8681,1.12,47.81,915.1,678.2
128,25,Medium,dram_dense,data/hcr_train\triplets\00128_ref_64.npy,data/hcr_train\triplets\00128_ref_128.npy,data/hcr_train\triplets\00128_pos_64.npy,data/hcr_train\triplets\00128_pos_128.npy,data/hcr_train\triplets\00128_neg_64.npy,data/hcr_train\triplets\00128_neg_128.npy,0.9143,0.8636,1.12,24.22,915.1,678.2
129,25,Medium,dram_dense,data/hcr_train\triplets\00129_ref_64.npy,data/hcr_train\triplets\00129_ref_128.npy,data/hcr_train\triplets\00129_pos_64.npy,data/hcr_train\triplets\00129_pos_128.npy,data/hcr_train\triplets\00129_neg_64.npy,data/hcr_train\triplets\00129_neg_128.npy,0.9143,0.8624,1.12,653.57,915.1,678.2
130,26,Hard,finfet_10nm,data/hcr_train\triplets\00130_ref_64.npy,data/hcr_train\triplets\00130_ref_128.npy,data/hcr_train\triplets\00130_pos_64.npy,data/hcr_train\triplets\00130_pos_128.npy,data/hcr_train\triplets\00130_neg_64.npy,data/hcr_train\triplets\00130_neg_128.npy,0.7162,0.6961,1.77,387.87,547.7,439.5
131,26,Hard,finfet_10nm,data/hcr_train\triplets\00131_ref_64.npy,data/hcr_train\triplets\00131_ref_128.npy,data/hcr_train\triplets\00131_pos_64.npy,data/hcr_train\triplets\00131_pos_128.npy,data/hcr_train\triplets\00131_neg_64.npy,data/hcr_train\triplets\00131_neg_128.npy,0.7162,0.6907,1.77,52.53,547.7,439.5
132,26,Hard,finfet_10nm,data/hcr_train\triplets\00132_ref_64.npy,data/hcr_train\triplets\00132_ref_128.npy,data/hcr_train\triplets\00132_pos_64.npy,data/hcr_train\triplets\00132_pos_128.npy,data/hcr_train\triplets\00132_neg_64.npy,data/hcr_train\triplets\00132_neg_128.npy,0.7162,0.6829,1.77,462.81,547.7,439.5
133,26,Hard,finfet_10nm,data/hcr_train\triplets\00133_ref_64.npy,data/hcr_train\triplets\00133_ref_128.npy,data/hcr_train\triplets\00133_pos_64.npy,data/hcr_train\triplets\00133_pos_128.npy,data/hcr_train\triplets\00133_neg_64.npy,data/hcr_train\triplets\00133_neg_128.npy,0.7162,0.6814,1.77,423.81,547.7,439.5
134,26,Hard,finfet_10nm,data/hcr_train\triplets\00134_ref_64.npy,data/hcr_train\triplets\00134_ref_128.npy,data/hcr_train\triplets\00134_pos_64.npy,data/hcr_train\triplets\00134_pos_128.npy,data/hcr_train\triplets\00134_neg_64.npy,data/hcr_train\triplets\00134_neg_128.npy,0.7162,0.648,1.77,51.5,547.7,439.5
135,27,Adversarial,finfet_7nm,data/hcr_train\triplets\00135_ref_64.npy,data/hcr_train\triplets\00135_ref_128.npy,data/hcr_train\triplets\00135_pos_64.npy,data/hcr_train\triplets\00135_pos_128.npy,data/hcr_train\triplets\00135_neg_64.npy,data/hcr_train\triplets\00135_neg_128.npy,0.364,0.2658,4.4,290.92,852.4,836.9
136,27,Adversarial,finfet_7nm,data/hcr_train\triplets\00136_ref_64.npy,data/hcr_train\triplets\00136_ref_128.npy,data/hcr_train\triplets\00136_pos_64.npy,data/hcr_train\triplets\00136_pos_128.npy,data/hcr_train\triplets\00136_neg_64.npy,data/hcr_train\triplets\00136_neg_128.npy,0.364,0.2613,4.4,18.42,852.4,836.9
137,27,Adversarial,finfet_7nm,data/hcr_train\triplets\00137_ref_64.npy,data/hcr_train\triplets\00137_ref_128.npy,data/hcr_train\triplets\00137_pos_64.npy,data/hcr_train\triplets\00137_pos_128.npy,data/hcr_train\triplets\00137_neg_64.npy,data/hcr_train\triplets\00137_neg_128.npy,0.364,0.2376,4.4,293.41,852.4,836.9
138,27,Adversarial,finfet_7nm,data/hcr_train\triplets\00138_ref_64.npy,data/hcr_train\triplets\00138_ref_128.npy,data/hcr_train\triplets\00138_pos_64.npy,data/hcr_train\triplets\00138_pos_128.npy,data/hcr_train\triplets\00138_neg_64.npy,data/hcr_train\triplets\00138_neg_128.npy,0.364,0.2309,4.4,109.13,852.4,836.9
139,27,Adversarial,finfet_7nm,data/hcr_train\triplets\00139_ref_64.npy,data/hcr_train\triplets\00139_ref_128.npy,data/hcr_train\triplets\00139_pos_64.npy,data/hcr_train\triplets\00139_pos_128.npy,data/hcr_train\triplets\00139_neg_64.npy,data/hcr_train\triplets\00139_neg_128.npy,0.364,0.2308,4.4,54.01,852.4,836.9
140,28,Easy,dram_1x,data/hcr_train\triplets\00140_ref_64.npy,data/hcr_train\triplets\00140_ref_128.npy,data/hcr_train\triplets\00140_pos_64.npy,data/hcr_train\triplets\00140_pos_128.npy,data/hcr_train\triplets\00140_neg_64.npy,data/hcr_train\triplets\00140_neg_128.npy,0.8976,0.8924,0.78,71.5,253.6,445.5
141,28,Easy,dram_1x,data/hcr_train\triplets\00141_ref_64.npy,data/hcr_train\triplets\00141_ref_128.npy,data/hcr_train\triplets\00141_pos_64.npy,data/hcr_train\triplets\00141_pos_128.npy,data/hcr_train\triplets\00141_neg_64.npy,data/hcr_train\triplets\00141_neg_128.npy,0.8976,0.8342,0.78,107.5,253.6,445.5
142,28,Easy,dram_1x,data/hcr_train\triplets\00142_ref_64.npy,data/hcr_train\triplets\00142_ref_128.npy,data/hcr_train\triplets\00142_pos_64.npy,data/hcr_train\triplets\00142_pos_128.npy,data/hcr_train\triplets\00142_neg_64.npy,data/hcr_train\triplets\00142_neg_128.npy,0.8976,0.8299,0.78,35.51,253.6,445.5
143,28,Easy,dram_1x,data/hcr_train\triplets\00143_ref_64.npy,data/hcr_train\triplets\00143_ref_128.npy,data/hcr_train\triplets\00143_pos_64.npy,data/hcr_train\triplets\00143_pos_128.npy,data/hcr_train\triplets\00143_neg_64.npy,data/hcr_train\triplets\00143_neg_128.npy,0.8976,0.8229,0.78,35.51,253.6,445.5
144,28,Easy,dram_1x,data/hcr_train\triplets\00144_ref_64.npy,data/hcr_train\triplets\00144_ref_128.npy,data/hcr_train\triplets\00144_pos_64.npy,data/hcr_train\triplets\00144_pos_128.npy,data/hcr_train\triplets\00144_neg_64.npy,data/hcr_train\triplets\00144_neg_128.npy,0.8976,0.8001,0.78,48.5,253.6,445.5
145,29,Medium,dram_dense,data/hcr_train\triplets\00145_ref_64.npy,data/hcr_train\triplets\00145_ref_128.npy,data/hcr_train\triplets\00145_pos_64.npy,data/hcr_train\triplets\00145_pos_128.npy,data/hcr_train\triplets\00145_neg_64.npy,data/hcr_train\triplets\00145_neg_128.npy,0.8673,0.887,1.55,515.89,74.5,774.6
146,29,Medium,dram_dense,data/hcr_train\triplets\00146_ref_64.npy,data/hcr_train\triplets\00146_ref_128.npy,data/hcr_train\triplets\00146_pos_64.npy,data/hcr_train\triplets\00146_pos_128.npy,data/hcr_train\triplets\00146_neg_64.npy,data/hcr_train\triplets\00146_neg_128.npy,0.8673,0.8846,1.55,529.96,74.5,774.6
147,29,Medium,dram_dense,data/hcr_train\triplets\00147_ref_64.npy,data/hcr_train\triplets\00147_ref_128.npy,data/hcr_train\triplets\00147_pos_64.npy,data/hcr_train\triplets\00147_pos_128.npy,data/hcr_train\triplets\00147_neg_64.npy,data/hcr_train\triplets\00147_neg_128.npy,0.8673,0.8825,1.55,544.73,74.5,774.6
148,29,Medium,dram_dense,data/hcr_train\triplets\00148_ref_64.npy,data/hcr_train\triplets\00148_ref_128.npy,data/hcr_train\triplets\00148_pos_64.npy,data/hcr_train\triplets\00148_pos_128.npy,data/hcr_train\triplets\00148_neg_64.npy,data/hcr_train\triplets\00148_neg_128.npy,0.8673,0.8771,1.55,486.77,74.5,774.6
149,29,Medium,dram_dense,data/hcr_train\triplets\00149_ref_64.npy,data/hcr_train\triplets\00149_ref_128.npy,data/hcr_train\triplets\00149_pos_64.npy,data/hcr_train\triplets\00149_pos_128.npy,data/hcr_train\triplets\00149_neg_64.npy,data/hcr_train\triplets\00149_neg_128.npy,0.8673,0.874,1.55,427.21,74.5,774.6
150,30,Hard,finfet_10nm,data/hcr_train\triplets\00150_ref_64.npy,data/hcr_train\triplets\00150_ref_128.npy,data/hcr_train\triplets\00150_pos_64.npy,data/hcr_train\triplets\00150_pos_128.npy,data/hcr_train\triplets\00150_neg_64.npy,data/hcr_train\triplets\00150_neg_128.npy,0.7313,0.7122,1.22,83.8,121.2,282.2
151,30,Hard,finfet_10nm,data/hcr_train\triplets\00151_ref_64.npy,data/hcr_train\triplets\00151_ref_128.npy,data/hcr_train\triplets\00151_pos_64.npy,data/hcr_train\triplets\00151_pos_128.npy,data/hcr_train\triplets\00151_neg_64.npy,data/hcr_train\triplets\00151_neg_128.npy,0.7313,0.6526,1.22,54.8,121.2,282.2
152,30,Hard,finfet_10nm,data/hcr_train\triplets\00152_ref_64.npy,data/hcr_train\triplets\00152_ref_128.npy,data/hcr_train\triplets\00152_pos_64.npy,data/hcr_train\triplets\00152_pos_128.npy,data/hcr_train\triplets\00152_neg_64.npy,data/hcr_train\triplets\00152_neg_128.npy,0.7313,0.6207,1.22,56.2,121.2,282.2
153,30,Hard,finfet_10nm,data/hcr_train\triplets\00153_ref_64.npy,data/hcr_train\triplets\00153_ref_128.npy,data/hcr_train\triplets\00153_pos_64.npy,data/hcr_train\triplets\00153_pos_128.npy,data/hcr_train\triplets\00153_neg_64.npy,data/hcr_train\triplets\00153_neg_128.npy,0.7313,0.6194,1.22,29.2,121.2,282.2
154,30,Hard,finfet_10nm,data/hcr_train\triplets\00154_ref_64.npy,data/hcr_train\triplets\00154_ref_128.npy,data/hcr_train\triplets\00154_pos_64.npy,data/hcr_train\triplets\00154_pos_128.npy,data/hcr_train\triplets\00154_neg_64.npy,data/hcr_train\triplets\00154_neg_128.npy,0.7313,0.6165,1.22,11.8,121.2,282.2
155,31,Adversarial,finfet_7nm,data/hcr_train\triplets\00155_ref_64.npy,data/hcr_train\triplets\00155_ref_128.npy,data/hcr_train\triplets\00155_pos_64.npy,data/hcr_train\triplets\00155_pos_128.npy,data/hcr_train\triplets\00155_neg_64.npy,data/hcr_train\triplets\00155_neg_128.npy,0.4877,0.4862,0.89,19.8,410.8,257.4
156,31,Adversarial,finfet_7nm,data/hcr_train\triplets\00156_ref_64.npy,data/hcr_train\triplets\00156_ref_128.npy,data/hcr_train\triplets\00156_pos_64.npy,data/hcr_train\triplets\00156_pos_128.npy,data/hcr_train\triplets\00156_neg_64.npy,data/hcr_train\triplets\00156_neg_128.npy,0.4877,0.4839,0.89,18.2,410.8,257.4
157,31,Adversarial,finfet_7nm,data/hcr_train\triplets\00157_ref_64.npy,data/hcr_train\triplets\00157_ref_128.npy,data/hcr_train\triplets\00157_pos_64.npy,data/hcr_train\triplets\00157_pos_128.npy,data/hcr_train\triplets\00157_neg_64.npy,data/hcr_train\triplets\00157_neg_128.npy,0.4877,0.4813,0.89,38.8,410.8,257.4
158,31,Adversarial,finfet_7nm,data/hcr_train\triplets\00158_ref_64.npy,data/hcr_train\triplets\00158_ref_128.npy,data/hcr_train\triplets\00158_pos_64.npy,data/hcr_train\triplets\00158_pos_128.npy,data/hcr_train\triplets\00158_neg_64.npy,data/hcr_train\triplets\00158_neg_128.npy,0.4877,0.4748,0.89,37.2,410.8,257.4
159,31,Adversarial,finfet_7nm,data/hcr_train\triplets\00159_ref_64.npy,data/hcr_train\triplets\00159_ref_128.npy,data/hcr_train\triplets\00159_pos_64.npy,data/hcr_train\triplets\00159_pos_128.npy,data/hcr_train\triplets\00159_neg_64.npy,data/hcr_train\triplets\00159_neg_128.npy,0.4877,0.4738,0.89,76.2,410.8,257.4
160,32,Easy,dram_1x,data/hcr_train\triplets\00160_ref_64.npy,data/hcr_train\triplets\00160_ref_128.npy,data/hcr_train\triplets\00160_pos_64.npy,data/hcr_train\triplets\00160_pos_128.npy,data/hcr_train\triplets\00160_neg_64.npy,data/hcr_train\triplets\00160_neg_128.npy,0.8914,0.79,0.3,95.3,542.0,804.3
161,32,Easy,dram_1x,data/hcr_train\triplets\00161_ref_64.npy,data/hcr_train\triplets\00161_ref_128.npy,data/hcr_train\triplets\00161_pos_64.npy,data/hcr_train\triplets\00161_pos_128.npy,data/hcr_train\triplets\00161_neg_64.npy,data/hcr_train\triplets\00161_neg_128.npy,0.8914,0.7839,0.3,114.3,542.0,804.3
162,32,Easy,dram_1x,data/hcr_train\triplets\00162_ref_64.npy,data/hcr_train\triplets\00162_ref_128.npy,data/hcr_train\triplets\00162_pos_64.npy,data/hcr_train\triplets\00162_pos_128.npy,data/hcr_train\triplets\00162_neg_64.npy,data/hcr_train\triplets\00162_neg_128.npy,0.8914,0.7724,0.3,19.3,542.0,804.3
163,32,Easy,dram_1x,data/hcr_train\triplets\00163_ref_64.npy,data/hcr_train\triplets\00163_ref_128.npy,data/hcr_train\triplets\00163_pos_64.npy,data/hcr_train\triplets\00163_pos_128.npy,data/hcr_train\triplets\00163_neg_64.npy,data/hcr_train\triplets\00163_neg_128.npy,0.8914,0.7586,0.3,171.3,542.0,804.3
164,32,Easy,dram_1x,data/hcr_train\triplets\00164_ref_64.npy,data/hcr_train\triplets\00164_ref_128.npy,data/hcr_train\triplets\00164_pos_64.npy,data/hcr_train\triplets\00164_pos_128.npy,data/hcr_train\triplets\00164_neg_64.npy,data/hcr_train\triplets\00164_neg_128.npy,0.8914,0.7552,0.3,152.3,542.0,804.3
165,33,Medium,dram_dense,data/hcr_train\triplets\00165_ref_64.npy,data/hcr_train\triplets\00165_ref_128.npy,data/hcr_train\triplets\00165_pos_64.npy,data/hcr_train\triplets\00165_pos_128.npy,data/hcr_train\triplets\00165_neg_64.npy,data/hcr_train\triplets\00165_neg_128.npy,0.9045,0.8792,1.43,109.4,204.4,932.3
166,33,Medium,dram_dense,data/hcr_train\triplets\00166_ref_64.npy,data/hcr_train\triplets\00166_ref_128.npy,data/hcr_train\triplets\00166_pos_64.npy,data/hcr_train\triplets\00166_pos_128.npy,data/hcr_train\triplets\00166_neg_64.npy,data/hcr_train\triplets\00166_neg_128.npy,0.9045,0.855,1.43,145.4,204.4,932.3
167,33,Medium,dram_dense,data/hcr_train\triplets\00167_ref_64.npy,data/hcr_train\triplets\00167_ref_128.npy,data/hcr_train\triplets\00167_pos_64.npy,data/hcr_train\triplets\00167_pos_128.npy,data/hcr_train\triplets\00167_neg_64.npy,data/hcr_train\triplets\00167_neg_128.npy,0.9045,0.8487,1.43,895.74,204.4,932.3
168,33,Medium,dram_dense,data/hcr_train\triplets\00168_ref_64.npy,data/hcr_train\triplets\00168_ref_128.npy,data/hcr_train\triplets\00168_pos_64.npy,data/hcr_train\triplets\00168_pos_128.npy,data/hcr_train\triplets\00168_neg_64.npy,data/hcr_train\triplets\00168_neg_128.npy,0.9045,0.8443,1.43,754.31,204.4,932.3
169,33,Medium,dram_dense,data/hcr_train\triplets\00169_ref_64.npy,data/hcr_train\triplets\00169_ref_128.npy,data/hcr_train\triplets\00169_pos_64.npy,data/hcr_train\triplets\00169_pos_128.npy,data/hcr_train\triplets\00169_neg_64.npy,data/hcr_train\triplets\00169_neg_128.npy,0.9045,0.8442,1.43,73.4,204.4,932.3
170,34,Hard,finfet_10nm,data/hcr_train\triplets\00170_ref_64.npy,data/hcr_train\triplets\00170_ref_128.npy,data/hcr_train\triplets\00170_pos_64.npy,data/hcr_train\triplets\00170_pos_128.npy,data/hcr_train\triplets\00170_neg_64.npy,data/hcr_train\triplets\00170_neg_128.npy,0.7641,0.7785,1.49,410.69,785.4,359.5
171,34,Hard,finfet_10nm,data/hcr_train\triplets\00171_ref_64.npy,data/hcr_train\triplets\00171_ref_128.npy,data/hcr_train\triplets\00171_pos_64.npy,data/hcr_train\triplets\00171_pos_128.npy,data/hcr_train\triplets\00171_neg_64.npy,data/hcr_train\triplets\00171_neg_128.npy,0.7641,0.776,1.49,382.71,785.4,359.5
172,34,Hard,finfet_10nm,data/hcr_train\triplets\00172_ref_64.npy,data/hcr_train\triplets\00172_ref_128.npy,data/hcr_train\triplets\00172_pos_64.npy,data/hcr_train\triplets\00172_pos_128.npy,data/hcr_train\triplets\00172_neg_64.npy,data/hcr_train\triplets\00172_neg_128.npy,0.7641,0.7754,1.49,80.0,785.4,359.5
173,34,Hard,finfet_10nm,data/hcr_train\triplets\00173_ref_64.npy,data/hcr_train\triplets\00173_ref_128.npy,data/hcr_train\triplets\00173_pos_64.npy,data/hcr_train\triplets\00173_pos_128.npy,data/hcr_train\triplets\00173_neg_64.npy,data/hcr_train\triplets\00173_neg_128.npy,0.7641,0.7748,1.49,438.67,785.4,359.5
174,34,Hard,finfet_10nm,data/hcr_train\triplets\00174_ref_64.npy,data/hcr_train\triplets\00174_ref_128.npy,data/hcr_train\triplets\00174_pos_64.npy,data/hcr_train\triplets\00174_pos_128.npy,data/hcr_train\triplets\00174_neg_64.npy,data/hcr_train\triplets\00174_neg_128.npy,0.7641,0.7736,1.49,140.4,785.4,359.5
175,36,Easy,dram_1x,data/hcr_train\triplets\00175_ref_64.npy,data/hcr_train\triplets\00175_ref_128.npy,data/hcr_train\triplets\00175_pos_64.npy,data/hcr_train\triplets\00175_pos_128.npy,data/hcr_train\triplets\00175_neg_64.npy,data/hcr_train\triplets\00175_neg_128.npy,0.9048,0.8833,0.57,64.4,852.4,147.6
176,36,Easy,dram_1x,data/hcr_train\triplets\00176_ref_64.npy,data/hcr_train\triplets\00176_ref_128.npy,data/hcr_train\triplets\00176_pos_64.npy,data/hcr_train\triplets\00176_pos_128.npy,data/hcr_train\triplets\00176_neg_64.npy,data/hcr_train\triplets\00176_neg_128.npy,0.9048,0.8291,0.57,14.41,852.4,147.6
177,36,Easy,dram_1x,data/hcr_train\triplets\00177_ref_64.npy,data/hcr_train\triplets\00177_ref_128.npy,data/hcr_train\triplets\00177_pos_64.npy,data/hcr_train\triplets\00177_pos_128.npy,data/hcr_train\triplets\00177_neg_64.npy,data/hcr_train\triplets\00177_neg_128.npy,0.9048,0.8266,0.57,14.61,852.4,147.6
178,36,Easy,dram_1x,data/hcr_train\triplets\00178_ref_64.npy,data/hcr_train\triplets\00178_ref_128.npy,data/hcr_train\triplets\00178_pos_64.npy,data/hcr_train\triplets\00178_pos_128.npy,data/hcr_train\triplets\00178_neg_64.npy,data/hcr_train\triplets\00178_neg_128.npy,0.9048,0.7987,0.57,79.6,852.4,147.6
179,36,Easy,dram_1x,data/hcr_train\triplets\00179_ref_64.npy,data/hcr_train\triplets\00179_ref_128.npy,data/hcr_train\triplets\00179_pos_64.npy,data/hcr_train\triplets\00179_pos_128.npy,data/hcr_train\triplets\00179_neg_64.npy,data/hcr_train\triplets\00179_neg_128.npy,0.9048,0.7814,0.57,94.6,852.4,147.6
180,37,Medium,dram_dense,data/hcr_train\triplets\00180_ref_64.npy,data/hcr_train\triplets\00180_ref_128.npy,data/hcr_train\triplets\00180_pos_64.npy,data/hcr_train\triplets\00180_pos_128.npy,data/hcr_train\triplets\00180_neg_64.npy,data/hcr_train\triplets\00180_neg_128.npy,0.9243,0.9036,0.32,48.3,747.3,241.9
181,37,Medium,dram_dense,data/hcr_train\triplets\00181_ref_64.npy,data/hcr_train\triplets\00181_ref_128.npy,data/hcr_train\triplets\00181_pos_64.npy,data/hcr_train\triplets\00181_pos_128.npy,data/hcr_train\triplets\00181_neg_64.npy,data/hcr_train\triplets\00181_neg_128.npy,0.9243,0.9018,0.32,96.3,747.3,241.9
182,37,Medium,dram_dense,data/hcr_train\triplets\00182_ref_64.npy,data/hcr_train\triplets\00182_ref_128.npy,data/hcr_train\triplets\00182_pos_64.npy,data/hcr_train\triplets\00182_pos_128.npy,data/hcr_train\triplets\00182_neg_64.npy,data/hcr_train\triplets\00182_neg_128.npy,0.9243,0.8639,0.32,47.7,747.3,241.9
183,37,Medium,dram_dense,data/hcr_train\triplets\00183_ref_64.npy,data/hcr_train\triplets\00183_ref_128.npy,data/hcr_train\triplets\00183_pos_64.npy,data/hcr_train\triplets\00183_pos_128.npy,data/hcr_train\triplets\00183_neg_64.npy,data/hcr_train\triplets\00183_neg_128.npy,0.9243,0.8588,0.32,24.3,747.3,241.9
184,37,Medium,dram_dense,data/hcr_train\triplets\00184_ref_64.npy,data/hcr_train\triplets\00184_ref_128.npy,data/hcr_train\triplets\00184_pos_64.npy,data/hcr_train\triplets\00184_pos_128.npy,data/hcr_train\triplets\00184_neg_64.npy,data/hcr_train\triplets\00184_neg_128.npy,0.9243,0.8508,0.32,72.3,747.3,241.9
185,38,Hard,finfet_10nm,data/hcr_train\triplets\00185_ref_64.npy,data/hcr_train\triplets\00185_ref_128.npy,data/hcr_train\triplets\00185_pos_64.npy,data/hcr_train\triplets\00185_pos_128.npy,data/hcr_train\triplets\00185_neg_64.npy,data/hcr_train\triplets\00185_neg_128.npy,0.6537,0.6876,1.21,119.51,523.1,357.5
186,38,Hard,finfet_10nm,data/hcr_train\triplets\00186_ref_64.npy,data/hcr_train\triplets\00186_ref_128.npy,data/hcr_train\triplets\00186_pos_64.npy,data/hcr_train\triplets\00186_pos_128.npy,data/hcr_train\triplets\00186_neg_64.npy,data/hcr_train\triplets\00186_neg_128.npy,0.6537,0.6843,1.21,89.51,523.1,357.5
187,38,Hard,finfet_10nm,data/hcr_train\triplets\00187_ref_64.npy,data/hcr_train\triplets\00187_ref_128.npy,data/hcr_train\triplets\00187_pos_64.npy,data/hcr_train\triplets\00187_pos_128.npy,data/hcr_train\triplets\00187_neg_64.npy,data/hcr_train\triplets\00187_neg_128.npy,0.6537,0.6608,1.21,60.51,523.1,357.5
188,38,Hard,finfet_10nm,data/hcr_train\triplets\00188_ref_64.npy,data/hcr_train\triplets\00188_ref_128.npy,data/hcr_train\triplets\00188_pos_64.npy,data/hcr_train\triplets\00188_pos_128.npy,data/hcr_train\triplets\00188_neg_64.npy,data/hcr_train\triplets\00188_neg_128.npy,0.6537,0.6532,1.21,30.52,523.1,357.5
189,38,Hard,finfet_10nm,data/hcr_train\triplets\00189_ref_64.npy,data/hcr_train\triplets\00189_ref_128.npy,data/hcr_train\triplets\00189_pos_64.npy,data/hcr_train\triplets\00189_pos_128.npy,data/hcr_train\triplets\00189_neg_64.npy,data/hcr_train\triplets\00189_neg_128.npy,0.6537,0.645,1.21,104.9,523.1,357.5
190,40,Easy,dram_1x,data/hcr_train\triplets\00190_ref_64.npy,data/hcr_train\triplets\00190_ref_128.npy,data/hcr_train\triplets\00190_pos_64.npy,data/hcr_train\triplets\00190_pos_128.npy,data/hcr_train\triplets\00190_neg_64.npy,data/hcr_train\triplets\00190_neg_128.npy,0.9566,0.9467,0.61,72.6,185.6,677.9
191,40,Easy,dram_1x,data/hcr_train\triplets\00191_ref_64.npy,data/hcr_train\triplets\00191_ref_128.npy,data/hcr_train\triplets\00191_pos_64.npy,data/hcr_train\triplets\00191_pos_128.npy,data/hcr_train\triplets\00191_neg_64.npy,data/hcr_train\triplets\00191_neg_128.npy,0.9566,0.9405,0.61,36.6,185.6,677.9
192,40,Easy,dram_1x,data/hcr_train\triplets\00192_ref_64.npy,data/hcr_train\triplets\00192_ref_128.npy,data/hcr_train\triplets\00192_pos_64.npy,data/hcr_train\triplets\00192_pos_128.npy,data/hcr_train\triplets\00192_neg_64.npy,data/hcr_train\triplets\00192_neg_128.npy,0.9566,0.9369,0.61,108.6,185.6,677.9
193,40,Easy,dram_1x,data/hcr_train\triplets\00193_ref_64.npy,data/hcr_train\triplets\00193_ref_128.npy,data/hcr_train\triplets\00193_pos_64.npy,data/hcr_train\triplets\00193_pos_128.npy,data/hcr_train\triplets\00193_neg_64.npy,data/hcr_train\triplets\00193_neg_128.npy,0.9566,0.9336,0.61,72.1,185.6,677.9
194,40,Easy,dram_1x,data/hcr_train\triplets\00194_ref_64.npy,data/hcr_train\triplets\00194_ref_128.npy,data/hcr_train\triplets\00194_pos_64.npy,data/hcr_train\triplets\00194_pos_128.npy,data/hcr_train\triplets\00194_neg_64.npy,data/hcr_train\triplets\00194_neg_128.npy,0.9566,0.9225,0.61,102.32,185.6,677.9
195,43,Adversarial,finfet_7nm,data/hcr_train\triplets\00195_ref_64.npy,data/hcr_train\triplets\00195_ref_128.npy,data/hcr_train\triplets\00195_pos_64.npy,data/hcr_train\triplets\00195_pos_128.npy,data/hcr_train\triplets\00195_neg_64.npy,data/hcr_train\triplets\00195_neg_128.npy,0.4444,0.4308,1.84,65.8,505.8,324.4
196,43,Adversarial,finfet_7nm,data/hcr_train\triplets\00196_ref_64.npy,data/hcr_train\triplets\00196_ref_128.npy,data/hcr_train\triplets\00196_pos_64.npy,data/hcr_train\triplets\00196_pos_128.npy,data/hcr_train\triplets\00196_neg_64.npy,data/hcr_train\triplets\00196_neg_128.npy,0.4444,0.4307,1.84,33.8,505.8,324.4
197,43,Adversarial,finfet_7nm,data/hcr_train\triplets\00197_ref_64.npy,data/hcr_train\triplets\00197_ref_128.npy,data/hcr_train\triplets\00197_pos_64.npy,data/hcr_train\triplets\00197_pos_128.npy,data/hcr_train\triplets\00197_neg_64.npy,data/hcr_train\triplets\00197_neg_128.npy,0.4444,0.4293,1.84,49.8,505.8,324.4
198,43,Adversarial,finfet_7nm,data/hcr_train\triplets\00198_ref_64.npy,data/hcr_train\triplets\00198_ref_128.npy,data/hcr_train\triplets\00198_pos_64.npy,data/hcr_train\triplets\00198_pos_128.npy,data/hcr_train\triplets\00198_neg_64.npy,data/hcr_train\triplets\00198_neg_128.npy,0.4444,0.4268,1.84,17.8,505.8,324.4
199,43,Adversarial,finfet_7nm,data/hcr_train\triplets\00199_ref_64.npy,data/hcr_train\triplets\00199_ref_128.npy,data/hcr_train\triplets\00199_pos_64.npy,data/hcr_train\triplets\00199_pos_128.npy,data/hcr_train\triplets\00199_neg_64.npy,data/hcr_train\triplets\00199_neg_128.npy,0.4444,0.424,1.84,81.8,505.8,324.4
200,44,Easy,dram_1x,data/hcr_train\triplets\00200_ref_64.npy,data/hcr_train\triplets\00200_ref_128.npy,data/hcr_train\triplets\00200_pos_64.npy,data/hcr_train\triplets\00200_pos_128.npy,data/hcr_train\triplets\00200_neg_64.npy,data/hcr_train\triplets\00200_neg_128.npy,0.9444,0.8829,0.54,28.5,435.5,545.2
201,44,Easy,dram_1x,data/hcr_train\triplets\00201_ref_64.npy,data/hcr_train\triplets\00201_ref_128.npy,data/hcr_train\triplets\00201_pos_64.npy,data/hcr_train\triplets\00201_pos_128.npy,data/hcr_train\triplets\00201_neg_64.npy,data/hcr_train\triplets\00201_neg_128.npy,0.9444,0.86,0.54,28.5,435.5,545.2
202,44,Easy,dram_1x,data/hcr_train\triplets\00202_ref_64.npy,data/hcr_train\triplets\00202_ref_128.npy,data/hcr_train\triplets\00202_pos_64.npy,data/hcr_train\triplets\00202_pos_128.npy,data/hcr_train\triplets\00202_neg_64.npy,data/hcr_train\triplets\00202_neg_128.npy,0.9444,0.8557,0.54,86.5,435.5,545.2
203,44,Easy,dram_1x,data/hcr_train\triplets\00203_ref_64.npy,data/hcr_train\triplets\00203_ref_128.npy,data/hcr_train\triplets\00203_pos_64.npy,data/hcr_train\triplets\00203_pos_128.npy,data/hcr_train\triplets\00203_neg_64.npy,data/hcr_train\triplets\00203_neg_128.npy,0.9444,0.8522,0.54,72.5,435.5,545.2
204,44,Easy,dram_1x,data/hcr_train\triplets\00204_ref_64.npy,data/hcr_train\triplets\00204_ref_128.npy,data/hcr_train\triplets\00204_pos_64.npy,data/hcr_train\triplets\00204_pos_128.npy,data/hcr_train\triplets\00204_neg_64.npy,data/hcr_train\triplets\00204_neg_128.npy,0.9444,0.8443,0.54,57.5,435.5,545.2
205,45,Medium,dram_dense,data/hcr_train\triplets\00205_ref_64.npy,data/hcr_train\triplets\00205_ref_128.npy,data/hcr_train\triplets\00205_pos_64.npy,data/hcr_train\triplets\00205_pos_128.npy,data/hcr_train\triplets\00205_neg_64.npy,data/hcr_train\triplets\00205_neg_128.npy,0.8872,0.519,0.5,15.01,866.5,571.0
206,45,Medium,dram_dense,data/hcr_train\triplets\00206_ref_64.npy,data/hcr_train\triplets\00206_ref_128.npy,data/hcr_train\triplets\00206_pos_64.npy,data/hcr_train\triplets\00206_pos_128.npy,data/hcr_train\triplets\00206_neg_64.npy,data/hcr_train\triplets\00206_neg_128.npy,0.8872,0.4963,0.5,14.01,866.5,571.0
207,45,Medium,dram_dense,data/hcr_train\triplets\00207_ref_64.npy,data/hcr_train\triplets\00207_ref_128.npy,data/hcr_train\triplets\00207_pos_64.npy,data/hcr_train\triplets\00207_pos_128.npy,data/hcr_train\triplets\00207_neg_64.npy,data/hcr_train\triplets\00207_neg_128.npy,0.8872,0.4509,0.5,71.5,866.5,571.0
208,45,Medium,dram_dense,data/hcr_train\triplets\00208_ref_64.npy,data/hcr_train\triplets\00208_ref_128.npy,data/hcr_train\triplets\00208_pos_64.npy,data/hcr_train\triplets\00208_pos_128.npy,data/hcr_train\triplets\00208_neg_64.npy,data/hcr_train\triplets\00208_neg_128.npy,0.8872,0.4493,0.5,22.5,866.5,571.0
209,45,Medium,dram_dense,data/hcr_train\triplets\00209_ref_64.npy,data/hcr_train\triplets\00209_ref_128.npy,data/hcr_train\triplets\00209_pos_64.npy,data/hcr_train\triplets\00209_pos_128.npy,data/hcr_train\triplets\00209_neg_64.npy,data/hcr_train\triplets\00209_neg_128.npy,0.8872,0.3984,0.5,648.48,866.5,571.0
210,46,Hard,finfet_10nm,data/hcr_train\triplets\00210_ref_64.npy,data/hcr_train\triplets\00210_ref_128.npy,data/hcr_train\triplets\00210_pos_64.npy,data/hcr_train\triplets\00210_pos_128.npy,data/hcr_train\triplets\00210_neg_64.npy,data/hcr_train\triplets\00210_neg_128.npy,0.7334,0.7308,1.7,110.3,651.7,596.1
211,46,Hard,finfet_10nm,data/hcr_train\triplets\00211_ref_64.npy,data/hcr_train\triplets\00211_ref_128.npy,data/hcr_train\triplets\00211_pos_64.npy,data/hcr_train\triplets\00211_pos_128.npy,data/hcr_train\triplets\00211_neg_64.npy,data/hcr_train\triplets\00211_neg_128.npy,0.7334,0.7129,1.7,14.3,651.7,596.1
212,46,Hard,finfet_10nm,data/hcr_train\triplets\00212_ref_64.npy,data/hcr_train\triplets\00212_ref_128.npy,data/hcr_train\triplets\00212_pos_64.npy,data/hcr_train\triplets\00212_pos_128.npy,data/hcr_train\triplets\00212_neg_64.npy,data/hcr_train\triplets\00212_neg_128.npy,0.7334,0.7114,1.7,126.3,651.7,596.1
213,46,Hard,finfet_10nm,data/hcr_train\triplets\00213_ref_64.npy,data/hcr_train\triplets\00213_ref_128.npy,data/hcr_train\triplets\00213_pos_64.npy,data/hcr_train\triplets\00213_pos_128.npy,data/hcr_train\triplets\00213_neg_64.npy,data/hcr_train\triplets\00213_neg_128.npy,0.7334,0.699,1.7,94.3,651.7,596.1
214,46,Hard,finfet_10nm,data/hcr_train\triplets\00214_ref_64.npy,data/hcr_train\triplets\00214_ref_128.npy,data/hcr_train\triplets\00214_pos_64.npy,data/hcr_train\triplets\00214_pos_128.npy,data/hcr_train\triplets\00214_neg_64.npy,data/hcr_train\triplets\00214_neg_128.npy,0.7334,0.6989,1.7,17.7,651.7,596.1
215,47,Adversarial,finfet_7nm,data/hcr_train\triplets\00215_ref_64.npy,data/hcr_train\triplets\00215_ref_128.npy,data/hcr_train\triplets\00215_pos_64.npy,data/hcr_train\triplets\00215_pos_128.npy,data/hcr_train\triplets\00215_neg_64.npy,data/hcr_train\triplets\00215_neg_128.npy,0.4473,0.4544,1.9,60.11,665.8,444.6
216,47,Adversarial,finfet_7nm,data/hcr_train\triplets\00216_ref_64.npy,data/hcr_train\triplets\00216_ref_128.npy,data/hcr_train\triplets\00216_pos_64.npy,data/hcr_train\triplets\00216_pos_128.npy,data/hcr_train\triplets\00216_neg_64.npy,data/hcr_train\triplets\00216_neg_128.npy,0.4473,0.4536,1.9,70.76,665.8,444.6
217,47,Adversarial,finfet_7nm,data/hcr_train\triplets\00217_ref_64.npy,data/hcr_train\triplets\00217_ref_128.npy,data/hcr_train\triplets\00217_pos_64.npy,data/hcr_train\triplets\00217_pos_128.npy,data/hcr_train\triplets\00217_neg_64.npy,data/hcr_train\triplets\00217_neg_128.npy,0.4473,0.4521,1.9,36.2,665.8,444.6
218,47,Adversarial,finfet_7nm,data/hcr_train\triplets\00218_ref_64.npy,data/hcr_train\triplets\00218_ref_128.npy,data/hcr_train\triplets\00218_pos_64.npy,data/hcr_train\triplets\00218_pos_128.npy,data/hcr_train\triplets\00218_neg_64.npy,data/hcr_train\triplets\00218_neg_128.npy,0.4473,0.452,1.9,17.2,665.8,444.6
219,47,Adversarial,finfet_7nm,data/hcr_train\triplets\00219_ref_64.npy,data/hcr_train\triplets\00219_ref_128.npy,data/hcr_train\triplets\00219_pos_64.npy,data/hcr_train\triplets\00219_pos_128.npy,data/hcr_train\triplets\00219_neg_64.npy,data/hcr_train\triplets\00219_neg_128.npy,0.4473,0.4502,1.9,621.59,665.8,444.6
220,49,Medium,dram_dense,data/hcr_train\triplets\00220_ref_64.npy,data/hcr_train\triplets\00220_ref_128.npy,data/hcr_train\triplets\00220_pos_64.npy,data/hcr_train\triplets\00220_pos_128.npy,data/hcr_train\triplets\00220_neg_64.npy,data/hcr_train\triplets\00220_neg_128.npy,0.8903,0.6312,1.55,32.43,283.5,917.6
221,49,Medium,dram_dense,data/hcr_train\triplets\00221_ref_64.npy,data/hcr_train\triplets\00221_ref_128.npy,data/hcr_train\triplets\00221_pos_64.npy,data/hcr_train\triplets\00221_pos_128.npy,data/hcr_train\triplets\00221_neg_64.npy,data/hcr_train\triplets\00221_neg_128.npy,0.8903,0.6133,1.55,16.47,283.5,917.6
222,49,Medium,dram_dense,data/hcr_train\triplets\00222_ref_64.npy,data/hcr_train\triplets\00222_ref_128.npy,data/hcr_train\triplets\00222_pos_64.npy,data/hcr_train\triplets\00222_pos_128.npy,data/hcr_train\triplets\00222_neg_64.npy,data/hcr_train\triplets\00222_neg_128.npy,0.8903,0.5976,1.55,895.71,283.5,917.6
223,49,Medium,dram_dense,data/hcr_train\triplets\00223_ref_64.npy,data/hcr_train\triplets\00223_ref_128.npy,data/hcr_train\triplets\00223_pos_64.npy,data/hcr_train\triplets\00223_pos_128.npy,data/hcr_train\triplets\00223_neg_64.npy,data/hcr_train\triplets\00223_neg_128.npy,0.8903,0.5871,1.55,805.58,283.5,917.6
224,49,Medium,dram_dense,data/hcr_train\triplets\00224_ref_64.npy,data/hcr_train\triplets\00224_ref_128.npy,data/hcr_train\triplets\00224_pos_64.npy,data/hcr_train\triplets\00224_pos_128.npy,data/hcr_train\triplets\00224_neg_64.npy,data/hcr_train\triplets\00224_neg_128.npy,0.8903,0.586,1.55,865.52,283.5,917.6
225,50,Hard,finfet_10nm,data/hcr_train\triplets\00225_ref_64.npy,data/hcr_train\triplets\00225_ref_128.npy,data/hcr_train\triplets\00225_pos_64.npy,data/hcr_train\triplets\00225_pos_128.npy,data/hcr_train\triplets\00225_neg_64.npy,data/hcr_train\triplets\00225_neg_128.npy,0.7494,0.7443,1.08,83.0,674.0,542.4
226,50,Hard,finfet_10nm,data/hcr_train\triplets\00226_ref_64.npy,data/hcr_train\triplets\00226_ref_128.npy,data/hcr_train\triplets\00226_pos_64.npy,data/hcr_train\triplets\00226_pos_128.npy,data/hcr_train\triplets\00226_neg_64.npy,data/hcr_train\triplets\00226_neg_128.npy,0.7494,0.7396,1.08,111.0,674.0,542.4
227,50,Hard,finfet_10nm,data/hcr_train\triplets\00227_ref_64.npy,data/hcr_train\triplets\00227_ref_128.npy,data/hcr_train\triplets\00227_pos_64.npy,data/hcr_train\triplets\00227_pos_128.npy,data/hcr_train\triplets\00227_neg_64.npy,data/hcr_train\triplets\00227_neg_128.npy,0.7494,0.7382,1.08,27.0,674.0,542.4
228,50,Hard,finfet_10nm,data/hcr_train\triplets\00228_ref_64.npy,data/hcr_train\triplets\00228_ref_128.npy,data/hcr_train\triplets\00228_pos_64.npy,data/hcr_train\triplets\00228_pos_128.npy,data/hcr_train\triplets\00228_neg_64.npy,data/hcr_train\triplets\00228_neg_128.npy,0.7494,0.737,1.08,29.0,674.0,542.4
229,50,Hard,finfet_10nm,data/hcr_train\triplets\00229_ref_64.npy,data/hcr_train\triplets\00229_ref_128.npy,data/hcr_train\triplets\00229_pos_64.npy,data/hcr_train\triplets\00229_pos_128.npy,data/hcr_train\triplets\00229_neg_64.npy,data/hcr_train\triplets\00229_neg_128.npy,0.7494,0.7352,1.08,55.0,674.0,542.4
230,51,Adversarial,finfet_7nm,data/hcr_train\triplets\00230_ref_64.npy,data/hcr_train\triplets\00230_ref_128.npy,data/hcr_train\triplets\00230_pos_64.npy,data/hcr_train\triplets\00230_pos_128.npy,data/hcr_train\triplets\00230_neg_64.npy,data/hcr_train\triplets\00230_neg_128.npy,0.4656,0.4492,3.0,12.0,696.0,852.0
231,51,Adversarial,finfet_7nm,data/hcr_train\triplets\00231_ref_64.npy,data/hcr_train\triplets\00231_ref_128.npy,data/hcr_train\triplets\00231_pos_64.npy,data/hcr_train\triplets\00231_pos_128.npy,data/hcr_train\triplets\00231_neg_64.npy,data/hcr_train\triplets\00231_neg_128.npy,0.4656,0.4252,3.0,19.0,696.0,852.0
232,51,Adversarial,finfet_7nm,data/hcr_train\triplets\00232_ref_64.npy,data/hcr_train\triplets\00232_ref_128.npy,data/hcr_train\triplets\00232_pos_64.npy,data/hcr_train\triplets\00232_pos_128.npy,data/hcr_train\triplets\00232_neg_64.npy,data/hcr_train\triplets\00232_neg_128.npy,0.4656,0.4146,3.0,53.0,696.0,852.0
233,51,Adversarial,finfet_7nm,data/hcr_train\triplets\00233_ref_64.npy,data/hcr_train\triplets\00233_ref_128.npy,data/hcr_train\triplets\00233_pos_64.npy,data/hcr_train\triplets\00233_pos_128.npy,data/hcr_train\triplets\00233_neg_64.npy,data/hcr_train\triplets\00233_neg_128.npy,0.4656,0.4113,3.0,59.0,696.0,852.0
234,51,Adversarial,finfet_7nm,data/hcr_train\triplets\00234_ref_64.npy,data/hcr_train\triplets\00234_ref_128.npy,data/hcr_train\triplets\00234_pos_64.npy,data/hcr_train\triplets\00234_pos_128.npy,data/hcr_train\triplets\00234_neg_64.npy,data/hcr_train\triplets\00234_neg_128.npy,0.4656,0.406,3.0,93.0,696.0,852.0
235,52,Easy,dram_1x,data/hcr_train\triplets\00235_ref_64.npy,data/hcr_train\triplets\00235_ref_128.npy,data/hcr_train\triplets\00235_pos_64.npy,data/hcr_train\triplets\00235_pos_128.npy,data/hcr_train\triplets\00235_neg_64.npy,data/hcr_train\triplets\00235_neg_128.npy,0.9467,0.9311,0.14,144.9,349.1,845.9
236,52,Easy,dram_1x,data/hcr_train\triplets\00236_ref_64.npy,data/hcr_train\triplets\00236_ref_128.npy,data/hcr_train\triplets\00236_pos_64.npy,data/hcr_train\triplets\00236_pos_128.npy,data/hcr_train\triplets\00236_neg_64.npy,data/hcr_train\triplets\00236_neg_128.npy,0.9467,0.9152,0.14,71.9,349.1,845.9
237,52,Easy,dram_1x,data/hcr_train\triplets\00237_ref_64.npy,data/hcr_train\triplets\00237_ref_128.npy,data/hcr_train\triplets\00237_pos_64.npy,data/hcr_train\triplets\00237_pos_128.npy,data/hcr_train\triplets\00237_neg_64.npy,data/hcr_train\triplets\00237_neg_128.npy,0.9467,0.7596,0.14,53.9,349.1,845.9
238,52,Easy,dram_1x,data/hcr_train\triplets\00238_ref_64.npy,data/hcr_train\triplets\00238_ref_128.npy,data/hcr_train\triplets\00238_pos_64.npy,data/hcr_train\triplets\00238_pos_128.npy,data/hcr_train\triplets\00238_neg_64.npy,data/hcr_train\triplets\00238_neg_128.npy,0.9467,0.7571,0.14,89.9,349.1,845.9
239,52,Easy,dram_1x,data/hcr_train\triplets\00239_ref_64.npy,data/hcr_train\triplets\00239_ref_128.npy,data/hcr_train\triplets\00239_pos_64.npy,data/hcr_train\triplets\00239_pos_128.npy,data/hcr_train\triplets\00239_neg_64.npy,data/hcr_train\triplets\00239_neg_128.npy,0.9467,0.7482,0.14,17.9,349.1,845.9
240,53,Medium,dram_dense,data/hcr_train\triplets\00240_ref_64.npy,data/hcr_train\triplets\00240_ref_128.npy,data/hcr_train\triplets\00240_pos_64.npy,data/hcr_train\triplets\00240_pos_128.npy,data/hcr_train\triplets\00240_neg_64.npy,data/hcr_train\triplets\00240_neg_128.npy,0.8929,0.7793,0.32,79.7,273.1,106.3
241,53,Medium,dram_dense,data/hcr_train\triplets\00241_ref_64.npy,data/hcr_train\triplets\00241_ref_128.npy,data/hcr_train\triplets\00241_pos_64.npy,data/hcr_train\triplets\00241_pos_128.npy,data/hcr_train\triplets\00241_neg_64.npy,data/hcr_train\triplets\00241_neg_128.npy,0.8929,0.7788,0.32,64.7,273.1,106.3
242,53,Medium,dram_dense,data/hcr_train\triplets\00242_ref_64.npy,data/hcr_train\triplets\00242_ref_128.npy,data/hcr_train\triplets\00242_pos_64.npy,data/hcr_train\triplets\00242_pos_128.npy,data/hcr_train\triplets\00242_neg_64.npy,data/hcr_train\triplets\00242_neg_128.npy,0.8929,0.7578,0.32,14.7,273.1,106.3
243,53,Medium,dram_dense,data/hcr_train\triplets\00243_ref_64.npy,data/hcr_train\triplets\00243_ref_128.npy,data/hcr_train\triplets\00243_pos_64.npy,data/hcr_train\triplets\00243_pos_128.npy,data/hcr_train\triplets\00243_neg_64.npy,data/hcr_train\triplets\00243_neg_128.npy,0.8929,0.7515,0.32,49.3,273.1,106.3
244,53,Medium,dram_dense,data/hcr_train\triplets\00244_ref_64.npy,data/hcr_train\triplets\00244_ref_128.npy,data/hcr_train\triplets\00244_pos_64.npy,data/hcr_train\triplets\00244_pos_128.npy,data/hcr_train\triplets\00244_neg_64.npy,data/hcr_train\triplets\00244_neg_128.npy,0.8929,0.7487,0.32,14.3,273.1,106.3
245,54,Hard,finfet_10nm,data/hcr_train\triplets\00245_ref_64.npy,data/hcr_train\triplets\00245_ref_128.npy,data/hcr_train\triplets\00245_pos_64.npy,data/hcr_train\triplets\00245_pos_128.npy,data/hcr_train\triplets\00245_neg_64.npy,data/hcr_train\triplets\00245_neg_128.npy,0.7739,0.7954,0.42,77.3,758.3,312.7
246,54,Hard,finfet_10nm,data/hcr_train\triplets\00246_ref_64.npy,data/hcr_train\triplets\00246_ref_128.npy,data/hcr_train\triplets\00246_pos_64.npy,data/hcr_train\triplets\00246_pos_128.npy,data/hcr_train\triplets\00246_neg_64.npy,data/hcr_train\triplets\00246_neg_128.npy,0.7739,0.7904,0.42,58.3,758.3,312.7
247,54,Hard,finfet_10nm,data/hcr_train\triplets\00247_ref_64.npy,data/hcr_train\triplets\00247_ref_128.npy,data/hcr_train\triplets\00247_pos_64.npy,data/hcr_train\triplets\00247_pos_128.npy,data/hcr_train\triplets\00247_neg_64.npy,data/hcr_train\triplets\00247_neg_128.npy,0.7739,0.7895,0.42,96.3,758.3,312.7
248,54,Hard,finfet_10nm,data/hcr_train\triplets\00248_ref_64.npy,data/hcr_train\triplets\00248_ref_128.npy,data/hcr_train\triplets\00248_pos_64.npy,data/hcr_train\triplets\00248_pos_128.npy,data/hcr_train\triplets\00248_neg_64.npy,data/hcr_train\triplets\00248_neg_128.npy,0.7739,0.7837,0.42,18.7,758.3,312.7
249,54,Hard,finfet_10nm,data/hcr_train\triplets\00249_ref_64.npy,data/hcr_train\triplets\00249_ref_128.npy,data/hcr_train\triplets\00249_pos_64.npy,data/hcr_train\triplets\00249_pos_128.npy,data/hcr_train\triplets\00249_neg_64.npy,data/hcr_train\triplets\00249_neg_128.npy,0.7739,0.7803,0.42,39.3,758.3,312.7
250,55,Adversarial,finfet_7nm,data/hcr_train\triplets\00250_ref_64.npy,data/hcr_train\triplets\00250_ref_128.npy,data/hcr_train\triplets\00250_pos_64.npy,data/hcr_train\triplets\00250_pos_128.npy,data/hcr_train\triplets\00250_neg_64.npy,data/hcr_train\triplets\00250_neg_128.npy,0.4504,0.4222,3.01,155.73,547.0,800.7
251,55,Adversarial,finfet_7nm,data/hcr_train\triplets\00251_ref_64.npy,data/hcr_train\triplets\00251_ref_128.npy,data/hcr_train\triplets\00251_pos_64.npy,data/hcr_train\triplets\00251_pos_128.npy,data/hcr_train\triplets\00251_neg_64.npy,data/hcr_train\triplets\00251_neg_128.npy,0.4504,0.3964,3.01,103.74,547.0,800.7
252,55,Adversarial,finfet_7nm,data/hcr_train\triplets\00252_ref_64.npy,data/hcr_train\triplets\00252_ref_128.npy,data/hcr_train\triplets\00252_pos_64.npy,data/hcr_train\triplets\00252_pos_128.npy,data/hcr_train\triplets\00252_neg_64.npy,data/hcr_train\triplets\00252_neg_128.npy,0.4504,0.3955,3.01,693.76,547.0,800.7
253,55,Adversarial,finfet_7nm,data/hcr_train\triplets\00253_ref_64.npy,data/hcr_train\triplets\00253_ref_128.npy,data/hcr_train\triplets\00253_pos_64.npy,data/hcr_train\triplets\00253_pos_128.npy,data/hcr_train\triplets\00253_neg_64.npy,data/hcr_train\triplets\00253_neg_128.npy,0.4504,0.3851,3.01,667.72,547.0,800.7
254,55,Adversarial,finfet_7nm,data/hcr_train\triplets\00254_ref_64.npy,data/hcr_train\triplets\00254_ref_128.npy,data/hcr_train\triplets\00254_pos_64.npy,data/hcr_train\triplets\00254_pos_128.npy,data/hcr_train\triplets\00254_neg_64.npy,data/hcr_train\triplets\00254_neg_128.npy,0.4504,0.3713,3.01,52.85,547.0,800.7
255,57,Medium,dram_dense,data/hcr_train\triplets\00255_ref_64.npy,data/hcr_train\triplets\00255_ref_128.npy,data/hcr_train\triplets\00255_pos_64.npy,data/hcr_train\triplets\00255_pos_128.npy,data/hcr_train\triplets\00255_neg_64.npy,data/hcr_train\triplets\00255_neg_128.npy,0.8429,0.848,1.24,14.35,73.2,754.7
256,57,Medium,dram_dense,data/hcr_train\triplets\00256_ref_64.npy,data/hcr_train\triplets\00256_ref_128.npy,data/hcr_train\triplets\00256_pos_64.npy,data/hcr_train\triplets\00256_pos_128.npy,data/hcr_train\triplets\00256_neg_64.npy,data/hcr_train\triplets\00256_neg_128.npy,0.8429,0.8453,1.24,365.71,73.2,754.7
257,57,Medium,dram_dense,data/hcr_train\triplets\00257_ref_64.npy,data/hcr_train\triplets\00257_ref_128.npy,data/hcr_train\triplets\00257_pos_64.npy,data/hcr_train\triplets\00257_pos_128.npy,data/hcr_train\triplets\00257_neg_64.npy,data/hcr_train\triplets\00257_neg_128.npy,0.8429,0.8388,1.24,311.29,73.2,754.7
258,57,Medium,dram_dense,data/hcr_train\triplets\00258_ref_64.npy,data/hcr_train\triplets\00258_ref_128.npy,data/hcr_train\triplets\00258_pos_64.npy,data/hcr_train\triplets\00258_pos_128.npy,data/hcr_train\triplets\00258_neg_64.npy,data/hcr_train\triplets\00258_neg_128.npy,0.8429,0.8374,1.24,107.75,73.2,754.7
259,57,Medium,dram_dense,data/hcr_train\triplets\00259_ref_64.npy,data/hcr_train\triplets\00259_ref_128.npy,data/hcr_train\triplets\00259_pos_64.npy,data/hcr_train\triplets\00259_pos_128.npy,data/hcr_train\triplets\00259_neg_64.npy,data/hcr_train\triplets\00259_neg_128.npy,0.8429,0.8344,1.24,688.22,73.2,754.7
260,61,Medium,dram_dense,data/hcr_train\triplets\00260_ref_64.npy,data/hcr_train\triplets\00260_ref_128.npy,data/hcr_train\triplets\00260_pos_64.npy,data/hcr_train\triplets\00260_pos_128.npy,data/hcr_train\triplets\00260_neg_64.npy,data/hcr_train\triplets\00260_neg_128.npy,0.8746,0.5527,1.73,31.75,564.7,837.7
261,61,Medium,dram_dense,data/hcr_train\triplets\00261_ref_64.npy,data/hcr_train\triplets\00261_ref_128.npy,data/hcr_train\triplets\00261_pos_64.npy,data/hcr_train\triplets\00261_pos_128.npy,data/hcr_train\triplets\00261_neg_64.npy,data/hcr_train\triplets\00261_neg_128.npy,0.8746,0.5485,1.73,63.7,564.7,837.7
262,61,Medium,dram_dense,data/hcr_train\triplets\00262_ref_64.npy,data/hcr_train\triplets\00262_ref_128.npy,data/hcr_train\triplets\00262_pos_64.npy,data/hcr_train\triplets\00262_pos_128.npy,data/hcr_train\triplets\00262_neg_64.npy,data/hcr_train\triplets\00262_neg_128.npy,0.8746,0.548,1.73,127.7,564.7,837.7
263,61,Medium,dram_dense,data/hcr_train\triplets\00263_ref_64.npy,data/hcr_train\triplets\00263_ref_128.npy,data/hcr_train\triplets\00263_pos_64.npy,data/hcr_train\triplets\00263_pos_128.npy,data/hcr_train\triplets\00263_neg_64.npy,data/hcr_train\triplets\00263_neg_128.npy,0.8746,0.5218,1.73,178.7,564.7,837.7
264,61,Medium,dram_dense,data/hcr_train\triplets\00264_ref_64.npy,data/hcr_train\triplets\00264_ref_128.npy,data/hcr_train\triplets\00264_pos_64.npy,data/hcr_train\triplets\00264_pos_128.npy,data/hcr_train\triplets\00264_neg_64.npy,data/hcr_train\triplets\00264_neg_128.npy,0.8746,0.521,1.73,95.7,564.7,837.7
265,62,Hard,finfet_10nm,data/hcr_train\triplets\00265_ref_64.npy,data/hcr_train\triplets\00265_ref_128.npy,data/hcr_train\triplets\00265_pos_64.npy,data/hcr_train\triplets\00265_pos_128.npy,data/hcr_train\triplets\00265_neg_64.npy,data/hcr_train\triplets\00265_neg_128.npy,0.5731,0.655,2.32,54.35,307.3,668.7
266,62,Hard,finfet_10nm,data/hcr_train\triplets\00266_ref_64.npy,data/hcr_train\triplets\00266_ref_128.npy,data/hcr_train\triplets\00266_pos_64.npy,data/hcr_train\triplets\00266_pos_128.npy,data/hcr_train\triplets\00266_neg_64.npy,data/hcr_train\triplets\00266_neg_128.npy,0.5731,0.6523,2.32,72.34,307.3,668.7
267,62,Hard,finfet_10nm,data/hcr_train\triplets\00267_ref_64.npy,data/hcr_train\triplets\00267_ref_128.npy,data/hcr_train\triplets\00267_pos_64.npy,data/hcr_train\triplets\00267_pos_128.npy,data/hcr_train\triplets\00267_neg_64.npy,data/hcr_train\triplets\00267_neg_128.npy,0.5731,0.6492,2.32,90.33,307.3,668.7
268,62,Hard,finfet_10nm,data/hcr_train\triplets\00268_ref_64.npy,data/hcr_train\triplets\00268_ref_128.npy,data/hcr_train\triplets\00268_pos_64.npy,data/hcr_train\triplets\00268_pos_128.npy,data/hcr_train\triplets\00268_neg_64.npy,data/hcr_train\triplets\00268_neg_128.npy,0.5731,0.6447,2.32,108.32,307.3,668.7
269,62,Hard,finfet_10nm,data/hcr_train\triplets\00269_ref_64.npy,data/hcr_train\triplets\00269_ref_128.npy,data/hcr_train\triplets\00269_pos_64.npy,data/hcr_train\triplets\00269_pos_128.npy,data/hcr_train\triplets\00269_neg_64.npy,data/hcr_train\triplets\00269_neg_128.npy,0.5731,0.6316,2.32,126.32,307.3,668.7
270,63,Adversarial,finfet_7nm,data/hcr_train\triplets\00270_ref_64.npy,data/hcr_train\triplets\00270_ref_128.npy,data/hcr_train\triplets\00270_pos_64.npy,data/hcr_train\triplets\00270_pos_128.npy,data/hcr_train\triplets\00270_neg_64.npy,data/hcr_train\triplets\00270_neg_128.npy,0.2725,0.289,4.0,157.0,502.0,925.9
271,63,Adversarial,finfet_7nm,data/hcr_train\triplets\00271_ref_64.npy,data/hcr_train\triplets\00271_ref_128.npy,data/hcr_train\triplets\00271_pos_64.npy,data/hcr_train\triplets\00271_pos_128.npy,data/hcr_train\triplets\00271_neg_64.npy,data/hcr_train\triplets\00271_neg_128.npy,0.2725,0.2837,4.0,162.62,502.0,925.9
272,63,Adversarial,finfet_7nm,data/hcr_train\triplets\00272_ref_64.npy,data/hcr_train\triplets\00272_ref_128.npy,data/hcr_train\triplets\00272_pos_64.npy,data/hcr_train\triplets\00272_pos_128.npy,data/hcr_train\triplets\00272_neg_64.npy,data/hcr_train\triplets\00272_neg_128.npy,0.2725,0.2782,4.0,138.9,502.0,925.9
273,63,Adversarial,finfet_7nm,data/hcr_train\triplets\00273_ref_64.npy,data/hcr_train\triplets\00273_ref_128.npy,data/hcr_train\triplets\00273_pos_64.npy,data/hcr_train\triplets\00273_pos_128.npy,data/hcr_train\triplets\00273_neg_64.npy,data/hcr_train\triplets\00273_neg_128.npy,0.2725,0.2731,4.0,133.0,502.0,925.9
274,63,Adversarial,finfet_7nm,data/hcr_train\triplets\00274_ref_64.npy,data/hcr_train\triplets\00274_ref_128.npy,data/hcr_train\triplets\00274_pos_64.npy,data/hcr_train\triplets\00274_pos_128.npy,data/hcr_train\triplets\00274_neg_64.npy,data/hcr_train\triplets\00274_neg_128.npy,0.2725,0.2688,4.0,20.0,502.0,925.9
275,64,Easy,dram_1x,data/hcr_train\triplets\00275_ref_64.npy,data/hcr_train\triplets\00275_ref_128.npy,data/hcr_train\triplets\00275_pos_64.npy,data/hcr_train\triplets\00275_pos_128.npy,data/hcr_train\triplets\00275_neg_64.npy,data/hcr_train\triplets\00275_neg_128.npy,0.9133,0.6839,0.45,14.6,582.8,300.4
276,64,Easy,dram_1x,data/hcr_train\triplets\00276_ref_64.npy,data/hcr_train\triplets\00276_ref_128.npy,data/hcr_train\triplets\00276_pos_64.npy,data/hcr_train\triplets\00276_pos_128.npy,data/hcr_train\triplets\00276_neg_64.npy,data/hcr_train\triplets\00276_neg_128.npy,0.9133,0.6023,0.45,14.4,582.8,300.4
277,64,Easy,dram_1x,data/hcr_train\triplets\00277_ref_64.npy,data/hcr_train\triplets\00277_ref_128.npy,data/hcr_train\triplets\00277_pos_64.npy,data/hcr_train\triplets\00277_pos_128.npy,data/hcr_train\triplets\00277_neg_64.npy,data/hcr_train\triplets\00277_neg_128.npy,0.9133,0.599,0.45,64.6,582.8,300.4
278,64,Easy,dram_1x,data/hcr_train\triplets\00278_ref_64.npy,data/hcr_train\triplets\00278_ref_128.npy,data/hcr_train\triplets\00278_pos_64.npy,data/hcr_train\triplets\00278_pos_128.npy,data/hcr_train\triplets\00278_neg_64.npy,data/hcr_train\triplets\00278_neg_128.npy,0.9133,0.5831,0.45,143.6,582.8,300.4
279,64,Easy,dram_1x,data/hcr_train\triplets\00279_ref_64.npy,data/hcr_train\triplets\00279_ref_128.npy,data/hcr_train\triplets\00279_pos_64.npy,data/hcr_train\triplets\00279_pos_128.npy,data/hcr_train\triplets\00279_neg_64.npy,data/hcr_train\triplets\00279_neg_128.npy,0.9133,0.5744,0.45,128.6,582.8,300.4
280,65,Medium,dram_dense,data/hcr_train\triplets\00280_ref_64.npy,data/hcr_train\triplets\00280_ref_128.npy,data/hcr_train\triplets\00280_pos_64.npy,data/hcr_train\triplets\00280_pos_128.npy,data/hcr_train\triplets\00280_neg_64.npy,data/hcr_train\triplets\00280_neg_128.npy,0.8152,0.775,0.64,22.97,945.5,314.6
281,65,Medium,dram_dense,data/hcr_train\triplets\00281_ref_64.npy,data/hcr_train\triplets\00281_ref_128.npy,data/hcr_train\triplets\00281_pos_64.npy,data/hcr_train\triplets\00281_pos_128.npy,data/hcr_train\triplets\00281_neg_64.npy,data/hcr_train\triplets\00281_neg_128.npy,0.8152,0.7723,0.64,831.37,945.5,314.6
282,65,Medium,dram_dense,data/hcr_train\triplets\00282_ref_64.npy,data/hcr_train\triplets\00282_ref_128.npy,data/hcr_train\triplets\00282_pos_64.npy,data/hcr_train\triplets\00282_pos_128.npy,data/hcr_train\triplets\00282_neg_64.npy,data/hcr_train\triplets\00282_neg_128.npy,0.8152,0.7674,0.64,804.32,945.5,314.6
283,65,Medium,dram_dense,data/hcr_train\triplets\00283_ref_64.npy,data/hcr_train\triplets\00283_ref_128.npy,data/hcr_train\triplets\00283_pos_64.npy,data/hcr_train\triplets\00283_pos_128.npy,data/hcr_train\triplets\00283_neg_64.npy,data/hcr_train\triplets\00283_neg_128.npy,0.8152,0.7654,0.64,844.48,945.5,314.6
284,65,Medium,dram_dense,data/hcr_train\triplets\00284_ref_64.npy,data/hcr_train\triplets\00284_ref_128.npy,data/hcr_train\triplets\00284_pos_64.npy,data/hcr_train\triplets\00284_pos_128.npy,data/hcr_train\triplets\00284_neg_64.npy,data/hcr_train\triplets\00284_neg_128.npy,0.8152,0.7589,0.64,871.72,945.5,314.6
285,67,Adversarial,finfet_7nm,data/hcr_train\triplets\00285_ref_64.npy,data/hcr_train\triplets\00285_ref_128.npy,data/hcr_train\triplets\00285_pos_64.npy,data/hcr_train\triplets\00285_pos_128.npy,data/hcr_train\triplets\00285_neg_64.npy,data/hcr_train\triplets\00285_neg_128.npy,0.3591,0.2563,0.81,183.8,839.8,258.1
286,67,Adversarial,finfet_7nm,data/hcr_train\triplets\00286_ref_64.npy,data/hcr_train\triplets\00286_ref_128.npy,data/hcr_train\triplets\00286_pos_64.npy,data/hcr_train\triplets\00286_pos_128.npy,data/hcr_train\triplets\00286_neg_64.npy,data/hcr_train\triplets\00286_neg_128.npy,0.3591,0.2529,0.81,164.8,839.8,258.1
287,67,Adversarial,finfet_7nm,data/hcr_train\triplets\00287_ref_64.npy,data/hcr_train\triplets\00287_ref_128.npy,data/hcr_train\triplets\00287_pos_64.npy,data/hcr_train\triplets\00287_pos_128.npy,data/hcr_train\triplets\00287_neg_64.npy,data/hcr_train\triplets\00287_neg_128.npy,0.3591,0.2521,0.81,48.8,839.8,258.1
288,67,Adversarial,finfet_7nm,data/hcr_train\triplets\00288_ref_64.npy,data/hcr_train\triplets\00288_ref_128.npy,data/hcr_train\triplets\00288_pos_64.npy,data/hcr_train\triplets\00288_pos_128.npy,data/hcr_train\triplets\00288_neg_64.npy,data/hcr_train\triplets\00288_neg_128.npy,0.3591,0.2518,0.81,135.8,839.8,258.1
289,67,Adversarial,finfet_7nm,data/hcr_train\triplets\00289_ref_64.npy,data/hcr_train\triplets\00289_ref_128.npy,data/hcr_train\triplets\00289_pos_64.npy,data/hcr_train\triplets\00289_pos_128.npy,data/hcr_train\triplets\00289_neg_64.npy,data/hcr_train\triplets\00289_neg_128.npy,0.3591,0.2512,0.81,580.92,839.8,258.1
290,68,Easy,dram_1x,data/hcr_train\triplets\00290_ref_64.npy,data/hcr_train\triplets\00290_ref_128.npy,data/hcr_train\triplets\00290_pos_64.npy,data/hcr_train\triplets\00290_pos_128.npy,data/hcr_train\triplets\00290_neg_64.npy,data/hcr_train\triplets\00290_neg_128.npy,0.9324,0.9044,0.67,24.31,849.6,694.7
291,68,Easy,dram_1x,data/hcr_train\triplets\00291_ref_64.npy,data/hcr_train\triplets\00291_ref_128.npy,data/hcr_train\triplets\00291_pos_64.npy,data/hcr_train\triplets\00291_pos_128.npy,data/hcr_train\triplets\00291_neg_64.npy,data/hcr_train\triplets\00291_neg_128.npy,0.9324,0.8939,0.67,48.3,849.6,694.7
292,68,Easy,dram_1x,data/hcr_train\triplets\00292_ref_64.npy,data/hcr_train\triplets\00292_ref_128.npy,data/hcr_train\triplets\00292_pos_64.npy,data/hcr_train\triplets\00292_pos_128.npy,data/hcr_train\triplets\00292_neg_64.npy,data/hcr_train\triplets\00292_neg_128.npy,0.9324,0.8832,0.67,23.71,849.6,694.7
293,68,Easy,dram_1x,data/hcr_train\triplets\00293_ref_64.npy,data/hcr_train\triplets\00293_ref_128.npy,data/hcr_train\triplets\00293_pos_64.npy,data/hcr_train\triplets\00293_pos_128.npy,data/hcr_train\triplets\00293_neg_64.npy,data/hcr_train\triplets\00293_neg_128.npy,0.9324,0.875,0.67,72.3,849.6,694.7
294,68,Easy,dram_1x,data/hcr_train\triplets\00294_ref_64.npy,data/hcr_train\triplets\00294_ref_128.npy,data/hcr_train\triplets\00294_pos_64.npy,data/hcr_train\triplets\00294_pos_128.npy,data/hcr_train\triplets\00294_neg_64.npy,data/hcr_train\triplets\00294_neg_128.npy,0.9324,0.8676,0.67,47.7,849.6,694.7
295,69,Medium,dram_dense,data/hcr_train\triplets\00295_ref_64.npy,data/hcr_train\triplets\00295_ref_128.npy,data/hcr_train\triplets\00295_pos_64.npy,data/hcr_train\triplets\00295_pos_128.npy,data/hcr_train\triplets\00295_neg_64.npy,data/hcr_train\triplets\00295_neg_128.npy,0.7626,0.825,2.04,107.99,85.0,925.4
296,69,Medium,dram_dense,data/hcr_train\triplets\00296_ref_64.npy,data/hcr_train\triplets\00296_ref_128.npy,data/hcr_train\triplets\00296_pos_64.npy,data/hcr_train\triplets\00296_pos_128.npy,data/hcr_train\triplets\00296_neg_64.npy,data/hcr_train\triplets\00296_neg_128.npy,0.7626,0.8176,2.04,57.23,85.0,925.4
297,69,Medium,dram_dense,data/hcr_train\triplets\00297_ref_64.npy,data/hcr_train\triplets\00297_ref_128.npy,data/hcr_train\triplets\00297_pos_64.npy,data/hcr_train\triplets\00297_pos_128.npy,data/hcr_train\triplets\00297_neg_64.npy,data/hcr_train\triplets\00297_neg_128.npy,0.7626,0.8168,2.04,40.28,85.0,925.4
298,69,Medium,dram_dense,data/hcr_train\triplets\00298_ref_64.npy,data/hcr_train\triplets\00298_ref_128.npy,data/hcr_train\triplets\00298_pos_64.npy,data/hcr_train\triplets\00298_pos_128.npy,data/hcr_train\triplets\00298_neg_64.npy,data/hcr_train\triplets\00298_neg_128.npy,0.7626,0.8134,2.04,37.78,85.0,925.4
299,69,Medium,dram_dense,data/hcr_train\triplets\00299_ref_64.npy,data/hcr_train\triplets\00299_ref_128.npy,data/hcr_train\triplets\00299_pos_64.npy,data/hcr_train\triplets\00299_pos_128.npy,data/hcr_train\triplets\00299_neg_64.npy,data/hcr_train\triplets\00299_neg_128.npy,0.7626,0.804,2.04,24.71,85.0,925.4
300,70,Hard,finfet_10nm,data/hcr_train\triplets\00300_ref_64.npy,data/hcr_train\triplets\00300_ref_128.npy,data/hcr_train\triplets\00300_pos_64.npy,data/hcr_train\triplets\00300_pos_128.npy,data/hcr_train\triplets\00300_neg_64.npy,data/hcr_train\triplets\00300_neg_128.npy,0.818,0.8145,2.12,30.1,380.1,697.7
301,70,Hard,finfet_10nm,data/hcr_train\triplets\00301_ref_64.npy,data/hcr_train\triplets\00301_ref_128.npy,data/hcr_train\triplets\00301_pos_64.npy,data/hcr_train\triplets\00301_pos_128.npy,data/hcr_train\triplets\00301_neg_64.npy,data/hcr_train\triplets\00301_neg_128.npy,0.818,0.81,2.12,25.9,380.1,697.7
302,70,Hard,finfet_10nm,data/hcr_train\triplets\00302_ref_64.npy,data/hcr_train\triplets\00302_ref_128.npy,data/hcr_train\triplets\00302_pos_64.npy,data/hcr_train\triplets\00302_pos_128.npy,data/hcr_train\triplets\00302_neg_64.npy,data/hcr_train\triplets\00302_neg_128.npy,0.818,0.8067,2.12,53.9,380.1,697.7
303,70,Hard,finfet_10nm,data/hcr_train\triplets\00303_ref_64.npy,data/hcr_train\triplets\00303_ref_128.npy,data/hcr_train\triplets\00303_pos_64.npy,data/hcr_train\triplets\00303_pos_128.npy,data/hcr_train\triplets\00303_neg_64.npy,data/hcr_train\triplets\00303_neg_128.npy,0.818,0.8022,2.12,81.9,380.1,697.7
304,70,Hard,finfet_10nm,data/hcr_train\triplets\00304_ref_64.npy,data/hcr_train\triplets\00304_ref_128.npy,data/hcr_train\triplets\00304_pos_64.npy,data/hcr_train\triplets\00304_pos_128.npy,data/hcr_train\triplets\00304_neg_64.npy,data/hcr_train\triplets\00304_neg_128.npy,0.818,0.7982,2.12,109.9,380.1,697.7
305,71,Adversarial,finfet_7nm,data/hcr_train\triplets\00305_ref_64.npy,data/hcr_train\triplets\00305_ref_128.npy,data/hcr_train\triplets\00305_pos_64.npy,data/hcr_train\triplets\00305_pos_128.npy,data/hcr_train\triplets\00305_neg_64.npy,data/hcr_train\triplets\00305_neg_128.npy,0.3726,0.3799,0.91,71.9,126.1,270.1
306,71,Adversarial,finfet_7nm,data/hcr_train\triplets\00306_ref_64.npy,data/hcr_train\triplets\00306_ref_128.npy,data/hcr_train\triplets\00306_pos_64.npy,data/hcr_train\triplets\00306_pos_128.npy,data/hcr_train\triplets\00306_neg_64.npy,data/hcr_train\triplets\00306_neg_128.npy,0.3726,0.3775,0.91,48.1,126.1,270.1
307,71,Adversarial,finfet_7nm,data/hcr_train\triplets\00307_ref_64.npy,data/hcr_train\triplets\00307_ref_128.npy,data/hcr_train\triplets\00307_pos_64.npy,data/hcr_train\triplets\00307_pos_128.npy,data/hcr_train\triplets\00307_neg_64.npy,data/hcr_train\triplets\00307_neg_128.npy,0.3726,0.3747,0.91,72.1,126.1,270.1
308,71,Adversarial,finfet_7nm,data/hcr_train\triplets\00308_ref_64.npy,data/hcr_train\triplets\00308_ref_128.npy,data/hcr_train\triplets\00308_pos_64.npy,data/hcr_train\triplets\00308_pos_128.npy,data/hcr_train\triplets\00308_neg_64.npy,data/hcr_train\triplets\00308_neg_128.npy,0.3726,0.3718,0.91,24.9,126.1,270.1
309,71,Adversarial,finfet_7nm,data/hcr_train\triplets\00309_ref_64.npy,data/hcr_train\triplets\00309_ref_128.npy,data/hcr_train\triplets\00309_pos_64.npy,data/hcr_train\triplets\00309_pos_128.npy,data/hcr_train\triplets\00309_neg_64.npy,data/hcr_train\triplets\00309_neg_128.npy,0.3726,0.3682,0.91,47.9,126.1,270.1
310,72,Easy,dram_1x,data/hcr_train\triplets\00310_ref_64.npy,data/hcr_train\triplets\00310_ref_128.npy,data/hcr_train\triplets\00310_pos_64.npy,data/hcr_train\triplets\00310_pos_128.npy,data/hcr_train\triplets\00310_neg_64.npy,data/hcr_train\triplets\00310_neg_128.npy,0.9124,0.9369,0.64,14.41,542.5,932.6
311,72,Easy,dram_1x,data/hcr_train\triplets\00311_ref_64.npy,data/hcr_train\triplets\00311_ref_128.npy,data/hcr_train\triplets\00311_pos_64.npy,data/hcr_train\triplets\00311_pos_128.npy,data/hcr_train\triplets\00311_neg_64.npy,data/hcr_train\triplets\00311_neg_128.npy,0.9124,0.8811,0.64,14.61,542.5,932.6
312,72,Easy,dram_1x,data/hcr_train\triplets\00312_ref_64.npy,data/hcr_train\triplets\00312_ref_128.npy,data/hcr_train\triplets\00312_pos_64.npy,data/hcr_train\triplets\00312_pos_128.npy,data/hcr_train\triplets\00312_neg_64.npy,data/hcr_train\triplets\00312_neg_128.npy,0.9124,0.7854,0.64,285.62,542.5,932.6
313,72,Easy,dram_1x,data/hcr_train\triplets\00313_ref_64.npy,data/hcr_train\triplets\00313_ref_128.npy,data/hcr_train\triplets\00313_pos_64.npy,data/hcr_train\triplets\00313_pos_128.npy,data/hcr_train\triplets\00313_neg_64.npy,data/hcr_train\triplets\00313_neg_128.npy,0.9124,0.7596,0.64,833.14,542.5,932.6
314,72,Easy,dram_1x,data/hcr_train\triplets\00314_ref_64.npy,data/hcr_train\triplets\00314_ref_128.npy,data/hcr_train\triplets\00314_pos_64.npy,data/hcr_train\triplets\00314_pos_128.npy,data/hcr_train\triplets\00314_neg_64.npy,data/hcr_train\triplets\00314_neg_128.npy,0.9124,0.755,0.64,28.6,542.5,932.6
315,73,Medium,dram_dense,data/hcr_train\triplets\00315_ref_64.npy,data/hcr_train\triplets\00315_ref_128.npy,data/hcr_train\triplets\00315_pos_64.npy,data/hcr_train\triplets\00315_pos_128.npy,data/hcr_train\triplets\00315_neg_64.npy,data/hcr_train\triplets\00315_neg_128.npy,0.8659,0.8682,0.92,86.2,520.9,373.8
316,73,Medium,dram_dense,data/hcr_train\triplets\00316_ref_64.npy,data/hcr_train\triplets\00316_ref_128.npy,data/hcr_train\triplets\00316_pos_64.npy,data/hcr_train\triplets\00316_pos_128.npy,data/hcr_train\triplets\00316_neg_64.npy,data/hcr_train\triplets\00316_neg_128.npy,0.8659,0.8595,0.92,72.21,520.9,373.8
317,73,Medium,dram_dense,data/hcr_train\triplets\00317_ref_64.npy,data/hcr_train\triplets\00317_ref_128.npy,data/hcr_train\triplets\00317_pos_64.npy,data/hcr_train\triplets\00317_pos_128.npy,data/hcr_train\triplets\00317_neg_64.npy,data/hcr_train\triplets\00317_neg_128.npy,0.8659,0.8548,0.92,43.21,520.9,373.8
318,73,Medium,dram_dense,data/hcr_train\triplets\00318_ref_64.npy,data/hcr_train\triplets\00318_ref_128.npy,data/hcr_train\triplets\00318_pos_64.npy,data/hcr_train\triplets\00318_pos_128.npy,data/hcr_train\triplets\00318_neg_64.npy,data/hcr_train\triplets\00318_neg_128.npy,0.8659,0.8487,0.92,14.23,520.9,373.8
319,73,Medium,dram_dense,data/hcr_train\triplets\00319_ref_64.npy,data/hcr_train\triplets\00319_ref_128.npy,data/hcr_train\triplets\00319_pos_64.npy,data/hcr_train\triplets\00319_pos_128.npy,data/hcr_train\triplets\00319_neg_64.npy,data/hcr_train\triplets\00319_neg_128.npy,0.8659,0.8485,0.92,115.2,520.9,373.8
320,74,Hard,finfet_10nm,data/hcr_train\triplets\00320_ref_64.npy,data/hcr_train\triplets\00320_ref_128.npy,data/hcr_train\triplets\00320_pos_64.npy,data/hcr_train\triplets\00320_pos_128.npy,data/hcr_train\triplets\00320_neg_64.npy,data/hcr_train\triplets\00320_neg_128.npy,0.5657,0.4666,1.61,91.81,551.6,399.2
321,74,Hard,finfet_10nm,data/hcr_train\triplets\00321_ref_64.npy,data/hcr_train\triplets\00321_ref_128.npy,data/hcr_train\triplets\00321_pos_64.npy,data/hcr_train\triplets\00321_pos_128.npy,data/hcr_train\triplets\00321_neg_64.npy,data/hcr_train\triplets\00321_neg_128.npy,0.5657,0.466,1.61,106.81,551.6,399.2
322,74,Hard,finfet_10nm,data/hcr_train\triplets\00322_ref_64.npy,data/hcr_train\triplets\00322_ref_128.npy,data/hcr_train\triplets\00322_pos_64.npy,data/hcr_train\triplets\00322_pos_128.npy,data/hcr_train\triplets\00322_neg_64.npy,data/hcr_train\triplets\00322_neg_128.npy,0.5657,0.4653,1.61,45.83,551.6,399.2
323,74,Hard,finfet_10nm,data/hcr_train\triplets\00323_ref_64.npy,data/hcr_train\triplets\00323_ref_128.npy,data/hcr_train\triplets\00323_pos_64.npy,data/hcr_train\triplets\00323_pos_128.npy,data/hcr_train\triplets\00323_neg_64.npy,data/hcr_train\triplets\00323_neg_128.npy,0.5657,0.458,1.61,45.2,551.6,399.2
324,74,Hard,finfet_10nm,data/hcr_train\triplets\00324_ref_64.npy,data/hcr_train\triplets\00324_ref_128.npy,data/hcr_train\triplets\00324_pos_64.npy,data/hcr_train\triplets\00324_pos_128.npy,data/hcr_train\triplets\00324_neg_64.npy,data/hcr_train\triplets\00324_neg_128.npy,0.5657,0.4402,1.61,15.28,551.6,399.2
325,75,Adversarial,finfet_7nm,data/hcr_train\triplets\00325_ref_64.npy,data/hcr_train\triplets\00325_ref_128.npy,data/hcr_train\triplets\00325_pos_64.npy,data/hcr_train\triplets\00325_pos_128.npy,data/hcr_train\triplets\00325_neg_64.npy,data/hcr_train\triplets\00325_neg_128.npy,0.3807,0.4119,1.6,60.1,526.6,401.1
326,75,Adversarial,finfet_7nm,data/hcr_train\triplets\00326_ref_64.npy,data/hcr_train\triplets\00326_ref_128.npy,data/hcr_train\triplets\00326_pos_64.npy,data/hcr_train\triplets\00326_pos_128.npy,data/hcr_train\triplets\00326_neg_64.npy,data/hcr_train\triplets\00326_neg_128.npy,0.3807,0.3921,1.6,205.11,526.6,401.1
327,75,Adversarial,finfet_7nm,data/hcr_train\triplets\00327_ref_64.npy,data/hcr_train\triplets\00327_ref_128.npy,data/hcr_train\triplets\00327_pos_64.npy,data/hcr_train\triplets\00327_pos_128.npy,data/hcr_train\triplets\00327_neg_64.npy,data/hcr_train\triplets\00327_neg_128.npy,0.3807,0.3893,1.6,29.94,526.6,401.1
328,75,Adversarial,finfet_7nm,data/hcr_train\triplets\00328_ref_64.npy,data/hcr_train\triplets\00328_ref_128.npy,data/hcr_train\triplets\00328_pos_64.npy,data/hcr_train\triplets\00328_pos_128.npy,data/hcr_train\triplets\00328_neg_64.npy,data/hcr_train\triplets\00328_neg_128.npy,0.3807,0.3785,1.6,249.16,526.6,401.1
329,75,Adversarial,finfet_7nm,data/hcr_train\triplets\00329_ref_64.npy,data/hcr_train\triplets\00329_ref_128.npy,data/hcr_train\triplets\00329_pos_64.npy,data/hcr_train\triplets\00329_pos_128.npy,data/hcr_train\triplets\00329_neg_64.npy,data/hcr_train\triplets\00329_neg_128.npy,0.3807,0.374,1.6,234.11,526.6,401.1
330,76,Easy,dram_1x,data/hcr_train\triplets\00330_ref_64.npy,data/hcr_train\triplets\00330_ref_128.npy,data/hcr_train\triplets\00330_pos_64.npy,data/hcr_train\triplets\00330_pos_128.npy,data/hcr_train\triplets\00330_neg_64.npy,data/hcr_train\triplets\00330_neg_128.npy,0.9397,0.9342,0.14,35.9,119.9,803.9
331,76,Easy,dram_1x,data/hcr_train\triplets\00331_ref_64.npy,data/hcr_train\triplets\00331_ref_128.npy,data/hcr_train\triplets\00331_pos_64.npy,data/hcr_train\triplets\00331_pos_128.npy,data/hcr_train\triplets\00331_neg_64.npy,data/hcr_train\triplets\00331_neg_128.npy,0.9397,0.9304,0.14,35.1,119.9,803.9
332,76,Easy,dram_1x,data/hcr_train\triplets\00332_ref_64.npy,data/hcr_train\triplets\00332_ref_128.npy,data/hcr_train\triplets\00332_pos_64.npy,data/hcr_train\triplets\00332_pos_128.npy,data/hcr_train\triplets\00332_neg_64.npy,data/hcr_train\triplets\00332_neg_128.npy,0.9397,0.9264,0.14,72.1,119.9,803.9
333,76,Easy,dram_1x,data/hcr_train\triplets\00333_ref_64.npy,data/hcr_train\triplets\00333_ref_128.npy,data/hcr_train\triplets\00333_pos_64.npy,data/hcr_train\triplets\00333_pos_128.npy,data/hcr_train\triplets\00333_neg_64.npy,data/hcr_train\triplets\00333_neg_128.npy,0.9397,0.8845,0.14,382.87,119.9,803.9
334,76,Easy,dram_1x,data/hcr_train\triplets\00334_ref_64.npy,data/hcr_train\triplets\00334_ref_128.npy,data/hcr_train\triplets\00334_pos_64.npy,data/hcr_train\triplets\00334_pos_128.npy,data/hcr_train\triplets\00334_neg_64.npy,data/hcr_train\triplets\00334_neg_128.npy,0.9397,0.8819,0.14,407.3,119.9,803.9
335,77,Medium,dram_dense,data/hcr_train\triplets\00335_ref_64.npy,data/hcr_train\triplets\00335_ref_128.npy,data/hcr_train\triplets\00335_pos_64.npy,data/hcr_train\triplets\00335_pos_128.npy,data/hcr_train\triplets\00335_neg_64.npy,data/hcr_train\triplets\00335_neg_128.npy,0.8768,0.8877,0.85,38.31,151.8,788.3
336,77,Medium,dram_dense,data/hcr_train\triplets\00336_ref_64.npy,data/hcr_train\triplets\00336_ref_128.npy,data/hcr_train\triplets\00336_pos_64.npy,data/hcr_train\triplets\00336_pos_128.npy,data/hcr_train\triplets\00336_neg_64.npy,data/hcr_train\triplets\00336_neg_128.npy,0.8768,0.8751,0.85,19.32,151.8,788.3
337,77,Medium,dram_dense,data/hcr_train\triplets\00337_ref_64.npy,data/hcr_train\triplets\00337_ref_128.npy,data/hcr_train\triplets\00337_pos_64.npy,data/hcr_train\triplets\00337_pos_128.npy,data/hcr_train\triplets\00337_neg_64.npy,data/hcr_train\triplets\00337_neg_128.npy,0.8768,0.8705,0.85,96.3,151.8,788.3
338,77,Medium,dram_dense,data/hcr_train\triplets\00338_ref_64.npy,data/hcr_train\triplets\00338_ref_128.npy,data/hcr_train\triplets\00338_pos_64.npy,data/hcr_train\triplets\00338_pos_128.npy,data/hcr_train\triplets\00338_neg_64.npy,data/hcr_train\triplets\00338_neg_128.npy,0.8768,0.8702,0.85,332.38,151.8,788.3
339,77,Medium,dram_dense,data/hcr_train\triplets\00339_ref_64.npy,data/hcr_train\triplets\00339_ref_128.npy,data/hcr_train\triplets\00339_pos_64.npy,data/hcr_train\triplets\00339_pos_128.npy,data/hcr_train\triplets\00339_neg_64.npy,data/hcr_train\triplets\00339_neg_128.npy,0.8768,0.868,0.85,154.3,151.8,788.3
340,78,Hard,finfet_10nm,data/hcr_train\triplets\00340_ref_64.npy,data/hcr_train\triplets\00340_ref_128.npy,data/hcr_train\triplets\00340_pos_64.npy,data/hcr_train\triplets\00340_pos_128.npy,data/hcr_train\triplets\00340_neg_64.npy,data/hcr_train\triplets\00340_neg_128.npy,0.7239,0.7301,1.04,73.0,157.0,285.7
341,78,Hard,finfet_10nm,data/hcr_train\triplets\00341_ref_64.npy,data/hcr_train\triplets\00341_ref_128.npy,data/hcr_train\triplets\00341_pos_64.npy,data/hcr_train\triplets\00341_pos_128.npy,data/hcr_train\triplets\00341_neg_64.npy,data/hcr_train\triplets\00341_neg_128.npy,0.7239,0.7271,1.04,97.0,157.0,285.7
342,78,Hard,finfet_10nm,data/hcr_train\triplets\00342_ref_64.npy,data/hcr_train\triplets\00342_ref_128.npy,data/hcr_train\triplets\00342_pos_64.npy,data/hcr_train\triplets\00342_pos_128.npy,data/hcr_train\triplets\00342_neg_64.npy,data/hcr_train\triplets\00342_neg_128.npy,0.7239,0.7231,1.04,37.0,157.0,285.7
343,78,Hard,finfet_10nm,data/hcr_train\triplets\00343_ref_64.npy,data/hcr_train\triplets\00343_ref_128.npy,data/hcr_train\triplets\00343_pos_64.npy,data/hcr_train\triplets\00343_pos_128.npy,data/hcr_train\triplets\00343_neg_64.npy,data/hcr_train\triplets\00343_neg_128.npy,0.7239,0.7091,1.04,23.0,157.0,285.7
344,78,Hard,finfet_10nm,data/hcr_train\triplets\00344_ref_64.npy,data/hcr_train\triplets\00344_ref_128.npy,data/hcr_train\triplets\00344_pos_64.npy,data/hcr_train\triplets\00344_pos_128.npy,data/hcr_train\triplets\00344_neg_64.npy,data/hcr_train\triplets\00344_neg_128.npy,0.7239,0.7038,1.04,47.0,157.0,285.7
345,79,Adversarial,finfet_7nm,data/hcr_train\triplets\00345_ref_64.npy,data/hcr_train\triplets\00345_ref_128.npy,data/hcr_train\triplets\00345_pos_64.npy,data/hcr_train\triplets\00345_pos_128.npy,data/hcr_train\triplets\00345_neg_64.npy,data/hcr_train\triplets\00345_neg_128.npy,0.3023,0.3318,3.28,803.85,378.2,898.7
346,79,Adversarial,finfet_7nm,data/hcr_train\triplets\00346_ref_64.npy,data/hcr_train\triplets\00346_ref_128.npy,data/hcr_train\triplets\00346_pos_64.npy,data/hcr_train\triplets\00346_pos_128.npy,data/hcr_train\triplets\00346_neg_64.npy,data/hcr_train\triplets\00346_neg_128.npy,0.3023,0.3291,3.28,373.8,378.2,898.7
347,79,Adversarial,finfet_7nm,data/hcr_train\triplets\00347_ref_64.npy,data/hcr_train\triplets\00347_ref_128.npy,data/hcr_train\triplets\00347_pos_64.npy,data/hcr_train\triplets\00347_pos_128.npy,data/hcr_train\triplets\00347_neg_64.npy,data/hcr_train\triplets\00347_neg_128.npy,0.3023,0.3259,3.28,392.8,378.2,898.7
348,79,Adversarial,finfet_7nm,data/hcr_train\triplets\00348_ref_64.npy,data/hcr_train\triplets\00348_ref_128.npy,data/hcr_train\triplets\00348_pos_64.npy,data/hcr_train\triplets\00348_pos_128.npy,data/hcr_train\triplets\00348_neg_64.npy,data/hcr_train\triplets\00348_neg_128.npy,0.3023,0.3246,3.28,354.8,378.2,898.7
349,79,Adversarial,finfet_7nm,data/hcr_train\triplets\00349_ref_64.npy,data/hcr_train\triplets\00349_ref_128.npy,data/hcr_train\triplets\00349_pos_64.npy,data/hcr_train\triplets\00349_pos_128.npy,data/hcr_train\triplets\00349_neg_64.npy,data/hcr_train\triplets\00349_neg_128.npy,0.3023,0.3232,3.28,411.8,378.2,898.7
350,80,Easy,dram_1x,data/hcr_train\triplets\00350_ref_64.npy,data/hcr_train\triplets\00350_ref_128.npy,data/hcr_train\triplets\00350_pos_64.npy,data/hcr_train\triplets\00350_pos_128.npy,data/hcr_train\triplets\00350_neg_64.npy,data/hcr_train\triplets\00350_neg_128.npy,0.947,0.9151,0.58,28.5,688.5,873.7
351,80,Easy,dram_1x,data/hcr_train\triplets\00351_ref_64.npy,data/hcr_train\triplets\00351_ref_128.npy,data/hcr_train\triplets\00351_pos_64.npy,data/hcr_train\triplets\00351_pos_128.npy,data/hcr_train\triplets\00351_neg_64.npy,data/hcr_train\triplets\00351_neg_128.npy,0.947,0.9047,0.58,85.5,688.5,873.7
352,80,Easy,dram_1x,data/hcr_train\triplets\00352_ref_64.npy,data/hcr_train\triplets\00352_ref_128.npy,data/hcr_train\triplets\00352_pos_64.npy,data/hcr_train\triplets\00352_pos_128.npy,data/hcr_train\triplets\00352_neg_64.npy,data/hcr_train\triplets\00352_neg_128.npy,0.947,0.9044,0.58,57.5,688.5,873.7
353,80,Easy,dram_1x,data/hcr_train\triplets\00353_ref_64.npy,data/hcr_train\triplets\00353_ref_128.npy,data/hcr_train\triplets\00353_pos_64.npy,data/hcr_train\triplets\00353_pos_128.npy,data/hcr_train\triplets\00353_neg_64.npy,data/hcr_train\triplets\00353_neg_128.npy,0.947,0.9018,0.58,29.5,688.5,873.7
354,80,Easy,dram_1x,data/hcr_train\triplets\00354_ref_64.npy,data/hcr_train\triplets\00354_ref_128.npy,data/hcr_train\triplets\00354_pos_64.npy,data/hcr_train\triplets\00354_pos_128.npy,data/hcr_train\triplets\00354_neg_64.npy,data/hcr_train\triplets\00354_neg_128.npy,0.947,0.8938,0.58,57.5,688.5,873.7
355,81,Medium,dram_dense,data/hcr_train\triplets\00355_ref_64.npy,data/hcr_train\triplets\00355_ref_128.npy,data/hcr_train\triplets\00355_pos_64.npy,data/hcr_train\triplets\00355_pos_128.npy,data/hcr_train\triplets\00355_neg_64.npy,data/hcr_train\triplets\00355_neg_128.npy,0.8861,0.854,0.1,29.0,950.0,292.9
356,81,Medium,dram_dense,data/hcr_train\triplets\00356_ref_64.npy,data/hcr_train\triplets\00356_ref_128.npy,data/hcr_train\triplets\00356_pos_64.npy,data/hcr_train\triplets\00356_pos_128.npy,data/hcr_train\triplets\00356_neg_64.npy,data/hcr_train\triplets\00356_neg_128.npy,0.8861,0.8416,0.1,15.0,950.0,292.9
357,81,Medium,dram_dense,data/hcr_train\triplets\00357_ref_64.npy,data/hcr_train\triplets\00357_ref_128.npy,data/hcr_train\triplets\00357_pos_64.npy,data/hcr_train\triplets\00357_pos_128.npy,data/hcr_train\triplets\00357_neg_64.npy,data/hcr_train\triplets\00357_neg_128.npy,0.8861,0.7178,0.1,44.0,950.0,292.9
358,81,Medium,dram_dense,data/hcr_train\triplets\00358_ref_64.npy,data/hcr_train\triplets\00358_ref_128.npy,data/hcr_train\triplets\00358_pos_64.npy,data/hcr_train\triplets\00358_pos_128.npy,data/hcr_train\triplets\00358_neg_64.npy,data/hcr_train\triplets\00358_neg_128.npy,0.8861,0.6716,0.1,58.0,950.0,292.9
359,81,Medium,dram_dense,data/hcr_train\triplets\00359_ref_64.npy,data/hcr_train\triplets\00359_ref_128.npy,data/hcr_train\triplets\00359_pos_64.npy,data/hcr_train\triplets\00359_pos_128.npy,data/hcr_train\triplets\00359_neg_64.npy,data/hcr_train\triplets\00359_neg_128.npy,0.8861,0.6472,0.1,290.1,950.0,292.9
360,82,Hard,finfet_10nm,data/hcr_train\triplets\00360_ref_64.npy,data/hcr_train\triplets\00360_ref_128.npy,data/hcr_train\triplets\00360_pos_64.npy,data/hcr_train\triplets\00360_pos_128.npy,data/hcr_train\triplets\00360_neg_64.npy,data/hcr_train\triplets\00360_neg_128.npy,0.7954,0.7967,2.2,114.2,172.2,656.9
361,82,Hard,finfet_10nm,data/hcr_train\triplets\00361_ref_64.npy,data/hcr_train\triplets\00361_ref_128.npy,data/hcr_train\triplets\00361_pos_64.npy,data/hcr_train\triplets\00361_pos_128.npy,data/hcr_train\triplets\00361_neg_64.npy,data/hcr_train\triplets\00361_neg_128.npy,0.7954,0.7955,2.2,25.8,172.2,656.9
362,82,Hard,finfet_10nm,data/hcr_train\triplets\00362_ref_64.npy,data/hcr_train\triplets\00362_ref_128.npy,data/hcr_train\triplets\00362_pos_64.npy,data/hcr_train\triplets\00362_pos_128.npy,data/hcr_train\triplets\00362_neg_64.npy,data/hcr_train\triplets\00362_neg_128.npy,0.7954,0.7925,2.2,86.2,172.2,656.9
363,82,Hard,finfet_10nm,data/hcr_train\triplets\00363_ref_64.npy,data/hcr_train\triplets\00363_ref_128.npy,data/hcr_train\triplets\00363_pos_64.npy,data/hcr_train\triplets\00363_pos_128.npy,data/hcr_train\triplets\00363_neg_64.npy,data/hcr_train\triplets\00363_neg_128.npy,0.7954,0.7901,2.2,30.2,172.2,656.9
364,82,Hard,finfet_10nm,data/hcr_train\triplets\00364_ref_64.npy,data/hcr_train\triplets\00364_ref_128.npy,data/hcr_train\triplets\00364_pos_64.npy,data/hcr_train\triplets\00364_pos_128.npy,data/hcr_train\triplets\00364_neg_64.npy,data/hcr_train\triplets\00364_neg_128.npy,0.7954,0.7853,2.2,58.2,172.2,656.9
365,83,Adversarial,finfet_7nm,data/hcr_train\triplets\00365_ref_64.npy,data/hcr_train\triplets\00365_ref_128.npy,data/hcr_train\triplets\00365_pos_64.npy,data/hcr_train\triplets\00365_pos_128.npy,data/hcr_train\triplets\00365_neg_64.npy,data/hcr_train\triplets\00365_neg_128.npy,0.4437,0.4513,3.03,87.0,736.0,872.4
366,83,Adversarial,finfet_7nm,data/hcr_train\triplets\00366_ref_64.npy,data/hcr_train\triplets\00366_ref_128.npy,data/hcr_train\triplets\00366_pos_64.npy,data/hcr_train\triplets\00366_pos_128.npy,data/hcr_train\triplets\00366_neg_64.npy,data/hcr_train\triplets\00366_neg_128.npy,0.4437,0.4223,3.03,74.0,736.0,872.4
367,83,Adversarial,finfet_7nm,data/hcr_train\triplets\00367_ref_64.npy,data/hcr_train\triplets\00367_ref_128.npy,data/hcr_train\triplets\00367_pos_64.npy,data/hcr_train\triplets\00367_pos_128.npy,data/hcr_train\triplets\00367_neg_64.npy,data/hcr_train\triplets\00367_neg_128.npy,0.4437,0.3946,3.03,10.01,736.0,872.4
368,83,Adversarial,finfet_7nm,data/hcr_train\triplets\00368_ref_64.npy,data/hcr_train\triplets\00368_ref_128.npy,data/hcr_train\triplets\00368_pos_64.npy,data/hcr_train\triplets\00368_pos_128.npy,data/hcr_train\triplets\00368_neg_64.npy,data/hcr_train\triplets\00368_neg_128.npy,0.4437,0.3892,3.03,16.0,736.0,872.4
369,83,Adversarial,finfet_7nm,data/hcr_train\triplets\00369_ref_64.npy,data/hcr_train\triplets\00369_ref_128.npy,data/hcr_train\triplets\00369_pos_64.npy,data/hcr_train\triplets\00369_pos_128.npy,data/hcr_train\triplets\00369_neg_64.npy,data/hcr_train\triplets\00369_neg_128.npy,0.4437,0.3879,3.03,100.0,736.0,872.4
370,84,Easy,dram_1x,data/hcr_train\triplets\00370_ref_64.npy,data/hcr_train\triplets\00370_ref_128.npy,data/hcr_train\triplets\00370_pos_64.npy,data/hcr_train\triplets\00370_pos_128.npy,data/hcr_train\triplets\00370_neg_64.npy,data/hcr_train\triplets\00370_neg_128.npy,0.926,0.8656,0.41,14.6,846.1,700.6
371,84,Easy,dram_1x,data/hcr_train\triplets\00371_ref_64.npy,data/hcr_train\triplets\00371_ref_128.npy,data/hcr_train\triplets\00371_pos_64.npy,data/hcr_train\triplets\00371_pos_128.npy,data/hcr_train\triplets\00371_neg_64.npy,data/hcr_train\triplets\00371_neg_128.npy,0.926,0.8655,0.41,79.4,846.1,700.6
372,84,Easy,dram_1x,data/hcr_train\triplets\00372_ref_64.npy,data/hcr_train\triplets\00372_ref_128.npy,data/hcr_train\triplets\00372_pos_64.npy,data/hcr_train\triplets\00372_pos_128.npy,data/hcr_train\triplets\00372_neg_64.npy,data/hcr_train\triplets\00372_neg_128.npy,0.926,0.8519,0.41,14.4,846.1,700.6
373,84,Easy,dram_1x,data/hcr_train\triplets\00373_ref_64.npy,data/hcr_train\triplets\00373_ref_128.npy,data/hcr_train\triplets\00373_pos_64.npy,data/hcr_train\triplets\00373_pos_128.npy,data/hcr_train\triplets\00373_neg_64.npy,data/hcr_train\triplets\00373_neg_128.npy,0.926,0.8414,0.41,64.4,846.1,700.6
374,84,Easy,dram_1x,data/hcr_train\triplets\00374_ref_64.npy,data/hcr_train\triplets\00374_ref_128.npy,data/hcr_train\triplets\00374_pos_64.npy,data/hcr_train\triplets\00374_pos_128.npy,data/hcr_train\triplets\00374_neg_64.npy,data/hcr_train\triplets\00374_neg_128.npy,0.926,0.8331,0.41,64.6,846.1,700.6
375,85,Medium,dram_dense,data/hcr_train\triplets\00375_ref_64.npy,data/hcr_train\triplets\00375_ref_128.npy,data/hcr_train\triplets\00375_pos_64.npy,data/hcr_train\triplets\00375_pos_128.npy,data/hcr_train\triplets\00375_neg_64.npy,data/hcr_train\triplets\00375_neg_128.npy,0.9045,0.7948,0.7,48.01,554.7,718.0
376,85,Medium,dram_dense,data/hcr_train\triplets\00376_ref_64.npy,data/hcr_train\triplets\00376_ref_128.npy,data/hcr_train\triplets\00376_pos_64.npy,data/hcr_train\triplets\00376_pos_128.npy,data/hcr_train\triplets\00376_neg_64.npy,data/hcr_train\triplets\00376_neg_128.npy,0.9045,0.7888,0.7,48.01,554.7,718.0
377,85,Medium,dram_dense,data/hcr_train\triplets\00377_ref_64.npy,data/hcr_train\triplets\00377_ref_128.npy,data/hcr_train\triplets\00377_pos_64.npy,data/hcr_train\triplets\00377_pos_128.npy,data/hcr_train\triplets\00377_neg_64.npy,data/hcr_train\triplets\00377_neg_128.npy,0.9045,0.7711,0.7,96.0,554.7,718.0
378,85,Medium,dram_dense,data/hcr_train\triplets\00378_ref_64.npy,data/hcr_train\triplets\00378_ref_128.npy,data/hcr_train\triplets\00378_pos_64.npy,data/hcr_train\triplets\00378_pos_128.npy,data/hcr_train\triplets\00378_neg_64.npy,data/hcr_train\triplets\00378_neg_128.npy,0.9045,0.7632,0.7,33.01,554.7,718.0
379,85,Medium,dram_dense,data/hcr_train\triplets\00379_ref_64.npy,data/hcr_train\triplets\00379_ref_128.npy,data/hcr_train\triplets\00379_pos_64.npy,data/hcr_train\triplets\00379_pos_128.npy,data/hcr_train\triplets\00379_neg_64.npy,data/hcr_train\triplets\00379_neg_128.npy,0.9045,0.755,0.7,32.01,554.7,718.0
380,86,Hard,finfet_10nm,data/hcr_train\triplets\00380_ref_64.npy,data/hcr_train\triplets\00380_ref_128.npy,data/hcr_train\triplets\00380_pos_64.npy,data/hcr_train\triplets\00380_pos_128.npy,data/hcr_train\triplets\00380_neg_64.npy,data/hcr_train\triplets\00380_neg_128.npy,0.7952,0.7941,0.98,27.1,123.9,395.6
381,86,Hard,finfet_10nm,data/hcr_train\triplets\00381_ref_64.npy,data/hcr_train\triplets\00381_ref_128.npy,data/hcr_train\triplets\00381_pos_64.npy,data/hcr_train\triplets\00381_pos_128.npy,data/hcr_train\triplets\00381_neg_64.npy,data/hcr_train\triplets\00381_neg_128.npy,0.7952,0.794,0.98,83.1,123.9,395.6
382,86,Hard,finfet_10nm,data/hcr_train\triplets\00382_ref_64.npy,data/hcr_train\triplets\00382_ref_128.npy,data/hcr_train\triplets\00382_pos_64.npy,data/hcr_train\triplets\00382_pos_128.npy,data/hcr_train\triplets\00382_neg_64.npy,data/hcr_train\triplets\00382_neg_128.npy,0.7952,0.7935,0.98,56.9,123.9,395.6
383,86,Hard,finfet_10nm,data/hcr_train\triplets\00383_ref_64.npy,data/hcr_train\triplets\00383_ref_128.npy,data/hcr_train\triplets\00383_pos_64.npy,data/hcr_train\triplets\00383_pos_128.npy,data/hcr_train\triplets\00383_neg_64.npy,data/hcr_train\triplets\00383_neg_128.npy,0.7952,0.7924,0.98,28.9,123.9,395.6
384,86,Hard,finfet_10nm,data/hcr_train\triplets\00384_ref_64.npy,data/hcr_train\triplets\00384_ref_128.npy,data/hcr_train\triplets\00384_pos_64.npy,data/hcr_train\triplets\00384_pos_128.npy,data/hcr_train\triplets\00384_neg_64.npy,data/hcr_train\triplets\00384_neg_128.npy,0.7952,0.7897,0.98,55.1,123.9,395.6
385,87,Adversarial,finfet_7nm,data/hcr_train\triplets\00385_ref_64.npy,data/hcr_train\triplets\00385_ref_128.npy,data/hcr_train\triplets\00385_pos_64.npy,data/hcr_train\triplets\00385_pos_128.npy,data/hcr_train\triplets\00385_neg_64.npy,data/hcr_train\triplets\00385_neg_128.npy,0.4132,0.3359,1.91,656.8,881.9,552.2
386,87,Adversarial,finfet_7nm,data/hcr_train\triplets\00386_ref_64.npy,data/hcr_train\triplets\00386_ref_128.npy,data/hcr_train\triplets\00386_pos_64.npy,data/hcr_train\triplets\00386_pos_128.npy,data/hcr_train\triplets\00386_neg_64.npy,data/hcr_train\triplets\00386_neg_128.npy,0.4132,0.3203,1.91,13.1,881.9,552.2
387,87,Adversarial,finfet_7nm,data/hcr_train\triplets\00387_ref_64.npy,data/hcr_train\triplets\00387_ref_128.npy,data/hcr_train\triplets\00387_pos_64.npy,data/hcr_train\triplets\00387_pos_128.npy,data/hcr_train\triplets\00387_neg_64.npy,data/hcr_train\triplets\00387_neg_128.npy,0.4132,0.3132,1.91,642.47,881.9,552.2
388,87,Adversarial,finfet_7nm,data/hcr_train\triplets\00388_ref_64.npy,data/hcr_train\triplets\00388_ref_128.npy,data/hcr_train\triplets\00388_pos_64.npy,data/hcr_train\triplets\00388_pos_128.npy,data/hcr_train\triplets\00388_neg_64.npy,data/hcr_train\triplets\00388_neg_128.npy,0.4132,0.2773,1.91,29.1,881.9,552.2
389,87,Adversarial,finfet_7nm,data/hcr_train\triplets\00389_ref_64.npy,data/hcr_train\triplets\00389_ref_128.npy,data/hcr_train\triplets\00389_pos_64.npy,data/hcr_train\triplets\00389_pos_128.npy,data/hcr_train\triplets\00389_neg_64.npy,data/hcr_train\triplets\00389_neg_128.npy,0.4132,0.2757,1.91,210.21,881.9,552.2
390,88,Easy,dram_1x,data/hcr_train\triplets\00390_ref_64.npy,data/hcr_train\triplets\00390_ref_128.npy,data/hcr_train\triplets\00390_pos_64.npy,data/hcr_train\triplets\00390_pos_128.npy,data/hcr_train\triplets\00390_neg_64.npy,data/hcr_train\triplets\00390_neg_128.npy,0.951,0.8002,0.61,38.1,856.6,519.1
391,88,Easy,dram_1x,data/hcr_train\triplets\00391_ref_64.npy,data/hcr_train\triplets\00391_ref_128.npy,data/hcr_train\triplets\00391_pos_64.npy,data/hcr_train\triplets\00391_pos_128.npy,data/hcr_train\triplets\00391_neg_64.npy,data/hcr_train\triplets\00391_neg_128.npy,0.951,0.7837,0.61,19.11,856.6,519.1
392,88,Easy,dram_1x,data/hcr_train\triplets\00392_ref_64.npy,data/hcr_train\triplets\00392_ref_128.npy,data/hcr_train\triplets\00392_pos_64.npy,data/hcr_train\triplets\00392_pos_128.npy,data/hcr_train\triplets\00392_neg_64.npy,data/hcr_train\triplets\00392_neg_128.npy,0.951,0.7783,0.61,76.1,856.6,519.1
393,88,Easy,dram_1x,data/hcr_train\triplets\00393_ref_64.npy,data/hcr_train\triplets\00393_ref_128.npy,data/hcr_train\triplets\00393_pos_64.npy,data/hcr_train\triplets\00393_pos_128.npy,data/hcr_train\triplets\00393_neg_64.npy,data/hcr_train\triplets\00393_neg_128.npy,0.951,0.7681,0.61,115.1,856.6,519.1
394,88,Easy,dram_1x,data/hcr_train\triplets\00394_ref_64.npy,data/hcr_train\triplets\00394_ref_128.npy,data/hcr_train\triplets\00394_pos_64.npy,data/hcr_train\triplets\00394_pos_128.npy,data/hcr_train\triplets\00394_neg_64.npy,data/hcr_train\triplets\00394_neg_128.npy,0.951,0.7677,0.61,57.1,856.6,519.1
395,89,Medium,dram_dense,data/hcr_train\triplets\00395_ref_64.npy,data/hcr_train\triplets\00395_ref_128.npy,data/hcr_train\triplets\00395_pos_64.npy,data/hcr_train\triplets\00395_pos_128.npy,data/hcr_train\triplets\00395_neg_64.npy,data/hcr_train\triplets\00395_neg_128.npy,0.8866,0.5481,0.28,12.8,867.2,276.8
396,89,Medium,dram_dense,data/hcr_train\triplets\00396_ref_64.npy,data/hcr_train\triplets\00396_ref_128.npy,data/hcr_train\triplets\00396_pos_64.npy,data/hcr_train\triplets\00396_pos_128.npy,data/hcr_train\triplets\00396_neg_64.npy,data/hcr_train\triplets\00396_neg_128.npy,0.8866,0.5347,0.28,17.8,867.2,276.8
397,89,Medium,dram_dense,data/hcr_train\triplets\00397_ref_64.npy,data/hcr_train\triplets\00397_ref_128.npy,data/hcr_train\triplets\00397_pos_64.npy,data/hcr_train\triplets\00397_pos_128.npy,data/hcr_train\triplets\00397_neg_64.npy,data/hcr_train\triplets\00397_neg_128.npy,0.8866,0.4556,0.28,191.8,867.2,276.8
398,89,Medium,dram_dense,data/hcr_train\triplets\00398_ref_64.npy,data/hcr_train\triplets\00398_ref_128.npy,data/hcr_train\triplets\00398_pos_64.npy,data/hcr_train\triplets\00398_pos_128.npy,data/hcr_train\triplets\00398_neg_64.npy,data/hcr_train\triplets\00398_neg_128.npy,0.8866,0.4527,0.28,202.2,867.2,276.8
399,89,Medium,dram_dense,data/hcr_train\triplets\00399_ref_64.npy,data/hcr_train\triplets\00399_ref_128.npy,data/hcr_train\triplets\00399_pos_64.npy,data/hcr_train\triplets\00399_pos_128.npy,data/hcr_train\triplets\00399_neg_64.npy,data/hcr_train\triplets\00399_neg_128.npy,0.8866,0.4501,0.28,18.2,867.2,276.8
400,90,Hard,finfet_10nm,data/hcr_train\triplets\00400_ref_64.npy,data/hcr_train\triplets\00400_ref_128.npy,data/hcr_train\triplets\00400_pos_64.npy,data/hcr_train\triplets\00400_pos_128.npy,data/hcr_train\triplets\00400_neg_64.npy,data/hcr_train\triplets\00400_neg_128.npy,0.7581,0.7068,2.72,79.7,144.7,878.3
401,90,Hard,finfet_10nm,data/hcr_train\triplets\00401_ref_64.npy,data/hcr_train\triplets\00401_ref_128.npy,data/hcr_train\triplets\00401_pos_64.npy,data/hcr_train\triplets\00401_pos_128.npy,data/hcr_train\triplets\00401_neg_64.npy,data/hcr_train\triplets\00401_neg_128.npy,0.7581,0.7027,2.72,16.3,144.7,878.3
402,90,Hard,finfet_10nm,data/hcr_train\triplets\00402_ref_64.npy,data/hcr_train\triplets\00402_ref_128.npy,data/hcr_train\triplets\00402_pos_64.npy,data/hcr_train\triplets\00402_pos_128.npy,data/hcr_train\triplets\00402_neg_64.npy,data/hcr_train\triplets\00402_neg_128.npy,0.7581,0.6919,2.72,60.7,144.7,878.3
403,90,Hard,finfet_10nm,data/hcr_train\triplets\00403_ref_64.npy,data/hcr_train\triplets\00403_ref_128.npy,data/hcr_train\triplets\00403_pos_64.npy,data/hcr_train\triplets\00403_pos_128.npy,data/hcr_train\triplets\00403_neg_64.npy,data/hcr_train\triplets\00403_neg_128.npy,0.7581,0.6837,2.72,21.7,144.7,878.3
404,90,Hard,finfet_10nm,data/hcr_train\triplets\00404_ref_64.npy,data/hcr_train\triplets\00404_ref_128.npy,data/hcr_train\triplets\00404_pos_64.npy,data/hcr_train\triplets\00404_pos_128.npy,data/hcr_train\triplets\00404_neg_64.npy,data/hcr_train\triplets\00404_neg_128.npy,0.7581,0.6781,2.72,35.3,144.7,878.3
405,91,Adversarial,finfet_7nm,data/hcr_train\triplets\00405_ref_64.npy,data/hcr_train\triplets\00405_ref_128.npy,data/hcr_train\triplets\00405_pos_64.npy,data/hcr_train\triplets\00405_pos_128.npy,data/hcr_train\triplets\00405_neg_64.npy,data/hcr_train\triplets\00405_neg_128.npy,0.433,0.3656,2.21,30.28,884.2,446.2
406,91,Adversarial,finfet_7nm,data/hcr_train\triplets\00406_ref_64.npy,data/hcr_train\triplets\00406_ref_128.npy,data/hcr_train\triplets\00406_pos_64.npy,data/hcr_train\triplets\00406_pos_128.npy,data/hcr_train\triplets\00406_neg_64.npy,data/hcr_train\triplets\00406_neg_128.npy,0.433,0.3401,2.21,60.21,884.2,446.2
407,91,Adversarial,finfet_7nm,data/hcr_train\triplets\00407_ref_64.npy,data/hcr_train\triplets\00407_ref_128.npy,data/hcr_train\triplets\00407_pos_64.npy,data/hcr_train\triplets\00407_pos_128.npy,data/hcr_train\triplets\00407_neg_64.npy,data/hcr_train\triplets\00407_neg_128.npy,0.433,0.3364,2.21,29.88,884.2,446.2
408,91,Adversarial,finfet_7nm,data/hcr_train\triplets\00408_ref_64.npy,data/hcr_train\triplets\00408_ref_128.npy,data/hcr_train\triplets\00408_pos_64.npy,data/hcr_train\triplets\00408_pos_128.npy,data/hcr_train\triplets\00408_neg_64.npy,data/hcr_train\triplets\00408_neg_128.npy,0.433,0.3332,2.21,90.23,884.2,446.2
409,91,Adversarial,finfet_7nm,data/hcr_train\triplets\00409_ref_64.npy,data/hcr_train\triplets\00409_ref_128.npy,data/hcr_train\triplets\00409_pos_64.npy,data/hcr_train\triplets\00409_pos_128.npy,data/hcr_train\triplets\00409_neg_64.npy,data/hcr_train\triplets\00409_neg_128.npy,0.433,0.3268,2.21,75.42,884.2,446.2
410,92,Easy,dram_1x,data/hcr_train\triplets\00410_ref_64.npy,data/hcr_train\triplets\00410_ref_128.npy,data/hcr_train\triplets\00410_pos_64.npy,data/hcr_train\triplets\00410_pos_128.npy,data/hcr_train\triplets\00410_neg_64.npy,data/hcr_train\triplets\00410_neg_128.npy,0.9324,0.9044,0.2,19.0,943.0,545.8
411,92,Easy,dram_1x,data/hcr_train\triplets\00411_ref_64.npy,data/hcr_train\triplets\00411_ref_128.npy,data/hcr_train\triplets\00411_pos_64.npy,data/hcr_train\triplets\00411_pos_128.npy,data/hcr_train\triplets\00411_neg_64.npy,data/hcr_train\triplets\00411_neg_128.npy,0.9324,0.7594,0.2,38.0,943.0,545.8
412,92,Easy,dram_1x,data/hcr_train\triplets\00412_ref_64.npy,data/hcr_train\triplets\00412_ref_128.npy,data/hcr_train\triplets\00412_pos_64.npy,data/hcr_train\triplets\00412_pos_128.npy,data/hcr_train\triplets\00412_neg_64.npy,data/hcr_train\triplets\00412_neg_128.npy,0.9324,0.73,0.2,289.41,943.0,545.8
413,92,Easy,dram_1x,data/hcr_train\triplets\00413_ref_64.npy,data/hcr_train\triplets\00413_ref_128.npy,data/hcr_train\triplets\00413_pos_64.npy,data/hcr_train\triplets\00413_pos_128.npy,data/hcr_train\triplets\00413_neg_64.npy,data/hcr_train\triplets\00413_neg_128.npy,0.9324,0.67,0.2,12.8,943.0,545.8
414,92,Easy,dram_1x,data/hcr_train\triplets\00414_ref_64.npy,data/hcr_train\triplets\00414_ref_128.npy,data/hcr_train\triplets\00414_pos_64.npy,data/hcr_train\triplets\00414_pos_128.npy,data/hcr_train\triplets\00414_neg_64.npy,data/hcr_train\triplets\00414_neg_128.npy,0.9324,0.6644,0.2,289.28,943.0,545.8
415,93,Medium,dram_dense,data/hcr_train\triplets\00415_ref_64.npy,data/hcr_train\triplets\00415_ref_128.npy,data/hcr_train\triplets\00415_pos_64.npy,data/hcr_train\triplets\00415_pos_128.npy,data/hcr_train\triplets\00415_neg_64.npy,data/hcr_train\triplets\00415_neg_128.npy,0.8949,0.678,1.71,19.28,255.7,884.8
416,93,Medium,dram_dense,data/hcr_train\triplets\00416_ref_64.npy,data/hcr_train\triplets\00416_ref_128.npy,data/hcr_train\triplets\00416_pos_64.npy,data/hcr_train\triplets\00416_pos_128.npy,data/hcr_train\triplets\00416_neg_64.npy,data/hcr_train\triplets\00416_neg_128.npy,0.8949,0.6285,1.71,38.24,255.7,884.8
417,93,Medium,dram_dense,data/hcr_train\triplets\00417_ref_64.npy,data/hcr_train\triplets\00417_ref_128.npy,data/hcr_train\triplets\00417_pos_64.npy,data/hcr_train\triplets\00417_pos_128.npy,data/hcr_train\triplets\00417_neg_64.npy,data/hcr_train\triplets\00417_neg_128.npy,0.8949,0.6229,1.71,57.23,255.7,884.8
418,93,Medium,dram_dense,data/hcr_train\triplets\00418_ref_64.npy,data/hcr_train\triplets\00418_ref_128.npy,data/hcr_train\triplets\00418_pos_64.npy,data/hcr_train\triplets\00418_pos_128.npy,data/hcr_train\triplets\00418_neg_64.npy,data/hcr_train\triplets\00418_neg_128.npy,0.8949,0.6203,1.71,293.32,255.7,884.8
419,93,Medium,dram_dense,data/hcr_train\triplets\00419_ref_64.npy,data/hcr_train\triplets\00419_ref_128.npy,data/hcr_train\triplets\00419_pos_64.npy,data/hcr_train\triplets\00419_pos_128.npy,data/hcr_train\triplets\00419_neg_64.npy,data/hcr_train\triplets\00419_neg_128.npy,0.8949,0.5927,1.71,15.7,255.7,884.8
420,94,Hard,finfet_10nm,data/hcr_train\triplets\00420_ref_64.npy,data/hcr_train\triplets\00420_ref_128.npy,data/hcr_train\triplets\00420_pos_64.npy,data/hcr_train\triplets\00420_pos_128.npy,data/hcr_train\triplets\00420_neg_64.npy,data/hcr_train\triplets\00420_neg_128.npy,0.7427,0.5688,1.32,21.3,541.3,537.2
421,94,Hard,finfet_10nm,data/hcr_train\triplets\00421_ref_64.npy,data/hcr_train\triplets\00421_ref_128.npy,data/hcr_train\triplets\00421_pos_64.npy,data/hcr_train\triplets\00421_pos_128.npy,data/hcr_train\triplets\00421_neg_64.npy,data/hcr_train\triplets\00421_neg_128.npy,0.7427,0.5587,1.32,194.3,541.3,537.2
422,94,Hard,finfet_10nm,data/hcr_train\triplets\00422_ref_64.npy,data/hcr_train\triplets\00422_ref_128.npy,data/hcr_train\triplets\00422_pos_64.npy,data/hcr_train\triplets\00422_pos_128.npy,data/hcr_train\triplets\00422_neg_64.npy,data/hcr_train\triplets\00422_neg_128.npy,0.7427,0.557,1.32,180.2,541.3,537.2
423,94,Hard,finfet_10nm,data/hcr_train\triplets\00423_ref_64.npy,data/hcr_train\triplets\00423_ref_128.npy,data/hcr_train\triplets\00423_pos_64.npy,data/hcr_train\triplets\00423_pos_128.npy,data/hcr_train\triplets\00423_neg_64.npy,data/hcr_train\triplets\00423_neg_128.npy,0.7427,0.5549,1.32,36.22,541.3,537.2
424,94,Hard,finfet_10nm,data/hcr_train\triplets\00424_ref_64.npy,data/hcr_train\triplets\00424_ref_128.npy,data/hcr_train\triplets\00424_pos_64.npy,data/hcr_train\triplets\00424_pos_128.npy,data/hcr_train\triplets\00424_neg_64.npy,data/hcr_train\triplets\00424_neg_128.npy,0.7427,0.5465,1.32,175.3,541.3,537.2
425,96,Easy,dram_1x,data/hcr_train\triplets\00425_ref_64.npy,data/hcr_train\triplets\00425_ref_128.npy,data/hcr_train\triplets\00425_pos_64.npy,data/hcr_train\triplets\00425_pos_128.npy,data/hcr_train\triplets\00425_neg_64.npy,data/hcr_train\triplets\00425_neg_128.npy,0.9514,0.598,0.36,173.3,258.3,563.2
426,96,Easy,dram_1x,data/hcr_train\triplets\00426_ref_64.npy,data/hcr_train\triplets\00426_ref_128.npy,data/hcr_train\triplets\00426_pos_64.npy,data/hcr_train\triplets\00426_pos_128.npy,data/hcr_train\triplets\00426_neg_64.npy,data/hcr_train\triplets\00426_neg_128.npy,0.9514,0.5962,0.36,115.3,258.3,563.2
427,96,Easy,dram_1x,data/hcr_train\triplets\00427_ref_64.npy,data/hcr_train\triplets\00427_ref_128.npy,data/hcr_train\triplets\00427_pos_64.npy,data/hcr_train\triplets\00427_pos_128.npy,data/hcr_train\triplets\00427_neg_64.npy,data/hcr_train\triplets\00427_neg_128.npy,0.9514,0.5873,0.36,19.2,258.3,563.2
428,96,Easy,dram_1x,data/hcr_train\triplets\00428_ref_64.npy,data/hcr_train\triplets\00428_ref_128.npy,data/hcr_train\triplets\00428_pos_64.npy,data/hcr_train\triplets\00428_pos_128.npy,data/hcr_train\triplets\00428_neg_64.npy,data/hcr_train\triplets\00428_neg_128.npy,0.9514,0.5825,0.36,144.3,258.3,563.2
429,96,Easy,dram_1x,data/hcr_train\triplets\00429_ref_64.npy,data/hcr_train\triplets\00429_ref_128.npy,data/hcr_train\triplets\00429_pos_64.npy,data/hcr_train\triplets\00429_pos_128.npy,data/hcr_train\triplets\00429_neg_64.npy,data/hcr_train\triplets\00429_neg_128.npy,0.9514,0.5796,0.36,86.3,258.3,563.2
430,97,Medium,dram_dense,data/hcr_train\triplets\00430_ref_64.npy,data/hcr_train\triplets\00430_ref_128.npy,data/hcr_train\triplets\00430_pos_64.npy,data/hcr_train\triplets\00430_pos_128.npy,data/hcr_train\triplets\00430_neg_64.npy,data/hcr_train\triplets\00430_neg_128.npy,0.9236,0.8718,0.45,48.4,484.4,185.8
431,97,Medium,dram_dense,data/hcr_train\triplets\00431_ref_64.npy,data/hcr_train\triplets\00431_ref_128.npy,data/hcr_train\triplets\00431_pos_64.npy,data/hcr_train\triplets\00431_pos_128.npy,data/hcr_train\triplets\00431_neg_64.npy,data/hcr_train\triplets\00431_neg_128.npy,0.9236,0.8651,0.45,63.8,484.4,185.8
432,97,Medium,dram_dense,data/hcr_train\triplets\00432_ref_64.npy,data/hcr_train\triplets\00432_ref_128.npy,data/hcr_train\triplets\00432_pos_64.npy,data/hcr_train\triplets\00432_pos_128.npy,data/hcr_train\triplets\00432_neg_64.npy,data/hcr_train\triplets\00432_neg_128.npy,0.9236,0.8647,0.45,145.4,484.4,185.8
433,97,Medium,dram_dense,data/hcr_train\triplets\00433_ref_64.npy,data/hcr_train\triplets\00433_ref_128.npy,data/hcr_train\triplets\00433_pos_64.npy,data/hcr_train\triplets\00433_pos_128.npy,data/hcr_train\triplets\00433_neg_64.npy,data/hcr_train\triplets\00433_neg_128.npy,0.9236,0.8619,0.45,96.4,484.4,185.8
434,97,Medium,dram_dense,data/hcr_train\triplets\00434_ref_64.npy,data/hcr_train\triplets\00434_ref_128.npy,data/hcr_train\triplets\00434_pos_64.npy,data/hcr_train\triplets\00434_pos_128.npy,data/hcr_train\triplets\00434_neg_64.npy,data/hcr_train\triplets\00434_neg_128.npy,0.9236,0.8474,0.45,72.4,484.4,185.8
435,98,Hard,finfet_10nm,data/hcr_train\triplets\00435_ref_64.npy,data/hcr_train\triplets\00435_ref_128.npy,data/hcr_train\triplets\00435_pos_64.npy,data/hcr_train\triplets\00435_pos_128.npy,data/hcr_train\triplets\00435_neg_64.npy,data/hcr_train\triplets\00435_neg_128.npy,0.4768,0.4984,7.98,70.32,470.9,436.7
436,98,Hard,finfet_10nm,data/hcr_train\triplets\00436_ref_64.npy,data/hcr_train\triplets\00436_ref_128.npy,data/hcr_train\triplets\00436_pos_64.npy,data/hcr_train\triplets\00436_pos_128.npy,data/hcr_train\triplets\00436_neg_64.npy,data/hcr_train\triplets\00436_neg_128.npy,0.4768,0.4923,7.98,94.22,470.9,436.7
437,98,Hard,finfet_10nm,data/hcr_train\triplets\00437_ref_64.npy,data/hcr_train\triplets\00437_ref_128.npy,data/hcr_train\triplets\00437_pos_64.npy,data/hcr_train\triplets\00437_pos_128.npy,data/hcr_train\triplets\00437_neg_64.npy,data/hcr_train\triplets\00437_neg_128.npy,0.4768,0.491,7.98,126.14,470.9,436.7
438,98,Hard,finfet_10nm,data/hcr_train\triplets\00438_ref_64.npy,data/hcr_train\triplets\00438_ref_128.npy,data/hcr_train\triplets\00438_pos_64.npy,data/hcr_train\triplets\00438_pos_128.npy,data/hcr_train\triplets\00438_neg_64.npy,data/hcr_train\triplets\00438_neg_128.npy,0.4768,0.4905,7.98,122.14,470.9,436.7
439,98,Hard,finfet_10nm,data/hcr_train\triplets\00439_ref_64.npy,data/hcr_train\triplets\00439_ref_128.npy,data/hcr_train\triplets\00439_pos_64.npy,data/hcr_train\triplets\00439_pos_128.npy,data/hcr_train\triplets\00439_neg_64.npy,data/hcr_train\triplets\00439_neg_128.npy,0.4768,0.4897,7.98,54.45,470.9,436.7
440,99,Adversarial,finfet_7nm,data/hcr_train\triplets\00440_ref_64.npy,data/hcr_train\triplets\00440_ref_128.npy,data/hcr_train\triplets\00440_pos_64.npy,data/hcr_train\triplets\00440_pos_128.npy,data/hcr_train\triplets\00440_neg_64.npy,data/hcr_train\triplets\00440_neg_128.npy,0.5249,0.5144,2.75,104.51,306.7,494.5
441,99,Adversarial,finfet_7nm,data/hcr_train\triplets\00441_ref_64.npy,data/hcr_train\triplets\00441_ref_128.npy,data/hcr_train\triplets\00441_pos_64.npy,data/hcr_train\triplets\00441_pos_128.npy,data/hcr_train\triplets\00441_neg_64.npy,data/hcr_train\triplets\00441_neg_128.npy,0.5249,0.4964,2.75,584.31,306.7,494.5
442,99,Adversarial,finfet_7nm,data/hcr_train\triplets\00442_ref_64.npy,data/hcr_train\triplets\00442_ref_128.npy,data/hcr_train\triplets\00442_pos_64.npy,data/hcr_train\triplets\00442_pos_128.npy,data/hcr_train\triplets\00442_neg_64.npy,data/hcr_train\triplets\00442_neg_128.npy,0.5249,0.4957,2.75,51.53,306.7,494.5
443,99,Adversarial,finfet_7nm,data/hcr_train\triplets\00443_ref_64.npy,data/hcr_train\triplets\00443_ref_128.npy,data/hcr_train\triplets\00443_pos_64.npy,data/hcr_train\triplets\00443_pos_128.npy,data/hcr_train\triplets\00443_neg_64.npy,data/hcr_train\triplets\00443_neg_128.npy,0.5249,0.4888,2.75,594.04,306.7,494.5
444,99,Adversarial,finfet_7nm,data/hcr_train\triplets\00444_ref_64.npy,data/hcr_train\triplets\00444_ref_128.npy,data/hcr_train\triplets\00444_pos_64.npy,data/hcr_train\triplets\00444_pos_128.npy,data/hcr_train\triplets\00444_neg_64.npy,data/hcr_train\triplets\00444_neg_128.npy,0.5249,0.4844,2.75,587.39,306.7,494.5
445,100,Easy,dram_1x,data/hcr_train\triplets\00445_ref_64.npy,data/hcr_train\triplets\00445_ref_128.npy,data/hcr_train\triplets\00445_pos_64.npy,data/hcr_train\triplets\00445_pos_128.npy,data/hcr_train\triplets\00445_neg_64.npy,data/hcr_train\triplets\00445_neg_128.npy,0.9356,0.6449,0.73,13.22,877.7,849.8
446,100,Easy,dram_1x,data/hcr_train\triplets\00446_ref_64.npy,data/hcr_train\triplets\00446_ref_128.npy,data/hcr_train\triplets\00446_pos_64.npy,data/hcr_train\triplets\00446_pos_128.npy,data/hcr_train\triplets\00446_neg_64.npy,data/hcr_train\triplets\00446_neg_128.npy,0.9356,0.6386,0.73,12.82,877.7,849.8
447,100,Easy,dram_1x,data/hcr_train\triplets\00447_ref_64.npy,data/hcr_train\triplets\00447_ref_128.npy,data/hcr_train\triplets\00447_pos_64.npy,data/hcr_train\triplets\00447_pos_128.npy,data/hcr_train\triplets\00447_neg_64.npy,data/hcr_train\triplets\00447_neg_128.npy,0.9356,0.6005,0.73,18.3,877.7,849.8
448,100,Easy,dram_1x,data/hcr_train\triplets\00448_ref_64.npy,data/hcr_train\triplets\00448_ref_128.npy,data/hcr_train\triplets\00448_pos_64.npy,data/hcr_train\triplets\00448_pos_128.npy,data/hcr_train\triplets\00448_neg_64.npy,data/hcr_train\triplets\00448_neg_128.npy,0.9356,0.59,0.73,57.3,877.7,849.8
449,100,Easy,dram_1x,data/hcr_train\triplets\00449_ref_64.npy,data/hcr_train\triplets\00449_ref_128.npy,data/hcr_train\triplets\00449_pos_64.npy,data/hcr_train\triplets\00449_pos_128.npy,data/hcr_train\triplets\00449_neg_64.npy,data/hcr_train\triplets\00449_neg_128.npy,0.9356,0.5594,0.73,38.3,877.7,849.8
450,101,Medium,dram_dense,data/hcr_train\triplets\00450_ref_64.npy,data/hcr_train\triplets\00450_ref_128.npy,data/hcr_train\triplets\00450_pos_64.npy,data/hcr_train\triplets\00450_pos_128.npy,data/hcr_train\triplets\00450_neg_64.npy,data/hcr_train\triplets\00450_neg_128.npy,0.8848,0.8566,0.81,19.12,551.8,399.9
451,101,Medium,dram_dense,data/hcr_train\triplets\00451_ref_64.npy,data/hcr_train\triplets\00451_ref_128.npy,data/hcr_train\triplets\00451_pos_64.npy,data/hcr_train\triplets\00451_pos_128.npy,data/hcr_train\triplets\00451_neg_64.npy,data/hcr_train\triplets\00451_neg_128.npy,0.8848,0.8532,0.81,38.11,551.8,399.9
452,101,Medium,dram_dense,data/hcr_train\triplets\00452_ref_64.npy,data/hcr_train\triplets\00452_ref_128.npy,data/hcr_train\triplets\00452_pos_64.npy,data/hcr_train\triplets\00452_pos_128.npy,data/hcr_train\triplets\00452_neg_64.npy,data/hcr_train\triplets\00452_neg_128.npy,0.8848,0.8472,0.81,57.11,551.8,399.9
453,101,Medium,dram_dense,data/hcr_train\triplets\00453_ref_64.npy,data/hcr_train\triplets\00453_ref_128.npy,data/hcr_train\triplets\00453_pos_64.npy,data/hcr_train\triplets\00453_pos_128.npy,data/hcr_train\triplets\00453_neg_64.npy,data/hcr_train\triplets\00453_neg_128.npy,0.8848,0.832,0.81,18.92,551.8,399.9
454,101,Medium,dram_dense,data/hcr_train\triplets\00454_ref_64.npy,data/hcr_train\triplets\00454_ref_128.npy,data/hcr_train\triplets\00454_pos_64.npy,data/hcr_train\triplets\00454_pos_128.npy,data/hcr_train\triplets\00454_neg_64.npy,data/hcr_train\triplets\00454_neg_128.npy,0.8848,0.8311,0.81,76.1,551.8,399.9
455,102,Hard,finfet_10nm,data/hcr_train\triplets\00455_ref_64.npy,data/hcr_train\triplets\00455_ref_128.npy,data/hcr_train\triplets\00455_pos_64.npy,data/hcr_train\triplets\00455_pos_128.npy,data/hcr_train\triplets\00455_neg_64.npy,data/hcr_train\triplets\00455_neg_128.npy,0.6955,0.6891,1.71,46.3,429.7,555.8
456,102,Hard,finfet_10nm,data/hcr_train\triplets\00456_ref_64.npy,data/hcr_train\triplets\00456_ref_128.npy,data/hcr_train\triplets\00456_pos_64.npy,data/hcr_train\triplets\00456_pos_128.npy,data/hcr_train\triplets\00456_neg_64.npy,data/hcr_train\triplets\00456_neg_128.npy,0.6955,0.6659,1.71,49.7,429.7,555.8
457,102,Hard,finfet_10nm,data/hcr_train\triplets\00457_ref_64.npy,data/hcr_train\triplets\00457_ref_128.npy,data/hcr_train\triplets\00457_pos_64.npy,data/hcr_train\triplets\00457_pos_128.npy,data/hcr_train\triplets\00457_neg_64.npy,data/hcr_train\triplets\00457_neg_128.npy,0.6955,0.6287,1.71,22.3,429.7,555.8
458,102,Hard,finfet_10nm,data/hcr_train\triplets\00458_ref_64.npy,data/hcr_train\triplets\00458_ref_128.npy,data/hcr_train\triplets\00458_pos_64.npy,data/hcr_train\triplets\00458_pos_128.npy,data/hcr_train\triplets\00458_neg_64.npy,data/hcr_train\triplets\00458_neg_128.npy,0.6955,0.6238,1.71,70.3,429.7,555.8
459,102,Hard,finfet_10nm,data/hcr_train\triplets\00459_ref_64.npy,data/hcr_train\triplets\00459_ref_128.npy,data/hcr_train\triplets\00459_pos_64.npy,data/hcr_train\triplets\00459_pos_128.npy,data/hcr_train\triplets\00459_neg_64.npy,data/hcr_train\triplets\00459_neg_128.npy,0.6955,0.6195,1.71,25.7,429.7,555.8
460,104,Easy,dram_1x,data/hcr_train\triplets\00460_ref_64.npy,data/hcr_train\triplets\00460_ref_128.npy,data/hcr_train\triplets\00460_pos_64.npy,data/hcr_train\triplets\00460_pos_128.npy,data/hcr_train\triplets\00460_neg_64.npy,data/hcr_train\triplets\00460_neg_128.npy,0.9577,0.8847,0.3,48.0,882.3,409.0
461,104,Easy,dram_1x,data/hcr_train\triplets\00461_ref_64.npy,data/hcr_train\triplets\00461_ref_128.npy,data/hcr_train\triplets\00461_pos_64.npy,data/hcr_train\triplets\00461_pos_128.npy,data/hcr_train\triplets\00461_neg_64.npy,data/hcr_train\triplets\00461_neg_128.npy,0.9577,0.872,0.3,96.0,882.3,409.0
462,104,Easy,dram_1x,data/hcr_train\triplets\00462_ref_64.npy,data/hcr_train\triplets\00462_ref_128.npy,data/hcr_train\triplets\00462_pos_64.npy,data/hcr_train\triplets\00462_pos_128.npy,data/hcr_train\triplets\00462_neg_64.npy,data/hcr_train\triplets\00462_neg_128.npy,0.9577,0.8711,0.3,48.0,882.3,409.0
463,104,Easy,dram_1x,data/hcr_train\triplets\00463_ref_64.npy,data/hcr_train\triplets\00463_ref_128.npy,data/hcr_train\triplets\00463_pos_64.npy,data/hcr_train\triplets\00463_pos_128.npy,data/hcr_train\triplets\00463_neg_64.npy,data/hcr_train\triplets\00463_neg_128.npy,0.9577,0.8384,0.3,64.0,882.3,409.0
464,104,Easy,dram_1x,data/hcr_train\triplets\00464_ref_64.npy,data/hcr_train\triplets\00464_ref_128.npy,data/hcr_train\triplets\00464_pos_64.npy,data/hcr_train\triplets\00464_pos_128.npy,data/hcr_train\triplets\00464_neg_64.npy,data/hcr_train\triplets\00464_neg_128.npy,0.9577,0.8383,0.3,32.0,882.3,409.0
465,105,Medium,dram_dense,data/hcr_train\triplets\00465_ref_64.npy,data/hcr_train\triplets\00465_ref_128.npy,data/hcr_train\triplets\00465_pos_64.npy,data/hcr_train\triplets\00465_pos_128.npy,data/hcr_train\triplets\00465_neg_64.npy,data/hcr_train\triplets\00465_neg_128.npy,0.8825,0.8774,0.72,23.61,241.6,180.4
466,105,Medium,dram_dense,data/hcr_train\triplets\00466_ref_64.npy,data/hcr_train\triplets\00466_ref_128.npy,data/hcr_train\triplets\00466_pos_64.npy,data/hcr_train\triplets\00466_pos_128.npy,data/hcr_train\triplets\00466_neg_64.npy,data/hcr_train\triplets\00466_neg_128.npy,0.8825,0.8358,0.72,120.4,241.6,180.4
467,105,Medium,dram_dense,data/hcr_train\triplets\00467_ref_64.npy,data/hcr_train\triplets\00467_ref_128.npy,data/hcr_train\triplets\00467_pos_64.npy,data/hcr_train\triplets\00467_pos_128.npy,data/hcr_train\triplets\00467_neg_64.npy,data/hcr_train\triplets\00467_neg_128.npy,0.8825,0.8342,0.72,23.41,241.6,180.4
468,105,Medium,dram_dense,data/hcr_train\triplets\00468_ref_64.npy,data/hcr_train\triplets\00468_ref_128.npy,data/hcr_train\triplets\00468_pos_64.npy,data/hcr_train\triplets\00468_pos_128.npy,data/hcr_train\triplets\00468_neg_64.npy,data/hcr_train\triplets\00468_neg_128.npy,0.8825,0.8323,0.72,338.28,241.6,180.4
469,105,Medium,dram_dense,data/hcr_train\triplets\00469_ref_64.npy,data/hcr_train\triplets\00469_ref_128.npy,data/hcr_train\triplets\00469_pos_64.npy,data/hcr_train\triplets\00469_pos_128.npy,data/hcr_train\triplets\00469_neg_64.npy,data/hcr_train\triplets\00469_neg_128.npy,0.8825,0.8315,0.72,365.67,241.6,180.4
470,106,Hard,finfet_10nm,data/hcr_train\triplets\00470_ref_64.npy,data/hcr_train\triplets\00470_ref_128.npy,data/hcr_train\triplets\00470_pos_64.npy,data/hcr_train\triplets\00470_pos_128.npy,data/hcr_train\triplets\00470_neg_64.npy,data/hcr_train\triplets\00470_neg_128.npy,0.7837,0.7786,1.12,29.1,144.1,256.8
471,106,Hard,finfet_10nm,data/hcr_train\triplets\00471_ref_64.npy,data/hcr_train\triplets\00471_ref_128.npy,data/hcr_train\triplets\00471_pos_64.npy,data/hcr_train\triplets\00471_pos_128.npy,data/hcr_train\triplets\00471_neg_64.npy,data/hcr_train\triplets\00471_neg_128.npy,0.7837,0.7541,1.12,26.9,144.1,256.8
472,106,Hard,finfet_10nm,data/hcr_train\triplets\00472_ref_64.npy,data/hcr_train\triplets\00472_ref_128.npy,data/hcr_train\triplets\00472_pos_64.npy,data/hcr_train\triplets\00472_pos_128.npy,data/hcr_train\triplets\00472_neg_64.npy,data/hcr_train\triplets\00472_neg_128.npy,0.7837,0.7524,1.12,57.1,144.1,256.8
473,106,Hard,finfet_10nm,data/hcr_train\triplets\00473_ref_64.npy,data/hcr_train\triplets\00473_ref_128.npy,data/hcr_train\triplets\00473_pos_64.npy,data/hcr_train\triplets\00473_pos_128.npy,data/hcr_train\triplets\00473_neg_64.npy,data/hcr_train\triplets\00473_neg_128.npy,0.7837,0.7239,1.12,54.9,144.1,256.8
474,106,Hard,finfet_10nm,data/hcr_train\triplets\00474_ref_64.npy,data/hcr_train\triplets\00474_ref_128.npy,data/hcr_train\triplets\00474_pos_64.npy,data/hcr_train\triplets\00474_pos_128.npy,data/hcr_train\triplets\00474_neg_64.npy,data/hcr_train\triplets\00474_neg_128.npy,0.7837,0.7214,1.12,85.1,144.1,256.8
475,108,Easy,dram_1x,data/hcr_train\triplets\00475_ref_64.npy,data/hcr_train\triplets\00475_ref_128.npy,data/hcr_train\triplets\00475_pos_64.npy,data/hcr_train\triplets\00475_pos_128.npy,data/hcr_train\triplets\00475_neg_64.npy,data/hcr_train\triplets\00475_neg_128.npy,0.9189,0.4962,0.41,12.6,565.1,561.6
476,108,Easy,dram_1x,data/hcr_train\triplets\00476_ref_64.npy,data/hcr_train\triplets\00476_ref_128.npy,data/hcr_train\triplets\00476_pos_64.npy,data/hcr_train\triplets\00476_pos_128.npy,data/hcr_train\triplets\00476_neg_64.npy,data/hcr_train\triplets\00476_neg_128.npy,0.9189,0.4882,0.41,14.4,565.1,561.6
477,108,Easy,dram_1x,data/hcr_train\triplets\00477_ref_64.npy,data/hcr_train\triplets\00477_ref_128.npy,data/hcr_train\triplets\00477_pos_64.npy,data/hcr_train\triplets\00477_pos_128.npy,data/hcr_train\triplets\00477_neg_64.npy,data/hcr_train\triplets\00477_neg_128.npy,0.9189,0.4823,0.41,22.1,565.1,561.6
478,108,Easy,dram_1x,data/hcr_train\triplets\00478_ref_64.npy,data/hcr_train\triplets\00478_ref_128.npy,data/hcr_train\triplets\00478_pos_64.npy,data/hcr_train\triplets\00478_pos_128.npy,data/hcr_train\triplets\00478_neg_64.npy,data/hcr_train\triplets\00478_neg_128.npy,0.9189,0.4699,0.41,17.9,565.1,561.6
479,108,Easy,dram_1x,data/hcr_train\triplets\00479_ref_64.npy,data/hcr_train\triplets\00479_ref_128.npy,data/hcr_train\triplets\00479_pos_64.npy,data/hcr_train\triplets\00479_pos_128.npy,data/hcr_train\triplets\00479_neg_64.npy,data/hcr_train\triplets\00479_neg_128.npy,0.9189,0.4595,0.41,413.45,565.1,561.6
480,109,Medium,dram_dense,data/hcr_train\triplets\00480_ref_64.npy,data/hcr_train\triplets\00480_ref_128.npy,data/hcr_train\triplets\00480_pos_64.npy,data/hcr_train\triplets\00480_pos_128.npy,data/hcr_train\triplets\00480_neg_64.npy,data/hcr_train\triplets\00480_neg_128.npy,0.8568,0.7746,1.14,12.75,870.1,913.7
481,109,Medium,dram_dense,data/hcr_train\triplets\00481_ref_64.npy,data/hcr_train\triplets\00481_ref_128.npy,data/hcr_train\triplets\00481_pos_64.npy,data/hcr_train\triplets\00481_pos_128.npy,data/hcr_train\triplets\00481_neg_64.npy,data/hcr_train\triplets\00481_neg_128.npy,0.8568,0.7532,1.14,25.32,870.1,913.7
482,109,Medium,dram_dense,data/hcr_train\triplets\00482_ref_64.npy,data/hcr_train\triplets\00482_ref_128.npy,data/hcr_train\triplets\00482_pos_64.npy,data/hcr_train\triplets\00482_pos_128.npy,data/hcr_train\triplets\00482_neg_64.npy,data/hcr_train\triplets\00482_neg_128.npy,0.8568,0.6182,1.14,25.72,870.1,913.7
483,109,Medium,dram_dense,data/hcr_train\triplets\00483_ref_64.npy,data/hcr_train\triplets\00483_ref_128.npy,data/hcr_train\triplets\00483_pos_64.npy,data/hcr_train\triplets\00483_pos_128.npy,data/hcr_train\triplets\00483_neg_64.npy,data/hcr_train\triplets\00483_neg_128.npy,0.8568,0.5564,1.14,294.1,870.1,913.7
484,109,Medium,dram_dense,data/hcr_train\triplets\00484_ref_64.npy,data/hcr_train\triplets\00484_ref_128.npy,data/hcr_train\triplets\00484_pos_64.npy,data/hcr_train\triplets\00484_pos_128.npy,data/hcr_train\triplets\00484_neg_64.npy,data/hcr_train\triplets\00484_neg_128.npy,0.8568,0.5354,1.14,581.14,870.1,913.7
485,110,Hard,finfet_10nm,data/hcr_train\triplets\00485_ref_64.npy,data/hcr_train\triplets\00485_ref_128.npy,data/hcr_train\triplets\00485_pos_64.npy,data/hcr_train\triplets\00485_pos_128.npy,data/hcr_train\triplets\00485_neg_64.npy,data/hcr_train\triplets\00485_neg_128.npy,0.5825,0.521,1.2,94.8,622.2,590.1
486,110,Hard,finfet_10nm,data/hcr_train\triplets\00486_ref_64.npy,data/hcr_train\triplets\00486_ref_128.npy,data/hcr_train\triplets\00486_pos_64.npy,data/hcr_train\triplets\00486_pos_128.npy,data/hcr_train\triplets\00486_neg_64.npy,data/hcr_train\triplets\00486_neg_128.npy,0.5825,0.5148,1.2,46.8,622.2,590.1
487,110,Hard,finfet_10nm,data/hcr_train\triplets\00487_ref_64.npy,data/hcr_train\triplets\00487_ref_128.npy,data/hcr_train\triplets\00487_pos_64.npy,data/hcr_train\triplets\00487_pos_128.npy,data/hcr_train\triplets\00487_neg_64.npy,data/hcr_train\triplets\00487_neg_128.npy,0.5825,0.5118,1.2,410.76,622.2,590.1
488,110,Hard,finfet_10nm,data/hcr_train\triplets\00488_ref_64.npy,data/hcr_train\triplets\00488_ref_128.npy,data/hcr_train\triplets\00488_pos_64.npy,data/hcr_train\triplets\00488_pos_128.npy,data/hcr_train\triplets\00488_neg_64.npy,data/hcr_train\triplets\00488_neg_128.npy,0.5825,0.5115,1.2,142.8,622.2,590.1
489,110,Hard,finfet_10nm,data/hcr_train\triplets\00489_ref_64.npy,data/hcr_train\triplets\00489_ref_128.npy,data/hcr_train\triplets\00489_pos_64.npy,data/hcr_train\triplets\00489_pos_128.npy,data/hcr_train\triplets\00489_neg_64.npy,data/hcr_train\triplets\00489_neg_128.npy,0.5825,0.4536,1.2,428.03,622.2,590.1
490,112,Easy,dram_1x,data/hcr_train\triplets\00490_ref_64.npy,data/hcr_train\triplets\00490_ref_128.npy,data/hcr_train\triplets\00490_pos_64.npy,data/hcr_train\triplets\00490_pos_128.npy,data/hcr_train\triplets\00490_neg_64.npy,data/hcr_train\triplets\00490_neg_128.npy,0.9002,0.8377,0.22,14.1,916.9,572.8
491,112,Easy,dram_1x,data/hcr_train\triplets\00491_ref_64.npy,data/hcr_train\triplets\00491_ref_128.npy,data/hcr_train\triplets\00491_pos_64.npy,data/hcr_train\triplets\00491_pos_128.npy,data/hcr_train\triplets\00491_neg_64.npy,data/hcr_train\triplets\00491_neg_128.npy,0.9002,0.8053,0.22,28.1,916.9,572.8
492,112,Easy,dram_1x,data/hcr_train\triplets\00492_ref_64.npy,data/hcr_train\triplets\00492_ref_128.npy,data/hcr_train\triplets\00492_pos_64.npy,data/hcr_train\triplets\00492_pos_128.npy,data/hcr_train\triplets\00492_neg_64.npy,data/hcr_train\triplets\00492_neg_128.npy,0.9002,0.7928,0.22,14.9,916.9,572.8
493,112,Easy,dram_1x,data/hcr_train\triplets\00493_ref_64.npy,data/hcr_train\triplets\00493_ref_128.npy,data/hcr_train\triplets\00493_pos_64.npy,data/hcr_train\triplets\00493_pos_128.npy,data/hcr_train\triplets\00493_neg_64.npy,data/hcr_train\triplets\00493_neg_128.npy,0.9002,0.6254,0.22,28.9,916.9,572.8
494,112,Easy,dram_1x,data/hcr_train\triplets\00494_ref_64.npy,data/hcr_train\triplets\00494_ref_128.npy,data/hcr_train\triplets\00494_pos_64.npy,data/hcr_train\triplets\00494_pos_128.npy,data/hcr_train\triplets\00494_neg_64.npy,data/hcr_train\triplets\00494_neg_128.npy,0.9002,0.5959,0.22,291.28,916.9,572.8
495,114,Hard,finfet_10nm,data/hcr_train\triplets\00495_ref_64.npy,data/hcr_train\triplets\00495_ref_128.npy,data/hcr_train\triplets\00495_pos_64.npy,data/hcr_train\triplets\00495_pos_128.npy,data/hcr_train\triplets\00495_neg_64.npy,data/hcr_train\triplets\00495_neg_128.npy,0.6481,0.6423,0.81,15.31,722.7,273.6
496,114,Hard,finfet_10nm,data/hcr_train\triplets\00496_ref_64.npy,data/hcr_train\triplets\00496_ref_128.npy,data/hcr_train\triplets\00496_pos_64.npy,data/hcr_train\triplets\00496_pos_128.npy,data/hcr_train\triplets\00496_neg_64.npy,data/hcr_train\triplets\00496_neg_128.npy,0.6481,0.6417,0.81,63.3,722.7,273.6
497,114,Hard,finfet_10nm,data/hcr_train\triplets\00497_ref_64.npy,data/hcr_train\triplets\00497_ref_128.npy,data/hcr_train\triplets\00497_pos_64.npy,data/hcr_train\triplets\00497_pos_128.npy,data/hcr_train\triplets\00497_neg_64.npy,data/hcr_train\triplets\00497_neg_128.npy,0.6481,0.6415,0.81,31.3,722.7,273.6
498,114,Hard,finfet_10nm,data/hcr_train\triplets\00498_ref_64.npy,data/hcr_train\triplets\00498_ref_128.npy,data/hcr_train\triplets\00498_pos_64.npy,data/hcr_train\triplets\00498_pos_128.npy,data/hcr_train\triplets\00498_neg_64.npy,data/hcr_train\triplets\00498_neg_128.npy,0.6481,0.6413,0.81,47.3,722.7,273.6
499,114,Hard,finfet_10nm,data/hcr_train\triplets\00499_ref_64.npy,data/hcr_train\triplets\00499_ref_128.npy,data/hcr_train\triplets\00499_pos_64.npy,data/hcr_train\triplets\00499_pos_128.npy,data/hcr_train\triplets\00499_neg_64.npy,data/hcr_train\triplets\00499_neg_128.npy,0.6481,0.6399,0.81,16.7,722.7,273.6
500,116,Easy,dram_1x,data/hcr_train\triplets\00500_ref_64.npy,data/hcr_train\triplets\00500_ref_128.npy,data/hcr_train\triplets\00500_pos_64.npy,data/hcr_train\triplets\00500_pos_128.npy,data/hcr_train\triplets\00500_neg_64.npy,data/hcr_train\triplets\00500_neg_128.npy,0.9078,0.8875,0.4,86.0,408.0,569.6
501,116,Easy,dram_1x,data/hcr_train\triplets\00501_ref_64.npy,data/hcr_train\triplets\00501_ref_128.npy,data/hcr_train\triplets\00501_pos_64.npy,data/hcr_train\triplets\00501_pos_128.npy,data/hcr_train\triplets\00501_neg_64.npy,data/hcr_train\triplets\00501_neg_128.npy,0.9078,0.8733,0.4,43.0,408.0,569.6
502,116,Easy,dram_1x,data/hcr_train\triplets\00502_ref_64.npy,data/hcr_train\triplets\00502_ref_128.npy,data/hcr_train\triplets\00502_pos_64.npy,data/hcr_train\triplets\00502_pos_128.npy,data/hcr_train\triplets\00502_neg_64.npy,data/hcr_train\triplets\00502_neg_128.npy,0.9078,0.8406,0.4,43.0,408.0,569.6
503,116,Easy,dram_1x,data/hcr_train\triplets\00503_ref_64.npy,data/hcr_train\triplets\00503_ref_128.npy,data/hcr_train\triplets\00503_pos_64.npy,data/hcr_train\triplets\00503_pos_128.npy,data/hcr_train\triplets\00503_neg_64.npy,data/hcr_train\triplets\00503_neg_128.npy,0.9078,0.7401,0.4,87.0,408.0,569.6
504,116,Easy,dram_1x,data/hcr_train\triplets\00504_ref_64.npy,data/hcr_train\triplets\00504_ref_128.npy,data/hcr_train\triplets\00504_pos_64.npy,data/hcr_train\triplets\00504_pos_128.npy,data/hcr_train\triplets\00504_neg_64.npy,data/hcr_train\triplets\00504_neg_128.npy,0.9078,0.6346,0.4,130.0,408.0,569.6
505,117,Medium,dram_dense,data/hcr_train\triplets\00505_ref_64.npy,data/hcr_train\triplets\00505_ref_128.npy,data/hcr_train\triplets\00505_pos_64.npy,data/hcr_train\triplets\00505_pos_128.npy,data/hcr_train\triplets\00505_neg_64.npy,data/hcr_train\triplets\00505_neg_128.npy,0.8649,0.6567,0.73,18.81,570.7,598.2
506,117,Medium,dram_dense,data/hcr_train\triplets\00506_ref_64.npy,data/hcr_train\triplets\00506_ref_128.npy,data/hcr_train\triplets\00506_pos_64.npy,data/hcr_train\triplets\00506_pos_128.npy,data/hcr_train\triplets\00506_neg_64.npy,data/hcr_train\triplets\00506_neg_128.npy,0.8649,0.5925,0.73,76.8,570.7,598.2
507,117,Medium,dram_dense,data/hcr_train\triplets\00507_ref_64.npy,data/hcr_train\triplets\00507_ref_128.npy,data/hcr_train\triplets\00507_pos_64.npy,data/hcr_train\triplets\00507_pos_128.npy,data/hcr_train\triplets\00507_neg_64.npy,data/hcr_train\triplets\00507_neg_128.npy,0.8649,0.5888,0.73,191.8,570.7,598.2
508,117,Medium,dram_dense,data/hcr_train\triplets\00508_ref_64.npy,data/hcr_train\triplets\00508_ref_128.npy,data/hcr_train\triplets\00508_pos_64.npy,data/hcr_train\triplets\00508_pos_128.npy,data/hcr_train\triplets\00508_neg_64.npy,data/hcr_train\triplets\00508_neg_128.npy,0.8649,0.5848,0.73,153.8,570.7,598.2
509,117,Medium,dram_dense,data/hcr_train\triplets\00509_ref_64.npy,data/hcr_train\triplets\00509_ref_128.npy,data/hcr_train\triplets\00509_pos_64.npy,data/hcr_train\triplets\00509_pos_128.npy,data/hcr_train\triplets\00509_neg_64.npy,data/hcr_train\triplets\00509_neg_128.npy,0.8649,0.5812,0.73,37.81,570.7,598.2
510,118,Hard,finfet_10nm,data/hcr_train\triplets\00510_ref_64.npy,data/hcr_train\triplets\00510_ref_128.npy,data/hcr_train\triplets\00510_pos_64.npy,data/hcr_train\triplets\00510_pos_128.npy,data/hcr_train\triplets\00510_neg_64.npy,data/hcr_train\triplets\00510_neg_128.npy,0.6813,0.6033,0.36,44.3,584.2,165.7
511,118,Hard,finfet_10nm,data/hcr_train\triplets\00511_ref_64.npy,data/hcr_train\triplets\00511_ref_128.npy,data/hcr_train\triplets\00511_pos_64.npy,data/hcr_train\triplets\00511_pos_128.npy,data/hcr_train\triplets\00511_neg_64.npy,data/hcr_train\triplets\00511_neg_128.npy,0.6813,0.5884,0.36,22.3,584.2,165.7
512,118,Hard,finfet_10nm,data/hcr_train\triplets\00512_ref_64.npy,data/hcr_train\triplets\00512_ref_128.npy,data/hcr_train\triplets\00512_pos_64.npy,data/hcr_train\triplets\00512_pos_128.npy,data/hcr_train\triplets\00512_neg_64.npy,data/hcr_train\triplets\00512_neg_128.npy,0.6813,0.5841,0.36,43.7,584.2,165.7
513,118,Hard,finfet_10nm,data/hcr_train\triplets\00513_ref_64.npy,data/hcr_train\triplets\00513_ref_128.npy,data/hcr_train\triplets\00513_pos_64.npy,data/hcr_train\triplets\00513_pos_128.npy,data/hcr_train\triplets\00513_neg_64.npy,data/hcr_train\triplets\00513_neg_128.npy,0.6813,0.5807,0.36,88.7,584.2,165.7
514,118,Hard,finfet_10nm,data/hcr_train\triplets\00514_ref_64.npy,data/hcr_train\triplets\00514_ref_128.npy,data/hcr_train\triplets\00514_pos_64.npy,data/hcr_train\triplets\00514_pos_128.npy,data/hcr_train\triplets\00514_neg_64.npy,data/hcr_train\triplets\00514_neg_128.npy,0.6813,0.5798,0.36,109.7,584.2,165.7
515,119,Adversarial,finfet_7nm,data/hcr_train\triplets\00515_ref_64.npy,data/hcr_train\triplets\00515_ref_128.npy,data/hcr_train\triplets\00515_pos_64.npy,data/hcr_train\triplets\00515_pos_128.npy,data/hcr_train\triplets\00515_neg_64.npy,data/hcr_train\triplets\00515_neg_128.npy,0.3179,0.3693,4.62,65.76,288.6,727.4
516,119,Adversarial,finfet_7nm,data/hcr_train\triplets\00516_ref_64.npy,data/hcr_train\triplets\00516_ref_128.npy,data/hcr_train\triplets\00516_pos_64.npy,data/hcr_train\triplets\00516_pos_128.npy,data/hcr_train\triplets\00516_neg_64.npy,data/hcr_train\triplets\00516_neg_128.npy,0.3179,0.3599,4.62,22.08,288.6,727.4
517,119,Adversarial,finfet_7nm,data/hcr_train\triplets\00517_ref_64.npy,data/hcr_train\triplets\00517_ref_128.npy,data/hcr_train\triplets\00517_pos_64.npy,data/hcr_train\triplets\00517_pos_128.npy,data/hcr_train\triplets\00517_neg_64.npy,data/hcr_train\triplets\00517_neg_128.npy,0.3179,0.3482,4.62,43.84,288.6,727.4
518,119,Adversarial,finfet_7nm,data/hcr_train\triplets\00518_ref_64.npy,data/hcr_train\triplets\00518_ref_128.npy,data/hcr_train\triplets\00518_pos_64.npy,data/hcr_train\triplets\00518_pos_128.npy,data/hcr_train\triplets\00518_neg_64.npy,data/hcr_train\triplets\00518_neg_128.npy,0.3179,0.3209,4.62,87.47,288.6,727.4
519,119,Adversarial,finfet_7nm,data/hcr_train\triplets\00519_ref_64.npy,data/hcr_train\triplets\00519_ref_128.npy,data/hcr_train\triplets\00519_pos_64.npy,data/hcr_train\triplets\00519_pos_128.npy,data/hcr_train\triplets\00519_neg_64.npy,data/hcr_train\triplets\00519_neg_128.npy,0.3179,0.3061,4.62,65.5,288.6,727.4
520,120,Easy,dram_1x,data/hcr_train\triplets\00520_ref_64.npy,data/hcr_train\triplets\00520_ref_128.npy,data/hcr_train\triplets\00520_pos_64.npy,data/hcr_train\triplets\00520_pos_128.npy,data/hcr_train\triplets\00520_neg_64.npy,data/hcr_train\triplets\00520_neg_128.npy,0.9436,0.9293,0.22,143.2,648.8,306.9
521,120,Easy,dram_1x,data/hcr_train\triplets\00521_ref_64.npy,data/hcr_train\triplets\00521_ref_128.npy,data/hcr_train\triplets\00521_pos_64.npy,data/hcr_train\triplets\00521_pos_128.npy,data/hcr_train\triplets\00521_neg_64.npy,data/hcr_train\triplets\00521_neg_128.npy,0.9436,0.9103,0.22,71.2,648.8,306.9
522,120,Easy,dram_1x,data/hcr_train\triplets\00522_ref_64.npy,data/hcr_train\triplets\00522_ref_128.npy,data/hcr_train\triplets\00522_pos_64.npy,data/hcr_train\triplets\00522_pos_128.npy,data/hcr_train\triplets\00522_neg_64.npy,data/hcr_train\triplets\00522_neg_128.npy,0.9436,0.9102,0.22,36.2,648.8,306.9
523,120,Easy,dram_1x,data/hcr_train\triplets\00523_ref_64.npy,data/hcr_train\triplets\00523_ref_128.npy,data/hcr_train\triplets\00523_pos_64.npy,data/hcr_train\triplets\00523_pos_128.npy,data/hcr_train\triplets\00523_neg_64.npy,data/hcr_train\triplets\00523_neg_128.npy,0.9436,0.8991,0.22,107.2,648.8,306.9
524,120,Easy,dram_1x,data/hcr_train\triplets\00524_ref_64.npy,data/hcr_train\triplets\00524_ref_128.npy,data/hcr_train\triplets\00524_pos_64.npy,data/hcr_train\triplets\00524_pos_128.npy,data/hcr_train\triplets\00524_neg_64.npy,data/hcr_train\triplets\00524_neg_128.npy,0.9436,0.8489,0.22,18.2,648.8,306.9
525,121,Medium,dram_dense,data/hcr_train\triplets\00525_ref_64.npy,data/hcr_train\triplets\00525_ref_128.npy,data/hcr_train\triplets\00525_pos_64.npy,data/hcr_train\triplets\00525_pos_128.npy,data/hcr_train\triplets\00525_neg_64.npy,data/hcr_train\triplets\00525_neg_128.npy,0.8906,0.8904,0.81,589.91,650.7,501.4
526,121,Medium,dram_dense,data/hcr_train\triplets\00526_ref_64.npy,data/hcr_train\triplets\00526_ref_128.npy,data/hcr_train\triplets\00526_pos_64.npy,data/hcr_train\triplets\00526_pos_128.npy,data/hcr_train\triplets\00526_neg_64.npy,data/hcr_train\triplets\00526_neg_128.npy,0.8906,0.8884,0.81,72.4,650.7,501.4
527,121,Medium,dram_dense,data/hcr_train\triplets\00527_ref_64.npy,data/hcr_train\triplets\00527_ref_128.npy,data/hcr_train\triplets\00527_pos_64.npy,data/hcr_train\triplets\00527_pos_128.npy,data/hcr_train\triplets\00527_neg_64.npy,data/hcr_train\triplets\00527_neg_128.npy,0.8906,0.8876,0.81,617.6,650.7,501.4
528,121,Medium,dram_dense,data/hcr_train\triplets\00528_ref_64.npy,data/hcr_train\triplets\00528_ref_128.npy,data/hcr_train\triplets\00528_pos_64.npy,data/hcr_train\triplets\00528_pos_128.npy,data/hcr_train\triplets\00528_neg_64.npy,data/hcr_train\triplets\00528_neg_128.npy,0.8906,0.8812,0.81,632.37,650.7,501.4
529,121,Medium,dram_dense,data/hcr_train\triplets\00529_ref_64.npy,data/hcr_train\triplets\00529_ref_128.npy,data/hcr_train\triplets\00529_pos_64.npy,data/hcr_train\triplets\00529_pos_128.npy,data/hcr_train\triplets\00529_neg_64.npy,data/hcr_train\triplets\00529_neg_128.npy,0.8906,0.8809,0.81,651.25,650.7,501.4
530,122,Hard,finfet_10nm,data/hcr_train\triplets\00530_ref_64.npy,data/hcr_train\triplets\00530_ref_128.npy,data/hcr_train\triplets\00530_pos_64.npy,data/hcr_train\triplets\00530_pos_128.npy,data/hcr_train\triplets\00530_neg_64.npy,data/hcr_train\triplets\00530_neg_128.npy,0.7384,0.6633,1.75,29.7,669.7,569.6
531,122,Hard,finfet_10nm,data/hcr_train\triplets\00531_ref_64.npy,data/hcr_train\triplets\00531_ref_128.npy,data/hcr_train\triplets\00531_pos_64.npy,data/hcr_train\triplets\00531_pos_128.npy,data/hcr_train\triplets\00531_neg_64.npy,data/hcr_train\triplets\00531_neg_128.npy,0.7384,0.6463,1.75,55.3,669.7,569.6
532,122,Hard,finfet_10nm,data/hcr_train\triplets\00532_ref_64.npy,data/hcr_train\triplets\00532_ref_128.npy,data/hcr_train\triplets\00532_pos_64.npy,data/hcr_train\triplets\00532_pos_128.npy,data/hcr_train\triplets\00532_neg_64.npy,data/hcr_train\triplets\00532_neg_128.npy,0.7384,0.6393,1.75,26.3,669.7,569.6
533,122,Hard,finfet_10nm,data/hcr_train\triplets\00533_ref_64.npy,data/hcr_train\triplets\00533_ref_128.npy,data/hcr_train\triplets\00533_pos_64.npy,data/hcr_train\triplets\00533_pos_128.npy,data/hcr_train\triplets\00533_neg_64.npy,data/hcr_train\triplets\00533_neg_128.npy,0.7384,0.6145,1.75,95.3,669.7,569.6
534,122,Hard,finfet_10nm,data/hcr_train\triplets\00534_ref_64.npy,data/hcr_train\triplets\00534_ref_128.npy,data/hcr_train\triplets\00534_pos_64.npy,data/hcr_train\triplets\00534_pos_128.npy,data/hcr_train\triplets\00534_neg_64.npy,data/hcr_train\triplets\00534_neg_128.npy,0.7384,0.5848,1.75,57.7,669.7,569.6
535,123,Adversarial,finfet_7nm,data/hcr_train\triplets\00535_ref_64.npy,data/hcr_train\triplets\00535_ref_128.npy,data/hcr_train\triplets\00535_pos_64.npy,data/hcr_train\triplets\00535_pos_128.npy,data/hcr_train\triplets\00535_neg_64.npy,data/hcr_train\triplets\00535_neg_128.npy,0.4847,0.4911,1.46,82.6,637.4,300.6
536,123,Adversarial,finfet_7nm,data/hcr_train\triplets\00536_ref_64.npy,data/hcr_train\triplets\00536_ref_128.npy,data/hcr_train\triplets\00536_pos_64.npy,data/hcr_train\triplets\00536_pos_128.npy,data/hcr_train\triplets\00536_neg_64.npy,data/hcr_train\triplets\00536_neg_128.npy,0.4847,0.4671,1.46,110.6,637.4,300.6
537,123,Adversarial,finfet_7nm,data/hcr_train\triplets\00537_ref_64.npy,data/hcr_train\triplets\00537_ref_128.npy,data/hcr_train\triplets\00537_pos_64.npy,data/hcr_train\triplets\00537_pos_128.npy,data/hcr_train\triplets\00537_neg_64.npy,data/hcr_train\triplets\00537_neg_128.npy,0.4847,0.4639,1.46,26.6,637.4,300.6
538,123,Adversarial,finfet_7nm,data/hcr_train\triplets\00538_ref_64.npy,data/hcr_train\triplets\00538_ref_128.npy,data/hcr_train\triplets\00538_pos_64.npy,data/hcr_train\triplets\00538_pos_128.npy,data/hcr_train\triplets\00538_neg_64.npy,data/hcr_train\triplets\00538_neg_128.npy,0.4847,0.462,1.46,138.6,637.4,300.6
539,123,Adversarial,finfet_7nm,data/hcr_train\triplets\00539_ref_64.npy,data/hcr_train\triplets\00539_ref_128.npy,data/hcr_train\triplets\00539_pos_64.npy,data/hcr_train\triplets\00539_pos_128.npy,data/hcr_train\triplets\00539_neg_64.npy,data/hcr_train\triplets\00539_neg_128.npy,0.4847,0.4575,1.46,166.6,637.4,300.6
540,124,Easy,dram_1x,data/hcr_train\triplets\00540_ref_64.npy,data/hcr_train\triplets\00540_ref_128.npy,data/hcr_train\triplets\00540_pos_64.npy,data/hcr_train\triplets\00540_pos_128.npy,data/hcr_train\triplets\00540_neg_64.npy,data/hcr_train\triplets\00540_neg_128.npy,0.9381,0.9164,0.3,47.7,872.0,438.7
541,124,Easy,dram_1x,data/hcr_train\triplets\00541_ref_64.npy,data/hcr_train\triplets\00541_ref_128.npy,data/hcr_train\triplets\00541_pos_64.npy,data/hcr_train\triplets\00541_pos_128.npy,data/hcr_train\triplets\00541_neg_64.npy,data/hcr_train\triplets\00541_neg_128.npy,0.9381,0.9127,0.3,95.7,872.0,438.7
542,124,Easy,dram_1x,data/hcr_train\triplets\00542_ref_64.npy,data/hcr_train\triplets\00542_ref_128.npy,data/hcr_train\triplets\00542_pos_64.npy,data/hcr_train\triplets\00542_pos_128.npy,data/hcr_train\triplets\00542_neg_64.npy,data/hcr_train\triplets\00542_neg_128.npy,0.9381,0.9116,0.3,23.7,872.0,438.7
543,124,Easy,dram_1x,data/hcr_train\triplets\00543_ref_64.npy,data/hcr_train\triplets\00543_ref_128.npy,data/hcr_train\triplets\00543_pos_64.npy,data/hcr_train\triplets\00543_pos_128.npy,data/hcr_train\triplets\00543_neg_64.npy,data/hcr_train\triplets\00543_neg_128.npy,0.9381,0.9014,0.3,71.7,872.0,438.7
544,124,Easy,dram_1x,data/hcr_train\triplets\00544_ref_64.npy,data/hcr_train\triplets\00544_ref_128.npy,data/hcr_train\triplets\00544_pos_64.npy,data/hcr_train\triplets\00544_pos_128.npy,data/hcr_train\triplets\00544_neg_64.npy,data/hcr_train\triplets\00544_neg_128.npy,0.9381,0.899,0.3,24.3,872.0,438.7
545,125,Medium,dram_dense,data/hcr_train\triplets\00545_ref_64.npy,data/hcr_train\triplets\00545_ref_128.npy,data/hcr_train\triplets\00545_pos_64.npy,data/hcr_train\triplets\00545_pos_128.npy,data/hcr_train\triplets\00545_neg_64.npy,data/hcr_train\triplets\00545_neg_128.npy,0.8758,0.8881,0.9,56.1,339.9,923.0
546,125,Medium,dram_dense,data/hcr_train\triplets\00546_ref_64.npy,data/hcr_train\triplets\00546_ref_128.npy,data/hcr_train\triplets\00546_pos_64.npy,data/hcr_train\triplets\00546_pos_128.npy,data/hcr_train\triplets\00546_neg_64.npy,data/hcr_train\triplets\00546_neg_128.npy,0.8758,0.8776,0.9,114.1,339.9,923.0
547,125,Medium,dram_dense,data/hcr_train\triplets\00547_ref_64.npy,data/hcr_train\triplets\00547_ref_128.npy,data/hcr_train\triplets\00547_pos_64.npy,data/hcr_train\triplets\00547_pos_128.npy,data/hcr_train\triplets\00547_neg_64.npy,data/hcr_train\triplets\00547_neg_128.npy,0.8758,0.8763,0.9,85.1,339.9,923.0
548,125,Medium,dram_dense,data/hcr_train\triplets\00548_ref_64.npy,data/hcr_train\triplets\00548_ref_128.npy,data/hcr_train\triplets\00548_pos_64.npy,data/hcr_train\triplets\00548_pos_128.npy,data/hcr_train\triplets\00548_neg_64.npy,data/hcr_train\triplets\00548_neg_128.npy,0.8758,0.8742,0.9,143.1,339.9,923.0
549,125,Medium,dram_dense,data/hcr_train\triplets\00549_ref_64.npy,data/hcr_train\triplets\00549_ref_128.npy,data/hcr_train\triplets\00549_pos_64.npy,data/hcr_train\triplets\00549_pos_128.npy,data/hcr_train\triplets\00549_neg_64.npy,data/hcr_train\triplets\00549_neg_128.npy,0.8758,0.8739,0.9,27.1,339.9,923.0
550,126,Hard,finfet_10nm,data/hcr_train\triplets\00550_ref_64.npy,data/hcr_train\triplets\00550_ref_128.npy,data/hcr_train\triplets\00550_pos_64.npy,data/hcr_train\triplets\00550_pos_128.npy,data/hcr_train\triplets\00550_neg_64.npy,data/hcr_train\triplets\00550_neg_128.npy,0.5958,0.597,0.5,21.6,510.3,117.6
551,126,Hard,finfet_10nm,data/hcr_train\triplets\00551_ref_64.npy,data/hcr_train\triplets\00551_ref_128.npy,data/hcr_train\triplets\00551_pos_64.npy,data/hcr_train\triplets\00551_pos_128.npy,data/hcr_train\triplets\00551_neg_64.npy,data/hcr_train\triplets\00551_neg_128.npy,0.5958,0.589,0.5,22.4,510.3,117.6
552,126,Hard,finfet_10nm,data/hcr_train\triplets\00552_ref_64.npy,data/hcr_train\triplets\00552_ref_128.npy,data/hcr_train\triplets\00552_pos_64.npy,data/hcr_train\triplets\00552_pos_128.npy,data/hcr_train\triplets\00552_neg_64.npy,data/hcr_train\triplets\00552_neg_128.npy,0.5958,0.5874,0.5,43.6,510.3,117.6
553,126,Hard,finfet_10nm,data/hcr_train\triplets\00553_ref_64.npy,data/hcr_train\triplets\00553_ref_128.npy,data/hcr_train\triplets\00553_pos_64.npy,data/hcr_train\triplets\00553_pos_128.npy,data/hcr_train\triplets\00553_neg_64.npy,data/hcr_train\triplets\00553_neg_128.npy,0.5958,0.5719,0.5,66.4,510.3,117.6
554,126,Hard,finfet_10nm,data/hcr_train\triplets\00554_ref_64.npy,data/hcr_train\triplets\00554_ref_128.npy,data/hcr_train\triplets\00554_pos_64.npy,data/hcr_train\triplets\00554_pos_128.npy,data/hcr_train\triplets\00554_neg_64.npy,data/hcr_train\triplets\00554_neg_128.npy,0.5958,0.5701,0.5,65.6,510.3,117.6
555,127,Adversarial,finfet_7nm,data/hcr_train\triplets\00555_ref_64.npy,data/hcr_train\triplets\00555_ref_128.npy,data/hcr_train\triplets\00555_pos_64.npy,data/hcr_train\triplets\00555_pos_128.npy,data/hcr_train\triplets\00555_neg_64.npy,data/hcr_train\triplets\00555_neg_128.npy,0.4326,0.3767,1.3,54.8,715.2,269.5
556,127,Adversarial,finfet_7nm,data/hcr_train\triplets\00556_ref_64.npy,data/hcr_train\triplets\00556_ref_128.npy,data/hcr_train\triplets\00556_pos_64.npy,data/hcr_train\triplets\00556_pos_128.npy,data/hcr_train\triplets\00556_neg_64.npy,data/hcr_train\triplets\00556_neg_128.npy,0.4326,0.3761,1.3,57.2,715.2,269.5
557,127,Adversarial,finfet_7nm,data/hcr_train\triplets\00557_ref_64.npy,data/hcr_train\triplets\00557_ref_128.npy,data/hcr_train\triplets\00557_pos_64.npy,data/hcr_train\triplets\00557_pos_128.npy,data/hcr_train\triplets\00557_neg_64.npy,data/hcr_train\triplets\00557_neg_128.npy,0.4326,0.3756,1.3,13.81,715.2,269.5
558,127,Adversarial,finfet_7nm,data/hcr_train\triplets\00558_ref_64.npy,data/hcr_train\triplets\00558_ref_128.npy,data/hcr_train\triplets\00558_pos_64.npy,data/hcr_train\triplets\00558_pos_128.npy,data/hcr_train\triplets\00558_neg_64.npy,data/hcr_train\triplets\00558_neg_128.npy,0.4326,0.3564,1.3,82.2,715.2,269.5
559,127,Adversarial,finfet_7nm,data/hcr_train\triplets\00559_ref_64.npy,data/hcr_train\triplets\00559_ref_128.npy,data/hcr_train\triplets\00559_pos_64.npy,data/hcr_train\triplets\00559_pos_128.npy,data/hcr_train\triplets\00559_neg_64.npy,data/hcr_train\triplets\00559_neg_128.npy,0.4326,0.3492,1.3,98.2,715.2,269.5
560,128,Easy,dram_1x,data/hcr_train\triplets\00560_ref_64.npy,data/hcr_train\triplets\00560_ref_128.npy,data/hcr_train\triplets\00560_pos_64.npy,data/hcr_train\triplets\00560_pos_128.npy,data/hcr_train\triplets\00560_neg_64.npy,data/hcr_train\triplets\00560_neg_128.npy,0.9472,0.9203,0.14,48.9,134.9,779.1
561,128,Easy,dram_1x,data/hcr_train\triplets\00561_ref_64.npy,data/hcr_train\triplets\00561_ref_128.npy,data/hcr_train\triplets\00561_pos_64.npy,data/hcr_train\triplets\00561_pos_128.npy,data/hcr_train\triplets\00561_neg_64.npy,data/hcr_train\triplets\00561_neg_128.npy,0.9472,0.9057,0.14,47.1,134.9,779.1
562,128,Easy,dram_1x,data/hcr_train\triplets\00562_ref_64.npy,data/hcr_train\triplets\00562_ref_128.npy,data/hcr_train\triplets\00562_pos_64.npy,data/hcr_train\triplets\00562_pos_128.npy,data/hcr_train\triplets\00562_neg_64.npy,data/hcr_train\triplets\00562_neg_128.npy,0.9472,0.9022,0.14,894.24,134.9,779.1
563,128,Easy,dram_1x,data/hcr_train\triplets\00563_ref_64.npy,data/hcr_train\triplets\00563_ref_128.npy,data/hcr_train\triplets\00563_pos_64.npy,data/hcr_train\triplets\00563_pos_128.npy,data/hcr_train\triplets\00563_neg_64.npy,data/hcr_train\triplets\00563_neg_128.npy,0.9472,0.9011,0.14,96.1,134.9,779.1
564,128,Easy,dram_1x,data/hcr_train\triplets\00564_ref_64.npy,data/hcr_train\triplets\00564_ref_128.npy,data/hcr_train\triplets\00564_pos_64.npy,data/hcr_train\triplets\00564_pos_128.npy,data/hcr_train\triplets\00564_neg_64.npy,data/hcr_train\triplets\00564_neg_128.npy,0.9472,0.8953,0.14,53.8,134.9,779.1
565,129,Medium,dram_dense,data/hcr_train\triplets\00565_ref_64.npy,data/hcr_train\triplets\00565_ref_128.npy,data/hcr_train\triplets\00565_pos_64.npy,data/hcr_train\triplets\00565_pos_128.npy,data/hcr_train\triplets\00565_neg_64.npy,data/hcr_train\triplets\00565_neg_128.npy,0.8681,0.8404,1.36,44.3,763.3,877.6
566,129,Medium,dram_dense,data/hcr_train\triplets\00566_ref_64.npy,data/hcr_train\triplets\00566_ref_128.npy,data/hcr_train\triplets\00566_pos_64.npy,data/hcr_train\triplets\00566_pos_128.npy,data/hcr_train\triplets\00566_neg_64.npy,data/hcr_train\triplets\00566_neg_128.npy,0.8681,0.8395,1.36,131.3,763.3,877.6
567,129,Medium,dram_dense,data/hcr_train\triplets\00567_ref_64.npy,data/hcr_train\triplets\00567_ref_128.npy,data/hcr_train\triplets\00567_pos_64.npy,data/hcr_train\triplets\00567_pos_128.npy,data/hcr_train\triplets\00567_neg_64.npy,data/hcr_train\triplets\00567_neg_128.npy,0.8681,0.8178,1.36,88.3,763.3,877.6
568,129,Medium,dram_dense,data/hcr_train\triplets\00568_ref_64.npy,data/hcr_train\triplets\00568_ref_128.npy,data/hcr_train\triplets\00568_pos_64.npy,data/hcr_train\triplets\00568_pos_128.npy,data/hcr_train\triplets\00568_neg_64.npy,data/hcr_train\triplets\00568_neg_128.npy,0.8681,0.7623,1.36,41.7,763.3,877.6
569,129,Medium,dram_dense,data/hcr_train\triplets\00569_ref_64.npy,data/hcr_train\triplets\00569_ref_128.npy,data/hcr_train\triplets\00569_pos_64.npy,data/hcr_train\triplets\00569_pos_128.npy,data/hcr_train\triplets\00569_neg_64.npy,data/hcr_train\triplets\00569_neg_128.npy,0.8681,0.7227,1.36,582.3,763.3,877.6
570,130,Hard,finfet_10nm,data/hcr_train\triplets\00570_ref_64.npy,data/hcr_train\triplets\00570_ref_128.npy,data/hcr_train\triplets\00570_pos_64.npy,data/hcr_train\triplets\00570_pos_128.npy,data/hcr_train\triplets\00570_neg_64.npy,data/hcr_train\triplets\00570_neg_128.npy,0.7866,0.7624,1.08,29.0,950.0,274.6
571,130,Hard,finfet_10nm,data/hcr_train\triplets\00571_ref_64.npy,data/hcr_train\triplets\00571_ref_128.npy,data/hcr_train\triplets\00571_pos_64.npy,data/hcr_train\triplets\00571_pos_128.npy,data/hcr_train\triplets\00571_neg_64.npy,data/hcr_train\triplets\00571_neg_128.npy,0.7866,0.6468,1.08,15.01,950.0,274.6
572,130,Hard,finfet_10nm,data/hcr_train\triplets\00572_ref_64.npy,data/hcr_train\triplets\00572_ref_128.npy,data/hcr_train\triplets\00572_pos_64.npy,data/hcr_train\triplets\00572_pos_128.npy,data/hcr_train\triplets\00572_neg_64.npy,data/hcr_train\triplets\00572_neg_128.npy,0.7866,0.6017,1.08,57.0,950.0,274.6
573,130,Hard,finfet_10nm,data/hcr_train\triplets\00573_ref_64.npy,data/hcr_train\triplets\00573_ref_128.npy,data/hcr_train\triplets\00573_pos_64.npy,data/hcr_train\triplets\00573_pos_128.npy,data/hcr_train\triplets\00573_neg_64.npy,data/hcr_train\triplets\00573_neg_128.npy,0.7866,0.5591,1.08,43.0,950.0,274.6
574,130,Hard,finfet_10nm,data/hcr_train\triplets\00574_ref_64.npy,data/hcr_train\triplets\00574_ref_128.npy,data/hcr_train\triplets\00574_pos_64.npy,data/hcr_train\triplets\00574_pos_128.npy,data/hcr_train\triplets\00574_neg_64.npy,data/hcr_train\triplets\00574_neg_128.npy,0.7866,0.5172,1.08,281.7,950.0,274.6
575,131,Adversarial,finfet_7nm,data/hcr_train\triplets\00575_ref_64.npy,data/hcr_train\triplets\00575_ref_128.npy,data/hcr_train\triplets\00575_pos_64.npy,data/hcr_train\triplets\00575_pos_128.npy,data/hcr_train\triplets\00575_neg_64.npy,data/hcr_train\triplets\00575_neg_128.npy,0.4271,0.4129,1.0,49.0,511.0,252.1
576,131,Adversarial,finfet_7nm,data/hcr_train\triplets\00576_ref_64.npy,data/hcr_train\triplets\00576_ref_128.npy,data/hcr_train\triplets\00576_pos_64.npy,data/hcr_train\triplets\00576_pos_128.npy,data/hcr_train\triplets\00576_neg_64.npy,data/hcr_train\triplets\00576_neg_128.npy,0.4271,0.4112,1.0,97.0,511.0,252.1
577,131,Adversarial,finfet_7nm,data/hcr_train\triplets\00577_ref_64.npy,data/hcr_train\triplets\00577_ref_128.npy,data/hcr_train\triplets\00577_pos_64.npy,data/hcr_train\triplets\00577_pos_128.npy,data/hcr_train\triplets\00577_neg_64.npy,data/hcr_train\triplets\00577_neg_128.npy,0.4271,0.4087,1.0,129.0,511.0,252.1
578,131,Adversarial,finfet_7nm,data/hcr_train\triplets\00578_ref_64.npy,data/hcr_train\triplets\00578_ref_128.npy,data/hcr_train\triplets\00578_pos_64.npy,data/hcr_train\triplets\00578_pos_128.npy,data/hcr_train\triplets\00578_neg_64.npy,data/hcr_train\triplets\00578_neg_128.npy,0.4271,0.4084,1.0,81.0,511.0,252.1
579,131,Adversarial,finfet_7nm,data/hcr_train\triplets\00579_ref_64.npy,data/hcr_train\triplets\00579_ref_128.npy,data/hcr_train\triplets\00579_pos_64.npy,data/hcr_train\triplets\00579_pos_128.npy,data/hcr_train\triplets\00579_neg_64.npy,data/hcr_train\triplets\00579_neg_128.npy,0.4271,0.4071,1.0,145.0,511.0,252.1
580,132,Easy,dram_1x,data/hcr_train\triplets\00580_ref_64.npy,data/hcr_train\triplets\00580_ref_128.npy,data/hcr_train\triplets\00580_pos_64.npy,data/hcr_train\triplets\00580_pos_128.npy,data/hcr_train\triplets\00580_neg_64.npy,data/hcr_train\triplets\00580_neg_128.npy,0.7298,0.8766,5.32,9.71,819.6,108.3
581,132,Easy,dram_1x,data/hcr_train\triplets\00581_ref_64.npy,data/hcr_train\triplets\00581_ref_128.npy,data/hcr_train\triplets\00581_pos_64.npy,data/hcr_train\triplets\00581_pos_128.npy,data/hcr_train\triplets\00581_neg_64.npy,data/hcr_train\triplets\00581_neg_128.npy,0.7298,0.8468,5.32,19.3,819.6,108.3
582,132,Easy,dram_1x,data/hcr_train\triplets\00582_ref_64.npy,data/hcr_train\triplets\00582_ref_128.npy,data/hcr_train\triplets\00582_pos_64.npy,data/hcr_train\triplets\00582_pos_128.npy,data/hcr_train\triplets\00582_neg_64.npy,data/hcr_train\triplets\00582_neg_128.npy,0.7298,0.8457,5.32,86.7,819.6,108.3
583,132,Easy,dram_1x,data/hcr_train\triplets\00583_ref_64.npy,data/hcr_train\triplets\00583_ref_128.npy,data/hcr_train\triplets\00583_pos_64.npy,data/hcr_train\triplets\00583_pos_128.npy,data/hcr_train\triplets\00583_neg_64.npy,data/hcr_train\triplets\00583_neg_128.npy,0.7298,0.8419,5.32,48.3,819.6,108.3
584,132,Easy,dram_1x,data/hcr_train\triplets\00584_ref_64.npy,data/hcr_train\triplets\00584_ref_128.npy,data/hcr_train\triplets\00584_pos_64.npy,data/hcr_train\triplets\00584_pos_128.npy,data/hcr_train\triplets\00584_neg_64.npy,data/hcr_train\triplets\00584_neg_128.npy,0.7298,0.8328,5.32,105.7,819.6,108.3
585,133,Medium,dram_dense,data/hcr_train\triplets\00585_ref_64.npy,data/hcr_train\triplets\00585_ref_128.npy,data/hcr_train\triplets\00585_pos_64.npy,data/hcr_train\triplets\00585_pos_128.npy,data/hcr_train\triplets\00585_neg_64.npy,data/hcr_train\triplets\00585_neg_128.npy,0.8839,0.8647,0.63,43.6,503.6,269.2
586,133,Medium,dram_dense,data/hcr_train\triplets\00586_ref_64.npy,data/hcr_train\triplets\00586_ref_128.npy,data/hcr_train\triplets\00586_pos_64.npy,data/hcr_train\triplets\00586_pos_128.npy,data/hcr_train\triplets\00586_neg_64.npy,data/hcr_train\triplets\00586_neg_128.npy,0.8839,0.8632,0.63,108.6,503.6,269.2
587,133,Medium,dram_dense,data/hcr_train\triplets\00587_ref_64.npy,data/hcr_train\triplets\00587_ref_128.npy,data/hcr_train\triplets\00587_pos_64.npy,data/hcr_train\triplets\00587_pos_128.npy,data/hcr_train\triplets\00587_neg_64.npy,data/hcr_train\triplets\00587_neg_128.npy,0.8839,0.8618,0.63,151.6,503.6,269.2
588,133,Medium,dram_dense,data/hcr_train\triplets\00588_ref_64.npy,data/hcr_train\triplets\00588_ref_128.npy,data/hcr_train\triplets\00588_pos_64.npy,data/hcr_train\triplets\00588_pos_128.npy,data/hcr_train\triplets\00588_neg_64.npy,data/hcr_train\triplets\00588_neg_128.npy,0.8839,0.8598,0.63,86.6,503.6,269.2
589,133,Medium,dram_dense,data/hcr_train\triplets\00589_ref_64.npy,data/hcr_train\triplets\00589_ref_128.npy,data/hcr_train\triplets\00589_pos_64.npy,data/hcr_train\triplets\00589_pos_128.npy,data/hcr_train\triplets\00589_neg_64.npy,data/hcr_train\triplets\00589_neg_128.npy,0.8839,0.8426,0.63,21.6,503.6,269.2
590,134,Hard,finfet_10nm,data/hcr_train\triplets\00590_ref_64.npy,data/hcr_train\triplets\00590_ref_128.npy,data/hcr_train\triplets\00590_pos_64.npy,data/hcr_train\triplets\00590_pos_128.npy,data/hcr_train\triplets\00590_neg_64.npy,data/hcr_train\triplets\00590_neg_128.npy,0.7279,0.7298,0.32,64.3,786.3,117.9
591,134,Hard,finfet_10nm,data/hcr_train\triplets\00591_ref_64.npy,data/hcr_train\triplets\00591_ref_128.npy,data/hcr_train\triplets\00591_pos_64.npy,data/hcr_train\triplets\00591_pos_128.npy,data/hcr_train\triplets\00591_neg_64.npy,data/hcr_train\triplets\00591_neg_128.npy,0.7279,0.7296,0.32,48.3,786.3,117.9
592,134,Hard,finfet_10nm,data/hcr_train\triplets\00592_ref_64.npy,data/hcr_train\triplets\00592_ref_128.npy,data/hcr_train\triplets\00592_pos_64.npy,data/hcr_train\triplets\00592_pos_128.npy,data/hcr_train\triplets\00592_neg_64.npy,data/hcr_train\triplets\00592_neg_128.npy,0.7279,0.7295,0.32,32.3,786.3,117.9
593,134,Hard,finfet_10nm,data/hcr_train\triplets\00593_ref_64.npy,data/hcr_train\triplets\00593_ref_128.npy,data/hcr_train\triplets\00593_pos_64.npy,data/hcr_train\triplets\00593_pos_128.npy,data/hcr_train\triplets\00593_neg_64.npy,data/hcr_train\triplets\00593_neg_128.npy,0.7279,0.7253,0.32,80.3,786.3,117.9
594,134,Hard,finfet_10nm,data/hcr_train\triplets\00594_ref_64.npy,data/hcr_train\triplets\00594_ref_128.npy,data/hcr_train\triplets\00594_pos_64.npy,data/hcr_train\triplets\00594_pos_128.npy,data/hcr_train\triplets\00594_neg_64.npy,data/hcr_train\triplets\00594_neg_128.npy,0.7279,0.725,0.32,128.3,786.3,117.9
595,135,Adversarial,finfet_7nm,data/hcr_train\triplets\00595_ref_64.npy,data/hcr_train\triplets\00595_ref_128.npy,data/hcr_train\triplets\00595_pos_64.npy,data/hcr_train\triplets\00595_pos_128.npy,data/hcr_train\triplets\00595_neg_64.npy,data/hcr_train\triplets\00595_neg_128.npy,0.4529,0.4827,4.12,261.73,411.1,786.4
596,135,Adversarial,finfet_7nm,data/hcr_train\triplets\00596_ref_64.npy,data/hcr_train\triplets\00596_ref_128.npy,data/hcr_train\triplets\00596_pos_64.npy,data/hcr_train\triplets\00596_pos_128.npy,data/hcr_train\triplets\00596_neg_64.npy,data/hcr_train\triplets\00596_neg_128.npy,0.4529,0.4824,4.12,284.21,411.1,786.4
597,135,Adversarial,finfet_7nm,data/hcr_train\triplets\00597_ref_64.npy,data/hcr_train\triplets\00597_ref_128.npy,data/hcr_train\triplets\00597_pos_64.npy,data/hcr_train\triplets\00597_pos_128.npy,data/hcr_train\triplets\00597_neg_64.npy,data/hcr_train\triplets\00597_neg_128.npy,0.4529,0.4762,4.12,307.59,411.1,786.4
598,135,Adversarial,finfet_7nm,data/hcr_train\triplets\00598_ref_64.npy,data/hcr_train\triplets\00598_ref_128.npy,data/hcr_train\triplets\00598_pos_64.npy,data/hcr_train\triplets\00598_pos_128.npy,data/hcr_train\triplets\00598_neg_64.npy,data/hcr_train\triplets\00598_neg_128.npy,0.4529,0.4743,4.12,104.45,411.1,786.4
599,135,Adversarial,finfet_7nm,data/hcr_train\triplets\00599_ref_64.npy,data/hcr_train\triplets\00599_ref_128.npy,data/hcr_train\triplets\00599_pos_64.npy,data/hcr_train\triplets\00599_pos_128.npy,data/hcr_train\triplets\00599_neg_64.npy,data/hcr_train\triplets\00599_neg_128.npy,0.4529,0.4733,4.12,381.49,411.1,786.4
600,136,Easy,dram_1x,data/hcr_train\triplets\00600_ref_64.npy,data/hcr_train\triplets\00600_ref_128.npy,data/hcr_train\triplets\00600_pos_64.npy,data/hcr_train\triplets\00600_pos_128.npy,data/hcr_train\triplets\00600_neg_64.npy,data/hcr_train\triplets\00600_neg_128.npy,0.9435,0.9199,0.36,48.2,684.8,400.7
601,136,Easy,dram_1x,data/hcr_train\triplets\00601_ref_64.npy,data/hcr_train\triplets\00601_ref_128.npy,data/hcr_train\triplets\00601_pos_64.npy,data/hcr_train\triplets\00601_pos_128.npy,data/hcr_train\triplets\00601_neg_64.npy,data/hcr_train\triplets\00601_neg_128.npy,0.9435,0.9097,0.36,32.3,684.8,400.7
602,136,Easy,dram_1x,data/hcr_train\triplets\00602_ref_64.npy,data/hcr_train\triplets\00602_ref_128.npy,data/hcr_train\triplets\00602_pos_64.npy,data/hcr_train\triplets\00602_pos_128.npy,data/hcr_train\triplets\00602_neg_64.npy,data/hcr_train\triplets\00602_neg_128.npy,0.9435,0.9092,0.36,64.3,684.8,400.7
603,136,Easy,dram_1x,data/hcr_train\triplets\00603_ref_64.npy,data/hcr_train\triplets\00603_ref_128.npy,data/hcr_train\triplets\00603_pos_64.npy,data/hcr_train\triplets\00603_pos_128.npy,data/hcr_train\triplets\00603_neg_64.npy,data/hcr_train\triplets\00603_neg_128.npy,0.9435,0.9078,0.36,29.18,684.8,400.7
604,136,Easy,dram_1x,data/hcr_train\triplets\00604_ref_64.npy,data/hcr_train\triplets\00604_ref_128.npy,data/hcr_train\triplets\00604_pos_64.npy,data/hcr_train\triplets\00604_pos_128.npy,data/hcr_train\triplets\00604_neg_64.npy,data/hcr_train\triplets\00604_neg_128.npy,0.9435,0.9069,0.36,96.2,684.8,400.7
605,137,Medium,dram_dense,data/hcr_train\triplets\00605_ref_64.npy,data/hcr_train\triplets\00605_ref_128.npy,data/hcr_train\triplets\00605_pos_64.npy,data/hcr_train\triplets\00605_pos_128.npy,data/hcr_train\triplets\00605_neg_64.npy,data/hcr_train\triplets\00605_neg_128.npy,0.7535,0.7453,0.5,36.0,85.3,329.4
606,137,Medium,dram_dense,data/hcr_train\triplets\00606_ref_64.npy,data/hcr_train\triplets\00606_ref_128.npy,data/hcr_train\triplets\00606_pos_64.npy,data/hcr_train\triplets\00606_pos_128.npy,data/hcr_train\triplets\00606_neg_64.npy,data/hcr_train\triplets\00606_neg_128.npy,0.7535,0.7442,0.5,22.77,85.3,329.4
607,137,Medium,dram_dense,data/hcr_train\triplets\00607_ref_64.npy,data/hcr_train\triplets\00607_ref_128.npy,data/hcr_train\triplets\00607_pos_64.npy,data/hcr_train\triplets\00607_pos_128.npy,data/hcr_train\triplets\00607_neg_64.npy,data/hcr_train\triplets\00607_neg_128.npy,0.7535,0.742,0.5,93.81,85.3,329.4
608,137,Medium,dram_dense,data/hcr_train\triplets\00608_ref_64.npy,data/hcr_train\triplets\00608_ref_128.npy,data/hcr_train\triplets\00608_pos_64.npy,data/hcr_train\triplets\00608_pos_128.npy,data/hcr_train\triplets\00608_neg_64.npy,data/hcr_train\triplets\00608_neg_128.npy,0.7535,0.7419,0.5,64.86,85.3,329.4
609,137,Medium,dram_dense,data/hcr_train\triplets\00609_ref_64.npy,data/hcr_train\triplets\00609_ref_128.npy,data/hcr_train\triplets\00609_pos_64.npy,data/hcr_train\triplets\00609_pos_128.npy,data/hcr_train\triplets\00609_neg_64.npy,data/hcr_train\triplets\00609_neg_128.npy,0.7535,0.7354,0.5,13.71,85.3,329.4
610,138,Hard,finfet_10nm,data/hcr_train\triplets\00610_ref_64.npy,data/hcr_train\triplets\00610_ref_128.npy,data/hcr_train\triplets\00610_pos_64.npy,data/hcr_train\triplets\00610_pos_128.npy,data/hcr_train\triplets\00610_neg_64.npy,data/hcr_train\triplets\00610_neg_128.npy,0.5941,0.604,1.82,90.34,869.8,691.7
611,138,Hard,finfet_10nm,data/hcr_train\triplets\00611_ref_64.npy,data/hcr_train\triplets\00611_ref_128.npy,data/hcr_train\triplets\00611_pos_64.npy,data/hcr_train\triplets\00611_pos_128.npy,data/hcr_train\triplets\00611_neg_64.npy,data/hcr_train\triplets\00611_neg_128.npy,0.5941,0.4619,1.82,89.72,869.8,691.7
612,138,Hard,finfet_10nm,data/hcr_train\triplets\00612_ref_64.npy,data/hcr_train\triplets\00612_ref_128.npy,data/hcr_train\triplets\00612_pos_64.npy,data/hcr_train\triplets\00612_pos_128.npy,data/hcr_train\triplets\00612_neg_64.npy,data/hcr_train\triplets\00612_neg_128.npy,0.5941,0.441,1.82,17.79,869.8,691.7
613,138,Hard,finfet_10nm,data/hcr_train\triplets\00613_ref_64.npy,data/hcr_train\triplets\00613_ref_128.npy,data/hcr_train\triplets\00613_pos_64.npy,data/hcr_train\triplets\00613_pos_128.npy,data/hcr_train\triplets\00613_neg_64.npy,data/hcr_train\triplets\00613_neg_128.npy,0.5941,0.4371,1.82,35.75,869.8,691.7
614,138,Hard,finfet_10nm,data/hcr_train\triplets\00614_ref_64.npy,data/hcr_train\triplets\00614_ref_128.npy,data/hcr_train\triplets\00614_pos_64.npy,data/hcr_train\triplets\00614_pos_128.npy,data/hcr_train\triplets\00614_neg_64.npy,data/hcr_train\triplets\00614_neg_128.npy,0.5941,0.4357,1.82,53.73,869.8,691.7
615,139,Adversarial,finfet_7nm,data/hcr_train\triplets\00615_ref_64.npy,data/hcr_train\triplets\00615_ref_128.npy,data/hcr_train\triplets\00615_pos_64.npy,data/hcr_train\triplets\00615_pos_128.npy,data/hcr_train\triplets\00615_neg_64.npy,data/hcr_train\triplets\00615_neg_128.npy,0.3565,0.3847,2.73,302.3,431.7,599.6
616,139,Adversarial,finfet_7nm,data/hcr_train\triplets\00616_ref_64.npy,data/hcr_train\triplets\00616_ref_128.npy,data/hcr_train\triplets\00616_pos_64.npy,data/hcr_train\triplets\00616_pos_128.npy,data/hcr_train\triplets\00616_neg_64.npy,data/hcr_train\triplets\00616_neg_128.npy,0.3565,0.3841,2.73,297.32,431.7,599.6
617,139,Adversarial,finfet_7nm,data/hcr_train\triplets\00617_ref_64.npy,data/hcr_train\triplets\00617_ref_128.npy,data/hcr_train\triplets\00617_pos_64.npy,data/hcr_train\triplets\00617_pos_128.npy,data/hcr_train\triplets\00617_neg_64.npy,data/hcr_train\triplets\00617_neg_128.npy,0.3565,0.3819,2.73,295.29,431.7,599.6
618,139,Adversarial,finfet_7nm,data/hcr_train\triplets\00618_ref_64.npy,data/hcr_train\triplets\00618_ref_128.npy,data/hcr_train\triplets\00618_pos_64.npy,data/hcr_train\triplets\00618_pos_128.npy,data/hcr_train\triplets\00618_neg_64.npy,data/hcr_train\triplets\00618_neg_128.npy,0.3565,0.3734,2.73,292.17,431.7,599.6
619,139,Adversarial,finfet_7nm,data/hcr_train\triplets\00619_ref_64.npy,data/hcr_train\triplets\00619_ref_128.npy,data/hcr_train\triplets\00619_pos_64.npy,data/hcr_train\triplets\00619_pos_128.npy,data/hcr_train\triplets\00619_neg_64.npy,data/hcr_train\triplets\00619_neg_128.npy,0.3565,0.3732,2.73,292.12,431.7,599.6
620,140,Easy,dram_1x,data/hcr_train\triplets\00620_ref_64.npy,data/hcr_train\triplets\00620_ref_128.npy,data/hcr_train\triplets\00620_pos_64.npy,data/hcr_train\triplets\00620_pos_128.npy,data/hcr_train\triplets\00620_neg_64.npy,data/hcr_train\triplets\00620_neg_128.npy,0.9558,0.9045,0.61,583.6,826.6,799.1
621,140,Easy,dram_1x,data/hcr_train\triplets\00621_ref_64.npy,data/hcr_train\triplets\00621_ref_128.npy,data/hcr_train\triplets\00621_pos_64.npy,data/hcr_train\triplets\00621_pos_128.npy,data/hcr_train\triplets\00621_neg_64.npy,data/hcr_train\triplets\00621_neg_128.npy,0.9558,0.9004,0.61,43.1,826.6,799.1
622,140,Easy,dram_1x,data/hcr_train\triplets\00622_ref_64.npy,data/hcr_train\triplets\00622_ref_128.npy,data/hcr_train\triplets\00622_pos_64.npy,data/hcr_train\triplets\00622_pos_128.npy,data/hcr_train\triplets\00622_neg_64.npy,data/hcr_train\triplets\00622_neg_128.npy,0.9558,0.8901,0.61,86.1,826.6,799.1
623,140,Easy,dram_1x,data/hcr_train\triplets\00623_ref_64.npy,data/hcr_train\triplets\00623_ref_128.npy,data/hcr_train\triplets\00623_pos_64.npy,data/hcr_train\triplets\00623_pos_128.npy,data/hcr_train\triplets\00623_neg_64.npy,data/hcr_train\triplets\00623_neg_128.npy,0.9558,0.8826,0.61,14.11,826.6,799.1
624,140,Easy,dram_1x,data/hcr_train\triplets\00624_ref_64.npy,data/hcr_train\triplets\00624_ref_128.npy,data/hcr_train\triplets\00624_pos_64.npy,data/hcr_train\triplets\00624_pos_128.npy,data/hcr_train\triplets\00624_neg_64.npy,data/hcr_train\triplets\00624_neg_128.npy,0.9558,0.8823,0.61,115.1,826.6,799.1
625,141,Medium,dram_dense,data/hcr_train\triplets\00625_ref_64.npy,data/hcr_train\triplets\00625_ref_128.npy,data/hcr_train\triplets\00625_pos_64.npy,data/hcr_train\triplets\00625_pos_128.npy,data/hcr_train\triplets\00625_neg_64.npy,data/hcr_train\triplets\00625_neg_128.npy,0.8512,0.6405,0.58,19.5,568.3,300.5
626,141,Medium,dram_dense,data/hcr_train\triplets\00626_ref_64.npy,data/hcr_train\triplets\00626_ref_128.npy,data/hcr_train\triplets\00626_pos_64.npy,data/hcr_train\triplets\00626_pos_128.npy,data/hcr_train\triplets\00626_neg_64.npy,data/hcr_train\triplets\00626_neg_128.npy,0.8512,0.6012,0.58,134.51,568.3,300.5
627,141,Medium,dram_dense,data/hcr_train\triplets\00627_ref_64.npy,data/hcr_train\triplets\00627_ref_128.npy,data/hcr_train\triplets\00627_pos_64.npy,data/hcr_train\triplets\00627_pos_128.npy,data/hcr_train\triplets\00627_neg_64.npy,data/hcr_train\triplets\00627_neg_128.npy,0.8512,0.5976,0.58,77.5,568.3,300.5
628,141,Medium,dram_dense,data/hcr_train\triplets\00628_ref_64.npy,data/hcr_train\triplets\00628_ref_128.npy,data/hcr_train\triplets\00628_pos_64.npy,data/hcr_train\triplets\00628_pos_128.npy,data/hcr_train\triplets\00628_neg_64.npy,data/hcr_train\triplets\00628_neg_128.npy,0.8512,0.5919,0.58,38.5,568.3,300.5
629,141,Medium,dram_dense,data/hcr_train\triplets\00629_ref_64.npy,data/hcr_train\triplets\00629_ref_128.npy,data/hcr_train\triplets\00629_pos_64.npy,data/hcr_train\triplets\00629_pos_128.npy,data/hcr_train\triplets\00629_neg_64.npy,data/hcr_train\triplets\00629_neg_128.npy,0.8512,0.5905,0.58,13.71,568.3,300.5
630,142,Hard,finfet_10nm,data/hcr_train\triplets\00630_ref_64.npy,data/hcr_train\triplets\00630_ref_128.npy,data/hcr_train\triplets\00630_pos_64.npy,data/hcr_train\triplets\00630_pos_128.npy,data/hcr_train\triplets\00630_neg_64.npy,data/hcr_train\triplets\00630_neg_128.npy,0.7205,0.7236,2.73,21.7,165.7,854.4
631,142,Hard,finfet_10nm,data/hcr_train\triplets\00631_ref_64.npy,data/hcr_train\triplets\00631_ref_128.npy,data/hcr_train\triplets\00631_pos_64.npy,data/hcr_train\triplets\00631_pos_128.npy,data/hcr_train\triplets\00631_neg_64.npy,data/hcr_train\triplets\00631_neg_128.npy,0.7205,0.712,2.73,79.7,165.7,854.4
632,142,Hard,finfet_10nm,data/hcr_train\triplets\00632_ref_64.npy,data/hcr_train\triplets\00632_ref_128.npy,data/hcr_train\triplets\00632_pos_64.npy,data/hcr_train\triplets\00632_pos_128.npy,data/hcr_train\triplets\00632_neg_64.npy,data/hcr_train\triplets\00632_neg_128.npy,0.7205,0.7093,2.73,40.7,165.7,854.4
633,142,Hard,finfet_10nm,data/hcr_train\triplets\00633_ref_64.npy,data/hcr_train\triplets\00633_ref_128.npy,data/hcr_train\triplets\00633_pos_64.npy,data/hcr_train\triplets\00633_pos_128.npy,data/hcr_train\triplets\00633_neg_64.npy,data/hcr_train\triplets\00633_neg_128.npy,0.7205,0.7078,2.73,98.7,165.7,854.4
634,142,Hard,finfet_10nm,data/hcr_train\triplets\00634_ref_64.npy,data/hcr_train\triplets\00634_ref_128.npy,data/hcr_train\triplets\00634_pos_64.npy,data/hcr_train\triplets\00634_pos_128.npy,data/hcr_train\triplets\00634_neg_64.npy,data/hcr_train\triplets\00634_neg_128.npy,0.7205,0.706,2.73,36.3,165.7,854.4
635,143,Adversarial,finfet_7nm,data/hcr_train\triplets\00635_ref_64.npy,data/hcr_train\triplets\00635_ref_128.npy,data/hcr_train\triplets\00635_pos_64.npy,data/hcr_train\triplets\00635_pos_128.npy,data/hcr_train\triplets\00635_neg_64.npy,data/hcr_train\triplets\00635_neg_128.npy,0.4751,0.4638,3.71,344.1,305.7,655.3
636,143,Adversarial,finfet_7nm,data/hcr_train\triplets\00636_ref_64.npy,data/hcr_train\triplets\00636_ref_128.npy,data/hcr_train\triplets\00636_pos_64.npy,data/hcr_train\triplets\00636_pos_128.npy,data/hcr_train\triplets\00636_neg_64.npy,data/hcr_train\triplets\00636_neg_128.npy,0.4751,0.4606,3.71,373.08,305.7,655.3
637,143,Adversarial,finfet_7nm,data/hcr_train\triplets\00637_ref_64.npy,data/hcr_train\triplets\00637_ref_128.npy,data/hcr_train\triplets\00637_pos_64.npy,data/hcr_train\triplets\00637_pos_128.npy,data/hcr_train\triplets\00637_neg_64.npy,data/hcr_train\triplets\00637_neg_128.npy,0.4751,0.4447,3.71,265.33,305.7,655.3
638,143,Adversarial,finfet_7nm,data/hcr_train\triplets\00638_ref_64.npy,data/hcr_train\triplets\00638_ref_128.npy,data/hcr_train\triplets\00638_pos_64.npy,data/hcr_train\triplets\00638_pos_128.npy,data/hcr_train\triplets\00638_neg_64.npy,data/hcr_train\triplets\00638_neg_128.npy,0.4751,0.4447,3.71,317.33,305.7,655.3
639,143,Adversarial,finfet_7nm,data/hcr_train\triplets\00639_ref_64.npy,data/hcr_train\triplets\00639_ref_128.npy,data/hcr_train\triplets\00639_pos_64.npy,data/hcr_train\triplets\00639_pos_128.npy,data/hcr_train\triplets\00639_neg_64.npy,data/hcr_train\triplets\00639_neg_128.npy,0.4751,0.4445,3.71,407.11,305.7,655.3
640,144,Easy,dram_1x,data/hcr_train\triplets\00640_ref_64.npy,data/hcr_train\triplets\00640_ref_128.npy,data/hcr_train\triplets\00640_pos_64.npy,data/hcr_train\triplets\00640_pos_128.npy,data/hcr_train\triplets\00640_neg_64.npy,data/hcr_train\triplets\00640_neg_128.npy,0.9358,0.6345,0.7,21.3,585.7,570.0
641,144,Easy,dram_1x,data/hcr_train\triplets\00641_ref_64.npy,data/hcr_train\triplets\00641_ref_128.npy,data/hcr_train\triplets\00641_pos_64.npy,data/hcr_train\triplets\00641_pos_128.npy,data/hcr_train\triplets\00641_neg_64.npy,data/hcr_train\triplets\00641_neg_128.npy,0.9358,0.6023,0.7,86.3,585.7,570.0
642,144,Easy,dram_1x,data/hcr_train\triplets\00642_ref_64.npy,data/hcr_train\triplets\00642_ref_128.npy,data/hcr_train\triplets\00642_pos_64.npy,data/hcr_train\triplets\00642_pos_128.npy,data/hcr_train\triplets\00642_neg_64.npy,data/hcr_train\triplets\00642_neg_128.npy,0.9358,0.594,0.7,129.3,585.7,570.0
643,144,Easy,dram_1x,data/hcr_train\triplets\00643_ref_64.npy,data/hcr_train\triplets\00643_ref_128.npy,data/hcr_train\triplets\00643_pos_64.npy,data/hcr_train\triplets\00643_pos_128.npy,data/hcr_train\triplets\00643_neg_64.npy,data/hcr_train\triplets\00643_neg_128.npy,0.9358,0.5935,0.7,43.3,585.7,570.0
644,144,Easy,dram_1x,data/hcr_train\triplets\00644_ref_64.npy,data/hcr_train\triplets\00644_ref_128.npy,data/hcr_train\triplets\00644_pos_64.npy,data/hcr_train\triplets\00644_pos_128.npy,data/hcr_train\triplets\00644_neg_64.npy,data/hcr_train\triplets\00644_neg_128.npy,0.9358,0.5829,0.7,14.02,585.7,570.0
645,145,Medium,dram_dense,data/hcr_train\triplets\00645_ref_64.npy,data/hcr_train\triplets\00645_ref_128.npy,data/hcr_train\triplets\00645_pos_64.npy,data/hcr_train\triplets\00645_pos_128.npy,data/hcr_train\triplets\00645_neg_64.npy,data/hcr_train\triplets\00645_neg_128.npy,0.9135,0.8912,0.71,47.3,358.7,313.1
646,145,Medium,dram_dense,data/hcr_train\triplets\00646_ref_64.npy,data/hcr_train\triplets\00646_ref_128.npy,data/hcr_train\triplets\00646_pos_64.npy,data/hcr_train\triplets\00646_pos_128.npy,data/hcr_train\triplets\00646_neg_64.npy,data/hcr_train\triplets\00646_neg_128.npy,0.9135,0.8799,0.71,95.3,358.7,313.1
647,145,Medium,dram_dense,data/hcr_train\triplets\00647_ref_64.npy,data/hcr_train\triplets\00647_ref_128.npy,data/hcr_train\triplets\00647_pos_64.npy,data/hcr_train\triplets\00647_pos_128.npy,data/hcr_train\triplets\00647_neg_64.npy,data/hcr_train\triplets\00647_neg_128.npy,0.9135,0.8785,0.71,143.3,358.7,313.1
648,145,Medium,dram_dense,data/hcr_train\triplets\00648_ref_64.npy,data/hcr_train\triplets\00648_ref_128.npy,data/hcr_train\triplets\00648_pos_64.npy,data/hcr_train\triplets\00648_pos_128.npy,data/hcr_train\triplets\00648_neg_64.npy,data/hcr_train\triplets\00648_neg_128.npy,0.9135,0.8435,0.71,23.3,358.7,313.1
649,145,Medium,dram_dense,data/hcr_train\triplets\00649_ref_64.npy,data/hcr_train\triplets\00649_ref_128.npy,data/hcr_train\triplets\00649_pos_64.npy,data/hcr_train\triplets\00649_pos_128.npy,data/hcr_train\triplets\00649_neg_64.npy,data/hcr_train\triplets\00649_neg_128.npy,0.9135,0.8385,0.71,71.3,358.7,313.1
650,146,Hard,finfet_10nm,data/hcr_train\triplets\00650_ref_64.npy,data/hcr_train\triplets\00650_ref_128.npy,data/hcr_train\triplets\00650_pos_64.npy,data/hcr_train\triplets\00650_pos_128.npy,data/hcr_train\triplets\00650_neg_64.npy,data/hcr_train\triplets\00650_neg_128.npy,0.5418,0.5676,1.22,61.21,833.2,371.8
651,146,Hard,finfet_10nm,data/hcr_train\triplets\00651_ref_64.npy,data/hcr_train\triplets\00651_ref_128.npy,data/hcr_train\triplets\00651_pos_64.npy,data/hcr_train\triplets\00651_pos_128.npy,data/hcr_train\triplets\00651_neg_64.npy,data/hcr_train\triplets\00651_neg_128.npy,0.5418,0.563,1.22,91.21,833.2,371.8
652,146,Hard,finfet_10nm,data/hcr_train\triplets\00652_ref_64.npy,data/hcr_train\triplets\00652_ref_128.npy,data/hcr_train\triplets\00652_pos_64.npy,data/hcr_train\triplets\00652_pos_128.npy,data/hcr_train\triplets\00652_neg_64.npy,data/hcr_train\triplets\00652_neg_128.npy,0.5418,0.5521,1.22,76.21,833.2,371.8
653,146,Hard,finfet_10nm,data/hcr_train\triplets\00653_ref_64.npy,data/hcr_train\triplets\00653_ref_128.npy,data/hcr_train\triplets\00653_pos_64.npy,data/hcr_train\triplets\00653_pos_128.npy,data/hcr_train\triplets\00653_neg_64.npy,data/hcr_train\triplets\00653_neg_128.npy,0.5418,0.5314,1.22,15.25,833.2,371.8
654,146,Hard,finfet_10nm,data/hcr_train\triplets\00654_ref_64.npy,data/hcr_train\triplets\00654_ref_128.npy,data/hcr_train\triplets\00654_pos_64.npy,data/hcr_train\triplets\00654_pos_128.npy,data/hcr_train\triplets\00654_neg_64.npy,data/hcr_train\triplets\00654_neg_128.npy,0.5418,0.5249,1.22,30.22,833.2,371.8
655,147,Adversarial,finfet_7nm,data/hcr_train\triplets\00655_ref_64.npy,data/hcr_train\triplets\00655_ref_128.npy,data/hcr_train\triplets\00655_pos_64.npy,data/hcr_train\triplets\00655_pos_128.npy,data/hcr_train\triplets\00655_neg_64.npy,data/hcr_train\triplets\00655_neg_128.npy,0.3268,0.3304,4.72,52.7,424.7,880.6
656,147,Adversarial,finfet_7nm,data/hcr_train\triplets\00656_ref_64.npy,data/hcr_train\triplets\00656_ref_128.npy,data/hcr_train\triplets\00656_pos_64.npy,data/hcr_train\triplets\00656_pos_128.npy,data/hcr_train\triplets\00656_neg_64.npy,data/hcr_train\triplets\00656_neg_128.npy,0.3268,0.3293,4.72,71.3,424.7,880.6
657,147,Adversarial,finfet_7nm,data/hcr_train\triplets\00657_ref_64.npy,data/hcr_train\triplets\00657_ref_128.npy,data/hcr_train\triplets\00657_pos_64.npy,data/hcr_train\triplets\00657_pos_128.npy,data/hcr_train\triplets\00657_neg_64.npy,data/hcr_train\triplets\00657_neg_128.npy,0.3268,0.3252,4.72,51.3,424.7,880.6
658,147,Adversarial,finfet_7nm,data/hcr_train\triplets\00658_ref_64.npy,data/hcr_train\triplets\00658_ref_128.npy,data/hcr_train\triplets\00658_pos_64.npy,data/hcr_train\triplets\00658_pos_128.npy,data/hcr_train\triplets\00658_neg_64.npy,data/hcr_train\triplets\00658_neg_128.npy,0.3268,0.3243,4.72,72.7,424.7,880.6
659,147,Adversarial,finfet_7nm,data/hcr_train\triplets\00659_ref_64.npy,data/hcr_train\triplets\00659_ref_128.npy,data/hcr_train\triplets\00659_pos_64.npy,data/hcr_train\triplets\00659_pos_128.npy,data/hcr_train\triplets\00659_neg_64.npy,data/hcr_train\triplets\00659_neg_128.npy,0.3268,0.3239,4.72,24.7,424.7,880.6
660,148,Easy,dram_1x,data/hcr_train\triplets\00660_ref_64.npy,data/hcr_train\triplets\00660_ref_128.npy,data/hcr_train\triplets\00660_pos_64.npy,data/hcr_train\triplets\00660_pos_128.npy,data/hcr_train\triplets\00660_neg_64.npy,data/hcr_train\triplets\00660_neg_128.npy,0.9068,0.9144,0.64,101.95,169.5,486.6
661,148,Easy,dram_1x,data/hcr_train\triplets\00661_ref_64.npy,data/hcr_train\triplets\00661_ref_128.npy,data/hcr_train\triplets\00661_pos_64.npy,data/hcr_train\triplets\00661_pos_128.npy,data/hcr_train\triplets\00661_neg_64.npy,data/hcr_train\triplets\00661_neg_128.npy,0.9068,0.913,0.64,17.39,169.5,486.6
662,148,Easy,dram_1x,data/hcr_train\triplets\00662_ref_64.npy,data/hcr_train\triplets\00662_ref_128.npy,data/hcr_train\triplets\00662_pos_64.npy,data/hcr_train\triplets\00662_pos_128.npy,data/hcr_train\triplets\00662_neg_64.npy,data/hcr_train\triplets\00662_neg_128.npy,0.9068,0.9085,0.64,44.55,169.5,486.6
663,148,Easy,dram_1x,data/hcr_train\triplets\00663_ref_64.npy,data/hcr_train\triplets\00663_ref_128.npy,data/hcr_train\triplets\00663_pos_64.npy,data/hcr_train\triplets\00663_pos_128.npy,data/hcr_train\triplets\00663_neg_64.npy,data/hcr_train\triplets\00663_neg_128.npy,0.9068,0.9052,0.64,17.39,169.5,486.6
664,148,Easy,dram_1x,data/hcr_train\triplets\00664_ref_64.npy,data/hcr_train\triplets\00664_ref_128.npy,data/hcr_train\triplets\00664_pos_64.npy,data/hcr_train\triplets\00664_pos_128.npy,data/hcr_train\triplets\00664_neg_64.npy,data/hcr_train\triplets\00664_neg_128.npy,0.9068,0.9003,0.64,64.27,169.5,486.6
665,151,Adversarial,finfet_7nm,data/hcr_train\triplets\00665_ref_64.npy,data/hcr_train\triplets\00665_ref_128.npy,data/hcr_train\triplets\00665_pos_64.npy,data/hcr_train\triplets\00665_pos_128.npy,data/hcr_train\triplets\00665_neg_64.npy,data/hcr_train\triplets\00665_neg_128.npy,0.437,0.4343,3.71,15.3,415.7,817.2
666,151,Adversarial,finfet_7nm,data/hcr_train\triplets\00666_ref_64.npy,data/hcr_train\triplets\00666_ref_128.npy,data/hcr_train\triplets\00666_pos_64.npy,data/hcr_train\triplets\00666_pos_128.npy,data/hcr_train\triplets\00666_neg_64.npy,data/hcr_train\triplets\00666_neg_128.npy,0.437,0.4326,3.71,41.7,415.7,817.2
667,151,Adversarial,finfet_7nm,data/hcr_train\triplets\00667_ref_64.npy,data/hcr_train\triplets\00667_ref_128.npy,data/hcr_train\triplets\00667_pos_64.npy,data/hcr_train\triplets\00667_pos_128.npy,data/hcr_train\triplets\00667_neg_64.npy,data/hcr_train\triplets\00667_neg_128.npy,0.437,0.4326,3.71,22.7,415.7,817.2
668,151,Adversarial,finfet_7nm,data/hcr_train\triplets\00668_ref_64.npy,data/hcr_train\triplets\00668_ref_128.npy,data/hcr_train\triplets\00668_pos_64.npy,data/hcr_train\triplets\00668_pos_128.npy,data/hcr_train\triplets\00668_neg_64.npy,data/hcr_train\triplets\00668_neg_128.npy,0.437,0.4292,3.71,53.3,415.7,817.2
669,151,Adversarial,finfet_7nm,data/hcr_train\triplets\00669_ref_64.npy,data/hcr_train\triplets\00669_ref_128.npy,data/hcr_train\triplets\00669_pos_64.npy,data/hcr_train\triplets\00669_pos_128.npy,data/hcr_train\triplets\00669_neg_64.npy,data/hcr_train\triplets\00669_neg_128.npy,0.437,0.4273,3.71,60.7,415.7,817.2
670,153,Medium,dram_dense,data/hcr_train\triplets\00670_ref_64.npy,data/hcr_train\triplets\00670_ref_128.npy,data/hcr_train\triplets\00670_pos_64.npy,data/hcr_train\triplets\00670_pos_128.npy,data/hcr_train\triplets\00670_neg_64.npy,data/hcr_train\triplets\00670_neg_128.npy,0.8877,0.8218,0.36,51.2,592.3,116.2
671,153,Medium,dram_dense,data/hcr_train\triplets\00671_ref_64.npy,data/hcr_train\triplets\00671_ref_128.npy,data/hcr_train\triplets\00671_pos_64.npy,data/hcr_train\triplets\00671_pos_128.npy,data/hcr_train\triplets\00671_neg_64.npy,data/hcr_train\triplets\00671_neg_128.npy,0.8877,0.8198,0.36,50.8,592.3,116.2
672,153,Medium,dram_dense,data/hcr_train\triplets\00672_ref_64.npy,data/hcr_train\triplets\00672_ref_128.npy,data/hcr_train\triplets\00672_pos_64.npy,data/hcr_train\triplets\00672_pos_128.npy,data/hcr_train\triplets\00672_neg_64.npy,data/hcr_train\triplets\00672_neg_128.npy,0.8877,0.8141,0.36,12.8,592.3,116.2
673,153,Medium,dram_dense,data/hcr_train\triplets\00673_ref_64.npy,data/hcr_train\triplets\00673_ref_128.npy,data/hcr_train\triplets\00673_pos_64.npy,data/hcr_train\triplets\00673_pos_128.npy,data/hcr_train\triplets\00673_neg_64.npy,data/hcr_train\triplets\00673_neg_128.npy,0.8877,0.7843,0.36,38.2,592.3,116.2
674,153,Medium,dram_dense,data/hcr_train\triplets\00674_ref_64.npy,data/hcr_train\triplets\00674_ref_128.npy,data/hcr_train\triplets\00674_pos_64.npy,data/hcr_train\triplets\00674_pos_128.npy,data/hcr_train\triplets\00674_neg_64.npy,data/hcr_train\triplets\00674_neg_128.npy,0.8877,0.7788,0.36,63.8,592.3,116.2
675,154,Hard,finfet_10nm,data/hcr_train\triplets\00675_ref_64.npy,data/hcr_train\triplets\00675_ref_128.npy,data/hcr_train\triplets\00675_pos_64.npy,data/hcr_train\triplets\00675_pos_128.npy,data/hcr_train\triplets\00675_neg_64.npy,data/hcr_train\triplets\00675_neg_128.npy,0.4595,0.4975,0.54,630.08,790.5,136.2
676,154,Hard,finfet_10nm,data/hcr_train\triplets\00676_ref_64.npy,data/hcr_train\triplets\00676_ref_128.npy,data/hcr_train\triplets\00676_pos_64.npy,data/hcr_train\triplets\00676_pos_128.npy,data/hcr_train\triplets\00676_neg_64.npy,data/hcr_train\triplets\00676_neg_128.npy,0.4595,0.4933,0.54,624.7,790.5,136.2
677,154,Hard,finfet_10nm,data/hcr_train\triplets\00677_ref_64.npy,data/hcr_train\triplets\00677_ref_128.npy,data/hcr_train\triplets\00677_pos_64.npy,data/hcr_train\triplets\00677_pos_128.npy,data/hcr_train\triplets\00677_neg_64.npy,data/hcr_train\triplets\00677_neg_128.npy,0.4595,0.4837,0.54,654.69,790.5,136.2
678,154,Hard,finfet_10nm,data/hcr_train\triplets\00678_ref_64.npy,data/hcr_train\triplets\00678_ref_128.npy,data/hcr_train\triplets\00678_pos_64.npy,data/hcr_train\triplets\00678_pos_128.npy,data/hcr_train\triplets\00678_neg_64.npy,data/hcr_train\triplets\00678_neg_128.npy,0.4595,0.4824,0.54,76.2,790.5,136.2
679,154,Hard,finfet_10nm,data/hcr_train\triplets\00679_ref_64.npy,data/hcr_train\triplets\00679_ref_128.npy,data/hcr_train\triplets\00679_pos_64.npy,data/hcr_train\triplets\00679_pos_128.npy,data/hcr_train\triplets\00679_neg_64.npy,data/hcr_train\triplets\00679_neg_128.npy,0.4595,0.4773,0.54,647.94,790.5,136.2
680,156,Easy,dram_1x,data/hcr_train\triplets\00680_ref_64.npy,data/hcr_train\triplets\00680_ref_128.npy,data/hcr_train\triplets\00680_pos_64.npy,data/hcr_train\triplets\00680_pos_128.npy,data/hcr_train\triplets\00680_neg_64.npy,data/hcr_train\triplets\00680_neg_128.npy,0.9627,0.9457,0.54,35.5,729.5,943.8
681,156,Easy,dram_1x,data/hcr_train\triplets\00681_ref_64.npy,data/hcr_train\triplets\00681_ref_128.npy,data/hcr_train\triplets\00681_pos_64.npy,data/hcr_train\triplets\00681_pos_128.npy,data/hcr_train\triplets\00681_neg_64.npy,data/hcr_train\triplets\00681_neg_128.npy,0.9627,0.9385,0.54,36.5,729.5,943.8
682,156,Easy,dram_1x,data/hcr_train\triplets\00682_ref_64.npy,data/hcr_train\triplets\00682_ref_128.npy,data/hcr_train\triplets\00682_pos_64.npy,data/hcr_train\triplets\00682_pos_128.npy,data/hcr_train\triplets\00682_neg_64.npy,data/hcr_train\triplets\00682_neg_128.npy,0.9627,0.9308,0.54,72.5,729.5,943.8
683,156,Easy,dram_1x,data/hcr_train\triplets\00683_ref_64.npy,data/hcr_train\triplets\00683_ref_128.npy,data/hcr_train\triplets\00683_pos_64.npy,data/hcr_train\triplets\00683_pos_128.npy,data/hcr_train\triplets\00683_neg_64.npy,data/hcr_train\triplets\00683_neg_128.npy,0.9627,0.8992,0.54,71.5,729.5,943.8
684,156,Easy,dram_1x,data/hcr_train\triplets\00684_ref_64.npy,data/hcr_train\triplets\00684_ref_128.npy,data/hcr_train\triplets\00684_pos_64.npy,data/hcr_train\triplets\00684_pos_128.npy,data/hcr_train\triplets\00684_neg_64.npy,data/hcr_train\triplets\00684_neg_128.npy,0.9627,0.8728,0.54,866.3,729.5,943.8
685,157,Medium,dram_dense,data/hcr_train\triplets\00685_ref_64.npy,data/hcr_train\triplets\00685_ref_128.npy,data/hcr_train\triplets\00685_pos_64.npy,data/hcr_train\triplets\00685_pos_128.npy,data/hcr_train\triplets\00685_neg_64.npy,data/hcr_train\triplets\00685_neg_128.npy,0.9173,0.8458,0.1,32.0,890.9,93.0
686,157,Medium,dram_dense,data/hcr_train\triplets\00686_ref_64.npy,data/hcr_train\triplets\00686_ref_128.npy,data/hcr_train\triplets\00686_pos_64.npy,data/hcr_train\triplets\00686_pos_128.npy,data/hcr_train\triplets\00686_neg_64.npy,data/hcr_train\triplets\00686_neg_128.npy,0.9173,0.8118,0.1,32.0,890.9,93.0
687,157,Medium,dram_dense,data/hcr_train\triplets\00687_ref_64.npy,data/hcr_train\triplets\00687_ref_128.npy,data/hcr_train\triplets\00687_pos_64.npy,data/hcr_train\triplets\00687_pos_128.npy,data/hcr_train\triplets\00687_neg_64.npy,data/hcr_train\triplets\00687_neg_128.npy,0.9173,0.8113,0.1,64.0,890.9,93.0
688,157,Medium,dram_dense,data/hcr_train\triplets\00688_ref_64.npy,data/hcr_train\triplets\00688_ref_128.npy,data/hcr_train\triplets\00688_pos_64.npy,data/hcr_train\triplets\00688_pos_128.npy,data/hcr_train\triplets\00688_neg_64.npy,data/hcr_train\triplets\00688_neg_128.npy,0.9173,0.8039,0.1,80.0,890.9,93.0
689,157,Medium,dram_dense,data/hcr_train\triplets\00689_ref_64.npy,data/hcr_train\triplets\00689_ref_128.npy,data/hcr_train\triplets\00689_pos_64.npy,data/hcr_train\triplets\00689_pos_128.npy,data/hcr_train\triplets\00689_neg_64.npy,data/hcr_train\triplets\00689_neg_128.npy,0.9173,0.8016,0.1,48.0,890.9,93.0
690,158,Hard,finfet_10nm,data/hcr_train\triplets\00690_ref_64.npy,data/hcr_train\triplets\00690_ref_128.npy,data/hcr_train\triplets\00690_pos_64.npy,data/hcr_train\triplets\00690_pos_128.npy,data/hcr_train\triplets\00690_neg_64.npy,data/hcr_train\triplets\00690_neg_128.npy,0.7135,0.7043,2.0,22.0,103.0,836.1
691,158,Hard,finfet_10nm,data/hcr_train\triplets\00691_ref_64.npy,data/hcr_train\triplets\00691_ref_128.npy,data/hcr_train\triplets\00691_pos_64.npy,data/hcr_train\triplets\00691_pos_128.npy,data/hcr_train\triplets\00691_neg_64.npy,data/hcr_train\triplets\00691_neg_128.npy,0.7135,0.7007,2.0,26.0,103.0,836.1
692,158,Hard,finfet_10nm,data/hcr_train\triplets\00692_ref_64.npy,data/hcr_train\triplets\00692_ref_128.npy,data/hcr_train\triplets\00692_pos_64.npy,data/hcr_train\triplets\00692_pos_128.npy,data/hcr_train\triplets\00692_neg_64.npy,data/hcr_train\triplets\00692_neg_128.npy,0.7135,0.6919,2.0,46.0,103.0,836.1
693,158,Hard,finfet_10nm,data/hcr_train\triplets\00693_ref_64.npy,data/hcr_train\triplets\00693_ref_128.npy,data/hcr_train\triplets\00693_pos_64.npy,data/hcr_train\triplets\00693_pos_128.npy,data/hcr_train\triplets\00693_neg_64.npy,data/hcr_train\triplets\00693_neg_128.npy,0.7135,0.6894,2.0,50.0,103.0,836.1
694,158,Hard,finfet_10nm,data/hcr_train\triplets\00694_ref_64.npy,data/hcr_train\triplets\00694_ref_128.npy,data/hcr_train\triplets\00694_pos_64.npy,data/hcr_train\triplets\00694_pos_128.npy,data/hcr_train\triplets\00694_neg_64.npy,data/hcr_train\triplets\00694_neg_128.npy,0.7135,0.6861,2.0,94.0,103.0,836.1
695,159,Adversarial,finfet_7nm,data/hcr_train\triplets\00695_ref_64.npy,data/hcr_train\triplets\00695_ref_128.npy,data/hcr_train\triplets\00695_pos_64.npy,data/hcr_train\triplets\00695_pos_128.npy,data/hcr_train\triplets\00695_neg_64.npy,data/hcr_train\triplets\00695_neg_128.npy,0.4519,0.395,0.72,29.61,543.6,150.6
696,159,Adversarial,finfet_7nm,data/hcr_train\triplets\00696_ref_64.npy,data/hcr_train\triplets\00696_ref_128.npy,data/hcr_train\triplets\00696_pos_64.npy,data/hcr_train\triplets\00696_pos_128.npy,data/hcr_train\triplets\00696_neg_64.npy,data/hcr_train\triplets\00696_neg_128.npy,0.4519,0.3766,0.72,30.44,543.6,150.6
697,159,Adversarial,finfet_7nm,data/hcr_train\triplets\00697_ref_64.npy,data/hcr_train\triplets\00697_ref_128.npy,data/hcr_train\triplets\00697_pos_64.npy,data/hcr_train\triplets\00697_pos_128.npy,data/hcr_train\triplets\00697_neg_64.npy,data/hcr_train\triplets\00697_neg_128.npy,0.4519,0.364,0.72,16.94,543.6,150.6
698,159,Adversarial,finfet_7nm,data/hcr_train\triplets\00698_ref_64.npy,data/hcr_train\triplets\00698_ref_128.npy,data/hcr_train\triplets\00698_pos_64.npy,data/hcr_train\triplets\00698_pos_128.npy,data/hcr_train\triplets\00698_neg_64.npy,data/hcr_train\triplets\00698_neg_128.npy,0.4519,0.3533,0.72,18.15,543.6,150.6
699,159,Adversarial,finfet_7nm,data/hcr_train\triplets\00699_ref_64.npy,data/hcr_train\triplets\00699_ref_128.npy,data/hcr_train\triplets\00699_pos_64.npy,data/hcr_train\triplets\00699_pos_128.npy,data/hcr_train\triplets\00699_neg_64.npy,data/hcr_train\triplets\00699_neg_128.npy,0.4519,0.3449,0.72,46.21,543.6,150.6
700,161,Medium,dram_dense,data/hcr_train\triplets\00700_ref_64.npy,data/hcr_train\triplets\00700_ref_128.npy,data/hcr_train\triplets\00700_pos_64.npy,data/hcr_train\triplets\00700_pos_128.npy,data/hcr_train\triplets\00700_neg_64.npy,data/hcr_train\triplets\00700_neg_128.npy,0.8003,0.8222,1.24,13.8,345.2,540.3
701,161,Medium,dram_dense,data/hcr_train\triplets\00701_ref_64.npy,data/hcr_train\triplets\00701_ref_128.npy,data/hcr_train\triplets\00701_pos_64.npy,data/hcr_train\triplets\00701_pos_128.npy,data/hcr_train\triplets\00701_neg_64.npy,data/hcr_train\triplets\00701_neg_128.npy,0.8003,0.8205,1.24,27.8,345.2,540.3
702,161,Medium,dram_dense,data/hcr_train\triplets\00702_ref_64.npy,data/hcr_train\triplets\00702_ref_128.npy,data/hcr_train\triplets\00702_pos_64.npy,data/hcr_train\triplets\00702_pos_128.npy,data/hcr_train\triplets\00702_neg_64.npy,data/hcr_train\triplets\00702_neg_128.npy,0.8003,0.8131,1.24,56.8,345.2,540.3
703,161,Medium,dram_dense,data/hcr_train\triplets\00703_ref_64.npy,data/hcr_train\triplets\00703_ref_128.npy,data/hcr_train\triplets\00703_pos_64.npy,data/hcr_train\triplets\00703_pos_128.npy,data/hcr_train\triplets\00703_neg_64.npy,data/hcr_train\triplets\00703_neg_128.npy,0.8003,0.8105,1.24,99.8,345.2,540.3
704,161,Medium,dram_dense,data/hcr_train\triplets\00704_ref_64.npy,data/hcr_train\triplets\00704_ref_128.npy,data/hcr_train\triplets\00704_pos_64.npy,data/hcr_train\triplets\00704_pos_128.npy,data/hcr_train\triplets\00704_neg_64.npy,data/hcr_train\triplets\00704_neg_128.npy,0.8003,0.808,1.24,70.8,345.2,540.3
705,162,Hard,finfet_10nm,data/hcr_train\triplets\00705_ref_64.npy,data/hcr_train\triplets\00705_ref_128.npy,data/hcr_train\triplets\00705_pos_64.npy,data/hcr_train\triplets\00705_pos_128.npy,data/hcr_train\triplets\00705_neg_64.npy,data/hcr_train\triplets\00705_neg_128.npy,0.7594,0.7664,2.04,51.64,667.0,757.6
706,162,Hard,finfet_10nm,data/hcr_train\triplets\00706_ref_64.npy,data/hcr_train\triplets\00706_ref_128.npy,data/hcr_train\triplets\00706_pos_64.npy,data/hcr_train\triplets\00706_pos_128.npy,data/hcr_train\triplets\00706_neg_64.npy,data/hcr_train\triplets\00706_neg_128.npy,0.7594,0.7593,2.04,59.69,667.0,757.6
707,162,Hard,finfet_10nm,data/hcr_train\triplets\00707_ref_64.npy,data/hcr_train\triplets\00707_ref_128.npy,data/hcr_train\triplets\00707_pos_64.npy,data/hcr_train\triplets\00707_pos_128.npy,data/hcr_train\triplets\00707_neg_64.npy,data/hcr_train\triplets\00707_neg_128.npy,0.7594,0.7545,2.04,57.78,667.0,757.6
708,162,Hard,finfet_10nm,data/hcr_train\triplets\00708_ref_64.npy,data/hcr_train\triplets\00708_ref_128.npy,data/hcr_train\triplets\00708_pos_64.npy,data/hcr_train\triplets\00708_pos_128.npy,data/hcr_train\triplets\00708_neg_64.npy,data/hcr_train\triplets\00708_neg_128.npy,0.7594,0.7512,2.04,30.0,667.0,757.6
709,162,Hard,finfet_10nm,data/hcr_train\triplets\00709_ref_64.npy,data/hcr_train\triplets\00709_ref_128.npy,data/hcr_train\triplets\00709_pos_64.npy,data/hcr_train\triplets\00709_pos_128.npy,data/hcr_train\triplets\00709_neg_64.npy,data/hcr_train\triplets\00709_neg_128.npy,0.7594,0.7509,2.04,26.0,667.0,757.6
710,164,Easy,dram_1x,data/hcr_train\triplets\00710_ref_64.npy,data/hcr_train\triplets\00710_ref_128.npy,data/hcr_train\triplets\00710_pos_64.npy,data/hcr_train\triplets\00710_pos_128.npy,data/hcr_train\triplets\00710_neg_64.npy,data/hcr_train\triplets\00710_neg_128.npy,0.9347,0.815,0.41,14.4,877.1,234.4
711,164,Easy,dram_1x,data/hcr_train\triplets\00711_ref_64.npy,data/hcr_train\triplets\00711_ref_128.npy,data/hcr_train\triplets\00711_pos_64.npy,data/hcr_train\triplets\00711_pos_128.npy,data/hcr_train\triplets\00711_neg_64.npy,data/hcr_train\triplets\00711_neg_128.npy,0.9347,0.7713,0.41,159.4,877.1,234.4
712,164,Easy,dram_1x,data/hcr_train\triplets\00712_ref_64.npy,data/hcr_train\triplets\00712_ref_128.npy,data/hcr_train\triplets\00712_pos_64.npy,data/hcr_train\triplets\00712_pos_128.npy,data/hcr_train\triplets\00712_neg_64.npy,data/hcr_train\triplets\00712_neg_128.npy,0.9347,0.7408,0.41,14.6,877.1,234.4
713,164,Easy,dram_1x,data/hcr_train\triplets\00713_ref_64.npy,data/hcr_train\triplets\00713_ref_128.npy,data/hcr_train\triplets\00713_pos_64.npy,data/hcr_train\triplets\00713_pos_128.npy,data/hcr_train\triplets\00713_neg_64.npy,data/hcr_train\triplets\00713_neg_128.npy,0.9347,0.7394,0.41,144.4,877.1,234.4
714,164,Easy,dram_1x,data/hcr_train\triplets\00714_ref_64.npy,data/hcr_train\triplets\00714_ref_128.npy,data/hcr_train\triplets\00714_pos_64.npy,data/hcr_train\triplets\00714_pos_128.npy,data/hcr_train\triplets\00714_neg_64.npy,data/hcr_train\triplets\00714_neg_128.npy,0.9347,0.7371,0.41,65.4,877.1,234.4
715,165,Medium,dram_dense,data/hcr_train\triplets\00715_ref_64.npy,data/hcr_train\triplets\00715_ref_128.npy,data/hcr_train\triplets\00715_pos_64.npy,data/hcr_train\triplets\00715_pos_128.npy,data/hcr_train\triplets\00715_neg_64.npy,data/hcr_train\triplets\00715_neg_128.npy,0.8372,0.8385,0.41,57.6,849.1,116.6
716,165,Medium,dram_dense,data/hcr_train\triplets\00716_ref_64.npy,data/hcr_train\triplets\00716_ref_128.npy,data/hcr_train\triplets\00716_pos_64.npy,data/hcr_train\triplets\00716_pos_128.npy,data/hcr_train\triplets\00716_neg_64.npy,data/hcr_train\triplets\00716_neg_128.npy,0.8372,0.8197,0.41,28.6,849.1,116.6
717,165,Medium,dram_dense,data/hcr_train\triplets\00717_ref_64.npy,data/hcr_train\triplets\00717_ref_128.npy,data/hcr_train\triplets\00717_pos_64.npy,data/hcr_train\triplets\00717_pos_128.npy,data/hcr_train\triplets\00717_neg_64.npy,data/hcr_train\triplets\00717_neg_128.npy,0.8372,0.812,0.41,14.4,849.1,116.6
718,165,Medium,dram_dense,data/hcr_train\triplets\00718_ref_64.npy,data/hcr_train\triplets\00718_ref_128.npy,data/hcr_train\triplets\00718_pos_64.npy,data/hcr_train\triplets\00718_pos_128.npy,data/hcr_train\triplets\00718_neg_64.npy,data/hcr_train\triplets\00718_neg_128.npy,0.8372,0.8066,0.41,14.6,849.1,116.6
719,165,Medium,dram_dense,data/hcr_train\triplets\00719_ref_64.npy,data/hcr_train\triplets\00719_ref_128.npy,data/hcr_train\triplets\00719_pos_64.npy,data/hcr_train\triplets\00719_pos_128.npy,data/hcr_train\triplets\00719_neg_64.npy,data/hcr_train\triplets\00719_neg_128.npy,0.8372,0.8057,0.41,86.4,849.1,116.6
720,166,Hard,finfet_10nm,data/hcr_train\triplets\00720_ref_64.npy,data/hcr_train\triplets\00720_ref_128.npy,data/hcr_train\triplets\00720_pos_64.npy,data/hcr_train\triplets\00720_pos_128.npy,data/hcr_train\triplets\00720_neg_64.npy,data/hcr_train\triplets\00720_neg_128.npy,0.6225,0.6128,0.45,96.4,738.4,268.2
721,166,Hard,finfet_10nm,data/hcr_train\triplets\00721_ref_64.npy,data/hcr_train\triplets\00721_ref_128.npy,data/hcr_train\triplets\00721_pos_64.npy,data/hcr_train\triplets\00721_pos_128.npy,data/hcr_train\triplets\00721_neg_64.npy,data/hcr_train\triplets\00721_neg_128.npy,0.6225,0.6122,0.45,23.6,738.4,268.2
722,166,Hard,finfet_10nm,data/hcr_train\triplets\00722_ref_64.npy,data/hcr_train\triplets\00722_ref_128.npy,data/hcr_train\triplets\00722_pos_64.npy,data/hcr_train\triplets\00722_pos_128.npy,data/hcr_train\triplets\00722_neg_64.npy,data/hcr_train\triplets\00722_neg_128.npy,0.6225,0.6109,0.45,72.4,738.4,268.2
723,166,Hard,finfet_10nm,data/hcr_train\triplets\00723_ref_64.npy,data/hcr_train\triplets\00723_ref_128.npy,data/hcr_train\triplets\00723_pos_64.npy,data/hcr_train\triplets\00723_pos_128.npy,data/hcr_train\triplets\00723_neg_64.npy,data/hcr_train\triplets\00723_neg_128.npy,0.6225,0.6109,0.45,24.4,738.4,268.2
724,166,Hard,finfet_10nm,data/hcr_train\triplets\00724_ref_64.npy,data/hcr_train\triplets\00724_ref_128.npy,data/hcr_train\triplets\00724_pos_64.npy,data/hcr_train\triplets\00724_pos_128.npy,data/hcr_train\triplets\00724_neg_64.npy,data/hcr_train\triplets\00724_neg_128.npy,0.6225,0.6084,0.45,47.6,738.4,268.2
725,167,Adversarial,finfet_7nm,data/hcr_train\triplets\00725_ref_64.npy,data/hcr_train\triplets\00725_ref_128.npy,data/hcr_train\triplets\00725_pos_64.npy,data/hcr_train\triplets\00725_pos_128.npy,data/hcr_train\triplets\00725_neg_64.npy,data/hcr_train\triplets\00725_neg_128.npy,0.3569,0.3955,1.36,59.64,243.3,380.4
726,167,Adversarial,finfet_7nm,data/hcr_train\triplets\00726_ref_64.npy,data/hcr_train\triplets\00726_ref_128.npy,data/hcr_train\triplets\00726_pos_64.npy,data/hcr_train\triplets\00726_pos_128.npy,data/hcr_train\triplets\00726_neg_64.npy,data/hcr_train\triplets\00726_neg_128.npy,0.3569,0.3815,1.36,594.48,243.3,380.4
727,167,Adversarial,finfet_7nm,data/hcr_train\triplets\00727_ref_64.npy,data/hcr_train\triplets\00727_ref_128.npy,data/hcr_train\triplets\00727_pos_64.npy,data/hcr_train\triplets\00727_pos_128.npy,data/hcr_train\triplets\00727_neg_64.npy,data/hcr_train\triplets\00727_neg_128.npy,0.3569,0.3752,1.36,585.06,243.3,380.4
728,167,Adversarial,finfet_7nm,data/hcr_train\triplets\00728_ref_64.npy,data/hcr_train\triplets\00728_ref_128.npy,data/hcr_train\triplets\00728_pos_64.npy,data/hcr_train\triplets\00728_pos_128.npy,data/hcr_train\triplets\00728_neg_64.npy,data/hcr_train\triplets\00728_neg_128.npy,0.3569,0.3748,1.36,583.3,243.3,380.4
729,167,Adversarial,finfet_7nm,data/hcr_train\triplets\00729_ref_64.npy,data/hcr_train\triplets\00729_ref_128.npy,data/hcr_train\triplets\00729_pos_64.npy,data/hcr_train\triplets\00729_pos_128.npy,data/hcr_train\triplets\00729_neg_64.npy,data/hcr_train\triplets\00729_neg_128.npy,0.3569,0.3737,1.36,626.56,243.3,380.4
730,168,Easy,dram_1x,data/hcr_train\triplets\00730_ref_64.npy,data/hcr_train\triplets\00730_ref_128.npy,data/hcr_train\triplets\00730_pos_64.npy,data/hcr_train\triplets\00730_pos_128.npy,data/hcr_train\triplets\00730_neg_64.npy,data/hcr_train\triplets\00730_neg_128.npy,0.9459,0.9394,0.2,86.8,707.2,51.0
731,168,Easy,dram_1x,data/hcr_train\triplets\00731_ref_64.npy,data/hcr_train\triplets\00731_ref_128.npy,data/hcr_train\triplets\00731_pos_64.npy,data/hcr_train\triplets\00731_pos_128.npy,data/hcr_train\triplets\00731_neg_64.npy,data/hcr_train\triplets\00731_neg_128.npy,0.9459,0.9352,0.2,21.8,707.2,51.0
732,168,Easy,dram_1x,data/hcr_train\triplets\00732_ref_64.npy,data/hcr_train\triplets\00732_ref_128.npy,data/hcr_train\triplets\00732_pos_64.npy,data/hcr_train\triplets\00732_pos_128.npy,data/hcr_train\triplets\00732_neg_64.npy,data/hcr_train\triplets\00732_neg_128.npy,0.9459,0.9331,0.2,64.8,707.2,51.0
733,168,Easy,dram_1x,data/hcr_train\triplets\00733_ref_64.npy,data/hcr_train\triplets\00733_ref_128.npy,data/hcr_train\triplets\00733_pos_64.npy,data/hcr_train\triplets\00733_pos_128.npy,data/hcr_train\triplets\00733_neg_64.npy,data/hcr_train\triplets\00733_neg_128.npy,0.9459,0.9318,0.2,65.2,707.2,51.0
734,168,Easy,dram_1x,data/hcr_train\triplets\00734_ref_64.npy,data/hcr_train\triplets\00734_ref_128.npy,data/hcr_train\triplets\00734_pos_64.npy,data/hcr_train\triplets\00734_pos_128.npy,data/hcr_train\triplets\00734_neg_64.npy,data/hcr_train\triplets\00734_neg_128.npy,0.9459,0.9245,0.2,43.2,707.2,51.0
735,172,Easy,dram_1x,data/hcr_train\triplets\00735_ref_64.npy,data/hcr_train\triplets\00735_ref_128.npy,data/hcr_train\triplets\00735_pos_64.npy,data/hcr_train\triplets\00735_pos_128.npy,data/hcr_train\triplets\00735_neg_64.npy,data/hcr_train\triplets\00735_neg_128.npy,0.9372,0.9373,0.2,22.0,377.0,601.8
736,172,Easy,dram_1x,data/hcr_train\triplets\00736_ref_64.npy,data/hcr_train\triplets\00736_ref_128.npy,data/hcr_train\triplets\00736_pos_64.npy,data/hcr_train\triplets\00736_pos_128.npy,data/hcr_train\triplets\00736_neg_64.npy,data/hcr_train\triplets\00736_neg_128.npy,0.9372,0.9154,0.2,22.0,377.0,601.8
737,172,Easy,dram_1x,data/hcr_train\triplets\00737_ref_64.npy,data/hcr_train\triplets\00737_ref_128.npy,data/hcr_train\triplets\00737_pos_64.npy,data/hcr_train\triplets\00737_pos_128.npy,data/hcr_train\triplets\00737_neg_64.npy,data/hcr_train\triplets\00737_neg_128.npy,0.9372,0.9101,0.2,44.0,377.0,601.8
738,172,Easy,dram_1x,data/hcr_train\triplets\00738_ref_64.npy,data/hcr_train\triplets\00738_ref_128.npy,data/hcr_train\triplets\00738_pos_64.npy,data/hcr_train\triplets\00738_pos_128.npy,data/hcr_train\triplets\00738_neg_64.npy,data/hcr_train\triplets\00738_neg_128.npy,0.9372,0.9048,0.2,65.0,377.0,601.8
739,172,Easy,dram_1x,data/hcr_train\triplets\00739_ref_64.npy,data/hcr_train\triplets\00739_ref_128.npy,data/hcr_train\triplets\00739_pos_64.npy,data/hcr_train\triplets\00739_pos_128.npy,data/hcr_train\triplets\00739_neg_64.npy,data/hcr_train\triplets\00739_neg_128.npy,0.9372,0.8888,0.2,87.0,377.0,601.8
740,173,Medium,dram_dense,data/hcr_train\triplets\00740_ref_64.npy,data/hcr_train\triplets\00740_ref_128.npy,data/hcr_train\triplets\00740_pos_64.npy,data/hcr_train\triplets\00740_pos_128.npy,data/hcr_train\triplets\00740_neg_64.npy,data/hcr_train\triplets\00740_neg_128.npy,0.8233,0.8173,1.12,59.0,116.0,849.5
741,173,Medium,dram_dense,data/hcr_train\triplets\00741_ref_64.npy,data/hcr_train\triplets\00741_ref_128.npy,data/hcr_train\triplets\00741_pos_64.npy,data/hcr_train\triplets\00741_pos_128.npy,data/hcr_train\triplets\00741_neg_64.npy,data/hcr_train\triplets\00741_neg_128.npy,0.8233,0.8098,1.12,57.0,116.0,849.5
742,173,Medium,dram_dense,data/hcr_train\triplets\00742_ref_64.npy,data/hcr_train\triplets\00742_ref_128.npy,data/hcr_train\triplets\00742_pos_64.npy,data/hcr_train\triplets\00742_pos_128.npy,data/hcr_train\triplets\00742_neg_64.npy,data/hcr_train\triplets\00742_neg_128.npy,0.8233,0.7756,1.12,30.0,116.0,849.5
743,173,Medium,dram_dense,data/hcr_train\triplets\00743_ref_64.npy,data/hcr_train\triplets\00743_ref_128.npy,data/hcr_train\triplets\00743_pos_64.npy,data/hcr_train\triplets\00743_pos_128.npy,data/hcr_train\triplets\00743_neg_64.npy,data/hcr_train\triplets\00743_neg_128.npy,0.8233,0.7699,1.12,28.0,116.0,849.5
744,173,Medium,dram_dense,data/hcr_train\triplets\00744_ref_64.npy,data/hcr_train\triplets\00744_ref_128.npy,data/hcr_train\triplets\00744_pos_64.npy,data/hcr_train\triplets\00744_pos_128.npy,data/hcr_train\triplets\00744_neg_64.npy,data/hcr_train\triplets\00744_neg_128.npy,0.8233,0.7455,1.12,86.0,116.0,849.5
745,176,Easy,dram_1x,data/hcr_train\triplets\00745_ref_64.npy,data/hcr_train\triplets\00745_ref_128.npy,data/hcr_train\triplets\00745_pos_64.npy,data/hcr_train\triplets\00745_pos_128.npy,data/hcr_train\triplets\00745_neg_64.npy,data/hcr_train\triplets\00745_neg_128.npy,0.9377,0.7831,0.32,18.3,927.7,546.1
746,176,Easy,dram_1x,data/hcr_train\triplets\00746_ref_64.npy,data/hcr_train\triplets\00746_ref_128.npy,data/hcr_train\triplets\00746_pos_64.npy,data/hcr_train\triplets\00746_pos_128.npy,data/hcr_train\triplets\00746_neg_64.npy,data/hcr_train\triplets\00746_neg_128.npy,0.9377,0.7013,0.32,18.7,927.7,546.1
747,176,Easy,dram_1x,data/hcr_train\triplets\00747_ref_64.npy,data/hcr_train\triplets\00747_ref_128.npy,data/hcr_train\triplets\00747_pos_64.npy,data/hcr_train\triplets\00747_pos_128.npy,data/hcr_train\triplets\00747_neg_64.npy,data/hcr_train\triplets\00747_neg_128.npy,0.9377,0.6956,0.32,605.82,927.7,546.1
748,176,Easy,dram_1x,data/hcr_train\triplets\00748_ref_64.npy,data/hcr_train\triplets\00748_ref_128.npy,data/hcr_train\triplets\00748_pos_64.npy,data/hcr_train\triplets\00748_pos_128.npy,data/hcr_train\triplets\00748_neg_64.npy,data/hcr_train\triplets\00748_neg_128.npy,0.9377,0.6896,0.32,574.86,927.7,546.1
749,176,Easy,dram_1x,data/hcr_train\triplets\00749_ref_64.npy,data/hcr_train\triplets\00749_ref_128.npy,data/hcr_train\triplets\00749_pos_64.npy,data/hcr_train\triplets\00749_pos_128.npy,data/hcr_train\triplets\00749_neg_64.npy,data/hcr_train\triplets\00749_neg_128.npy,0.9377,0.6891,0.32,544.52,927.7,546.1
750,177,Medium,dram_dense,data/hcr_train\triplets\00750_ref_64.npy,data/hcr_train\triplets\00750_ref_128.npy,data/hcr_train\triplets\00750_pos_64.npy,data/hcr_train\triplets\00750_pos_128.npy,data/hcr_train\triplets\00750_neg_64.npy,data/hcr_train\triplets\00750_neg_128.npy,0.9012,0.888,1.3,113.7,53.3,801.1
751,177,Medium,dram_dense,data/hcr_train\triplets\00751_ref_64.npy,data/hcr_train\triplets\00751_ref_128.npy,data/hcr_train\triplets\00751_pos_64.npy,data/hcr_train\triplets\00751_pos_128.npy,data/hcr_train\triplets\00751_neg_64.npy,data/hcr_train\triplets\00751_neg_128.npy,0.9012,0.8831,1.3,142.7,53.3,801.1
752,177,Medium,dram_dense,data/hcr_train\triplets\00752_ref_64.npy,data/hcr_train\triplets\00752_ref_128.npy,data/hcr_train\triplets\00752_pos_64.npy,data/hcr_train\triplets\00752_pos_128.npy,data/hcr_train\triplets\00752_neg_64.npy,data/hcr_train\triplets\00752_neg_128.npy,0.9012,0.8829,1.3,27.7,53.3,801.1
753,177,Medium,dram_dense,data/hcr_train\triplets\00753_ref_64.npy,data/hcr_train\triplets\00753_ref_128.npy,data/hcr_train\triplets\00753_pos_64.npy,data/hcr_train\triplets\00753_pos_128.npy,data/hcr_train\triplets\00753_neg_64.npy,data/hcr_train\triplets\00753_neg_128.npy,0.9012,0.8709,1.3,84.7,53.3,801.1
754,177,Medium,dram_dense,data/hcr_train\triplets\00754_ref_64.npy,data/hcr_train\triplets\00754_ref_128.npy,data/hcr_train\triplets\00754_pos_64.npy,data/hcr_train\triplets\00754_pos_128.npy,data/hcr_train\triplets\00754_neg_64.npy,data/hcr_train\triplets\00754_neg_128.npy,0.9012,0.8553,1.3,56.7,53.3,801.1
755,179,Adversarial,finfet_7nm,data/hcr_train\triplets\00755_ref_64.npy,data/hcr_train\triplets\00755_ref_128.npy,data/hcr_train\triplets\00755_pos_64.npy,data/hcr_train\triplets\00755_pos_128.npy,data/hcr_train\triplets\00755_neg_64.npy,data/hcr_train\triplets\00755_neg_128.npy,0.4231,0.3588,1.7,90.12,869.7,441.1
756,179,Adversarial,finfet_7nm,data/hcr_train\triplets\00756_ref_64.npy,data/hcr_train\triplets\00756_ref_128.npy,data/hcr_train\triplets\00756_pos_64.npy,data/hcr_train\triplets\00756_pos_128.npy,data/hcr_train\triplets\00756_neg_64.npy,data/hcr_train\triplets\00756_neg_128.npy,0.4231,0.3361,1.7,640.35,869.7,441.1
757,179,Adversarial,finfet_7nm,data/hcr_train\triplets\00757_ref_64.npy,data/hcr_train\triplets\00757_ref_128.npy,data/hcr_train\triplets\00757_pos_64.npy,data/hcr_train\triplets\00757_pos_128.npy,data/hcr_train\triplets\00757_neg_64.npy,data/hcr_train\triplets\00757_neg_128.npy,0.4231,0.33,1.7,672.93,869.7,441.1
758,179,Adversarial,finfet_7nm,data/hcr_train\triplets\00758_ref_64.npy,data/hcr_train\triplets\00758_ref_128.npy,data/hcr_train\triplets\00758_pos_64.npy,data/hcr_train\triplets\00758_pos_128.npy,data/hcr_train\triplets\00758_neg_64.npy,data/hcr_train\triplets\00758_neg_128.npy,0.4231,0.3271,1.7,655.85,869.7,441.1
759,179,Adversarial,finfet_7nm,data/hcr_train\triplets\00759_ref_64.npy,data/hcr_train\triplets\00759_ref_128.npy,data/hcr_train\triplets\00759_pos_64.npy,data/hcr_train\triplets\00759_pos_128.npy,data/hcr_train\triplets\00759_neg_64.npy,data/hcr_train\triplets\00759_neg_128.npy,0.4231,0.3032,1.7,673.46,869.7,441.1
760,180,Easy,dram_1x,data/hcr_train\triplets\00760_ref_64.npy,data/hcr_train\triplets\00760_ref_128.npy,data/hcr_train\triplets\00760_pos_64.npy,data/hcr_train\triplets\00760_pos_128.npy,data/hcr_train\triplets\00760_neg_64.npy,data/hcr_train\triplets\00760_neg_128.npy,0.8913,0.915,0.41,31.89,742.9,726.6
761,180,Easy,dram_1x,data/hcr_train\triplets\00761_ref_64.npy,data/hcr_train\triplets\00761_ref_128.npy,data/hcr_train\triplets\00761_pos_64.npy,data/hcr_train\triplets\00761_pos_128.npy,data/hcr_train\triplets\00761_neg_64.npy,data/hcr_train\triplets\00761_neg_128.npy,0.8913,0.909,0.41,47.58,742.9,726.6
762,180,Easy,dram_1x,data/hcr_train\triplets\00762_ref_64.npy,data/hcr_train\triplets\00762_ref_128.npy,data/hcr_train\triplets\00762_pos_64.npy,data/hcr_train\triplets\00762_pos_128.npy,data/hcr_train\triplets\00762_neg_64.npy,data/hcr_train\triplets\00762_neg_128.npy,0.8913,0.9086,0.41,648.71,742.9,726.6
763,180,Easy,dram_1x,data/hcr_train\triplets\00763_ref_64.npy,data/hcr_train\triplets\00763_ref_128.npy,data/hcr_train\triplets\00763_pos_64.npy,data/hcr_train\triplets\00763_pos_128.npy,data/hcr_train\triplets\00763_neg_64.npy,data/hcr_train\triplets\00763_neg_128.npy,0.8913,0.8995,0.41,63.91,742.9,726.6
764,180,Easy,dram_1x,data/hcr_train\triplets\00764_ref_64.npy,data/hcr_train\triplets\00764_ref_128.npy,data/hcr_train\triplets\00764_pos_64.npy,data/hcr_train\triplets\00764_pos_128.npy,data/hcr_train\triplets\00764_neg_64.npy,data/hcr_train\triplets\00764_neg_128.npy,0.8913,0.897,0.41,28.1,742.9,726.6
765,181,Medium,dram_dense,data/hcr_train\triplets\00765_ref_64.npy,data/hcr_train\triplets\00765_ref_128.npy,data/hcr_train\triplets\00765_pos_64.npy,data/hcr_train\triplets\00765_pos_128.npy,data/hcr_train\triplets\00765_neg_64.npy,data/hcr_train\triplets\00765_neg_128.npy,0.9092,0.8357,1.22,17.8,110.2,861.8
766,181,Medium,dram_dense,data/hcr_train\triplets\00766_ref_64.npy,data/hcr_train\triplets\00766_ref_128.npy,data/hcr_train\triplets\00766_pos_64.npy,data/hcr_train\triplets\00766_pos_128.npy,data/hcr_train\triplets\00766_neg_64.npy,data/hcr_train\triplets\00766_neg_128.npy,0.9092,0.8161,1.22,20.2,110.2,861.8
767,181,Medium,dram_dense,data/hcr_train\triplets\00767_ref_64.npy,data/hcr_train\triplets\00767_ref_128.npy,data/hcr_train\triplets\00767_pos_64.npy,data/hcr_train\triplets\00767_pos_128.npy,data/hcr_train\triplets\00767_neg_64.npy,data/hcr_train\triplets\00767_neg_128.npy,0.9092,0.8061,1.22,35.8,110.2,861.8
768,181,Medium,dram_dense,data/hcr_train\triplets\00768_ref_64.npy,data/hcr_train\triplets\00768_ref_128.npy,data/hcr_train\triplets\00768_pos_64.npy,data/hcr_train\triplets\00768_pos_128.npy,data/hcr_train\triplets\00768_neg_64.npy,data/hcr_train\triplets\00768_neg_128.npy,0.9092,0.7398,1.22,39.2,110.2,861.8
769,181,Medium,dram_dense,data/hcr_train\triplets\00769_ref_64.npy,data/hcr_train\triplets\00769_ref_128.npy,data/hcr_train\triplets\00769_pos_64.npy,data/hcr_train\triplets\00769_pos_128.npy,data/hcr_train\triplets\00769_neg_64.npy,data/hcr_train\triplets\00769_neg_128.npy,0.9092,0.7157,1.22,55.8,110.2,861.8
770,184,Easy,dram_1x,data/hcr_train\triplets\00770_ref_64.npy,data/hcr_train\triplets\00770_ref_128.npy,data/hcr_train\triplets\00770_pos_64.npy,data/hcr_train\triplets\00770_pos_128.npy,data/hcr_train\triplets\00770_neg_64.npy,data/hcr_train\triplets\00770_neg_128.npy,0.9235,0.9319,0.41,108.4,167.4,86.9
771,184,Easy,dram_1x,data/hcr_train\triplets\00771_ref_64.npy,data/hcr_train\triplets\00771_ref_128.npy,data/hcr_train\triplets\00771_pos_64.npy,data/hcr_train\triplets\00771_pos_128.npy,data/hcr_train\triplets\00771_neg_64.npy,data/hcr_train\triplets\00771_neg_128.npy,0.9235,0.9309,0.41,43.4,167.4,86.9
772,184,Easy,dram_1x,data/hcr_train\triplets\00772_ref_64.npy,data/hcr_train\triplets\00772_ref_128.npy,data/hcr_train\triplets\00772_pos_64.npy,data/hcr_train\triplets\00772_pos_128.npy,data/hcr_train\triplets\00772_neg_64.npy,data/hcr_train\triplets\00772_neg_128.npy,0.9235,0.9227,0.41,21.6,167.4,86.9
773,184,Easy,dram_1x,data/hcr_train\triplets\00773_ref_64.npy,data/hcr_train\triplets\00773_ref_128.npy,data/hcr_train\triplets\00773_pos_64.npy,data/hcr_train\triplets\00773_pos_128.npy,data/hcr_train\triplets\00773_neg_64.npy,data/hcr_train\triplets\00773_neg_128.npy,0.9235,0.9093,0.41,662.59,167.4,86.9
774,184,Easy,dram_1x,data/hcr_train\triplets\00774_ref_64.npy,data/hcr_train\triplets\00774_ref_128.npy,data/hcr_train\triplets\00774_pos_64.npy,data/hcr_train\triplets\00774_pos_128.npy,data/hcr_train\triplets\00774_neg_64.npy,data/hcr_train\triplets\00774_neg_128.npy,0.9235,0.9087,0.41,649.61,167.4,86.9
775,185,Medium,dram_dense,data/hcr_train\triplets\00775_ref_64.npy,data/hcr_train\triplets\00775_ref_128.npy,data/hcr_train\triplets\00775_pos_64.npy,data/hcr_train\triplets\00775_pos_128.npy,data/hcr_train\triplets\00775_neg_64.npy,data/hcr_train\triplets\00775_neg_128.npy,0.8272,0.8351,0.32,64.1,629.9,217.3
776,185,Medium,dram_dense,data/hcr_train\triplets\00776_ref_64.npy,data/hcr_train\triplets\00776_ref_128.npy,data/hcr_train\triplets\00776_pos_64.npy,data/hcr_train\triplets\00776_pos_128.npy,data/hcr_train\triplets\00776_neg_64.npy,data/hcr_train\triplets\00776_neg_128.npy,0.8272,0.8322,0.32,107.1,629.9,217.3
777,185,Medium,dram_dense,data/hcr_train\triplets\00777_ref_64.npy,data/hcr_train\triplets\00777_ref_128.npy,data/hcr_train\triplets\00777_pos_64.npy,data/hcr_train\triplets\00777_pos_128.npy,data/hcr_train\triplets\00777_neg_64.npy,data/hcr_train\triplets\00777_neg_128.npy,0.8272,0.8322,0.32,21.1,629.9,217.3
778,185,Medium,dram_dense,data/hcr_train\triplets\00778_ref_64.npy,data/hcr_train\triplets\00778_ref_128.npy,data/hcr_train\triplets\00778_pos_64.npy,data/hcr_train\triplets\00778_pos_128.npy,data/hcr_train\triplets\00778_neg_64.npy,data/hcr_train\triplets\00778_neg_128.npy,0.8272,0.8054,0.32,72.3,629.9,217.3
779,185,Medium,dram_dense,data/hcr_train\triplets\00779_ref_64.npy,data/hcr_train\triplets\00779_ref_128.npy,data/hcr_train\triplets\00779_pos_64.npy,data/hcr_train\triplets\00779_pos_128.npy,data/hcr_train\triplets\00779_neg_64.npy,data/hcr_train\triplets\00779_neg_128.npy,0.8272,0.7973,0.32,144.3,629.9,217.3
780,186,Hard,finfet_10nm,data/hcr_train\triplets\00780_ref_64.npy,data/hcr_train\triplets\00780_ref_128.npy,data/hcr_train\triplets\00780_pos_64.npy,data/hcr_train\triplets\00780_pos_128.npy,data/hcr_train\triplets\00780_neg_64.npy,data/hcr_train\triplets\00780_neg_128.npy,0.7111,0.6877,2.53,98.5,742.5,884.6
781,186,Hard,finfet_10nm,data/hcr_train\triplets\00781_ref_64.npy,data/hcr_train\triplets\00781_ref_128.npy,data/hcr_train\triplets\00781_pos_64.npy,data/hcr_train\triplets\00781_pos_128.npy,data/hcr_train\triplets\00781_neg_64.npy,data/hcr_train\triplets\00781_neg_128.npy,0.7111,0.6731,2.53,114.5,742.5,884.6
782,186,Hard,finfet_10nm,data/hcr_train\triplets\00782_ref_64.npy,data/hcr_train\triplets\00782_ref_128.npy,data/hcr_train\triplets\00782_pos_64.npy,data/hcr_train\triplets\00782_pos_128.npy,data/hcr_train\triplets\00782_neg_64.npy,data/hcr_train\triplets\00782_neg_128.npy,0.7111,0.6701,2.53,13.51,742.5,884.6
783,186,Hard,finfet_10nm,data/hcr_train\triplets\00783_ref_64.npy,data/hcr_train\triplets\00783_ref_128.npy,data/hcr_train\triplets\00783_pos_64.npy,data/hcr_train\triplets\00783_pos_128.npy,data/hcr_train\triplets\00783_neg_64.npy,data/hcr_train\triplets\00783_neg_128.npy,0.7111,0.6595,2.53,18.5,742.5,884.6
784,186,Hard,finfet_10nm,data/hcr_train\triplets\00784_ref_64.npy,data/hcr_train\triplets\00784_ref_128.npy,data/hcr_train\triplets\00784_pos_64.npy,data/hcr_train\triplets\00784_pos_128.npy,data/hcr_train\triplets\00784_neg_64.npy,data/hcr_train\triplets\00784_neg_128.npy,0.7111,0.646,2.53,82.5,742.5,884.6
785,187,Adversarial,finfet_7nm,data/hcr_train\triplets\00785_ref_64.npy,data/hcr_train\triplets\00785_ref_128.npy,data/hcr_train\triplets\00785_pos_64.npy,data/hcr_train\triplets\00785_pos_128.npy,data/hcr_train\triplets\00785_neg_64.npy,data/hcr_train\triplets\00785_neg_128.npy,0.3297,0.3297,7.51,55.5,718.5,259.6
786,187,Adversarial,finfet_7nm,data/hcr_train\triplets\00786_ref_64.npy,data/hcr_train\triplets\00786_ref_128.npy,data/hcr_train\triplets\00786_pos_64.npy,data/hcr_train\triplets\00786_pos_128.npy,data/hcr_train\triplets\00786_neg_64.npy,data/hcr_train\triplets\00786_neg_128.npy,0.3297,0.3287,7.51,41.5,718.5,259.6
787,187,Adversarial,finfet_7nm,data/hcr_train\triplets\00787_ref_64.npy,data/hcr_train\triplets\00787_ref_128.npy,data/hcr_train\triplets\00787_pos_64.npy,data/hcr_train\triplets\00787_pos_128.npy,data/hcr_train\triplets\00787_neg_64.npy,data/hcr_train\triplets\00787_neg_128.npy,0.3297,0.3236,7.51,89.5,718.5,259.6
788,187,Adversarial,finfet_7nm,data/hcr_train\triplets\00788_ref_64.npy,data/hcr_train\triplets\00788_ref_128.npy,data/hcr_train\triplets\00788_pos_64.npy,data/hcr_train\triplets\00788_pos_128.npy,data/hcr_train\triplets\00788_neg_64.npy,data/hcr_train\triplets\00788_neg_128.npy,0.3297,0.3035,7.51,38.5,718.5,259.6
789,187,Adversarial,finfet_7nm,data/hcr_train\triplets\00789_ref_64.npy,data/hcr_train\triplets\00789_ref_128.npy,data/hcr_train\triplets\00789_pos_64.npy,data/hcr_train\triplets\00789_pos_128.npy,data/hcr_train\triplets\00789_neg_64.npy,data/hcr_train\triplets\00789_neg_128.npy,0.3297,0.3013,7.51,11.51,718.5,259.6
790,188,Easy,dram_1x,data/hcr_train\triplets\00790_ref_64.npy,data/hcr_train\triplets\00790_ref_128.npy,data/hcr_train\triplets\00790_pos_64.npy,data/hcr_train\triplets\00790_pos_128.npy,data/hcr_train\triplets\00790_neg_64.npy,data/hcr_train\triplets\00790_neg_128.npy,0.9213,0.9119,0.32,58.1,123.1,864.3
791,188,Easy,dram_1x,data/hcr_train\triplets\00791_ref_64.npy,data/hcr_train\triplets\00791_ref_128.npy,data/hcr_train\triplets\00791_pos_64.npy,data/hcr_train\triplets\00791_pos_128.npy,data/hcr_train\triplets\00791_neg_64.npy,data/hcr_train\triplets\00791_neg_128.npy,0.9213,0.9092,0.32,56.9,123.1,864.3
792,188,Easy,dram_1x,data/hcr_train\triplets\00792_ref_64.npy,data/hcr_train\triplets\00792_ref_128.npy,data/hcr_train\triplets\00792_pos_64.npy,data/hcr_train\triplets\00792_pos_128.npy,data/hcr_train\triplets\00792_neg_64.npy,data/hcr_train\triplets\00792_neg_128.npy,0.9213,0.8872,0.32,85.9,123.1,864.3
793,188,Easy,dram_1x,data/hcr_train\triplets\00793_ref_64.npy,data/hcr_train\triplets\00793_ref_128.npy,data/hcr_train\triplets\00793_pos_64.npy,data/hcr_train\triplets\00793_pos_128.npy,data/hcr_train\triplets\00793_neg_64.npy,data/hcr_train\triplets\00793_neg_128.npy,0.9213,0.8723,0.32,29.1,123.1,864.3
794,188,Easy,dram_1x,data/hcr_train\triplets\00794_ref_64.npy,data/hcr_train\triplets\00794_ref_128.npy,data/hcr_train\triplets\00794_pos_64.npy,data/hcr_train\triplets\00794_pos_128.npy,data/hcr_train\triplets\00794_neg_64.npy,data/hcr_train\triplets\00794_neg_128.npy,0.9213,0.8573,0.32,27.9,123.1,864.3
795,189,Medium,dram_dense,data/hcr_train\triplets\00795_ref_64.npy,data/hcr_train\triplets\00795_ref_128.npy,data/hcr_train\triplets\00795_pos_64.npy,data/hcr_train\triplets\00795_pos_128.npy,data/hcr_train\triplets\00795_neg_64.npy,data/hcr_train\triplets\00795_neg_128.npy,0.9123,0.765,0.41,766.4,934.4,293.1
796,189,Medium,dram_dense,data/hcr_train\triplets\00796_ref_64.npy,data/hcr_train\triplets\00796_ref_128.npy,data/hcr_train\triplets\00796_pos_64.npy,data/hcr_train\triplets\00796_pos_128.npy,data/hcr_train\triplets\00796_neg_64.npy,data/hcr_train\triplets\00796_neg_128.npy,0.9123,0.7634,0.41,730.4,934.4,293.1
797,189,Medium,dram_dense,data/hcr_train\triplets\00797_ref_64.npy,data/hcr_train\triplets\00797_ref_128.npy,data/hcr_train\triplets\00797_pos_64.npy,data/hcr_train\triplets\00797_pos_128.npy,data/hcr_train\triplets\00797_neg_64.npy,data/hcr_train\triplets\00797_neg_128.npy,0.9123,0.7578,0.41,18.4,934.4,293.1
798,189,Medium,dram_dense,data/hcr_train\triplets\00798_ref_64.npy,data/hcr_train\triplets\00798_ref_128.npy,data/hcr_train\triplets\00798_pos_64.npy,data/hcr_train\triplets\00798_pos_128.npy,data/hcr_train\triplets\00798_neg_64.npy,data/hcr_train\triplets\00798_neg_128.npy,0.9123,0.7527,0.41,802.4,934.4,293.1
799,189,Medium,dram_dense,data/hcr_train\triplets\00799_ref_64.npy,data/hcr_train\triplets\00799_ref_128.npy,data/hcr_train\triplets\00799_pos_64.npy,data/hcr_train\triplets\00799_pos_128.npy,data/hcr_train\triplets\00799_neg_64.npy,data/hcr_train\triplets\00799_neg_128.npy,0.9123,0.7444,0.41,838.4,934.4,293.1
800,190,Hard,finfet_10nm,data/hcr_train\triplets\00800_ref_64.npy,data/hcr_train\triplets\00800_ref_128.npy,data/hcr_train\triplets\00800_pos_64.npy,data/hcr_train\triplets\00800_pos_128.npy,data/hcr_train\triplets\00800_neg_64.npy,data/hcr_train\triplets\00800_neg_128.npy,0.71,0.5276,1.08,667.44,943.0,283.6
801,190,Hard,finfet_10nm,data/hcr_train\triplets\00801_ref_64.npy,data/hcr_train\triplets\00801_ref_128.npy,data/hcr_train\triplets\00801_pos_64.npy,data/hcr_train\triplets\00801_pos_128.npy,data/hcr_train\triplets\00801_neg_64.npy,data/hcr_train\triplets\00801_neg_128.npy,0.71,0.5262,1.08,624.72,943.0,283.6
802,190,Hard,finfet_10nm,data/hcr_train\triplets\00802_ref_64.npy,data/hcr_train\triplets\00802_ref_128.npy,data/hcr_train\triplets\00802_pos_64.npy,data/hcr_train\triplets\00802_pos_128.npy,data/hcr_train\triplets\00802_neg_64.npy,data/hcr_train\triplets\00802_neg_128.npy,0.71,0.5221,1.08,541.94,943.0,283.6
803,190,Hard,finfet_10nm,data/hcr_train\triplets\00803_ref_64.npy,data/hcr_train\triplets\00803_ref_128.npy,data/hcr_train\triplets\00803_pos_64.npy,data/hcr_train\triplets\00803_pos_128.npy,data/hcr_train\triplets\00803_neg_64.npy,data/hcr_train\triplets\00803_neg_128.npy,0.71,0.5161,1.08,582.82,943.0,283.6
804,190,Hard,finfet_10nm,data/hcr_train\triplets\00804_ref_64.npy,data/hcr_train\triplets\00804_ref_128.npy,data/hcr_train\triplets\00804_pos_64.npy,data/hcr_train\triplets\00804_pos_128.npy,data/hcr_train\triplets\00804_neg_64.npy,data/hcr_train\triplets\00804_neg_128.npy,0.71,0.514,1.08,306.02,943.0,283.6
805,191,Adversarial,finfet_7nm,data/hcr_train\triplets\00805_ref_64.npy,data/hcr_train\triplets\00805_ref_128.npy,data/hcr_train\triplets\00805_pos_64.npy,data/hcr_train\triplets\00805_pos_128.npy,data/hcr_train\triplets\00805_neg_64.npy,data/hcr_train\triplets\00805_neg_128.npy,0.3749,0.2886,6.1,9.9,845.1,875.1
806,191,Adversarial,finfet_7nm,data/hcr_train\triplets\00806_ref_64.npy,data/hcr_train\triplets\00806_ref_128.npy,data/hcr_train\triplets\00806_pos_64.npy,data/hcr_train\triplets\00806_pos_128.npy,data/hcr_train\triplets\00806_neg_64.npy,data/hcr_train\triplets\00806_neg_128.npy,0.3749,0.2549,6.1,20.1,845.1,875.1
807,191,Adversarial,finfet_7nm,data/hcr_train\triplets\00807_ref_64.npy,data/hcr_train\triplets\00807_ref_128.npy,data/hcr_train\triplets\00807_pos_64.npy,data/hcr_train\triplets\00807_pos_128.npy,data/hcr_train\triplets\00807_neg_64.npy,data/hcr_train\triplets\00807_neg_128.npy,0.3749,0.244,6.1,182.1,845.1,875.1
808,191,Adversarial,finfet_7nm,data/hcr_train\triplets\00808_ref_64.npy,data/hcr_train\triplets\00808_ref_128.npy,data/hcr_train\triplets\00808_pos_64.npy,data/hcr_train\triplets\00808_pos_128.npy,data/hcr_train\triplets\00808_neg_64.npy,data/hcr_train\triplets\00808_neg_128.npy,0.3749,0.2431,6.1,134.1,845.1,875.1
809,191,Adversarial,finfet_7nm,data/hcr_train\triplets\00809_ref_64.npy,data/hcr_train\triplets\00809_ref_128.npy,data/hcr_train\triplets\00809_pos_64.npy,data/hcr_train\triplets\00809_pos_128.npy,data/hcr_train\triplets\00809_neg_64.npy,data/hcr_train\triplets\00809_neg_128.npy,0.3749,0.2334,6.1,198.1,845.1,875.1
810,192,Easy,dram_1x,data/hcr_train\triplets\00810_ref_64.npy,data/hcr_train\triplets\00810_ref_128.npy,data/hcr_train\triplets\00810_pos_64.npy,data/hcr_train\triplets\00810_pos_128.npy,data/hcr_train\triplets\00810_neg_64.npy,data/hcr_train\triplets\00810_neg_128.npy,0.956,0.8182,0.22,19.2,829.9,320.8
811,192,Easy,dram_1x,data/hcr_train\triplets\00811_ref_64.npy,data/hcr_train\triplets\00811_ref_128.npy,data/hcr_train\triplets\00811_pos_64.npy,data/hcr_train\triplets\00811_pos_128.npy,data/hcr_train\triplets\00811_neg_64.npy,data/hcr_train\triplets\00811_neg_128.npy,0.956,0.8059,0.22,421.51,829.9,320.8
812,192,Easy,dram_1x,data/hcr_train\triplets\00812_ref_64.npy,data/hcr_train\triplets\00812_ref_128.npy,data/hcr_train\triplets\00812_pos_64.npy,data/hcr_train\triplets\00812_pos_128.npy,data/hcr_train\triplets\00812_neg_64.npy,data/hcr_train\triplets\00812_neg_128.npy,0.956,0.7876,0.22,38.2,829.9,320.8
813,192,Easy,dram_1x,data/hcr_train\triplets\00813_ref_64.npy,data/hcr_train\triplets\00813_ref_128.npy,data/hcr_train\triplets\00813_pos_64.npy,data/hcr_train\triplets\00813_pos_128.npy,data/hcr_train\triplets\00813_neg_64.npy,data/hcr_train\triplets\00813_neg_128.npy,0.956,0.7776,0.22,287.98,829.9,320.8
814,192,Easy,dram_1x,data/hcr_train\triplets\00814_ref_64.npy,data/hcr_train\triplets\00814_ref_128.npy,data/hcr_train\triplets\00814_pos_64.npy,data/hcr_train\triplets\00814_pos_128.npy,data/hcr_train\triplets\00814_neg_64.npy,data/hcr_train\triplets\00814_neg_128.npy,0.956,0.7736,0.22,77.2,829.9,320.8
815,193,Medium,dram_dense,data/hcr_train\triplets\00815_ref_64.npy,data/hcr_train\triplets\00815_ref_128.npy,data/hcr_train\triplets\00815_pos_64.npy,data/hcr_train\triplets\00815_pos_128.npy,data/hcr_train\triplets\00815_neg_64.npy,data/hcr_train\triplets\00815_neg_128.npy,0.9125,0.857,1.22,94.8,106.2,858.8
816,193,Medium,dram_dense,data/hcr_train\triplets\00816_ref_64.npy,data/hcr_train\triplets\00816_ref_128.npy,data/hcr_train\triplets\00816_pos_64.npy,data/hcr_train\triplets\00816_pos_128.npy,data/hcr_train\triplets\00816_neg_64.npy,data/hcr_train\triplets\00816_neg_128.npy,0.9125,0.8437,1.22,49.2,106.2,858.8
817,193,Medium,dram_dense,data/hcr_train\triplets\00817_ref_64.npy,data/hcr_train\triplets\00817_ref_128.npy,data/hcr_train\triplets\00817_pos_64.npy,data/hcr_train\triplets\00817_pos_128.npy,data/hcr_train\triplets\00817_neg_64.npy,data/hcr_train\triplets\00817_neg_128.npy,0.9125,0.8423,1.22,46.8,106.2,858.8
818,193,Medium,dram_dense,data/hcr_train\triplets\00818_ref_64.npy,data/hcr_train\triplets\00818_ref_128.npy,data/hcr_train\triplets\00818_pos_64.npy,data/hcr_train\triplets\00818_pos_128.npy,data/hcr_train\triplets\00818_neg_64.npy,data/hcr_train\triplets\00818_neg_128.npy,0.9125,0.7131,1.22,74.8,106.2,858.8
819,193,Medium,dram_dense,data/hcr_train\triplets\00819_ref_64.npy,data/hcr_train\triplets\00819_ref_128.npy,data/hcr_train\triplets\00819_pos_64.npy,data/hcr_train\triplets\00819_pos_128.npy,data/hcr_train\triplets\00819_neg_64.npy,data/hcr_train\triplets\00819_neg_128.npy,0.9125,0.6876,1.22,21.2,106.2,858.8
820,194,Hard,finfet_10nm,data/hcr_train\triplets\00820_ref_64.npy,data/hcr_train\triplets\00820_ref_128.npy,data/hcr_train\triplets\00820_pos_64.npy,data/hcr_train\triplets\00820_pos_128.npy,data/hcr_train\triplets\00820_neg_64.npy,data/hcr_train\triplets\00820_neg_128.npy,0.5553,0.4952,1.87,90.52,853.8,694.5
821,194,Hard,finfet_10nm,data/hcr_train\triplets\00821_ref_64.npy,data/hcr_train\triplets\00821_ref_128.npy,data/hcr_train\triplets\00821_pos_64.npy,data/hcr_train\triplets\00821_pos_128.npy,data/hcr_train\triplets\00821_neg_64.npy,data/hcr_train\triplets\00821_neg_128.npy,0.5553,0.4663,1.87,45.54,853.8,694.5
822,194,Hard,finfet_10nm,data/hcr_train\triplets\00822_ref_64.npy,data/hcr_train\triplets\00822_ref_128.npy,data/hcr_train\triplets\00822_pos_64.npy,data/hcr_train\triplets\00822_pos_128.npy,data/hcr_train\triplets\00822_neg_64.npy,data/hcr_train\triplets\00822_neg_128.npy,0.5553,0.4659,1.87,45.59,853.8,694.5
823,194,Hard,finfet_10nm,data/hcr_train\triplets\00823_ref_64.npy,data/hcr_train\triplets\00823_ref_128.npy,data/hcr_train\triplets\00823_pos_64.npy,data/hcr_train\triplets\00823_pos_128.npy,data/hcr_train\triplets\00823_neg_64.npy,data/hcr_train\triplets\00823_neg_128.npy,0.5553,0.4102,1.87,15.6,853.8,694.5
824,194,Hard,finfet_10nm,data/hcr_train\triplets\00824_ref_64.npy,data/hcr_train\triplets\00824_ref_128.npy,data/hcr_train\triplets\00824_pos_64.npy,data/hcr_train\triplets\00824_pos_128.npy,data/hcr_train\triplets\00824_neg_64.npy,data/hcr_train\triplets\00824_neg_128.npy,0.5553,0.3952,1.87,106.54,853.8,694.5
825,195,Adversarial,finfet_7nm,data/hcr_train\triplets\00825_ref_64.npy,data/hcr_train\triplets\00825_ref_128.npy,data/hcr_train\triplets\00825_pos_64.npy,data/hcr_train\triplets\00825_pos_128.npy,data/hcr_train\triplets\00825_neg_64.npy,data/hcr_train\triplets\00825_neg_128.npy,0.2537,0.2615,5.31,114.7,194.7,519.3
826,195,Adversarial,finfet_7nm,data/hcr_train\triplets\00826_ref_64.npy,data/hcr_train\triplets\00826_ref_128.npy,data/hcr_train\triplets\00826_pos_64.npy,data/hcr_train\triplets\00826_pos_128.npy,data/hcr_train\triplets\00826_neg_64.npy,data/hcr_train\triplets\00826_neg_128.npy,0.2537,0.2605,5.31,138.7,194.7,519.3
827,195,Adversarial,finfet_7nm,data/hcr_train\triplets\00827_ref_64.npy,data/hcr_train\triplets\00827_ref_128.npy,data/hcr_train\triplets\00827_pos_64.npy,data/hcr_train\triplets\00827_pos_128.npy,data/hcr_train\triplets\00827_neg_64.npy,data/hcr_train\triplets\00827_neg_128.npy,0.2537,0.2587,5.31,98.7,194.7,519.3
828,195,Adversarial,finfet_7nm,data/hcr_train\triplets\00828_ref_64.npy,data/hcr_train\triplets\00828_ref_128.npy,data/hcr_train\triplets\00828_pos_64.npy,data/hcr_train\triplets\00828_pos_128.npy,data/hcr_train\triplets\00828_neg_64.npy,data/hcr_train\triplets\00828_neg_128.npy,0.2537,0.2556,5.31,74.7,194.7,519.3
829,195,Adversarial,finfet_7nm,data/hcr_train\triplets\00829_ref_64.npy,data/hcr_train\triplets\00829_ref_128.npy,data/hcr_train\triplets\00829_pos_64.npy,data/hcr_train\triplets\00829_pos_128.npy,data/hcr_train\triplets\00829_neg_64.npy,data/hcr_train\triplets\00829_neg_128.npy,0.2537,0.2517,5.31,58.7,194.7,519.3
830,196,Easy,dram_1x,data/hcr_train\triplets\00830_ref_64.npy,data/hcr_train\triplets\00830_ref_128.npy,data/hcr_train\triplets\00830_pos_64.npy,data/hcr_train\triplets\00830_pos_128.npy,data/hcr_train\triplets\00830_neg_64.npy,data/hcr_train\triplets\00830_neg_128.npy,0.9481,0.9224,0.32,29.3,774.3,59.1
831,196,Easy,dram_1x,data/hcr_train\triplets\00831_ref_64.npy,data/hcr_train\triplets\00831_ref_128.npy,data/hcr_train\triplets\00831_pos_64.npy,data/hcr_train\triplets\00831_pos_128.npy,data/hcr_train\triplets\00831_neg_64.npy,data/hcr_train\triplets\00831_neg_128.npy,0.9481,0.9196,0.32,58.3,774.3,59.1
832,196,Easy,dram_1x,data/hcr_train\triplets\00832_ref_64.npy,data/hcr_train\triplets\00832_ref_128.npy,data/hcr_train\triplets\00832_pos_64.npy,data/hcr_train\triplets\00832_pos_128.npy,data/hcr_train\triplets\00832_neg_64.npy,data/hcr_train\triplets\00832_neg_128.npy,0.9481,0.916,0.32,115.3,774.3,59.1
833,196,Easy,dram_1x,data/hcr_train\triplets\00833_ref_64.npy,data/hcr_train\triplets\00833_ref_128.npy,data/hcr_train\triplets\00833_pos_64.npy,data/hcr_train\triplets\00833_pos_128.npy,data/hcr_train\triplets\00833_neg_64.npy,data/hcr_train\triplets\00833_neg_128.npy,0.9481,0.9058,0.32,87.3,774.3,59.1
834,196,Easy,dram_1x,data/hcr_train\triplets\00834_ref_64.npy,data/hcr_train\triplets\00834_ref_128.npy,data/hcr_train\triplets\00834_pos_64.npy,data/hcr_train\triplets\00834_pos_128.npy,data/hcr_train\triplets\00834_neg_64.npy,data/hcr_train\triplets\00834_neg_128.npy,0.9481,0.9017,0.32,745.21,774.3,59.1
835,197,Medium,dram_dense,data/hcr_train\triplets\00835_ref_64.npy,data/hcr_train\triplets\00835_ref_128.npy,data/hcr_train\triplets\00835_pos_64.npy,data/hcr_train\triplets\00835_pos_128.npy,data/hcr_train\triplets\00835_neg_64.npy,data/hcr_train\triplets\00835_neg_128.npy,0.8606,0.6257,0.86,14.31,918.7,263.5
836,197,Medium,dram_dense,data/hcr_train\triplets\00836_ref_64.npy,data/hcr_train\triplets\00836_ref_128.npy,data/hcr_train\triplets\00836_pos_64.npy,data/hcr_train\triplets\00836_pos_128.npy,data/hcr_train\triplets\00836_neg_64.npy,data/hcr_train\triplets\00836_neg_128.npy,0.8606,0.5906,0.86,28.3,918.7,263.5
837,197,Medium,dram_dense,data/hcr_train\triplets\00837_ref_64.npy,data/hcr_train\triplets\00837_ref_128.npy,data/hcr_train\triplets\00837_pos_64.npy,data/hcr_train\triplets\00837_pos_128.npy,data/hcr_train\triplets\00837_neg_64.npy,data/hcr_train\triplets\00837_neg_128.npy,0.8606,0.5742,0.86,14.71,918.7,263.5
838,197,Medium,dram_dense,data/hcr_train\triplets\00838_ref_64.npy,data/hcr_train\triplets\00838_ref_128.npy,data/hcr_train\triplets\00838_pos_64.npy,data/hcr_train\triplets\00838_pos_128.npy,data/hcr_train\triplets\00838_neg_64.npy,data/hcr_train\triplets\00838_neg_128.npy,0.8606,0.5323,0.86,19.51,918.7,263.5
839,197,Medium,dram_dense,data/hcr_train\triplets\00839_ref_64.npy,data/hcr_train\triplets\00839_ref_128.npy,data/hcr_train\triplets\00839_pos_64.npy,data/hcr_train\triplets\00839_pos_128.npy,data/hcr_train\triplets\00839_neg_64.npy,data/hcr_train\triplets\00839_neg_128.npy,0.8606,0.4876,0.86,34.37,918.7,263.5
840,199,Adversarial,finfet_7nm,data/hcr_train\triplets\00840_ref_64.npy,data/hcr_train\triplets\00840_ref_128.npy,data/hcr_train\triplets\00840_pos_64.npy,data/hcr_train\triplets\00840_pos_128.npy,data/hcr_train\triplets\00840_neg_64.npy,data/hcr_train\triplets\00840_neg_128.npy,0.3679,0.3662,1.77,53.53,261.7,432.5
841,199,Adversarial,finfet_7nm,data/hcr_train\triplets\00841_ref_64.npy,data/hcr_train\triplets\00841_ref_128.npy,data/hcr_train\triplets\00841_pos_64.npy,data/hcr_train\triplets\00841_pos_128.npy,data/hcr_train\triplets\00841_neg_64.npy,data/hcr_train\triplets\00841_neg_128.npy,0.3679,0.3413,1.77,53.53,261.7,432.5
842,199,Adversarial,finfet_7nm,data/hcr_train\triplets\00842_ref_64.npy,data/hcr_train\triplets\00842_ref_128.npy,data/hcr_train\triplets\00842_pos_64.npy,data/hcr_train\triplets\00842_pos_128.npy,data/hcr_train\triplets\00842_neg_64.npy,data/hcr_train\triplets\00842_neg_128.npy,0.3679,0.3074,1.77,26.51,261.7,432.5
843,199,Adversarial,finfet_7nm,data/hcr_train\triplets\00843_ref_64.npy,data/hcr_train\triplets\00843_ref_128.npy,data/hcr_train\triplets\00843_pos_64.npy,data/hcr_train\triplets\00843_pos_128.npy,data/hcr_train\triplets\00843_neg_64.npy,data/hcr_train\triplets\00843_neg_128.npy,0.3679,0.2902,1.77,26.64,261.7,432.5
844,199,Adversarial,finfet_7nm,data/hcr_train\triplets\00844_ref_64.npy,data/hcr_train\triplets\00844_ref_128.npy,data/hcr_train\triplets\00844_pos_64.npy,data/hcr_train\triplets\00844_pos_128.npy,data/hcr_train\triplets\00844_neg_64.npy,data/hcr_train\triplets\00844_neg_128.npy,0.3679,0.2868,1.77,107.51,261.7,432.5
845,200,Easy,dram_1x,data/hcr_train\triplets\00845_ref_64.npy,data/hcr_train\triplets\00845_ref_128.npy,data/hcr_train\triplets\00845_pos_64.npy,data/hcr_train\triplets\00845_pos_128.npy,data/hcr_train\triplets\00845_neg_64.npy,data/hcr_train\triplets\00845_neg_128.npy,0.9328,0.6692,0.61,14.6,852.6,586.9
846,200,Easy,dram_1x,data/hcr_train\triplets\00846_ref_64.npy,data/hcr_train\triplets\00846_ref_128.npy,data/hcr_train\triplets\00846_pos_64.npy,data/hcr_train\triplets\00846_pos_128.npy,data/hcr_train\triplets\00846_neg_64.npy,data/hcr_train\triplets\00846_neg_128.npy,0.9328,0.6366,0.61,14.4,852.6,586.9
847,200,Easy,dram_1x,data/hcr_train\triplets\00847_ref_64.npy,data/hcr_train\triplets\00847_ref_128.npy,data/hcr_train\triplets\00847_pos_64.npy,data/hcr_train\triplets\00847_pos_128.npy,data/hcr_train\triplets\00847_neg_64.npy,data/hcr_train\triplets\00847_neg_128.npy,0.9328,0.5981,0.61,14.11,852.6,586.9
848,200,Easy,dram_1x,data/hcr_train\triplets\00848_ref_64.npy,data/hcr_train\triplets\00848_ref_128.npy,data/hcr_train\triplets\00848_pos_64.npy,data/hcr_train\triplets\00848_pos_128.npy,data/hcr_train\triplets\00848_neg_64.npy,data/hcr_train\triplets\00848_neg_128.npy,0.9328,0.5585,0.61,87.6,852.6,586.9
849,200,Easy,dram_1x,data/hcr_train\triplets\00849_ref_64.npy,data/hcr_train\triplets\00849_ref_128.npy,data/hcr_train\triplets\00849_pos_64.npy,data/hcr_train\triplets\00849_pos_128.npy,data/hcr_train\triplets\00849_neg_64.npy,data/hcr_train\triplets\00849_neg_128.npy,0.9328,0.5436,0.61,18.91,852.6,586.9
850,201,Medium,dram_dense,data/hcr_train\triplets\00850_ref_64.npy,data/hcr_train\triplets\00850_ref_128.npy,data/hcr_train\triplets\00850_pos_64.npy,data/hcr_train\triplets\00850_pos_128.npy,data/hcr_train\triplets\00850_neg_64.npy,data/hcr_train\triplets\00850_neg_128.npy,0.8787,0.5984,1.33,12.77,551.3,566.3
851,201,Medium,dram_dense,data/hcr_train\triplets\00851_ref_64.npy,data/hcr_train\triplets\00851_ref_128.npy,data/hcr_train\triplets\00851_pos_64.npy,data/hcr_train\triplets\00851_pos_128.npy,data/hcr_train\triplets\00851_neg_64.npy,data/hcr_train\triplets\00851_neg_128.npy,0.8787,0.5517,1.33,19.3,551.3,566.3
852,201,Medium,dram_dense,data/hcr_train\triplets\00852_ref_64.npy,data/hcr_train\triplets\00852_ref_128.npy,data/hcr_train\triplets\00852_pos_64.npy,data/hcr_train\triplets\00852_pos_128.npy,data/hcr_train\triplets\00852_neg_64.npy,data/hcr_train\triplets\00852_neg_128.npy,0.8787,0.4876,1.33,13.36,551.3,566.3
853,201,Medium,dram_dense,data/hcr_train\triplets\00853_ref_64.npy,data/hcr_train\triplets\00853_ref_128.npy,data/hcr_train\triplets\00853_pos_64.npy,data/hcr_train\triplets\00853_pos_128.npy,data/hcr_train\triplets\00853_neg_64.npy,data/hcr_train\triplets\00853_neg_128.npy,0.8787,0.486,1.33,17.7,551.3,566.3
854,201,Medium,dram_dense,data/hcr_train\triplets\00854_ref_64.npy,data/hcr_train\triplets\00854_ref_128.npy,data/hcr_train\triplets\00854_pos_64.npy,data/hcr_train\triplets\00854_pos_128.npy,data/hcr_train\triplets\00854_neg_64.npy,data/hcr_train\triplets\00854_neg_128.npy,0.8787,0.4779,1.33,145.3,551.3,566.3
855,202,Hard,finfet_10nm,data/hcr_train\triplets\00855_ref_64.npy,data/hcr_train\triplets\00855_ref_128.npy,data/hcr_train\triplets\00855_pos_64.npy,data/hcr_train\triplets\00855_pos_128.npy,data/hcr_train\triplets\00855_neg_64.npy,data/hcr_train\triplets\00855_neg_128.npy,0.7519,0.7496,0.14,15.9,426.9,61.1
856,202,Hard,finfet_10nm,data/hcr_train\triplets\00856_ref_64.npy,data/hcr_train\triplets\00856_ref_128.npy,data/hcr_train\triplets\00856_pos_64.npy,data/hcr_train\triplets\00856_pos_128.npy,data/hcr_train\triplets\00856_neg_64.npy,data/hcr_train\triplets\00856_neg_128.npy,0.7519,0.7444,0.14,31.9,426.9,61.1
857,202,Hard,finfet_10nm,data/hcr_train\triplets\00857_ref_64.npy,data/hcr_train\triplets\00857_ref_128.npy,data/hcr_train\triplets\00857_pos_64.npy,data/hcr_train\triplets\00857_pos_128.npy,data/hcr_train\triplets\00857_neg_64.npy,data/hcr_train\triplets\00857_neg_128.npy,0.7519,0.7347,0.14,47.9,426.9,61.1
858,202,Hard,finfet_10nm,data/hcr_train\triplets\00858_ref_64.npy,data/hcr_train\triplets\00858_ref_128.npy,data/hcr_train\triplets\00858_pos_64.npy,data/hcr_train\triplets\00858_pos_128.npy,data/hcr_train\triplets\00858_neg_64.npy,data/hcr_train\triplets\00858_neg_128.npy,0.7519,0.7334,0.14,16.86,426.9,61.1
859,202,Hard,finfet_10nm,data/hcr_train\triplets\00859_ref_64.npy,data/hcr_train\triplets\00859_ref_128.npy,data/hcr_train\triplets\00859_pos_64.npy,data/hcr_train\triplets\00859_pos_128.npy,data/hcr_train\triplets\00859_neg_64.npy,data/hcr_train\triplets\00859_neg_128.npy,0.7519,0.7293,0.14,16.1,426.9,61.1
860,203,Adversarial,finfet_7nm,data/hcr_train\triplets\00860_ref_64.npy,data/hcr_train\triplets\00860_ref_128.npy,data/hcr_train\triplets\00860_pos_64.npy,data/hcr_train\triplets\00860_pos_128.npy,data/hcr_train\triplets\00860_neg_64.npy,data/hcr_train\triplets\00860_neg_128.npy,0.3766,0.3749,2.0,46.0,698.0,866.9
861,203,Adversarial,finfet_7nm,data/hcr_train\triplets\00861_ref_64.npy,data/hcr_train\triplets\00861_ref_128.npy,data/hcr_train\triplets\00861_pos_64.npy,data/hcr_train\triplets\00861_pos_128.npy,data/hcr_train\triplets\00861_neg_64.npy,data/hcr_train\triplets\00861_neg_128.npy,0.3766,0.3739,2.0,94.0,698.0,866.9
862,203,Adversarial,finfet_7nm,data/hcr_train\triplets\00862_ref_64.npy,data/hcr_train\triplets\00862_ref_128.npy,data/hcr_train\triplets\00862_pos_64.npy,data/hcr_train\triplets\00862_pos_128.npy,data/hcr_train\triplets\00862_neg_64.npy,data/hcr_train\triplets\00862_neg_128.npy,0.3766,0.3683,2.0,50.0,698.0,866.9
863,203,Adversarial,finfet_7nm,data/hcr_train\triplets\00863_ref_64.npy,data/hcr_train\triplets\00863_ref_128.npy,data/hcr_train\triplets\00863_pos_64.npy,data/hcr_train\triplets\00863_pos_128.npy,data/hcr_train\triplets\00863_neg_64.npy,data/hcr_train\triplets\00863_neg_128.npy,0.3766,0.3679,2.0,70.0,698.0,866.9
864,203,Adversarial,finfet_7nm,data/hcr_train\triplets\00864_ref_64.npy,data/hcr_train\triplets\00864_ref_128.npy,data/hcr_train\triplets\00864_pos_64.npy,data/hcr_train\triplets\00864_pos_128.npy,data/hcr_train\triplets\00864_neg_64.npy,data/hcr_train\triplets\00864_neg_128.npy,0.3766,0.3677,2.0,22.0,698.0,866.9
865,204,Easy,dram_1x,data/hcr_train\triplets\00865_ref_64.npy,data/hcr_train\triplets\00865_ref_128.npy,data/hcr_train\triplets\00865_pos_64.npy,data/hcr_train\triplets\00865_pos_128.npy,data/hcr_train\triplets\00865_neg_64.npy,data/hcr_train\triplets\00865_neg_128.npy,0.9394,0.9237,0.61,95.4,675.6,258.9
866,204,Easy,dram_1x,data/hcr_train\triplets\00866_ref_64.npy,data/hcr_train\triplets\00866_ref_128.npy,data/hcr_train\triplets\00866_pos_64.npy,data/hcr_train\triplets\00866_pos_128.npy,data/hcr_train\triplets\00866_neg_64.npy,data/hcr_train\triplets\00866_neg_128.npy,0.9394,0.9092,0.61,47.4,675.6,258.9
867,204,Easy,dram_1x,data/hcr_train\triplets\00867_ref_64.npy,data/hcr_train\triplets\00867_ref_128.npy,data/hcr_train\triplets\00867_pos_64.npy,data/hcr_train\triplets\00867_pos_128.npy,data/hcr_train\triplets\00867_neg_64.npy,data/hcr_train\triplets\00867_neg_128.npy,0.9394,0.8596,0.61,48.6,675.6,258.9
868,204,Easy,dram_1x,data/hcr_train\triplets\00868_ref_64.npy,data/hcr_train\triplets\00868_ref_128.npy,data/hcr_train\triplets\00868_pos_64.npy,data/hcr_train\triplets\00868_pos_128.npy,data/hcr_train\triplets\00868_neg_64.npy,data/hcr_train\triplets\00868_neg_128.npy,0.9394,0.7819,0.61,24.6,675.6,258.9
869,204,Easy,dram_1x,data/hcr_train\triplets\00869_ref_64.npy,data/hcr_train\triplets\00869_ref_128.npy,data/hcr_train\triplets\00869_pos_64.npy,data/hcr_train\triplets\00869_pos_128.npy,data/hcr_train\triplets\00869_neg_64.npy,data/hcr_train\triplets\00869_neg_128.npy,0.9394,0.7789,0.61,24.4,675.6,258.9
870,205,Medium,dram_dense,data/hcr_train\triplets\00870_ref_64.npy,data/hcr_train\triplets\00870_ref_128.npy,data/hcr_train\triplets\00870_pos_64.npy,data/hcr_train\triplets\00870_pos_128.npy,data/hcr_train\triplets\00870_neg_64.npy,data/hcr_train\triplets\00870_neg_128.npy,0.881,0.4627,1.53,191.71,852.5,855.7
871,205,Medium,dram_dense,data/hcr_train\triplets\00871_ref_64.npy,data/hcr_train\triplets\00871_ref_128.npy,data/hcr_train\triplets\00871_pos_64.npy,data/hcr_train\triplets\00871_pos_128.npy,data/hcr_train\triplets\00871_neg_64.npy,data/hcr_train\triplets\00871_neg_128.npy,0.881,0.455,1.53,73.5,852.5,855.7
872,205,Medium,dram_dense,data/hcr_train\triplets\00872_ref_64.npy,data/hcr_train\triplets\00872_ref_128.npy,data/hcr_train\triplets\00872_pos_64.npy,data/hcr_train\triplets\00872_pos_128.npy,data/hcr_train\triplets\00872_neg_64.npy,data/hcr_train\triplets\00872_neg_128.npy,0.881,0.4546,1.53,145.5,852.5,855.7
873,205,Medium,dram_dense,data/hcr_train\triplets\00873_ref_64.npy,data/hcr_train\triplets\00873_ref_128.npy,data/hcr_train\triplets\00873_pos_64.npy,data/hcr_train\triplets\00873_pos_128.npy,data/hcr_train\triplets\00873_neg_64.npy,data/hcr_train\triplets\00873_neg_128.npy,0.881,0.4445,1.53,95.71,852.5,855.7
874,205,Medium,dram_dense,data/hcr_train\triplets\00874_ref_64.npy,data/hcr_train\triplets\00874_ref_128.npy,data/hcr_train\triplets\00874_pos_64.npy,data/hcr_train\triplets\00874_pos_128.npy,data/hcr_train\triplets\00874_neg_64.npy,data/hcr_train\triplets\00874_neg_128.npy,0.881,0.4388,1.53,13.38,852.5,855.7
875,206,Hard,finfet_10nm,data/hcr_train\triplets\00875_ref_64.npy,data/hcr_train\triplets\00875_ref_128.npy,data/hcr_train\triplets\00875_pos_64.npy,data/hcr_train\triplets\00875_pos_128.npy,data/hcr_train\triplets\00875_neg_64.npy,data/hcr_train\triplets\00875_neg_128.npy,0.7558,0.6204,0.72,52.4,578.6,66.6
876,206,Hard,finfet_10nm,data/hcr_train\triplets\00876_ref_64.npy,data/hcr_train\triplets\00876_ref_128.npy,data/hcr_train\triplets\00876_pos_64.npy,data/hcr_train\triplets\00876_pos_128.npy,data/hcr_train\triplets\00876_neg_64.npy,data/hcr_train\triplets\00876_neg_128.npy,0.7558,0.5972,0.72,103.4,578.6,66.6
877,206,Hard,finfet_10nm,data/hcr_train\triplets\00877_ref_64.npy,data/hcr_train\triplets\00877_ref_128.npy,data/hcr_train\triplets\00877_pos_64.npy,data/hcr_train\triplets\00877_pos_128.npy,data/hcr_train\triplets\00877_neg_64.npy,data/hcr_train\triplets\00877_neg_128.npy,0.7558,0.5596,0.72,644.41,578.6,66.6
878,206,Hard,finfet_10nm,data/hcr_train\triplets\00878_ref_64.npy,data/hcr_train\triplets\00878_ref_128.npy,data/hcr_train\triplets\00878_pos_64.npy,data/hcr_train\triplets\00878_pos_128.npy,data/hcr_train\triplets\00878_neg_64.npy,data/hcr_train\triplets\00878_neg_128.npy,0.7558,0.5472,0.72,592.41,578.6,66.6
879,206,Hard,finfet_10nm,data/hcr_train\triplets\00879_ref_64.npy,data/hcr_train\triplets\00879_ref_128.npy,data/hcr_train\triplets\00879_pos_64.npy,data/hcr_train\triplets\00879_pos_128.npy,data/hcr_train\triplets\00879_neg_64.npy,data/hcr_train\triplets\00879_neg_128.npy,0.7558,0.5468,0.72,696.41,578.6,66.6
880,207,Adversarial,finfet_7nm,data/hcr_train\triplets\00880_ref_64.npy,data/hcr_train\triplets\00880_ref_128.npy,data/hcr_train\triplets\00880_pos_64.npy,data/hcr_train\triplets\00880_pos_128.npy,data/hcr_train\triplets\00880_neg_64.npy,data/hcr_train\triplets\00880_neg_128.npy,0.3925,0.3223,2.43,154.62,258.4,327.4
881,207,Adversarial,finfet_7nm,data/hcr_train\triplets\00881_ref_64.npy,data/hcr_train\triplets\00881_ref_128.npy,data/hcr_train\triplets\00881_pos_64.npy,data/hcr_train\triplets\00881_pos_128.npy,data/hcr_train\triplets\00881_neg_64.npy,data/hcr_train\triplets\00881_neg_128.npy,0.3925,0.3157,2.43,65.64,258.4,327.4
882,207,Adversarial,finfet_7nm,data/hcr_train\triplets\00882_ref_64.npy,data/hcr_train\triplets\00882_ref_128.npy,data/hcr_train\triplets\00882_pos_64.npy,data/hcr_train\triplets\00882_pos_128.npy,data/hcr_train\triplets\00882_neg_64.npy,data/hcr_train\triplets\00882_neg_128.npy,0.3925,0.3041,2.43,402.55,258.4,327.4
883,207,Adversarial,finfet_7nm,data/hcr_train\triplets\00883_ref_64.npy,data/hcr_train\triplets\00883_ref_128.npy,data/hcr_train\triplets\00883_pos_64.npy,data/hcr_train\triplets\00883_pos_128.npy,data/hcr_train\triplets\00883_neg_64.npy,data/hcr_train\triplets\00883_neg_128.npy,0.3925,0.2963,2.43,21.73,258.4,327.4
884,207,Adversarial,finfet_7nm,data/hcr_train\triplets\00884_ref_64.npy,data/hcr_train\triplets\00884_ref_128.npy,data/hcr_train\triplets\00884_pos_64.npy,data/hcr_train\triplets\00884_pos_128.npy,data/hcr_train\triplets\00884_neg_64.npy,data/hcr_train\triplets\00884_neg_128.npy,0.3925,0.2945,2.43,131.61,258.4,327.4
885,208,Easy,dram_1x,data/hcr_train\triplets\00885_ref_64.npy,data/hcr_train\triplets\00885_ref_128.npy,data/hcr_train\triplets\00885_pos_64.npy,data/hcr_train\triplets\00885_pos_128.npy,data/hcr_train\triplets\00885_neg_64.npy,data/hcr_train\triplets\00885_neg_128.npy,0.9304,0.9294,0.28,86.8,445.8,396.8
886,208,Easy,dram_1x,data/hcr_train\triplets\00886_ref_64.npy,data/hcr_train\triplets\00886_ref_128.npy,data/hcr_train\triplets\00886_pos_64.npy,data/hcr_train\triplets\00886_pos_128.npy,data/hcr_train\triplets\00886_neg_64.npy,data/hcr_train\triplets\00886_neg_128.npy,0.9304,0.9273,0.28,57.8,445.8,396.8
887,208,Easy,dram_1x,data/hcr_train\triplets\00887_ref_64.npy,data/hcr_train\triplets\00887_ref_128.npy,data/hcr_train\triplets\00887_pos_64.npy,data/hcr_train\triplets\00887_pos_128.npy,data/hcr_train\triplets\00887_neg_64.npy,data/hcr_train\triplets\00887_neg_128.npy,0.9304,0.9218,0.28,252.25,445.8,396.8
888,208,Easy,dram_1x,data/hcr_train\triplets\00888_ref_64.npy,data/hcr_train\triplets\00888_ref_128.npy,data/hcr_train\triplets\00888_pos_64.npy,data/hcr_train\triplets\00888_pos_128.npy,data/hcr_train\triplets\00888_neg_64.npy,data/hcr_train\triplets\00888_neg_128.npy,0.9304,0.9188,0.28,223.26,445.8,396.8
889,208,Easy,dram_1x,data/hcr_train\triplets\00889_ref_64.npy,data/hcr_train\triplets\00889_ref_128.npy,data/hcr_train\triplets\00889_pos_64.npy,data/hcr_train\triplets\00889_pos_128.npy,data/hcr_train\triplets\00889_neg_64.npy,data/hcr_train\triplets\00889_neg_128.npy,0.9304,0.9175,0.28,57.2,445.8,396.8
890,209,Medium,dram_dense,data/hcr_train\triplets\00890_ref_64.npy,data/hcr_train\triplets\00890_ref_128.npy,data/hcr_train\triplets\00890_pos_64.npy,data/hcr_train\triplets\00890_pos_128.npy,data/hcr_train\triplets\00890_neg_64.npy,data/hcr_train\triplets\00890_neg_128.npy,0.9199,0.845,1.5,145.5,475.5,867.0
891,209,Medium,dram_dense,data/hcr_train\triplets\00891_ref_64.npy,data/hcr_train\triplets\00891_ref_128.npy,data/hcr_train\triplets\00891_pos_64.npy,data/hcr_train\triplets\00891_pos_128.npy,data/hcr_train\triplets\00891_neg_64.npy,data/hcr_train\triplets\00891_neg_128.npy,0.9199,0.8376,1.5,73.5,475.5,867.0
892,209,Medium,dram_dense,data/hcr_train\triplets\00892_ref_64.npy,data/hcr_train\triplets\00892_ref_128.npy,data/hcr_train\triplets\00892_pos_64.npy,data/hcr_train\triplets\00892_pos_128.npy,data/hcr_train\triplets\00892_neg_64.npy,data/hcr_train\triplets\00892_neg_128.npy,0.9199,0.7552,1.5,116.5,475.5,867.0
893,209,Medium,dram_dense,data/hcr_train\triplets\00893_ref_64.npy,data/hcr_train\triplets\00893_ref_128.npy,data/hcr_train\triplets\00893_pos_64.npy,data/hcr_train\triplets\00893_pos_128.npy,data/hcr_train\triplets\00893_neg_64.npy,data/hcr_train\triplets\00893_neg_128.npy,0.9199,0.7431,1.5,27.5,475.5,867.0
894,209,Medium,dram_dense,data/hcr_train\triplets\00894_ref_64.npy,data/hcr_train\triplets\00894_ref_128.npy,data/hcr_train\triplets\00894_pos_64.npy,data/hcr_train\triplets\00894_pos_128.npy,data/hcr_train\triplets\00894_neg_64.npy,data/hcr_train\triplets\00894_neg_128.npy,0.9199,0.7386,1.5,29.5,475.5,867.0
895,210,Hard,finfet_10nm,data/hcr_train\triplets\00895_ref_64.npy,data/hcr_train\triplets\00895_ref_128.npy,data/hcr_train\triplets\00895_pos_64.npy,data/hcr_train\triplets\00895_pos_128.npy,data/hcr_train\triplets\00895_neg_64.npy,data/hcr_train\triplets\00895_neg_128.npy,0.6854,0.6796,1.7,36.14,573.7,716.9
896,210,Hard,finfet_10nm,data/hcr_train\triplets\00896_ref_64.npy,data/hcr_train\triplets\00896_ref_128.npy,data/hcr_train\triplets\00896_pos_64.npy,data/hcr_train\triplets\00896_pos_128.npy,data/hcr_train\triplets\00896_neg_64.npy,data/hcr_train\triplets\00896_neg_128.npy,0.6854,0.6725,1.7,71.92,573.7,716.9
897,210,Hard,finfet_10nm,data/hcr_train\triplets\00897_ref_64.npy,data/hcr_train\triplets\00897_ref_128.npy,data/hcr_train\triplets\00897_pos_64.npy,data/hcr_train\triplets\00897_pos_128.npy,data/hcr_train\triplets\00897_neg_64.npy,data/hcr_train\triplets\00897_neg_128.npy,0.6854,0.6716,1.7,35.94,573.7,716.9
898,210,Hard,finfet_10nm,data/hcr_train\triplets\00898_ref_64.npy,data/hcr_train\triplets\00898_ref_128.npy,data/hcr_train\triplets\00898_pos_64.npy,data/hcr_train\triplets\00898_pos_128.npy,data/hcr_train\triplets\00898_neg_64.npy,data/hcr_train\triplets\00898_neg_128.npy,0.6854,0.6561,1.7,72.15,573.7,716.9
899,210,Hard,finfet_10nm,data/hcr_train\triplets\00899_ref_64.npy,data/hcr_train\triplets\00899_ref_128.npy,data/hcr_train\triplets\00899_pos_64.npy,data/hcr_train\triplets\00899_pos_128.npy,data/hcr_train\triplets\00899_neg_64.npy,data/hcr_train\triplets\00899_neg_128.npy,0.6854,0.5867,1.7,17.98,573.7,716.9
900,211,Adversarial,finfet_7nm,data/hcr_train\triplets\00900_ref_64.npy,data/hcr_train\triplets\00900_ref_128.npy,data/hcr_train\triplets\00900_pos_64.npy,data/hcr_train\triplets\00900_pos_128.npy,data/hcr_train\triplets\00900_neg_64.npy,data/hcr_train\triplets\00900_neg_128.npy,0.5098,0.5102,3.32,31.3,795.3,526.4
901,211,Adversarial,finfet_7nm,data/hcr_train\triplets\00901_ref_64.npy,data/hcr_train\triplets\00901_ref_128.npy,data/hcr_train\triplets\00901_pos_64.npy,data/hcr_train\triplets\00901_pos_128.npy,data/hcr_train\triplets\00901_neg_64.npy,data/hcr_train\triplets\00901_neg_128.npy,0.5098,0.5081,3.32,142.3,795.3,526.4
902,211,Adversarial,finfet_7nm,data/hcr_train\triplets\00902_ref_64.npy,data/hcr_train\triplets\00902_ref_128.npy,data/hcr_train\triplets\00902_pos_64.npy,data/hcr_train\triplets\00902_pos_128.npy,data/hcr_train\triplets\00902_neg_64.npy,data/hcr_train\triplets\00902_neg_128.npy,0.5098,0.5042,3.32,114.3,795.3,526.4
903,211,Adversarial,finfet_7nm,data/hcr_train\triplets\00903_ref_64.npy,data/hcr_train\triplets\00903_ref_128.npy,data/hcr_train\triplets\00903_pos_64.npy,data/hcr_train\triplets\00903_pos_128.npy,data/hcr_train\triplets\00903_neg_64.npy,data/hcr_train\triplets\00903_neg_128.npy,0.5098,0.5015,3.32,86.3,795.3,526.4
904,211,Adversarial,finfet_7nm,data/hcr_train\triplets\00904_ref_64.npy,data/hcr_train\triplets\00904_ref_128.npy,data/hcr_train\triplets\00904_pos_64.npy,data/hcr_train\triplets\00904_pos_128.npy,data/hcr_train\triplets\00904_neg_64.npy,data/hcr_train\triplets\00904_neg_128.npy,0.5098,0.5002,3.32,59.3,795.3,526.4
905,212,Easy,dram_1x,data/hcr_train\triplets\00905_ref_64.npy,data/hcr_train\triplets\00905_ref_128.npy,data/hcr_train\triplets\00905_pos_64.npy,data/hcr_train\triplets\00905_pos_128.npy,data/hcr_train\triplets\00905_neg_64.npy,data/hcr_train\triplets\00905_neg_128.npy,0.9366,0.8431,0.32,96.3,852.1,651.7
906,212,Easy,dram_1x,data/hcr_train\triplets\00906_ref_64.npy,data/hcr_train\triplets\00906_ref_128.npy,data/hcr_train\triplets\00906_pos_64.npy,data/hcr_train\triplets\00906_pos_128.npy,data/hcr_train\triplets\00906_neg_64.npy,data/hcr_train\triplets\00906_neg_128.npy,0.9366,0.8403,0.32,48.3,852.1,651.7
907,212,Easy,dram_1x,data/hcr_train\triplets\00907_ref_64.npy,data/hcr_train\triplets\00907_ref_128.npy,data/hcr_train\triplets\00907_pos_64.npy,data/hcr_train\triplets\00907_pos_128.npy,data/hcr_train\triplets\00907_neg_64.npy,data/hcr_train\triplets\00907_neg_128.npy,0.9366,0.813,0.32,144.3,852.1,651.7
908,212,Easy,dram_1x,data/hcr_train\triplets\00908_ref_64.npy,data/hcr_train\triplets\00908_ref_128.npy,data/hcr_train\triplets\00908_pos_64.npy,data/hcr_train\triplets\00908_pos_128.npy,data/hcr_train\triplets\00908_neg_64.npy,data/hcr_train\triplets\00908_neg_128.npy,0.9366,0.8055,0.32,129.3,852.1,651.7
909,212,Easy,dram_1x,data/hcr_train\triplets\00909_ref_64.npy,data/hcr_train\triplets\00909_ref_128.npy,data/hcr_train\triplets\00909_pos_64.npy,data/hcr_train\triplets\00909_pos_128.npy,data/hcr_train\triplets\00909_neg_64.npy,data/hcr_train\triplets\00909_neg_128.npy,0.9366,0.805,0.32,33.3,852.1,651.7
910,213,Medium,dram_dense,data/hcr_train\triplets\00910_ref_64.npy,data/hcr_train\triplets\00910_ref_128.npy,data/hcr_train\triplets\00910_pos_64.npy,data/hcr_train\triplets\00910_pos_128.npy,data/hcr_train\triplets\00910_neg_64.npy,data/hcr_train\triplets\00910_neg_128.npy,0.7895,0.7874,1.12,390.7,653.1,709.8
911,213,Medium,dram_dense,data/hcr_train\triplets\00911_ref_64.npy,data/hcr_train\triplets\00911_ref_128.npy,data/hcr_train\triplets\00911_pos_64.npy,data/hcr_train\triplets\00911_pos_128.npy,data/hcr_train\triplets\00911_neg_64.npy,data/hcr_train\triplets\00911_neg_128.npy,0.7895,0.7858,1.12,370.59,653.1,709.8
912,213,Medium,dram_dense,data/hcr_train\triplets\00912_ref_64.npy,data/hcr_train\triplets\00912_ref_128.npy,data/hcr_train\triplets\00912_pos_64.npy,data/hcr_train\triplets\00912_pos_128.npy,data/hcr_train\triplets\00912_neg_64.npy,data/hcr_train\triplets\00912_neg_128.npy,0.7895,0.7851,1.12,35.23,653.1,709.8
913,213,Medium,dram_dense,data/hcr_train\triplets\00913_ref_64.npy,data/hcr_train\triplets\00913_ref_128.npy,data/hcr_train\triplets\00913_pos_64.npy,data/hcr_train\triplets\00913_pos_128.npy,data/hcr_train\triplets\00913_neg_64.npy,data/hcr_train\triplets\00913_neg_128.npy,0.7895,0.7824,1.12,347.6,653.1,709.8
914,213,Medium,dram_dense,data/hcr_train\triplets\00914_ref_64.npy,data/hcr_train\triplets\00914_ref_128.npy,data/hcr_train\triplets\00914_pos_64.npy,data/hcr_train\triplets\00914_pos_128.npy,data/hcr_train\triplets\00914_neg_64.npy,data/hcr_train\triplets\00914_neg_128.npy,0.7895,0.7819,1.12,414.79,653.1,709.8
915,215,Adversarial,finfet_7nm,data/hcr_train\triplets\00915_ref_64.npy,data/hcr_train\triplets\00915_ref_128.npy,data/hcr_train\triplets\00915_pos_64.npy,data/hcr_train\triplets\00915_pos_128.npy,data/hcr_train\triplets\00915_neg_64.npy,data/hcr_train\triplets\00915_neg_128.npy,0.3639,0.2363,1.33,16.3,575.3,281.3
916,215,Adversarial,finfet_7nm,data/hcr_train\triplets\00916_ref_64.npy,data/hcr_train\triplets\00916_ref_128.npy,data/hcr_train\triplets\00916_pos_64.npy,data/hcr_train\triplets\00916_pos_128.npy,data/hcr_train\triplets\00916_neg_64.npy,data/hcr_train\triplets\00916_neg_128.npy,0.3639,0.2271,1.33,655.94,575.3,281.3
917,215,Adversarial,finfet_7nm,data/hcr_train\triplets\00917_ref_64.npy,data/hcr_train\triplets\00917_ref_128.npy,data/hcr_train\triplets\00917_pos_64.npy,data/hcr_train\triplets\00917_pos_128.npy,data/hcr_train\triplets\00917_neg_64.npy,data/hcr_train\triplets\00917_neg_128.npy,0.3639,0.227,1.33,13.7,575.3,281.3
918,215,Adversarial,finfet_7nm,data/hcr_train\triplets\00918_ref_64.npy,data/hcr_train\triplets\00918_ref_128.npy,data/hcr_train\triplets\00918_pos_64.npy,data/hcr_train\triplets\00918_pos_128.npy,data/hcr_train\triplets\00918_neg_64.npy,data/hcr_train\triplets\00918_neg_128.npy,0.3639,0.2243,1.33,14.76,575.3,281.3
919,215,Adversarial,finfet_7nm,data/hcr_train\triplets\00919_ref_64.npy,data/hcr_train\triplets\00919_ref_128.npy,data/hcr_train\triplets\00919_pos_64.npy,data/hcr_train\triplets\00919_pos_128.npy,data/hcr_train\triplets\00919_neg_64.npy,data/hcr_train\triplets\00919_neg_128.npy,0.3639,0.2204,1.33,411.85,575.3,281.3
920,216,Easy,dram_1x,data/hcr_train\triplets\00920_ref_64.npy,data/hcr_train\triplets\00920_ref_128.npy,data/hcr_train\triplets\00920_pos_64.npy,data/hcr_train\triplets\00920_pos_128.npy,data/hcr_train\triplets\00920_neg_64.npy,data/hcr_train\triplets\00920_neg_128.npy,0.9298,0.9331,0.36,14.3,901.2,666.7
921,216,Easy,dram_1x,data/hcr_train\triplets\00921_ref_64.npy,data/hcr_train\triplets\00921_ref_128.npy,data/hcr_train\triplets\00921_pos_64.npy,data/hcr_train\triplets\00921_pos_128.npy,data/hcr_train\triplets\00921_neg_64.npy,data/hcr_train\triplets\00921_neg_128.npy,0.9298,0.9173,0.36,28.7,901.2,666.7
922,216,Easy,dram_1x,data/hcr_train\triplets\00922_ref_64.npy,data/hcr_train\triplets\00922_ref_128.npy,data/hcr_train\triplets\00922_pos_64.npy,data/hcr_train\triplets\00922_pos_128.npy,data/hcr_train\triplets\00922_neg_64.npy,data/hcr_train\triplets\00922_neg_128.npy,0.9298,0.9169,0.36,14.7,901.2,666.7
923,216,Easy,dram_1x,data/hcr_train\triplets\00923_ref_64.npy,data/hcr_train\triplets\00923_ref_128.npy,data/hcr_train\triplets\00923_pos_64.npy,data/hcr_train\triplets\00923_pos_128.npy,data/hcr_train\triplets\00923_neg_64.npy,data/hcr_train\triplets\00923_neg_128.npy,0.9298,0.9048,0.36,43.3,901.2,666.7
924,216,Easy,dram_1x,data/hcr_train\triplets\00924_ref_64.npy,data/hcr_train\triplets\00924_ref_128.npy,data/hcr_train\triplets\00924_pos_64.npy,data/hcr_train\triplets\00924_pos_128.npy,data/hcr_train\triplets\00924_neg_64.npy,data/hcr_train\triplets\00924_neg_128.npy,0.9298,0.8825,0.36,100.3,901.2,666.7
925,217,Medium,dram_dense,data/hcr_train\triplets\00925_ref_64.npy,data/hcr_train\triplets\00925_ref_128.npy,data/hcr_train\triplets\00925_pos_64.npy,data/hcr_train\triplets\00925_pos_128.npy,data/hcr_train\triplets\00925_neg_64.npy,data/hcr_train\triplets\00925_neg_128.npy,0.8617,0.8566,1.22,42.82,942.2,727.8
926,217,Medium,dram_dense,data/hcr_train\triplets\00926_ref_64.npy,data/hcr_train\triplets\00926_ref_128.npy,data/hcr_train\triplets\00926_pos_64.npy,data/hcr_train\triplets\00926_pos_128.npy,data/hcr_train\triplets\00926_neg_64.npy,data/hcr_train\triplets\00926_neg_128.npy,0.8617,0.8547,1.22,85.81,942.2,727.8
927,217,Medium,dram_dense,data/hcr_train\triplets\00927_ref_64.npy,data/hcr_train\triplets\00927_ref_128.npy,data/hcr_train\triplets\00927_pos_64.npy,data/hcr_train\triplets\00927_pos_128.npy,data/hcr_train\triplets\00927_neg_64.npy,data/hcr_train\triplets\00927_neg_128.npy,0.8617,0.8459,1.22,28.82,942.2,727.8
928,217,Medium,dram_dense,data/hcr_train\triplets\00928_ref_64.npy,data/hcr_train\triplets\00928_ref_128.npy,data/hcr_train\triplets\00928_pos_64.npy,data/hcr_train\triplets\00928_pos_128.npy,data/hcr_train\triplets\00928_neg_64.npy,data/hcr_train\triplets\00928_neg_128.npy,0.8617,0.8288,1.22,14.25,942.2,727.8
929,217,Medium,dram_dense,data/hcr_train\triplets\00929_ref_64.npy,data/hcr_train\triplets\00929_ref_128.npy,data/hcr_train\triplets\00929_pos_64.npy,data/hcr_train\triplets\00929_pos_128.npy,data/hcr_train\triplets\00929_neg_64.npy,data/hcr_train\triplets\00929_neg_128.npy,0.8617,0.8051,1.22,48.21,942.2,727.8
930,218,Hard,finfet_10nm,data/hcr_train\triplets\00930_ref_64.npy,data/hcr_train\triplets\00930_ref_128.npy,data/hcr_train\triplets\00930_pos_64.npy,data/hcr_train\triplets\00930_pos_128.npy,data/hcr_train\triplets\00930_neg_64.npy,data/hcr_train\triplets\00930_neg_128.npy,0.6911,0.6897,2.91,50.9,687.9,898.2
931,218,Hard,finfet_10nm,data/hcr_train\triplets\00931_ref_64.npy,data/hcr_train\triplets\00931_ref_128.npy,data/hcr_train\triplets\00931_pos_64.npy,data/hcr_train\triplets\00931_pos_128.npy,data/hcr_train\triplets\00931_neg_64.npy,data/hcr_train\triplets\00931_neg_128.npy,0.6911,0.6894,2.91,26.9,687.9,898.2
932,218,Hard,finfet_10nm,data/hcr_train\triplets\00932_ref_64.npy,data/hcr_train\triplets\00932_ref_128.npy,data/hcr_train\triplets\00932_pos_64.npy,data/hcr_train\triplets\00932_pos_128.npy,data/hcr_train\triplets\00932_neg_64.npy,data/hcr_train\triplets\00932_neg_128.npy,0.6911,0.6827,2.91,491.9,687.9,898.2
933,218,Hard,finfet_10nm,data/hcr_train\triplets\00933_ref_64.npy,data/hcr_train\triplets\00933_ref_128.npy,data/hcr_train\triplets\00933_pos_64.npy,data/hcr_train\triplets\00933_pos_128.npy,data/hcr_train\triplets\00933_neg_64.npy,data/hcr_train\triplets\00933_neg_128.npy,0.6911,0.6777,2.91,82.1,687.9,898.2
934,218,Hard,finfet_10nm,data/hcr_train\triplets\00934_ref_64.npy,data/hcr_train\triplets\00934_ref_128.npy,data/hcr_train\triplets\00934_pos_64.npy,data/hcr_train\triplets\00934_pos_128.npy,data/hcr_train\triplets\00934_neg_64.npy,data/hcr_train\triplets\00934_neg_128.npy,0.6911,0.6767,2.91,515.9,687.9,898.2
935,219,Adversarial,finfet_7nm,data/hcr_train\triplets\00935_ref_64.npy,data/hcr_train\triplets\00935_ref_128.npy,data/hcr_train\triplets\00935_pos_64.npy,data/hcr_train\triplets\00935_pos_128.npy,data/hcr_train\triplets\00935_neg_64.npy,data/hcr_train\triplets\00935_neg_128.npy,0.3855,0.3823,0.42,66.3,886.7,131.3
936,219,Adversarial,finfet_7nm,data/hcr_train\triplets\00936_ref_64.npy,data/hcr_train\triplets\00936_ref_128.npy,data/hcr_train\triplets\00936_pos_64.npy,data/hcr_train\triplets\00936_pos_128.npy,data/hcr_train\triplets\00936_neg_64.npy,data/hcr_train\triplets\00936_neg_128.npy,0.3855,0.3731,0.42,44.3,886.7,131.3
937,219,Adversarial,finfet_7nm,data/hcr_train\triplets\00937_ref_64.npy,data/hcr_train\triplets\00937_ref_128.npy,data/hcr_train\triplets\00937_pos_64.npy,data/hcr_train\triplets\00937_pos_128.npy,data/hcr_train\triplets\00937_neg_64.npy,data/hcr_train\triplets\00937_neg_128.npy,0.3855,0.3634,0.42,22.3,886.7,131.3
938,219,Adversarial,finfet_7nm,data/hcr_train\triplets\00938_ref_64.npy,data/hcr_train\triplets\00938_ref_128.npy,data/hcr_train\triplets\00938_pos_64.npy,data/hcr_train\triplets\00938_pos_128.npy,data/hcr_train\triplets\00938_neg_64.npy,data/hcr_train\triplets\00938_neg_128.npy,0.3855,0.342,0.42,535.71,886.7,131.3
939,219,Adversarial,finfet_7nm,data/hcr_train\triplets\00939_ref_64.npy,data/hcr_train\triplets\00939_ref_128.npy,data/hcr_train\triplets\00939_pos_64.npy,data/hcr_train\triplets\00939_pos_128.npy,data/hcr_train\triplets\00939_neg_64.npy,data/hcr_train\triplets\00939_neg_128.npy,0.3855,0.3371,0.42,21.71,886.7,131.3
940,220,Easy,dram_1x,data/hcr_train\triplets\00940_ref_64.npy,data/hcr_train\triplets\00940_ref_128.npy,data/hcr_train\triplets\00940_pos_64.npy,data/hcr_train\triplets\00940_pos_128.npy,data/hcr_train\triplets\00940_neg_64.npy,data/hcr_train\triplets\00940_neg_128.npy,0.8459,0.8889,0.64,38.5,584.4,105.5
941,220,Easy,dram_1x,data/hcr_train\triplets\00941_ref_64.npy,data/hcr_train\triplets\00941_ref_128.npy,data/hcr_train\triplets\00941_pos_64.npy,data/hcr_train\triplets\00941_pos_128.npy,data/hcr_train\triplets\00941_neg_64.npy,data/hcr_train\triplets\00941_neg_128.npy,0.8459,0.8623,0.64,38.5,584.4,105.5
942,220,Easy,dram_1x,data/hcr_train\triplets\00942_ref_64.npy,data/hcr_train\triplets\00942_ref_128.npy,data/hcr_train\triplets\00942_pos_64.npy,data/hcr_train\triplets\00942_pos_128.npy,data/hcr_train\triplets\00942_neg_64.npy,data/hcr_train\triplets\00942_neg_128.npy,0.8459,0.8402,0.64,19.5,584.4,105.5
943,220,Easy,dram_1x,data/hcr_train\triplets\00943_ref_64.npy,data/hcr_train\triplets\00943_ref_128.npy,data/hcr_train\triplets\00943_pos_64.npy,data/hcr_train\triplets\00943_pos_128.npy,data/hcr_train\triplets\00943_neg_64.npy,data/hcr_train\triplets\00943_neg_128.npy,0.8459,0.834,0.64,19.5,584.4,105.5
944,220,Easy,dram_1x,data/hcr_train\triplets\00944_ref_64.npy,data/hcr_train\triplets\00944_ref_128.npy,data/hcr_train\triplets\00944_pos_64.npy,data/hcr_train\triplets\00944_pos_128.npy,data/hcr_train\triplets\00944_neg_64.npy,data/hcr_train\triplets\00944_neg_128.npy,0.8459,0.8184,0.64,77.5,584.4,105.5
945,221,Medium,dram_dense,data/hcr_train\triplets\00945_ref_64.npy,data/hcr_train\triplets\00945_ref_128.npy,data/hcr_train\triplets\00945_pos_64.npy,data/hcr_train\triplets\00945_pos_128.npy,data/hcr_train\triplets\00945_neg_64.npy,data/hcr_train\triplets\00945_neg_128.npy,0.8605,0.8542,0.3,42.7,120.3,305.0
946,221,Medium,dram_dense,data/hcr_train\triplets\00946_ref_64.npy,data/hcr_train\triplets\00946_ref_128.npy,data/hcr_train\triplets\00946_pos_64.npy,data/hcr_train\triplets\00946_pos_128.npy,data/hcr_train\triplets\00946_neg_64.npy,data/hcr_train\triplets\00946_neg_128.npy,0.8605,0.8497,0.3,13.7,120.3,305.0
947,221,Medium,dram_dense,data/hcr_train\triplets\00947_ref_64.npy,data/hcr_train\triplets\00947_ref_128.npy,data/hcr_train\triplets\00947_pos_64.npy,data/hcr_train\triplets\00947_pos_128.npy,data/hcr_train\triplets\00947_neg_64.npy,data/hcr_train\triplets\00947_neg_128.npy,0.8605,0.8381,0.3,85.7,120.3,305.0
948,221,Medium,dram_dense,data/hcr_train\triplets\00948_ref_64.npy,data/hcr_train\triplets\00948_ref_128.npy,data/hcr_train\triplets\00948_pos_64.npy,data/hcr_train\triplets\00948_pos_128.npy,data/hcr_train\triplets\00948_neg_64.npy,data/hcr_train\triplets\00948_neg_128.npy,0.8605,0.8375,0.3,71.7,120.3,305.0
949,221,Medium,dram_dense,data/hcr_train\triplets\00949_ref_64.npy,data/hcr_train\triplets\00949_ref_128.npy,data/hcr_train\triplets\00949_pos_64.npy,data/hcr_train\triplets\00949_pos_128.npy,data/hcr_train\triplets\00949_neg_64.npy,data/hcr_train\triplets\00949_neg_128.npy,0.8605,0.8348,0.3,29.3,120.3,305.0
950,222,Hard,finfet_10nm,data/hcr_train\triplets\00950_ref_64.npy,data/hcr_train\triplets\00950_ref_128.npy,data/hcr_train\triplets\00950_pos_64.npy,data/hcr_train\triplets\00950_pos_128.npy,data/hcr_train\triplets\00950_neg_64.npy,data/hcr_train\triplets\00950_neg_128.npy,0.6805,0.4701,0.41,16.4,559.4,300.9
951,222,Hard,finfet_10nm,data/hcr_train\triplets\00951_ref_64.npy,data/hcr_train\triplets\00951_ref_128.npy,data/hcr_train\triplets\00951_pos_64.npy,data/hcr_train\triplets\00951_pos_128.npy,data/hcr_train\triplets\00951_neg_64.npy,data/hcr_train\triplets\00951_neg_128.npy,0.6805,0.4598,0.41,180.11,559.4,300.9
952,222,Hard,finfet_10nm,data/hcr_train\triplets\00952_ref_64.npy,data/hcr_train\triplets\00952_ref_128.npy,data/hcr_train\triplets\00952_pos_64.npy,data/hcr_train\triplets\00952_pos_128.npy,data/hcr_train\triplets\00952_neg_64.npy,data/hcr_train\triplets\00952_neg_128.npy,0.6805,0.4542,0.41,90.11,559.4,300.9
953,222,Hard,finfet_10nm,data/hcr_train\triplets\00953_ref_64.npy,data/hcr_train\triplets\00953_ref_128.npy,data/hcr_train\triplets\00953_pos_64.npy,data/hcr_train\triplets\00953_pos_128.npy,data/hcr_train\triplets\00953_neg_64.npy,data/hcr_train\triplets\00953_neg_128.npy,0.6805,0.4429,0.41,112.4,559.4,300.9
954,222,Hard,finfet_10nm,data/hcr_train\triplets\00954_ref_64.npy,data/hcr_train\triplets\00954_ref_128.npy,data/hcr_train\triplets\00954_pos_64.npy,data/hcr_train\triplets\00954_pos_128.npy,data/hcr_train\triplets\00954_neg_64.npy,data/hcr_train\triplets\00954_neg_128.npy,0.6805,0.4359,0.41,96.4,559.4,300.9
955,223,Adversarial,finfet_7nm,data/hcr_train\triplets\00955_ref_64.npy,data/hcr_train\triplets\00955_ref_128.npy,data/hcr_train\triplets\00955_pos_64.npy,data/hcr_train\triplets\00955_pos_128.npy,data/hcr_train\triplets\00955_neg_64.npy,data/hcr_train\triplets\00955_neg_128.npy,0.4803,0.4214,2.41,599.24,880.4,427.2
956,223,Adversarial,finfet_7nm,data/hcr_train\triplets\00956_ref_64.npy,data/hcr_train\triplets\00956_ref_128.npy,data/hcr_train\triplets\00956_pos_64.npy,data/hcr_train\triplets\00956_pos_128.npy,data/hcr_train\triplets\00956_neg_64.npy,data/hcr_train\triplets\00956_neg_128.npy,0.4803,0.4182,2.41,51.82,880.4,427.2
957,223,Adversarial,finfet_7nm,data/hcr_train\triplets\00957_ref_64.npy,data/hcr_train\triplets\00957_ref_128.npy,data/hcr_train\triplets\00957_pos_64.npy,data/hcr_train\triplets\00957_pos_128.npy,data/hcr_train\triplets\00957_neg_64.npy,data/hcr_train\triplets\00957_neg_128.npy,0.4803,0.4155,2.41,52.22,880.4,427.2
958,223,Adversarial,finfet_7nm,data/hcr_train\triplets\00958_ref_64.npy,data/hcr_train\triplets\00958_ref_128.npy,data/hcr_train\triplets\00958_pos_64.npy,data/hcr_train\triplets\00958_pos_128.npy,data/hcr_train\triplets\00958_neg_64.npy,data/hcr_train\triplets\00958_neg_128.npy,0.4803,0.4145,2.41,590.79,880.4,427.2
959,223,Adversarial,finfet_7nm,data/hcr_train\triplets\00959_ref_64.npy,data/hcr_train\triplets\00959_ref_128.npy,data/hcr_train\triplets\00959_pos_64.npy,data/hcr_train\triplets\00959_pos_128.npy,data/hcr_train\triplets\00959_neg_64.npy,data/hcr_train\triplets\00959_neg_128.npy,0.4803,0.4097,2.41,679.76,880.4,427.2
960,224,Easy,dram_1x,data/hcr_train\triplets\00960_ref_64.npy,data/hcr_train\triplets\00960_ref_128.npy,data/hcr_train\triplets\00960_pos_64.npy,data/hcr_train\triplets\00960_pos_128.npy,data/hcr_train\triplets\00960_neg_64.npy,data/hcr_train\triplets\00960_neg_128.npy,0.8772,0.868,0.41,71.9,478.9,586.4
961,224,Easy,dram_1x,data/hcr_train\triplets\00961_ref_64.npy,data/hcr_train\triplets\00961_ref_128.npy,data/hcr_train\triplets\00961_pos_64.npy,data/hcr_train\triplets\00961_pos_128.npy,data/hcr_train\triplets\00961_neg_64.npy,data/hcr_train\triplets\00961_neg_128.npy,0.8772,0.8069,0.41,121.9,478.9,586.4
962,224,Easy,dram_1x,data/hcr_train\triplets\00962_ref_64.npy,data/hcr_train\triplets\00962_ref_128.npy,data/hcr_train\triplets\00962_pos_64.npy,data/hcr_train\triplets\00962_pos_128.npy,data/hcr_train\triplets\00962_neg_64.npy,data/hcr_train\triplets\00962_neg_128.npy,0.8772,0.7987,0.41,142.9,478.9,586.4
963,224,Easy,dram_1x,data/hcr_train\triplets\00963_ref_64.npy,data/hcr_train\triplets\00963_ref_128.npy,data/hcr_train\triplets\00963_pos_64.npy,data/hcr_train\triplets\00963_pos_128.npy,data/hcr_train\triplets\00963_neg_64.npy,data/hcr_train\triplets\00963_neg_128.npy,0.8772,0.7826,0.41,49.9,478.9,586.4
964,224,Easy,dram_1x,data/hcr_train\triplets\00964_ref_64.npy,data/hcr_train\triplets\00964_ref_128.npy,data/hcr_train\triplets\00964_pos_64.npy,data/hcr_train\triplets\00964_pos_128.npy,data/hcr_train\triplets\00964_neg_64.npy,data/hcr_train\triplets\00964_neg_128.npy,0.8772,0.7751,0.41,28.9,478.9,586.4
965,225,Medium,dram_dense,data/hcr_train\triplets\00965_ref_64.npy,data/hcr_train\triplets\00965_ref_128.npy,data/hcr_train\triplets\00965_pos_64.npy,data/hcr_train\triplets\00965_pos_128.npy,data/hcr_train\triplets\00965_neg_64.npy,data/hcr_train\triplets\00965_neg_128.npy,0.8963,0.5426,1.4,15.96,866.4,582.1
966,225,Medium,dram_dense,data/hcr_train\triplets\00966_ref_64.npy,data/hcr_train\triplets\00966_ref_128.npy,data/hcr_train\triplets\00966_pos_64.npy,data/hcr_train\triplets\00966_pos_128.npy,data/hcr_train\triplets\00966_neg_64.npy,data/hcr_train\triplets\00966_neg_128.npy,0.8963,0.4977,1.4,159.91,866.4,582.1
967,225,Medium,dram_dense,data/hcr_train\triplets\00967_ref_64.npy,data/hcr_train\triplets\00967_ref_128.npy,data/hcr_train\triplets\00967_pos_64.npy,data/hcr_train\triplets\00967_pos_128.npy,data/hcr_train\triplets\00967_neg_64.npy,data/hcr_train\triplets\00967_neg_128.npy,0.8963,0.4953,1.4,95.91,866.4,582.1
968,225,Medium,dram_dense,data/hcr_train\triplets\00968_ref_64.npy,data/hcr_train\triplets\00968_ref_128.npy,data/hcr_train\triplets\00968_pos_64.npy,data/hcr_train\triplets\00968_pos_128.npy,data/hcr_train\triplets\00968_neg_64.npy,data/hcr_train\triplets\00968_neg_128.npy,0.8963,0.4936,1.4,128.91,866.4,582.1
969,225,Medium,dram_dense,data/hcr_train\triplets\00969_ref_64.npy,data/hcr_train\triplets\00969_ref_128.npy,data/hcr_train\triplets\00969_pos_64.npy,data/hcr_train\triplets\00969_pos_128.npy,data/hcr_train\triplets\00969_neg_64.npy,data/hcr_train\triplets\00969_neg_128.npy,0.8963,0.4883,1.4,63.92,866.4,582.1
970,226,Hard,finfet_10nm,data/hcr_train\triplets\00970_ref_64.npy,data/hcr_train\triplets\00970_ref_128.npy,data/hcr_train\triplets\00970_pos_64.npy,data/hcr_train\triplets\00970_pos_128.npy,data/hcr_train\triplets\00970_neg_64.npy,data/hcr_train\triplets\00970_neg_128.npy,0.6453,0.6439,2.91,107.22,256.9,801.2
971,226,Hard,finfet_10nm,data/hcr_train\triplets\00971_ref_64.npy,data/hcr_train\triplets\00971_ref_128.npy,data/hcr_train\triplets\00971_pos_64.npy,data/hcr_train\triplets\00971_pos_128.npy,data/hcr_train\triplets\00971_neg_64.npy,data/hcr_train\triplets\00971_neg_128.npy,0.6453,0.6101,2.91,653.57,256.9,801.2
972,226,Hard,finfet_10nm,data/hcr_train\triplets\00972_ref_64.npy,data/hcr_train\triplets\00972_ref_128.npy,data/hcr_train\triplets\00972_pos_64.npy,data/hcr_train\triplets\00972_pos_128.npy,data/hcr_train\triplets\00972_neg_64.npy,data/hcr_train\triplets\00972_neg_128.npy,0.6453,0.5916,2.91,72.22,256.9,801.2
973,226,Hard,finfet_10nm,data/hcr_train\triplets\00973_ref_64.npy,data/hcr_train\triplets\00973_ref_128.npy,data/hcr_train\triplets\00973_pos_64.npy,data/hcr_train\triplets\00973_pos_128.npy,data/hcr_train\triplets\00973_neg_64.npy,data/hcr_train\triplets\00973_neg_128.npy,0.6453,0.5894,2.91,133.8,256.9,801.2
974,226,Hard,finfet_10nm,data/hcr_train\triplets\00974_ref_64.npy,data/hcr_train\triplets\00974_ref_128.npy,data/hcr_train\triplets\00974_pos_64.npy,data/hcr_train\triplets\00974_pos_128.npy,data/hcr_train\triplets\00974_neg_64.npy,data/hcr_train\triplets\00974_neg_128.npy,0.6453,0.5842,2.91,144.21,256.9,801.2
975,227,Adversarial,finfet_7nm,data/hcr_train\triplets\00975_ref_64.npy,data/hcr_train\triplets\00975_ref_128.npy,data/hcr_train\triplets\00975_pos_64.npy,data/hcr_train\triplets\00975_pos_128.npy,data/hcr_train\triplets\00975_neg_64.npy,data/hcr_train\triplets\00975_neg_128.npy,0.3894,0.3411,3.71,408.78,295.7,622.2
976,227,Adversarial,finfet_7nm,data/hcr_train\triplets\00976_ref_64.npy,data/hcr_train\triplets\00976_ref_128.npy,data/hcr_train\triplets\00976_pos_64.npy,data/hcr_train\triplets\00976_pos_128.npy,data/hcr_train\triplets\00976_neg_64.npy,data/hcr_train\triplets\00976_neg_128.npy,0.3894,0.3014,3.71,43.96,295.7,622.2
977,227,Adversarial,finfet_7nm,data/hcr_train\triplets\00977_ref_64.npy,data/hcr_train\triplets\00977_ref_128.npy,data/hcr_train\triplets\00977_pos_64.npy,data/hcr_train\triplets\00977_pos_128.npy,data/hcr_train\triplets\00977_neg_64.npy,data/hcr_train\triplets\00977_neg_128.npy,0.3894,0.3009,3.71,87.84,295.7,622.2
978,227,Adversarial,finfet_7nm,data/hcr_train\triplets\00978_ref_64.npy,data/hcr_train\triplets\00978_ref_128.npy,data/hcr_train\triplets\00978_pos_64.npy,data/hcr_train\triplets\00978_pos_128.npy,data/hcr_train\triplets\00978_neg_64.npy,data/hcr_train\triplets\00978_neg_128.npy,0.3894,0.2876,3.71,22.11,295.7,622.2
979,227,Adversarial,finfet_7nm,data/hcr_train\triplets\00979_ref_64.npy,data/hcr_train\triplets\00979_ref_128.npy,data/hcr_train\triplets\00979_pos_64.npy,data/hcr_train\triplets\00979_pos_128.npy,data/hcr_train\triplets\00979_neg_64.npy,data/hcr_train\triplets\00979_neg_128.npy,0.3894,0.2853,3.71,424.66,295.7,622.2
980,228,Easy,dram_1x,data/hcr_train\triplets\00980_ref_64.npy,data/hcr_train\triplets\00980_ref_128.npy,data/hcr_train\triplets\00980_pos_64.npy,data/hcr_train\triplets\00980_pos_128.npy,data/hcr_train\triplets\00980_neg_64.npy,data/hcr_train\triplets\00980_neg_128.npy,0.9292,0.7413,0.5,115.3,549.4,315.7
981,228,Easy,dram_1x,data/hcr_train\triplets\00981_ref_64.npy,data/hcr_train\triplets\00981_ref_128.npy,data/hcr_train\triplets\00981_pos_64.npy,data/hcr_train\triplets\00981_pos_128.npy,data/hcr_train\triplets\00981_neg_64.npy,data/hcr_train\triplets\00981_neg_128.npy,0.9292,0.7357,0.5,13.31,549.4,315.7
982,228,Easy,dram_1x,data/hcr_train\triplets\00982_ref_64.npy,data/hcr_train\triplets\00982_ref_128.npy,data/hcr_train\triplets\00982_pos_64.npy,data/hcr_train\triplets\00982_pos_128.npy,data/hcr_train\triplets\00982_neg_64.npy,data/hcr_train\triplets\00982_neg_128.npy,0.9292,0.7308,0.5,64.3,549.4,315.7
983,228,Easy,dram_1x,data/hcr_train\triplets\00983_ref_64.npy,data/hcr_train\triplets\00983_ref_128.npy,data/hcr_train\triplets\00983_pos_64.npy,data/hcr_train\triplets\00983_pos_128.npy,data/hcr_train\triplets\00983_neg_64.npy,data/hcr_train\triplets\00983_neg_128.npy,0.9292,0.7043,0.5,179.3,549.4,315.7
984,228,Easy,dram_1x,data/hcr_train\triplets\00984_ref_64.npy,data/hcr_train\triplets\00984_ref_128.npy,data/hcr_train\triplets\00984_pos_64.npy,data/hcr_train\triplets\00984_pos_128.npy,data/hcr_train\triplets\00984_neg_64.npy,data/hcr_train\triplets\00984_neg_128.npy,0.9292,0.701,0.5,51.3,549.4,315.7
985,229,Medium,dram_dense,data/hcr_train\triplets\00985_ref_64.npy,data/hcr_train\triplets\00985_ref_128.npy,data/hcr_train\triplets\00985_pos_64.npy,data/hcr_train\triplets\00985_pos_128.npy,data/hcr_train\triplets\00985_neg_64.npy,data/hcr_train\triplets\00985_neg_128.npy,0.8912,0.8772,1.2,109.2,778.2,807.1
986,229,Medium,dram_dense,data/hcr_train\triplets\00986_ref_64.npy,data/hcr_train\triplets\00986_ref_128.npy,data/hcr_train\triplets\00986_pos_64.npy,data/hcr_train\triplets\00986_pos_128.npy,data/hcr_train\triplets\00986_neg_64.npy,data/hcr_train\triplets\00986_neg_128.npy,0.8912,0.8653,1.2,44.2,778.2,807.1
987,229,Medium,dram_dense,data/hcr_train\triplets\00987_ref_64.npy,data/hcr_train\triplets\00987_ref_128.npy,data/hcr_train\triplets\00987_pos_64.npy,data/hcr_train\triplets\00987_pos_128.npy,data/hcr_train\triplets\00987_neg_64.npy,data/hcr_train\triplets\00987_neg_128.npy,0.8912,0.8589,1.2,66.2,778.2,807.1
988,229,Medium,dram_dense,data/hcr_train\triplets\00988_ref_64.npy,data/hcr_train\triplets\00988_ref_128.npy,data/hcr_train\triplets\00988_pos_64.npy,data/hcr_train\triplets\00988_pos_128.npy,data/hcr_train\triplets\00988_neg_64.npy,data/hcr_train\triplets\00988_neg_128.npy,0.8912,0.8489,1.2,87.2,778.2,807.1
989,229,Medium,dram_dense,data/hcr_train\triplets\00989_ref_64.npy,data/hcr_train\triplets\00989_ref_128.npy,data/hcr_train\triplets\00989_pos_64.npy,data/hcr_train\triplets\00989_pos_128.npy,data/hcr_train\triplets\00989_neg_64.npy,data/hcr_train\triplets\00989_neg_128.npy,0.8912,0.8334,1.2,131.2,778.2,807.1
990,231,Adversarial,finfet_7nm,data/hcr_train\triplets\00990_ref_64.npy,data/hcr_train\triplets\00990_ref_128.npy,data/hcr_train\triplets\00990_pos_64.npy,data/hcr_train\triplets\00990_pos_128.npy,data/hcr_train\triplets\00990_neg_64.npy,data/hcr_train\triplets\00990_neg_128.npy,0.4678,0.4726,2.9,92.1,681.9,816.0
991,231,Adversarial,finfet_7nm,data/hcr_train\triplets\00991_ref_64.npy,data/hcr_train\triplets\00991_ref_128.npy,data/hcr_train\triplets\00991_pos_64.npy,data/hcr_train\triplets\00991_pos_128.npy,data/hcr_train\triplets\00991_neg_64.npy,data/hcr_train\triplets\00991_neg_128.npy,0.4678,0.4684,2.9,73.1,681.9,816.0
992,231,Adversarial,finfet_7nm,data/hcr_train\triplets\00992_ref_64.npy,data/hcr_train\triplets\00992_ref_128.npy,data/hcr_train\triplets\00992_pos_64.npy,data/hcr_train\triplets\00992_pos_128.npy,data/hcr_train\triplets\00992_neg_64.npy,data/hcr_train\triplets\00992_neg_128.npy,0.4678,0.465,2.9,16.1,681.9,816.0
993,231,Adversarial,finfet_7nm,data/hcr_train\triplets\00993_ref_64.npy,data/hcr_train\triplets\00993_ref_128.npy,data/hcr_train\triplets\00993_pos_64.npy,data/hcr_train\triplets\00993_pos_128.npy,data/hcr_train\triplets\00993_neg_64.npy,data/hcr_train\triplets\00993_neg_128.npy,0.4678,0.4644,2.9,41.9,681.9,816.0
994,231,Adversarial,finfet_7nm,data/hcr_train\triplets\00994_ref_64.npy,data/hcr_train\triplets\00994_ref_128.npy,data/hcr_train\triplets\00994_pos_64.npy,data/hcr_train\triplets\00994_pos_128.npy,data/hcr_train\triplets\00994_neg_64.npy,data/hcr_train\triplets\00994_neg_128.npy,0.4678,0.463,2.9,111.1,681.9,816.0
995,232,Easy,dram_1x,data/hcr_train\triplets\00995_ref_64.npy,data/hcr_train\triplets\00995_ref_128.npy,data/hcr_train\triplets\00995_pos_64.npy,data/hcr_train\triplets\00995_pos_128.npy,data/hcr_train\triplets\00995_neg_64.npy,data/hcr_train\triplets\00995_neg_128.npy,0.9581,0.6995,0.22,23.9,923.1,582.8
996,232,Easy,dram_1x,data/hcr_train\triplets\00996_ref_64.npy,data/hcr_train\triplets\00996_ref_128.npy,data/hcr_train\triplets\00996_pos_64.npy,data/hcr_train\triplets\00996_pos_128.npy,data/hcr_train\triplets\00996_neg_64.npy,data/hcr_train\triplets\00996_neg_128.npy,0.9581,0.6624,0.22,877.53,923.1,582.8
997,232,Easy,dram_1x,data/hcr_train\triplets\00997_ref_64.npy,data/hcr_train\triplets\00997_ref_128.npy,data/hcr_train\triplets\00997_pos_64.npy,data/hcr_train\triplets\00997_pos_128.npy,data/hcr_train\triplets\00997_neg_64.npy,data/hcr_train\triplets\00997_neg_128.npy,0.9581,0.656,0.22,787.7,923.1,582.8
998,232,Easy,dram_1x,data/hcr_train\triplets\00998_ref_64.npy,data/hcr_train\triplets\00998_ref_128.npy,data/hcr_train\triplets\00998_pos_64.npy,data/hcr_train\triplets\00998_pos_128.npy,data/hcr_train\triplets\00998_neg_64.npy,data/hcr_train\triplets\00998_neg_128.npy,0.9581,0.6544,0.22,832.44,923.1,582.8
999,232,Easy,dram_1x,data/hcr_train\triplets\00999_ref_64.npy,data/hcr_train\triplets\00999_ref_128.npy,data/hcr_train\triplets\00999_pos_64.npy,data/hcr_train\triplets\00999_pos_128.npy,data/hcr_train\triplets\00999_neg_64.npy,data/hcr_train\triplets\00999_neg_128.npy,0.9581,0.6429,0.22,854.95,923.1,582.8
1000,233,Medium,dram_dense,data/hcr_train\triplets\01000_ref_64.npy,data/hcr_train\triplets\01000_ref_128.npy,data/hcr_train\triplets\01000_pos_64.npy,data/hcr_train\triplets\01000_pos_128.npy,data/hcr_train\triplets\01000_neg_64.npy,data/hcr_train\triplets\01000_neg_128.npy,0.7998,0.7817,0.14,13.9,707.1,192.9
1001,233,Medium,dram_dense,data/hcr_train\triplets\01001_ref_64.npy,data/hcr_train\triplets\01001_ref_128.npy,data/hcr_train\triplets\01001_pos_64.npy,data/hcr_train\triplets\01001_pos_128.npy,data/hcr_train\triplets\01001_neg_64.npy,data/hcr_train\triplets\01001_neg_128.npy,0.7998,0.7808,0.14,72.1,707.1,192.9
1002,233,Medium,dram_dense,data/hcr_train\triplets\01002_ref_64.npy,data/hcr_train\triplets\01002_ref_128.npy,data/hcr_train\triplets\01002_pos_64.npy,data/hcr_train\triplets\01002_pos_128.npy,data/hcr_train\triplets\01002_neg_64.npy,data/hcr_train\triplets\01002_neg_128.npy,0.7998,0.7746,0.14,42.9,707.1,192.9
1003,233,Medium,dram_dense,data/hcr_train\triplets\01003_ref_64.npy,data/hcr_train\triplets\01003_ref_128.npy,data/hcr_train\triplets\01003_pos_64.npy,data/hcr_train\triplets\01003_pos_128.npy,data/hcr_train\triplets\01003_neg_64.npy,data/hcr_train\triplets\01003_neg_128.npy,0.7998,0.7723,0.14,29.1,707.1,192.9
1004,233,Medium,dram_dense,data/hcr_train\triplets\01004_ref_64.npy,data/hcr_train\triplets\01004_ref_128.npy,data/hcr_train\triplets\01004_pos_64.npy,data/hcr_train\triplets\01004_pos_128.npy,data/hcr_train\triplets\01004_neg_64.npy,data/hcr_train\triplets\01004_neg_128.npy,0.7998,0.7707,0.14,85.9,707.1,192.9
1005,234,Hard,finfet_10nm,data/hcr_train\triplets\01005_ref_64.npy,data/hcr_train\triplets\01005_ref_128.npy,data/hcr_train\triplets\01005_pos_64.npy,data/hcr_train\triplets\01005_pos_128.npy,data/hcr_train\triplets\01005_neg_64.npy,data/hcr_train\triplets\01005_neg_128.npy,0.636,0.6174,2.35,98.3,446.3,580.5
1006,234,Hard,finfet_10nm,data/hcr_train\triplets\01006_ref_64.npy,data/hcr_train\triplets\01006_ref_128.npy,data/hcr_train\triplets\01006_pos_64.npy,data/hcr_train\triplets\01006_pos_128.npy,data/hcr_train\triplets\01006_neg_64.npy,data/hcr_train\triplets\01006_neg_128.npy,0.636,0.6099,2.35,45.7,446.3,580.5
1007,234,Hard,finfet_10nm,data/hcr_train\triplets\01007_ref_64.npy,data/hcr_train\triplets\01007_ref_128.npy,data/hcr_train\triplets\01007_pos_64.npy,data/hcr_train\triplets\01007_pos_128.npy,data/hcr_train\triplets\01007_neg_64.npy,data/hcr_train\triplets\01007_neg_128.npy,0.636,0.6015,2.35,50.3,446.3,580.5
1008,234,Hard,finfet_10nm,data/hcr_train\triplets\01008_ref_64.npy,data/hcr_train\triplets\01008_ref_128.npy,data/hcr_train\triplets\01008_pos_64.npy,data/hcr_train\triplets\01008_pos_128.npy,data/hcr_train\triplets\01008_neg_64.npy,data/hcr_train\triplets\01008_neg_128.npy,0.636,0.5934,2.35,16.71,446.3,580.5
1009,234,Hard,finfet_10nm,data/hcr_train\triplets\01009_ref_64.npy,data/hcr_train\triplets\01009_ref_128.npy,data/hcr_train\triplets\01009_pos_64.npy,data/hcr_train\triplets\01009_pos_128.npy,data/hcr_train\triplets\01009_neg_64.npy,data/hcr_train\triplets\01009_neg_128.npy,0.636,0.581,2.35,31.3,446.3,580.5
1010,236,Easy,dram_1x,data/hcr_train\triplets\01010_ref_64.npy,data/hcr_train\triplets\01010_ref_128.npy,data/hcr_train\triplets\01010_pos_64.npy,data/hcr_train\triplets\01010_pos_128.npy,data/hcr_train\triplets\01010_neg_64.npy,data/hcr_train\triplets\01010_neg_128.npy,0.9112,0.7462,0.36,86.8,256.7,230.8
1011,236,Easy,dram_1x,data/hcr_train\triplets\01011_ref_64.npy,data/hcr_train\triplets\01011_ref_128.npy,data/hcr_train\triplets\01011_pos_64.npy,data/hcr_train\triplets\01011_pos_128.npy,data/hcr_train\triplets\01011_neg_64.npy,data/hcr_train\triplets\01011_neg_128.npy,0.9112,0.7195,0.36,172.8,256.7,230.8
1012,236,Easy,dram_1x,data/hcr_train\triplets\01012_ref_64.npy,data/hcr_train\triplets\01012_ref_128.npy,data/hcr_train\triplets\01012_pos_64.npy,data/hcr_train\triplets\01012_pos_128.npy,data/hcr_train\triplets\01012_neg_64.npy,data/hcr_train\triplets\01012_neg_128.npy,0.9112,0.7123,0.36,153.8,256.7,230.8
1013,236,Easy,dram_1x,data/hcr_train\triplets\01013_ref_64.npy,data/hcr_train\triplets\01013_ref_128.npy,data/hcr_train\triplets\01013_pos_64.npy,data/hcr_train\triplets\01013_pos_128.npy,data/hcr_train\triplets\01013_neg_64.npy,data/hcr_train\triplets\01013_neg_128.npy,0.9112,0.7114,0.36,57.8,256.7,230.8
1014,236,Easy,dram_1x,data/hcr_train\triplets\01014_ref_64.npy,data/hcr_train\triplets\01014_ref_128.npy,data/hcr_train\triplets\01014_pos_64.npy,data/hcr_train\triplets\01014_pos_128.npy,data/hcr_train\triplets\01014_neg_64.npy,data/hcr_train\triplets\01014_neg_128.npy,0.9112,0.7043,0.36,28.8,256.7,230.8
1015,237,Medium,dram_dense,data/hcr_train\triplets\01015_ref_64.npy,data/hcr_train\triplets\01015_ref_128.npy,data/hcr_train\triplets\01015_pos_64.npy,data/hcr_train\triplets\01015_pos_128.npy,data/hcr_train\triplets\01015_neg_64.npy,data/hcr_train\triplets\01015_neg_128.npy,0.9212,0.8935,0.61,36.6,738.6,552.1
1016,237,Medium,dram_dense,data/hcr_train\triplets\01016_ref_64.npy,data/hcr_train\triplets\01016_ref_128.npy,data/hcr_train\triplets\01016_pos_64.npy,data/hcr_train\triplets\01016_pos_128.npy,data/hcr_train\triplets\01016_neg_64.npy,data/hcr_train\triplets\01016_neg_128.npy,0.9212,0.8859,0.61,35.4,738.6,552.1
1017,237,Medium,dram_dense,data/hcr_train\triplets\01017_ref_64.npy,data/hcr_train\triplets\01017_ref_128.npy,data/hcr_train\triplets\01017_pos_64.npy,data/hcr_train\triplets\01017_pos_128.npy,data/hcr_train\triplets\01017_neg_64.npy,data/hcr_train\triplets\01017_neg_128.npy,0.9212,0.8854,0.61,72.6,738.6,552.1
1018,237,Medium,dram_dense,data/hcr_train\triplets\01018_ref_64.npy,data/hcr_train\triplets\01018_ref_128.npy,data/hcr_train\triplets\01018_pos_64.npy,data/hcr_train\triplets\01018_pos_128.npy,data/hcr_train\triplets\01018_neg_64.npy,data/hcr_train\triplets\01018_neg_128.npy,0.9212,0.8705,0.61,108.6,738.6,552.1
1019,237,Medium,dram_dense,data/hcr_train\triplets\01019_ref_64.npy,data/hcr_train\triplets\01019_ref_128.npy,data/hcr_train\triplets\01019_pos_64.npy,data/hcr_train\triplets\01019_pos_128.npy,data/hcr_train\triplets\01019_neg_64.npy,data/hcr_train\triplets\01019_neg_128.npy,0.9212,0.8492,0.61,90.6,738.6,552.1
1020,239,Adversarial,finfet_7nm,data/hcr_train\triplets\01020_ref_64.npy,data/hcr_train\triplets\01020_ref_128.npy,data/hcr_train\triplets\01020_pos_64.npy,data/hcr_train\triplets\01020_pos_128.npy,data/hcr_train\triplets\01020_neg_64.npy,data/hcr_train\triplets\01020_neg_128.npy,0.4344,0.4161,1.04,32.01,421.0,261.3
1021,239,Adversarial,finfet_7nm,data/hcr_train\triplets\01021_ref_64.npy,data/hcr_train\triplets\01021_ref_128.npy,data/hcr_train\triplets\01021_pos_64.npy,data/hcr_train\triplets\01021_pos_128.npy,data/hcr_train\triplets\01021_neg_64.npy,data/hcr_train\triplets\01021_neg_128.npy,0.4344,0.4146,1.04,16.0,421.0,261.3
1022,239,Adversarial,finfet_7nm,data/hcr_train\triplets\01022_ref_64.npy,data/hcr_train\triplets\01022_ref_128.npy,data/hcr_train\triplets\01022_pos_64.npy,data/hcr_train\triplets\01022_pos_128.npy,data/hcr_train\triplets\01022_neg_64.npy,data/hcr_train\triplets\01022_neg_128.npy,0.4344,0.4013,1.04,80.0,421.0,261.3
1023,239,Adversarial,finfet_7nm,data/hcr_train\triplets\01023_ref_64.npy,data/hcr_train\triplets\01023_ref_128.npy,data/hcr_train\triplets\01023_pos_64.npy,data/hcr_train\triplets\01023_pos_128.npy,data/hcr_train\triplets\01023_neg_64.npy,data/hcr_train\triplets\01023_neg_128.npy,0.4344,0.3959,1.04,15.0,421.0,261.3
1024,239,Adversarial,finfet_7nm,data/hcr_train\triplets\01024_ref_64.npy,data/hcr_train\triplets\01024_ref_128.npy,data/hcr_train\triplets\01024_pos_64.npy,data/hcr_train\triplets\01024_pos_128.npy,data/hcr_train\triplets\01024_neg_64.npy,data/hcr_train\triplets\01024_neg_128.npy,0.4344,0.385,1.04,56.0,421.0,261.3
1025,240,Easy,dram_1x,data/hcr_train\triplets\01025_ref_64.npy,data/hcr_train\triplets\01025_ref_128.npy,data/hcr_train\triplets\01025_pos_64.npy,data/hcr_train\triplets\01025_pos_128.npy,data/hcr_train\triplets\01025_neg_64.npy,data/hcr_train\triplets\01025_neg_128.npy,0.9259,0.5823,0.36,14.7,294.2,583.3
1026,240,Easy,dram_1x,data/hcr_train\triplets\01026_ref_64.npy,data/hcr_train\triplets\01026_ref_128.npy,data/hcr_train\triplets\01026_pos_64.npy,data/hcr_train\triplets\01026_pos_128.npy,data/hcr_train\triplets\01026_neg_64.npy,data/hcr_train\triplets\01026_neg_128.npy,0.9259,0.5675,0.36,191.7,294.2,583.3
1027,240,Easy,dram_1x,data/hcr_train\triplets\01027_ref_64.npy,data/hcr_train\triplets\01027_ref_128.npy,data/hcr_train\triplets\01027_pos_64.npy,data/hcr_train\triplets\01027_pos_128.npy,data/hcr_train\triplets\01027_neg_64.npy,data/hcr_train\triplets\01027_neg_128.npy,0.9259,0.5509,0.36,95.7,294.2,583.3
1028,240,Easy,dram_1x,data/hcr_train\triplets\01028_ref_64.npy,data/hcr_train\triplets\01028_ref_128.npy,data/hcr_train\triplets\01028_pos_64.npy,data/hcr_train\triplets\01028_pos_128.npy,data/hcr_train\triplets\01028_neg_64.npy,data/hcr_train\triplets\01028_neg_128.npy,0.9259,0.5453,0.36,143.7,294.2,583.3
1029,240,Easy,dram_1x,data/hcr_train\triplets\01029_ref_64.npy,data/hcr_train\triplets\01029_ref_128.npy,data/hcr_train\triplets\01029_pos_64.npy,data/hcr_train\triplets\01029_pos_128.npy,data/hcr_train\triplets\01029_neg_64.npy,data/hcr_train\triplets\01029_neg_128.npy,0.9259,0.5427,0.36,14.3,294.2,583.3
1030,241,Medium,dram_dense,data/hcr_train\triplets\01030_ref_64.npy,data/hcr_train\triplets\01030_ref_128.npy,data/hcr_train\triplets\01030_pos_64.npy,data/hcr_train\triplets\01030_pos_128.npy,data/hcr_train\triplets\01030_neg_64.npy,data/hcr_train\triplets\01030_neg_128.npy,0.8675,0.8854,0.36,96.3,743.2,456.3
1031,241,Medium,dram_dense,data/hcr_train\triplets\01031_ref_64.npy,data/hcr_train\triplets\01031_ref_128.npy,data/hcr_train\triplets\01031_pos_64.npy,data/hcr_train\triplets\01031_pos_128.npy,data/hcr_train\triplets\01031_neg_64.npy,data/hcr_train\triplets\01031_neg_128.npy,0.8675,0.8788,0.36,144.85,743.2,456.3
1032,241,Medium,dram_dense,data/hcr_train\triplets\01032_ref_64.npy,data/hcr_train\triplets\01032_ref_128.npy,data/hcr_train\triplets\01032_pos_64.npy,data/hcr_train\triplets\01032_pos_128.npy,data/hcr_train\triplets\01032_neg_64.npy,data/hcr_train\triplets\01032_neg_128.npy,0.8675,0.8781,0.36,102.88,743.2,456.3
1033,241,Medium,dram_dense,data/hcr_train\triplets\01033_ref_64.npy,data/hcr_train\triplets\01033_ref_128.npy,data/hcr_train\triplets\01033_pos_64.npy,data/hcr_train\triplets\01033_pos_128.npy,data/hcr_train\triplets\01033_neg_64.npy,data/hcr_train\triplets\01033_neg_128.npy,0.8675,0.869,0.36,120.36,743.2,456.3
1034,241,Medium,dram_dense,data/hcr_train\triplets\01034_ref_64.npy,data/hcr_train\triplets\01034_ref_128.npy,data/hcr_train\triplets\01034_pos_64.npy,data/hcr_train\triplets\01034_pos_128.npy,data/hcr_train\triplets\01034_neg_64.npy,data/hcr_train\triplets\01034_neg_128.npy,0.8675,0.866,0.36,48.3,743.2,456.3
1035,242,Hard,finfet_10nm,data/hcr_train\triplets\01035_ref_64.npy,data/hcr_train\triplets\01035_ref_128.npy,data/hcr_train\triplets\01035_pos_64.npy,data/hcr_train\triplets\01035_pos_128.npy,data/hcr_train\triplets\01035_neg_64.npy,data/hcr_train\triplets\01035_neg_128.npy,0.6843,0.7364,1.75,107.63,308.7,655.4
1036,242,Hard,finfet_10nm,data/hcr_train\triplets\01036_ref_64.npy,data/hcr_train\triplets\01036_ref_128.npy,data/hcr_train\triplets\01036_pos_64.npy,data/hcr_train\triplets\01036_pos_128.npy,data/hcr_train\triplets\01036_neg_64.npy,data/hcr_train\triplets\01036_neg_128.npy,0.6843,0.7119,1.75,282.62,308.7,655.4
1037,242,Hard,finfet_10nm,data/hcr_train\triplets\01037_ref_64.npy,data/hcr_train\triplets\01037_ref_128.npy,data/hcr_train\triplets\01037_pos_64.npy,data/hcr_train\triplets\01037_pos_128.npy,data/hcr_train\triplets\01037_neg_64.npy,data/hcr_train\triplets\01037_neg_128.npy,0.6843,0.7111,1.75,71.65,308.7,655.4
1038,242,Hard,finfet_10nm,data/hcr_train\triplets\01038_ref_64.npy,data/hcr_train\triplets\01038_ref_128.npy,data/hcr_train\triplets\01038_pos_64.npy,data/hcr_train\triplets\01038_pos_128.npy,data/hcr_train\triplets\01038_neg_64.npy,data/hcr_train\triplets\01038_neg_128.npy,0.6843,0.7031,1.75,144.63,308.7,655.4
1039,242,Hard,finfet_10nm,data/hcr_train\triplets\01039_ref_64.npy,data/hcr_train\triplets\01039_ref_128.npy,data/hcr_train\triplets\01039_pos_64.npy,data/hcr_train\triplets\01039_pos_128.npy,data/hcr_train\triplets\01039_neg_64.npy,data/hcr_train\triplets\01039_neg_128.npy,0.6843,0.6974,1.75,454.41,308.7,655.4
1040,244,Easy,dram_1x,data/hcr_train\triplets\01040_ref_64.npy,data/hcr_train\triplets\01040_ref_128.npy,data/hcr_train\triplets\01040_pos_64.npy,data/hcr_train\triplets\01040_pos_128.npy,data/hcr_train\triplets\01040_neg_64.npy,data/hcr_train\triplets\01040_neg_128.npy,0.8847,0.8265,0.64,85.5,395.5,556.4
1041,244,Easy,dram_1x,data/hcr_train\triplets\01041_ref_64.npy,data/hcr_train\triplets\01041_ref_128.npy,data/hcr_train\triplets\01041_pos_64.npy,data/hcr_train\triplets\01041_pos_128.npy,data/hcr_train\triplets\01041_neg_64.npy,data/hcr_train\triplets\01041_neg_128.npy,0.8847,0.7771,0.64,618.99,395.5,556.4
1042,244,Easy,dram_1x,data/hcr_train\triplets\01042_ref_64.npy,data/hcr_train\triplets\01042_ref_128.npy,data/hcr_train\triplets\01042_pos_64.npy,data/hcr_train\triplets\01042_pos_128.npy,data/hcr_train\triplets\01042_neg_64.npy,data/hcr_train\triplets\01042_neg_128.npy,0.8847,0.7359,0.64,19.5,395.5,556.4
1043,244,Easy,dram_1x,data/hcr_train\triplets\01043_ref_64.npy,data/hcr_train\triplets\01043_ref_128.npy,data/hcr_train\triplets\01043_pos_64.npy,data/hcr_train\triplets\01043_pos_128.npy,data/hcr_train\triplets\01043_neg_64.npy,data/hcr_train\triplets\01043_neg_128.npy,0.8847,0.7266,0.64,19.5,395.5,556.4
1044,244,Easy,dram_1x,data/hcr_train\triplets\01044_ref_64.npy,data/hcr_train\triplets\01044_ref_128.npy,data/hcr_train\triplets\01044_pos_64.npy,data/hcr_train\triplets\01044_pos_128.npy,data/hcr_train\triplets\01044_neg_64.npy,data/hcr_train\triplets\01044_neg_128.npy,0.8847,0.7075,0.64,105.5,395.5,556.4
1045,245,Medium,dram_dense,data/hcr_train\triplets\01045_ref_64.npy,data/hcr_train\triplets\01045_ref_128.npy,data/hcr_train\triplets\01045_pos_64.npy,data/hcr_train\triplets\01045_pos_128.npy,data/hcr_train\triplets\01045_neg_64.npy,data/hcr_train\triplets\01045_neg_128.npy,0.7879,0.8347,1.36,553.38,172.3,827.6
1046,245,Medium,dram_dense,data/hcr_train\triplets\01046_ref_64.npy,data/hcr_train\triplets\01046_ref_128.npy,data/hcr_train\triplets\01046_pos_64.npy,data/hcr_train\triplets\01046_pos_128.npy,data/hcr_train\triplets\01046_neg_64.npy,data/hcr_train\triplets\01046_neg_128.npy,0.7879,0.8345,1.36,615.67,172.3,827.6
1047,245,Medium,dram_dense,data/hcr_train\triplets\01047_ref_64.npy,data/hcr_train\triplets\01047_ref_128.npy,data/hcr_train\triplets\01047_pos_64.npy,data/hcr_train\triplets\01047_pos_128.npy,data/hcr_train\triplets\01047_neg_64.npy,data/hcr_train\triplets\01047_neg_128.npy,0.7879,0.8301,1.36,653.83,172.3,827.6
1048,245,Medium,dram_dense,data/hcr_train\triplets\01048_ref_64.npy,data/hcr_train\triplets\01048_ref_128.npy,data/hcr_train\triplets\01048_pos_64.npy,data/hcr_train\triplets\01048_pos_128.npy,data/hcr_train\triplets\01048_neg_64.npy,data/hcr_train\triplets\01048_neg_128.npy,0.7879,0.8275,1.36,590.32,172.3,827.6
1049,245,Medium,dram_dense,data/hcr_train\triplets\01049_ref_64.npy,data/hcr_train\triplets\01049_ref_128.npy,data/hcr_train\triplets\01049_pos_64.npy,data/hcr_train\triplets\01049_pos_128.npy,data/hcr_train\triplets\01049_neg_64.npy,data/hcr_train\triplets\01049_neg_128.npy,0.7879,0.8249,1.36,578.2,172.3,827.6
1050,246,Hard,finfet_10nm,data/hcr_train\triplets\01050_ref_64.npy,data/hcr_train\triplets\01050_ref_128.npy,data/hcr_train\triplets\01050_pos_64.npy,data/hcr_train\triplets\01050_pos_128.npy,data/hcr_train\triplets\01050_neg_64.npy,data/hcr_train\triplets\01050_neg_128.npy,0.5373,0.5113,0.78,30.51,848.6,224.5
1051,246,Hard,finfet_10nm,data/hcr_train\triplets\01051_ref_64.npy,data/hcr_train\triplets\01051_ref_128.npy,data/hcr_train\triplets\01051_pos_64.npy,data/hcr_train\triplets\01051_pos_128.npy,data/hcr_train\triplets\01051_neg_64.npy,data/hcr_train\triplets\01051_neg_128.npy,0.5373,0.506,0.78,45.5,848.6,224.5
1052,246,Hard,finfet_10nm,data/hcr_train\triplets\01052_ref_64.npy,data/hcr_train\triplets\01052_ref_128.npy,data/hcr_train\triplets\01052_pos_64.npy,data/hcr_train\triplets\01052_pos_128.npy,data/hcr_train\triplets\01052_neg_64.npy,data/hcr_train\triplets\01052_neg_128.npy,0.5373,0.49,0.78,15.51,848.6,224.5
1053,246,Hard,finfet_10nm,data/hcr_train\triplets\01053_ref_64.npy,data/hcr_train\triplets\01053_ref_128.npy,data/hcr_train\triplets\01053_pos_64.npy,data/hcr_train\triplets\01053_pos_128.npy,data/hcr_train\triplets\01053_neg_64.npy,data/hcr_train\triplets\01053_neg_128.npy,0.5373,0.4692,0.78,15.51,848.6,224.5
1054,246,Hard,finfet_10nm,data/hcr_train\triplets\01054_ref_64.npy,data/hcr_train\triplets\01054_ref_128.npy,data/hcr_train\triplets\01054_pos_64.npy,data/hcr_train\triplets\01054_pos_128.npy,data/hcr_train\triplets\01054_neg_64.npy,data/hcr_train\triplets\01054_neg_128.npy,0.5373,0.4676,0.78,91.5,848.6,224.5
1055,247,Adversarial,finfet_7nm,data/hcr_train\triplets\01055_ref_64.npy,data/hcr_train\triplets\01055_ref_128.npy,data/hcr_train\triplets\01055_pos_64.npy,data/hcr_train\triplets\01055_pos_128.npy,data/hcr_train\triplets\01055_neg_64.npy,data/hcr_train\triplets\01055_neg_128.npy,0.413,0.3544,1.12,14.9,908.1,326.2
1056,247,Adversarial,finfet_7nm,data/hcr_train\triplets\01056_ref_64.npy,data/hcr_train\triplets\01056_ref_128.npy,data/hcr_train\triplets\01056_pos_64.npy,data/hcr_train\triplets\01056_pos_128.npy,data/hcr_train\triplets\01056_neg_64.npy,data/hcr_train\triplets\01056_neg_128.npy,0.413,0.3476,1.12,17.1,908.1,326.2
1057,247,Adversarial,finfet_7nm,data/hcr_train\triplets\01057_ref_64.npy,data/hcr_train\triplets\01057_ref_128.npy,data/hcr_train\triplets\01057_pos_64.npy,data/hcr_train\triplets\01057_pos_128.npy,data/hcr_train\triplets\01057_neg_64.npy,data/hcr_train\triplets\01057_neg_128.npy,0.413,0.3407,1.12,30.9,908.1,326.2
1058,247,Adversarial,finfet_7nm,data/hcr_train\triplets\01058_ref_64.npy,data/hcr_train\triplets\01058_ref_128.npy,data/hcr_train\triplets\01058_pos_64.npy,data/hcr_train\triplets\01058_pos_128.npy,data/hcr_train\triplets\01058_neg_64.npy,data/hcr_train\triplets\01058_neg_128.npy,0.413,0.3336,1.12,622.39,908.1,326.2
1059,247,Adversarial,finfet_7nm,data/hcr_train\triplets\01059_ref_64.npy,data/hcr_train\triplets\01059_ref_128.npy,data/hcr_train\triplets\01059_pos_64.npy,data/hcr_train\triplets\01059_pos_128.npy,data/hcr_train\triplets\01059_neg_64.npy,data/hcr_train\triplets\01059_neg_128.npy,0.413,0.3199,1.12,59.88,908.1,326.2
1060,248,Easy,dram_1x,data/hcr_train\triplets\01060_ref_64.npy,data/hcr_train\triplets\01060_ref_128.npy,data/hcr_train\triplets\01060_pos_64.npy,data/hcr_train\triplets\01060_pos_128.npy,data/hcr_train\triplets\01060_neg_64.npy,data/hcr_train\triplets\01060_neg_128.npy,0.9562,0.7823,0.2,24.0,843.2,950.0
1061,248,Easy,dram_1x,data/hcr_train\triplets\01061_ref_64.npy,data/hcr_train\triplets\01061_ref_128.npy,data/hcr_train\triplets\01061_pos_64.npy,data/hcr_train\triplets\01061_pos_128.npy,data/hcr_train\triplets\01061_neg_64.npy,data/hcr_train\triplets\01061_neg_128.npy,0.9562,0.6314,0.2,37.0,843.2,950.0
1062,248,Easy,dram_1x,data/hcr_train\triplets\01062_ref_64.npy,data/hcr_train\triplets\01062_ref_128.npy,data/hcr_train\triplets\01062_pos_64.npy,data/hcr_train\triplets\01062_pos_128.npy,data/hcr_train\triplets\01062_neg_64.npy,data/hcr_train\triplets\01062_neg_128.npy,0.9562,0.5689,0.2,21.8,843.2,950.0
1063,248,Easy,dram_1x,data/hcr_train\triplets\01063_ref_64.npy,data/hcr_train\triplets\01063_ref_128.npy,data/hcr_train\triplets\01063_pos_64.npy,data/hcr_train\triplets\01063_pos_128.npy,data/hcr_train\triplets\01063_neg_64.npy,data/hcr_train\triplets\01063_neg_128.npy,0.9562,0.5601,0.2,72.2,843.2,950.0
1064,248,Easy,dram_1x,data/hcr_train\triplets\01064_ref_64.npy,data/hcr_train\triplets\01064_ref_128.npy,data/hcr_train\triplets\01064_pos_64.npy,data/hcr_train\triplets\01064_pos_128.npy,data/hcr_train\triplets\01064_neg_64.npy,data/hcr_train\triplets\01064_neg_128.npy,0.9562,0.5541,0.2,108.2,843.2,950.0
1065,249,Medium,dram_dense,data/hcr_train\triplets\01065_ref_64.npy,data/hcr_train\triplets\01065_ref_128.npy,data/hcr_train\triplets\01065_pos_64.npy,data/hcr_train\triplets\01065_pos_128.npy,data/hcr_train\triplets\01065_neg_64.npy,data/hcr_train\triplets\01065_neg_128.npy,0.8731,0.8423,1.75,19.47,239.7,941.4
1066,249,Medium,dram_dense,data/hcr_train\triplets\01066_ref_64.npy,data/hcr_train\triplets\01066_ref_128.npy,data/hcr_train\triplets\01066_pos_64.npy,data/hcr_train\triplets\01066_pos_128.npy,data/hcr_train\triplets\01066_neg_64.npy,data/hcr_train\triplets\01066_neg_128.npy,0.8731,0.8344,1.75,856.41,239.7,941.4
1067,249,Medium,dram_dense,data/hcr_train\triplets\01067_ref_64.npy,data/hcr_train\triplets\01067_ref_128.npy,data/hcr_train\triplets\01067_pos_64.npy,data/hcr_train\triplets\01067_pos_128.npy,data/hcr_train\triplets\01067_neg_64.npy,data/hcr_train\triplets\01067_neg_128.npy,0.8731,0.8323,1.75,875.41,239.7,941.4
1068,249,Medium,dram_dense,data/hcr_train\triplets\01068_ref_64.npy,data/hcr_train\triplets\01068_ref_128.npy,data/hcr_train\triplets\01068_pos_64.npy,data/hcr_train\triplets\01068_pos_128.npy,data/hcr_train\triplets\01068_neg_64.npy,data/hcr_train\triplets\01068_neg_128.npy,0.8731,0.8164,1.75,799.41,239.7,941.4
1069,249,Medium,dram_dense,data/hcr_train\triplets\01069_ref_64.npy,data/hcr_train\triplets\01069_ref_128.npy,data/hcr_train\triplets\01069_pos_64.npy,data/hcr_train\triplets\01069_pos_128.npy,data/hcr_train\triplets\01069_neg_64.npy,data/hcr_train\triplets\01069_neg_128.npy,0.8731,0.8151,1.75,741.41,239.7,941.4
1070,250,Hard,finfet_10nm,data/hcr_train\triplets\01070_ref_64.npy,data/hcr_train\triplets\01070_ref_128.npy,data/hcr_train\triplets\01070_pos_64.npy,data/hcr_train\triplets\01070_pos_128.npy,data/hcr_train\triplets\01070_neg_64.npy,data/hcr_train\triplets\01070_neg_128.npy,0.6141,0.6261,2.62,93.4,54.6,882.7
1071,250,Hard,finfet_10nm,data/hcr_train\triplets\01071_ref_64.npy,data/hcr_train\triplets\01071_ref_128.npy,data/hcr_train\triplets\01071_pos_64.npy,data/hcr_train\triplets\01071_pos_128.npy,data/hcr_train\triplets\01071_neg_64.npy,data/hcr_train\triplets\01071_neg_128.npy,0.6141,0.6252,2.62,64.4,54.6,882.7
1072,250,Hard,finfet_10nm,data/hcr_train\triplets\01072_ref_64.npy,data/hcr_train\triplets\01072_ref_128.npy,data/hcr_train\triplets\01072_pos_64.npy,data/hcr_train\triplets\01072_pos_128.npy,data/hcr_train\triplets\01072_neg_64.npy,data/hcr_train\triplets\01072_neg_128.npy,0.6141,0.6249,2.62,45.4,54.6,882.7
1073,250,Hard,finfet_10nm,data/hcr_train\triplets\01073_ref_64.npy,data/hcr_train\triplets\01073_ref_128.npy,data/hcr_train\triplets\01073_pos_64.npy,data/hcr_train\triplets\01073_pos_128.npy,data/hcr_train\triplets\01073_neg_64.npy,data/hcr_train\triplets\01073_neg_128.npy,0.6141,0.623,2.62,16.4,54.6,882.7
1074,250,Hard,finfet_10nm,data/hcr_train\triplets\01074_ref_64.npy,data/hcr_train\triplets\01074_ref_128.npy,data/hcr_train\triplets\01074_pos_64.npy,data/hcr_train\triplets\01074_pos_128.npy,data/hcr_train\triplets\01074_neg_64.npy,data/hcr_train\triplets\01074_neg_128.npy,0.6141,0.6174,2.62,122.4,54.6,882.7
1075,251,Adversarial,finfet_7nm,data/hcr_train\triplets\01075_ref_64.npy,data/hcr_train\triplets\01075_ref_128.npy,data/hcr_train\triplets\01075_pos_64.npy,data/hcr_train\triplets\01075_pos_128.npy,data/hcr_train\triplets\01075_neg_64.npy,data/hcr_train\triplets\01075_neg_128.npy,0.4192,0.3681,2.5,17.5,618.5,587.0
1076,251,Adversarial,finfet_7nm,data/hcr_train\triplets\01076_ref_64.npy,data/hcr_train\triplets\01076_ref_128.npy,data/hcr_train\triplets\01076_pos_64.npy,data/hcr_train\triplets\01076_pos_128.npy,data/hcr_train\triplets\01076_neg_64.npy,data/hcr_train\triplets\01076_neg_128.npy,0.4192,0.365,2.5,36.5,618.5,587.0
1077,251,Adversarial,finfet_7nm,data/hcr_train\triplets\01077_ref_64.npy,data/hcr_train\triplets\01077_ref_128.npy,data/hcr_train\triplets\01077_pos_64.npy,data/hcr_train\triplets\01077_pos_128.npy,data/hcr_train\triplets\01077_neg_64.npy,data/hcr_train\triplets\01077_neg_128.npy,0.4192,0.364,2.5,170.5,618.5,587.0
1078,251,Adversarial,finfet_7nm,data/hcr_train\triplets\01078_ref_64.npy,data/hcr_train\triplets\01078_ref_128.npy,data/hcr_train\triplets\01078_pos_64.npy,data/hcr_train\triplets\01078_pos_128.npy,data/hcr_train\triplets\01078_neg_64.npy,data/hcr_train\triplets\01078_neg_128.npy,0.4192,0.3602,2.5,74.5,618.5,587.0
1079,251,Adversarial,finfet_7nm,data/hcr_train\triplets\01079_ref_64.npy,data/hcr_train\triplets\01079_ref_128.npy,data/hcr_train\triplets\01079_pos_64.npy,data/hcr_train\triplets\01079_pos_128.npy,data/hcr_train\triplets\01079_neg_64.npy,data/hcr_train\triplets\01079_neg_128.npy,0.4192,0.3601,2.5,55.5,618.5,587.0
1080,252,Easy,dram_1x,data/hcr_train\triplets\01080_ref_64.npy,data/hcr_train\triplets\01080_ref_128.npy,data/hcr_train\triplets\01080_pos_64.npy,data/hcr_train\triplets\01080_pos_128.npy,data/hcr_train\triplets\01080_neg_64.npy,data/hcr_train\triplets\01080_neg_128.npy,0.9194,0.8979,0.45,50.6,270.2,419.6
1081,252,Easy,dram_1x,data/hcr_train\triplets\01081_ref_64.npy,data/hcr_train\triplets\01081_ref_128.npy,data/hcr_train\triplets\01081_pos_64.npy,data/hcr_train\triplets\01081_pos_128.npy,data/hcr_train\triplets\01081_neg_64.npy,data/hcr_train\triplets\01081_neg_128.npy,0.9194,0.857,0.45,57.4,270.2,419.6
1082,252,Easy,dram_1x,data/hcr_train\triplets\01082_ref_64.npy,data/hcr_train\triplets\01082_ref_128.npy,data/hcr_train\triplets\01082_pos_64.npy,data/hcr_train\triplets\01082_pos_128.npy,data/hcr_train\triplets\01082_neg_64.npy,data/hcr_train\triplets\01082_neg_128.npy,0.9194,0.8077,0.45,43.4,270.2,419.6
1083,252,Easy,dram_1x,data/hcr_train\triplets\01083_ref_64.npy,data/hcr_train\triplets\01083_ref_128.npy,data/hcr_train\triplets\01083_pos_64.npy,data/hcr_train\triplets\01083_pos_128.npy,data/hcr_train\triplets\01083_neg_64.npy,data/hcr_train\triplets\01083_neg_128.npy,0.9194,0.7757,0.45,14.4,270.2,419.6
1084,252,Easy,dram_1x,data/hcr_train\triplets\01084_ref_64.npy,data/hcr_train\triplets\01084_ref_128.npy,data/hcr_train\triplets\01084_pos_64.npy,data/hcr_train\triplets\01084_pos_128.npy,data/hcr_train\triplets\01084_neg_64.npy,data/hcr_train\triplets\01084_neg_128.npy,0.9194,0.7753,0.45,64.6,270.2,419.6
1085,253,Medium,dram_dense,data/hcr_train\triplets\01085_ref_64.npy,data/hcr_train\triplets\01085_ref_128.npy,data/hcr_train\triplets\01085_pos_64.npy,data/hcr_train\triplets\01085_pos_128.npy,data/hcr_train\triplets\01085_neg_64.npy,data/hcr_train\triplets\01085_neg_128.npy,0.8514,0.6333,1.21,14.54,553.1,883.5
1086,253,Medium,dram_dense,data/hcr_train\triplets\01086_ref_64.npy,data/hcr_train\triplets\01086_ref_128.npy,data/hcr_train\triplets\01086_pos_64.npy,data/hcr_train\triplets\01086_pos_128.npy,data/hcr_train\triplets\01086_neg_64.npy,data/hcr_train\triplets\01086_neg_128.npy,0.8514,0.578,1.21,300.1,553.1,883.5
1087,253,Medium,dram_dense,data/hcr_train\triplets\01087_ref_64.npy,data/hcr_train\triplets\01087_ref_128.npy,data/hcr_train\triplets\01087_pos_64.npy,data/hcr_train\triplets\01087_pos_128.npy,data/hcr_train\triplets\01087_neg_64.npy,data/hcr_train\triplets\01087_neg_128.npy,0.8514,0.5699,1.21,64.51,553.1,883.5
1088,253,Medium,dram_dense,data/hcr_train\triplets\01088_ref_64.npy,data/hcr_train\triplets\01088_ref_128.npy,data/hcr_train\triplets\01088_pos_64.npy,data/hcr_train\triplets\01088_pos_128.npy,data/hcr_train\triplets\01088_neg_64.npy,data/hcr_train\triplets\01088_neg_128.npy,0.8514,0.5497,1.21,14.54,553.1,883.5
1089,253,Medium,dram_dense,data/hcr_train\triplets\01089_ref_64.npy,data/hcr_train\triplets\01089_ref_128.npy,data/hcr_train\triplets\01089_pos_64.npy,data/hcr_train\triplets\01089_pos_128.npy,data/hcr_train\triplets\01089_neg_64.npy,data/hcr_train\triplets\01089_neg_128.npy,0.8514,0.5278,1.21,174.1,553.1,883.5
1090,255,Adversarial,finfet_7nm,data/hcr_train\triplets\01090_ref_64.npy,data/hcr_train\triplets\01090_ref_128.npy,data/hcr_train\triplets\01090_pos_64.npy,data/hcr_train\triplets\01090_pos_128.npy,data/hcr_train\triplets\01090_neg_64.npy,data/hcr_train\triplets\01090_neg_128.npy,0.3709,0.3701,1.34,417.71,825.2,519.6
1091,255,Adversarial,finfet_7nm,data/hcr_train\triplets\01091_ref_64.npy,data/hcr_train\triplets\01091_ref_128.npy,data/hcr_train\triplets\01091_pos_64.npy,data/hcr_train\triplets\01091_pos_128.npy,data/hcr_train\triplets\01091_neg_64.npy,data/hcr_train\triplets\01091_neg_128.npy,0.3709,0.3701,1.34,431.08,825.2,519.6
1092,255,Adversarial,finfet_7nm,data/hcr_train\triplets\01092_ref_64.npy,data/hcr_train\triplets\01092_ref_128.npy,data/hcr_train\triplets\01092_pos_64.npy,data/hcr_train\triplets\01092_pos_128.npy,data/hcr_train\triplets\01092_neg_64.npy,data/hcr_train\triplets\01092_neg_128.npy,0.3709,0.3623,1.34,143.62,825.2,519.6
1093,255,Adversarial,finfet_7nm,data/hcr_train\triplets\01093_ref_64.npy,data/hcr_train\triplets\01093_ref_128.npy,data/hcr_train\triplets\01093_pos_64.npy,data/hcr_train\triplets\01093_pos_128.npy,data/hcr_train\triplets\01093_neg_64.npy,data/hcr_train\triplets\01093_neg_128.npy,0.3709,0.3537,1.34,386.7,825.2,519.6
1094,255,Adversarial,finfet_7nm,data/hcr_train\triplets\01094_ref_64.npy,data/hcr_train\triplets\01094_ref_128.npy,data/hcr_train\triplets\01094_pos_64.npy,data/hcr_train\triplets\01094_pos_128.npy,data/hcr_train\triplets\01094_neg_64.npy,data/hcr_train\triplets\01094_neg_128.npy,0.3709,0.3531,1.34,107.62,825.2,519.6
1095,256,Easy,dram_1x,data/hcr_train\triplets\01095_ref_64.npy,data/hcr_train\triplets\01095_ref_128.npy,data/hcr_train\triplets\01095_pos_64.npy,data/hcr_train\triplets\01095_pos_128.npy,data/hcr_train\triplets\01095_neg_64.npy,data/hcr_train\triplets\01095_neg_128.npy,0.8908,0.8719,0.41,22.1,693.1,513.4
1096,256,Easy,dram_1x,data/hcr_train\triplets\01096_ref_64.npy,data/hcr_train\triplets\01096_ref_128.npy,data/hcr_train\triplets\01096_pos_64.npy,data/hcr_train\triplets\01096_pos_128.npy,data/hcr_train\triplets\01096_neg_64.npy,data/hcr_train\triplets\01096_neg_128.npy,0.8908,0.8639,0.41,301.45,693.1,513.4
1097,256,Easy,dram_1x,data/hcr_train\triplets\01097_ref_64.npy,data/hcr_train\triplets\01097_ref_128.npy,data/hcr_train\triplets\01097_pos_64.npy,data/hcr_train\triplets\01097_pos_128.npy,data/hcr_train\triplets\01097_neg_64.npy,data/hcr_train\triplets\01097_neg_128.npy,0.8908,0.8633,0.41,292.28,693.1,513.4
1098,256,Easy,dram_1x,data/hcr_train\triplets\01098_ref_64.npy,data/hcr_train\triplets\01098_ref_128.npy,data/hcr_train\triplets\01098_pos_64.npy,data/hcr_train\triplets\01098_pos_128.npy,data/hcr_train\triplets\01098_neg_64.npy,data/hcr_train\triplets\01098_neg_128.npy,0.8908,0.8609,0.41,44.1,693.1,513.4
1099,256,Easy,dram_1x,data/hcr_train\triplets\01099_ref_64.npy,data/hcr_train\triplets\01099_ref_128.npy,data/hcr_train\triplets\01099_pos_64.npy,data/hcr_train\triplets\01099_pos_128.npy,data/hcr_train\triplets\01099_neg_64.npy,data/hcr_train\triplets\01099_neg_128.npy,0.8908,0.8609,0.41,293.05,693.1,513.4
1100,257,Medium,dram_dense,data/hcr_train\triplets\01100_ref_64.npy,data/hcr_train\triplets\01100_ref_128.npy,data/hcr_train\triplets\01100_pos_64.npy,data/hcr_train\triplets\01100_pos_128.npy,data/hcr_train\triplets\01100_neg_64.npy,data/hcr_train\triplets\01100_neg_128.npy,0.8911,0.8681,1.33,95.7,52.3,552.3
1101,257,Medium,dram_dense,data/hcr_train\triplets\01101_ref_64.npy,data/hcr_train\triplets\01101_ref_128.npy,data/hcr_train\triplets\01101_pos_64.npy,data/hcr_train\triplets\01101_pos_128.npy,data/hcr_train\triplets\01101_neg_64.npy,data/hcr_train\triplets\01101_neg_128.npy,0.8911,0.8546,1.33,47.7,52.3,552.3
1102,257,Medium,dram_dense,data/hcr_train\triplets\01102_ref_64.npy,data/hcr_train\triplets\01102_ref_128.npy,data/hcr_train\triplets\01102_pos_64.npy,data/hcr_train\triplets\01102_pos_128.npy,data/hcr_train\triplets\01102_neg_64.npy,data/hcr_train\triplets\01102_neg_128.npy,0.8911,0.8535,1.33,143.7,52.3,552.3
1103,257,Medium,dram_dense,data/hcr_train\triplets\01103_ref_64.npy,data/hcr_train\triplets\01103_ref_128.npy,data/hcr_train\triplets\01103_pos_64.npy,data/hcr_train\triplets\01103_pos_128.npy,data/hcr_train\triplets\01103_neg_64.npy,data/hcr_train\triplets\01103_neg_128.npy,0.8911,0.7353,1.33,118.7,52.3,552.3
1104,257,Medium,dram_dense,data/hcr_train\triplets\01104_ref_64.npy,data/hcr_train\triplets\01104_ref_128.npy,data/hcr_train\triplets\01104_pos_64.npy,data/hcr_train\triplets\01104_pos_128.npy,data/hcr_train\triplets\01104_neg_64.npy,data/hcr_train\triplets\01104_neg_128.npy,0.8911,0.7351,1.33,23.7,52.3,552.3
1105,258,Hard,finfet_10nm,data/hcr_train\triplets\01105_ref_64.npy,data/hcr_train\triplets\01105_ref_128.npy,data/hcr_train\triplets\01105_pos_64.npy,data/hcr_train\triplets\01105_pos_128.npy,data/hcr_train\triplets\01105_neg_64.npy,data/hcr_train\triplets\01105_neg_128.npy,0.4411,0.4693,1.6,69.62,339.6,378.9
1106,258,Hard,finfet_10nm,data/hcr_train\triplets\01106_ref_64.npy,data/hcr_train\triplets\01106_ref_128.npy,data/hcr_train\triplets\01106_pos_64.npy,data/hcr_train\triplets\01106_pos_128.npy,data/hcr_train\triplets\01106_neg_64.npy,data/hcr_train\triplets\01106_neg_128.npy,0.4411,0.4673,1.6,570.86,339.6,378.9
1107,258,Hard,finfet_10nm,data/hcr_train\triplets\01107_ref_64.npy,data/hcr_train\triplets\01107_ref_128.npy,data/hcr_train\triplets\01107_pos_64.npy,data/hcr_train\triplets\01107_pos_128.npy,data/hcr_train\triplets\01107_neg_64.npy,data/hcr_train\triplets\01107_neg_128.npy,0.4411,0.467,1.6,575.4,339.6,378.9
1108,258,Hard,finfet_10nm,data/hcr_train\triplets\01108_ref_64.npy,data/hcr_train\triplets\01108_ref_128.npy,data/hcr_train\triplets\01108_pos_64.npy,data/hcr_train\triplets\01108_pos_128.npy,data/hcr_train\triplets\01108_neg_64.npy,data/hcr_train\triplets\01108_neg_128.npy,0.4411,0.4655,1.6,568.61,339.6,378.9
1109,258,Hard,finfet_10nm,data/hcr_train\triplets\01109_ref_64.npy,data/hcr_train\triplets\01109_ref_128.npy,data/hcr_train\triplets\01109_pos_64.npy,data/hcr_train\triplets\01109_pos_128.npy,data/hcr_train\triplets\01109_neg_64.npy,data/hcr_train\triplets\01109_neg_128.npy,0.4411,0.4642,1.6,572.91,339.6,378.9
1110,259,Adversarial,finfet_7nm,data/hcr_train\triplets\01110_ref_64.npy,data/hcr_train\triplets\01110_ref_128.npy,data/hcr_train\triplets\01110_pos_64.npy,data/hcr_train\triplets\01110_pos_128.npy,data/hcr_train\triplets\01110_neg_64.npy,data/hcr_train\triplets\01110_neg_128.npy,0.5043,0.4925,3.0,22.0,950.0,856.0
1111,259,Adversarial,finfet_7nm,data/hcr_train\triplets\01111_ref_64.npy,data/hcr_train\triplets\01111_ref_128.npy,data/hcr_train\triplets\01111_pos_64.npy,data/hcr_train\triplets\01111_pos_128.npy,data/hcr_train\triplets\01111_neg_64.npy,data/hcr_train\triplets\01111_neg_128.npy,0.5043,0.4347,3.0,42.0,950.0,856.0
1112,259,Adversarial,finfet_7nm,data/hcr_train\triplets\01112_ref_64.npy,data/hcr_train\triplets\01112_ref_128.npy,data/hcr_train\triplets\01112_pos_64.npy,data/hcr_train\triplets\01112_pos_128.npy,data/hcr_train\triplets\01112_neg_64.npy,data/hcr_train\triplets\01112_neg_128.npy,0.5043,0.3697,3.0,61.0,950.0,856.0
1113,259,Adversarial,finfet_7nm,data/hcr_train\triplets\01113_ref_64.npy,data/hcr_train\triplets\01113_ref_128.npy,data/hcr_train\triplets\01113_pos_64.npy,data/hcr_train\triplets\01113_pos_128.npy,data/hcr_train\triplets\01113_neg_64.npy,data/hcr_train\triplets\01113_neg_128.npy,0.5043,0.2908,3.0,288.04,950.0,856.0
1114,259,Adversarial,finfet_7nm,data/hcr_train\triplets\01114_ref_64.npy,data/hcr_train\triplets\01114_ref_128.npy,data/hcr_train\triplets\01114_pos_64.npy,data/hcr_train\triplets\01114_pos_128.npy,data/hcr_train\triplets\01114_neg_64.npy,data/hcr_train\triplets\01114_neg_128.npy,0.5043,0.2901,3.0,211.06,950.0,856.0
1115,260,Easy,dram_1x,data/hcr_train\triplets\01115_ref_64.npy,data/hcr_train\triplets\01115_ref_128.npy,data/hcr_train\triplets\01115_pos_64.npy,data/hcr_train\triplets\01115_pos_128.npy,data/hcr_train\triplets\01115_neg_64.npy,data/hcr_train\triplets\01115_neg_128.npy,0.9398,0.8768,0.71,18.3,685.7,556.1
1116,260,Easy,dram_1x,data/hcr_train\triplets\01116_ref_64.npy,data/hcr_train\triplets\01116_ref_128.npy,data/hcr_train\triplets\01116_pos_64.npy,data/hcr_train\triplets\01116_pos_128.npy,data/hcr_train\triplets\01116_neg_64.npy,data/hcr_train\triplets\01116_neg_128.npy,0.9398,0.8755,0.71,18.7,685.7,556.1
1117,260,Easy,dram_1x,data/hcr_train\triplets\01117_ref_64.npy,data/hcr_train\triplets\01117_ref_128.npy,data/hcr_train\triplets\01117_pos_64.npy,data/hcr_train\triplets\01117_pos_128.npy,data/hcr_train\triplets\01117_neg_64.npy,data/hcr_train\triplets\01117_neg_128.npy,0.9398,0.8345,0.71,36.3,685.7,556.1
1118,260,Easy,dram_1x,data/hcr_train\triplets\01118_ref_64.npy,data/hcr_train\triplets\01118_ref_128.npy,data/hcr_train\triplets\01118_pos_64.npy,data/hcr_train\triplets\01118_pos_128.npy,data/hcr_train\triplets\01118_neg_64.npy,data/hcr_train\triplets\01118_neg_128.npy,0.9398,0.8307,0.71,36.7,685.7,556.1
1119,260,Easy,dram_1x,data/hcr_train\triplets\01119_ref_64.npy,data/hcr_train\triplets\01119_ref_128.npy,data/hcr_train\triplets\01119_pos_64.npy,data/hcr_train\triplets\01119_pos_128.npy,data/hcr_train\triplets\01119_neg_64.npy,data/hcr_train\triplets\01119_neg_128.npy,0.9398,0.7982,0.71,108.3,685.7,556.1
1120,261,Medium,dram_dense,data/hcr_train\triplets\01120_ref_64.npy,data/hcr_train\triplets\01120_ref_128.npy,data/hcr_train\triplets\01120_pos_64.npy,data/hcr_train\triplets\01120_pos_128.npy,data/hcr_train\triplets\01120_neg_64.npy,data/hcr_train\triplets\01120_neg_128.npy,0.8255,0.8623,0.51,116.5,458.5,684.1
1121,261,Medium,dram_dense,data/hcr_train\triplets\01121_ref_64.npy,data/hcr_train\triplets\01121_ref_128.npy,data/hcr_train\triplets\01121_pos_64.npy,data/hcr_train\triplets\01121_pos_128.npy,data/hcr_train\triplets\01121_neg_64.npy,data/hcr_train\triplets\01121_neg_128.npy,0.8255,0.8575,0.51,39.5,458.5,684.1
1122,261,Medium,dram_dense,data/hcr_train\triplets\01122_ref_64.npy,data/hcr_train\triplets\01122_ref_128.npy,data/hcr_train\triplets\01122_pos_64.npy,data/hcr_train\triplets\01122_pos_128.npy,data/hcr_train\triplets\01122_neg_64.npy,data/hcr_train\triplets\01122_neg_128.npy,0.8255,0.8557,0.51,37.5,458.5,684.1
1123,261,Medium,dram_dense,data/hcr_train\triplets\01123_ref_64.npy,data/hcr_train\triplets\01123_ref_128.npy,data/hcr_train\triplets\01123_pos_64.npy,data/hcr_train\triplets\01123_pos_128.npy,data/hcr_train\triplets\01123_neg_64.npy,data/hcr_train\triplets\01123_neg_128.npy,0.8255,0.8451,0.51,58.5,458.5,684.1
1124,261,Medium,dram_dense,data/hcr_train\triplets\01124_ref_64.npy,data/hcr_train\triplets\01124_ref_128.npy,data/hcr_train\triplets\01124_pos_64.npy,data/hcr_train\triplets\01124_pos_128.npy,data/hcr_train\triplets\01124_neg_64.npy,data/hcr_train\triplets\01124_neg_128.npy,0.8255,0.8419,0.51,18.5,458.5,684.1
1125,262,Hard,finfet_10nm,data/hcr_train\triplets\01125_ref_64.npy,data/hcr_train\triplets\01125_ref_128.npy,data/hcr_train\triplets\01125_pos_64.npy,data/hcr_train\triplets\01125_pos_128.npy,data/hcr_train\triplets\01125_neg_64.npy,data/hcr_train\triplets\01125_neg_128.npy,0.6422,0.6215,1.94,85.9,734.9,588.4
1126,262,Hard,finfet_10nm,data/hcr_train\triplets\01126_ref_64.npy,data/hcr_train\triplets\01126_ref_128.npy,data/hcr_train\triplets\01126_pos_64.npy,data/hcr_train\triplets\01126_pos_128.npy,data/hcr_train\triplets\01126_neg_64.npy,data/hcr_train\triplets\01126_neg_128.npy,0.6422,0.5649,1.94,11.11,734.9,588.4
1127,262,Hard,finfet_10nm,data/hcr_train\triplets\01127_ref_64.npy,data/hcr_train\triplets\01127_ref_128.npy,data/hcr_train\triplets\01127_pos_64.npy,data/hcr_train\triplets\01127_pos_128.npy,data/hcr_train\triplets\01127_neg_64.npy,data/hcr_train\triplets\01127_neg_128.npy,0.6422,0.5501,1.94,25.9,734.9,588.4
1128,262,Hard,finfet_10nm,data/hcr_train\triplets\01128_ref_64.npy,data/hcr_train\triplets\01128_ref_128.npy,data/hcr_train\triplets\01128_pos_64.npy,data/hcr_train\triplets\01128_pos_128.npy,data/hcr_train\triplets\01128_neg_64.npy,data/hcr_train\triplets\01128_neg_128.npy,0.6422,0.549,1.94,98.9,734.9,588.4
1129,262,Hard,finfet_10nm,data/hcr_train\triplets\01129_ref_64.npy,data/hcr_train\triplets\01129_ref_128.npy,data/hcr_train\triplets\01129_pos_64.npy,data/hcr_train\triplets\01129_pos_128.npy,data/hcr_train\triplets\01129_neg_64.npy,data/hcr_train\triplets\01129_neg_128.npy,0.6422,0.5375,1.94,72.9,734.9,588.4
1130,263,Adversarial,finfet_7nm,data/hcr_train\triplets\01130_ref_64.npy,data/hcr_train\triplets\01130_ref_128.npy,data/hcr_train\triplets\01130_pos_64.npy,data/hcr_train\triplets\01130_pos_128.npy,data/hcr_train\triplets\01130_neg_64.npy,data/hcr_train\triplets\01130_neg_128.npy,0.3972,0.409,3.91,53.1,689.9,872.2
1131,263,Adversarial,finfet_7nm,data/hcr_train\triplets\01131_ref_64.npy,data/hcr_train\triplets\01131_ref_128.npy,data/hcr_train\triplets\01131_pos_64.npy,data/hcr_train\triplets\01131_pos_128.npy,data/hcr_train\triplets\01131_neg_64.npy,data/hcr_train\triplets\01131_neg_128.npy,0.3972,0.4007,3.91,72.1,689.9,872.2
1132,263,Adversarial,finfet_7nm,data/hcr_train\triplets\01132_ref_64.npy,data/hcr_train\triplets\01132_ref_128.npy,data/hcr_train\triplets\01132_pos_64.npy,data/hcr_train\triplets\01132_pos_128.npy,data/hcr_train\triplets\01132_neg_64.npy,data/hcr_train\triplets\01132_neg_128.npy,0.3972,0.4005,3.91,34.1,689.9,872.2
1133,263,Adversarial,finfet_7nm,data/hcr_train\triplets\01133_ref_64.npy,data/hcr_train\triplets\01133_ref_128.npy,data/hcr_train\triplets\01133_pos_64.npy,data/hcr_train\triplets\01133_pos_128.npy,data/hcr_train\triplets\01133_neg_64.npy,data/hcr_train\triplets\01133_neg_128.npy,0.3972,0.4004,3.91,92.1,689.9,872.2
1134,263,Adversarial,finfet_7nm,data/hcr_train\triplets\01134_ref_64.npy,data/hcr_train\triplets\01134_ref_128.npy,data/hcr_train\triplets\01134_pos_64.npy,data/hcr_train\triplets\01134_pos_128.npy,data/hcr_train\triplets\01134_neg_64.npy,data/hcr_train\triplets\01134_neg_128.npy,0.3972,0.3985,3.91,61.9,689.9,872.2
1135,264,Easy,dram_1x,data/hcr_train\triplets\01135_ref_64.npy,data/hcr_train\triplets\01135_ref_128.npy,data/hcr_train\triplets\01135_pos_64.npy,data/hcr_train\triplets\01135_pos_128.npy,data/hcr_train\triplets\01135_neg_64.npy,data/hcr_train\triplets\01135_neg_128.npy,0.9393,0.6062,0.91,191.1,589.9,863.9
1136,264,Easy,dram_1x,data/hcr_train\triplets\01136_ref_64.npy,data/hcr_train\triplets\01136_ref_128.npy,data/hcr_train\triplets\01136_pos_64.npy,data/hcr_train\triplets\01136_pos_128.npy,data/hcr_train\triplets\01136_neg_64.npy,data/hcr_train\triplets\01136_neg_128.npy,0.9393,0.6018,0.91,96.1,589.9,863.9
1137,264,Easy,dram_1x,data/hcr_train\triplets\01137_ref_64.npy,data/hcr_train\triplets\01137_ref_128.npy,data/hcr_train\triplets\01137_pos_64.npy,data/hcr_train\triplets\01137_pos_128.npy,data/hcr_train\triplets\01137_neg_64.npy,data/hcr_train\triplets\01137_neg_128.npy,0.9393,0.5988,0.91,143.1,589.9,863.9
1138,264,Easy,dram_1x,data/hcr_train\triplets\01138_ref_64.npy,data/hcr_train\triplets\01138_ref_128.npy,data/hcr_train\triplets\01138_pos_64.npy,data/hcr_train\triplets\01138_pos_128.npy,data/hcr_train\triplets\01138_neg_64.npy,data/hcr_train\triplets\01138_neg_128.npy,0.9393,0.5943,0.91,47.1,589.9,863.9
1139,264,Easy,dram_1x,data/hcr_train\triplets\01139_ref_64.npy,data/hcr_train\triplets\01139_ref_128.npy,data/hcr_train\triplets\01139_pos_64.npy,data/hcr_train\triplets\01139_pos_128.npy,data/hcr_train\triplets\01139_neg_64.npy,data/hcr_train\triplets\01139_neg_128.npy,0.9393,0.5764,0.91,13.13,589.9,863.9
1140,265,Medium,dram_dense,data/hcr_train\triplets\01140_ref_64.npy,data/hcr_train\triplets\01140_ref_128.npy,data/hcr_train\triplets\01140_pos_64.npy,data/hcr_train\triplets\01140_pos_128.npy,data/hcr_train\triplets\01140_neg_64.npy,data/hcr_train\triplets\01140_neg_128.npy,0.8846,0.8501,1.7,17.3,446.7,876.1
1141,265,Medium,dram_dense,data/hcr_train\triplets\01141_ref_64.npy,data/hcr_train\triplets\01141_ref_128.npy,data/hcr_train\triplets\01141_pos_64.npy,data/hcr_train\triplets\01141_pos_128.npy,data/hcr_train\triplets\01141_neg_64.npy,data/hcr_train\triplets\01141_neg_128.npy,0.8846,0.8276,1.7,36.3,446.7,876.1
1142,265,Medium,dram_dense,data/hcr_train\triplets\01142_ref_64.npy,data/hcr_train\triplets\01142_ref_128.npy,data/hcr_train\triplets\01142_pos_64.npy,data/hcr_train\triplets\01142_pos_128.npy,data/hcr_train\triplets\01142_neg_64.npy,data/hcr_train\triplets\01142_neg_128.npy,0.8846,0.8256,1.7,20.7,446.7,876.1
1143,265,Medium,dram_dense,data/hcr_train\triplets\01143_ref_64.npy,data/hcr_train\triplets\01143_ref_128.npy,data/hcr_train\triplets\01143_pos_64.npy,data/hcr_train\triplets\01143_pos_128.npy,data/hcr_train\triplets\01143_neg_64.npy,data/hcr_train\triplets\01143_neg_128.npy,0.8846,0.8025,1.7,39.7,446.7,876.1
1144,265,Medium,dram_dense,data/hcr_train\triplets\01144_ref_64.npy,data/hcr_train\triplets\01144_ref_128.npy,data/hcr_train\triplets\01144_pos_64.npy,data/hcr_train\triplets\01144_pos_128.npy,data/hcr_train\triplets\01144_neg_64.npy,data/hcr_train\triplets\01144_neg_128.npy,0.8846,0.7767,1.7,58.7,446.7,876.1
1145,266,Hard,finfet_10nm,data/hcr_train\triplets\01145_ref_64.npy,data/hcr_train\triplets\01145_ref_128.npy,data/hcr_train\triplets\01145_pos_64.npy,data/hcr_train\triplets\01145_pos_128.npy,data/hcr_train\triplets\01145_neg_64.npy,data/hcr_train\triplets\01145_neg_128.npy,0.7105,0.4833,1.26,71.6,565.2,265.6
1146,266,Hard,finfet_10nm,data/hcr_train\triplets\01146_ref_64.npy,data/hcr_train\triplets\01146_ref_128.npy,data/hcr_train\triplets\01146_pos_64.npy,data/hcr_train\triplets\01146_pos_128.npy,data/hcr_train\triplets\01146_neg_64.npy,data/hcr_train\triplets\01146_neg_128.npy,0.7105,0.483,1.26,107.6,565.2,265.6
1147,266,Hard,finfet_10nm,data/hcr_train\triplets\01147_ref_64.npy,data/hcr_train\triplets\01147_ref_128.npy,data/hcr_train\triplets\01147_pos_64.npy,data/hcr_train\triplets\01147_pos_128.npy,data/hcr_train\triplets\01147_neg_64.npy,data/hcr_train\triplets\01147_neg_128.npy,0.7105,0.4721,1.26,20.2,565.2,265.6
1148,266,Hard,finfet_10nm,data/hcr_train\triplets\01148_ref_64.npy,data/hcr_train\triplets\01148_ref_128.npy,data/hcr_train\triplets\01148_pos_64.npy,data/hcr_train\triplets\01148_pos_128.npy,data/hcr_train\triplets\01148_neg_64.npy,data/hcr_train\triplets\01148_neg_128.npy,0.7105,0.4688,1.26,143.6,565.2,265.6
1149,266,Hard,finfet_10nm,data/hcr_train\triplets\01149_ref_64.npy,data/hcr_train\triplets\01149_ref_128.npy,data/hcr_train\triplets\01149_pos_64.npy,data/hcr_train\triplets\01149_pos_128.npy,data/hcr_train\triplets\01149_neg_64.npy,data/hcr_train\triplets\01149_neg_128.npy,0.7105,0.4674,1.26,179.6,565.2,265.6
1150,267,Adversarial,finfet_7nm,data/hcr_train\triplets\01150_ref_64.npy,data/hcr_train\triplets\01150_ref_128.npy,data/hcr_train\triplets\01150_pos_64.npy,data/hcr_train\triplets\01150_pos_128.npy,data/hcr_train\triplets\01150_neg_64.npy,data/hcr_train\triplets\01150_neg_128.npy,0.3568,0.3571,4.4,20.4,112.4,924.2
1151,267,Adversarial,finfet_7nm,data/hcr_train\triplets\01151_ref_64.npy,data/hcr_train\triplets\01151_ref_128.npy,data/hcr_train\triplets\01151_pos_64.npy,data/hcr_train\triplets\01151_pos_128.npy,data/hcr_train\triplets\01151_neg_64.npy,data/hcr_train\triplets\01151_neg_128.npy,0.3568,0.3509,4.4,59.6,112.4,924.2
1152,267,Adversarial,finfet_7nm,data/hcr_train\triplets\01152_ref_64.npy,data/hcr_train\triplets\01152_ref_128.npy,data/hcr_train\triplets\01152_pos_64.npy,data/hcr_train\triplets\01152_pos_128.npy,data/hcr_train\triplets\01152_neg_64.npy,data/hcr_train\triplets\01152_neg_128.npy,0.3568,0.3499,4.4,91.6,112.4,924.2
1153,267,Adversarial,finfet_7nm,data/hcr_train\triplets\01153_ref_64.npy,data/hcr_train\triplets\01153_ref_128.npy,data/hcr_train\triplets\01153_pos_64.npy,data/hcr_train\triplets\01153_pos_128.npy,data/hcr_train\triplets\01153_neg_64.npy,data/hcr_train\triplets\01153_neg_128.npy,0.3568,0.3494,4.4,36.4,112.4,924.2
1154,267,Adversarial,finfet_7nm,data/hcr_train\triplets\01154_ref_64.npy,data/hcr_train\triplets\01154_ref_128.npy,data/hcr_train\triplets\01154_pos_64.npy,data/hcr_train\triplets\01154_pos_128.npy,data/hcr_train\triplets\01154_neg_64.npy,data/hcr_train\triplets\01154_neg_128.npy,0.3568,0.349,4.4,43.6,112.4,924.2
1155,268,Easy,dram_1x,data/hcr_train\triplets\01155_ref_64.npy,data/hcr_train\triplets\01155_ref_128.npy,data/hcr_train\triplets\01155_pos_64.npy,data/hcr_train\triplets\01155_pos_128.npy,data/hcr_train\triplets\01155_neg_64.npy,data/hcr_train\triplets\01155_neg_128.npy,0.8929,0.8497,0.89,12.63,279.8,758.4
1156,268,Easy,dram_1x,data/hcr_train\triplets\01156_ref_64.npy,data/hcr_train\triplets\01156_ref_128.npy,data/hcr_train\triplets\01156_pos_64.npy,data/hcr_train\triplets\01156_pos_128.npy,data/hcr_train\triplets\01156_neg_64.npy,data/hcr_train\triplets\01156_neg_128.npy,0.8929,0.822,0.89,83.4,279.8,758.4
1157,268,Easy,dram_1x,data/hcr_train\triplets\01157_ref_64.npy,data/hcr_train\triplets\01157_ref_128.npy,data/hcr_train\triplets\01157_pos_64.npy,data/hcr_train\triplets\01157_pos_128.npy,data/hcr_train\triplets\01157_neg_64.npy,data/hcr_train\triplets\01157_neg_128.npy,0.8929,0.7623,0.89,70.4,279.8,758.4
1158,268,Easy,dram_1x,data/hcr_train\triplets\01158_ref_64.npy,data/hcr_train\triplets\01158_ref_128.npy,data/hcr_train\triplets\01158_pos_64.npy,data/hcr_train\triplets\01158_pos_128.npy,data/hcr_train\triplets\01158_neg_64.npy,data/hcr_train\triplets\01158_neg_128.npy,0.8929,0.7525,0.89,96.4,279.8,758.4
1159,268,Easy,dram_1x,data/hcr_train\triplets\01159_ref_64.npy,data/hcr_train\triplets\01159_ref_128.npy,data/hcr_train\triplets\01159_pos_64.npy,data/hcr_train\triplets\01159_pos_128.npy,data/hcr_train\triplets\01159_neg_64.npy,data/hcr_train\triplets\01159_neg_128.npy,0.8929,0.7476,0.89,25.41,279.8,758.4
1160,269,Medium,dram_dense,data/hcr_train\triplets\01160_ref_64.npy,data/hcr_train\triplets\01160_ref_128.npy,data/hcr_train\triplets\01160_pos_64.npy,data/hcr_train\triplets\01160_pos_128.npy,data/hcr_train\triplets\01160_neg_64.npy,data/hcr_train\triplets\01160_neg_128.npy,0.8863,0.8531,0.64,72.5,480.5,292.4
1161,269,Medium,dram_dense,data/hcr_train\triplets\01161_ref_64.npy,data/hcr_train\triplets\01161_ref_128.npy,data/hcr_train\triplets\01161_pos_64.npy,data/hcr_train\triplets\01161_pos_128.npy,data/hcr_train\triplets\01161_neg_64.npy,data/hcr_train\triplets\01161_neg_128.npy,0.8863,0.8155,0.64,144.5,480.5,292.4
1162,269,Medium,dram_dense,data/hcr_train\triplets\01162_ref_64.npy,data/hcr_train\triplets\01162_ref_128.npy,data/hcr_train\triplets\01162_pos_64.npy,data/hcr_train\triplets\01162_pos_128.npy,data/hcr_train\triplets\01162_neg_64.npy,data/hcr_train\triplets\01162_neg_128.npy,0.8863,0.7036,0.64,90.5,480.5,292.4
1163,269,Medium,dram_dense,data/hcr_train\triplets\01163_ref_64.npy,data/hcr_train\triplets\01163_ref_128.npy,data/hcr_train\triplets\01163_pos_64.npy,data/hcr_train\triplets\01163_pos_128.npy,data/hcr_train\triplets\01163_neg_64.npy,data/hcr_train\triplets\01163_neg_128.npy,0.8863,0.7,0.64,54.5,480.5,292.4
1164,269,Medium,dram_dense,data/hcr_train\triplets\01164_ref_64.npy,data/hcr_train\triplets\01164_ref_128.npy,data/hcr_train\triplets\01164_pos_64.npy,data/hcr_train\triplets\01164_pos_128.npy,data/hcr_train\triplets\01164_neg_64.npy,data/hcr_train\triplets\01164_neg_128.npy,0.8863,0.6981,0.64,18.5,480.5,292.4
1165,270,Hard,finfet_10nm,data/hcr_train\triplets\01165_ref_64.npy,data/hcr_train\triplets\01165_ref_128.npy,data/hcr_train\triplets\01165_pos_64.npy,data/hcr_train\triplets\01165_pos_128.npy,data/hcr_train\triplets\01165_neg_64.npy,data/hcr_train\triplets\01165_neg_128.npy,0.6565,0.4416,2.24,19.2,557.2,854.6
1166,270,Hard,finfet_10nm,data/hcr_train\triplets\01166_ref_64.npy,data/hcr_train\triplets\01166_ref_128.npy,data/hcr_train\triplets\01166_pos_64.npy,data/hcr_train\triplets\01166_pos_128.npy,data/hcr_train\triplets\01166_neg_64.npy,data/hcr_train\triplets\01166_neg_128.npy,0.6565,0.4077,2.24,130.2,557.2,854.6
1167,270,Hard,finfet_10nm,data/hcr_train\triplets\01167_ref_64.npy,data/hcr_train\triplets\01167_ref_128.npy,data/hcr_train\triplets\01167_pos_64.npy,data/hcr_train\triplets\01167_pos_128.npy,data/hcr_train\triplets\01167_neg_64.npy,data/hcr_train\triplets\01167_neg_128.npy,0.6565,0.4032,2.24,146.2,557.2,854.6
1168,270,Hard,finfet_10nm,data/hcr_train\triplets\01168_ref_64.npy,data/hcr_train\triplets\01168_ref_128.npy,data/hcr_train\triplets\01168_pos_64.npy,data/hcr_train\triplets\01168_pos_128.npy,data/hcr_train\triplets\01168_neg_64.npy,data/hcr_train\triplets\01168_neg_128.npy,0.6565,0.3999,2.24,114.2,557.2,854.6
1169,270,Hard,finfet_10nm,data/hcr_train\triplets\01169_ref_64.npy,data/hcr_train\triplets\01169_ref_128.npy,data/hcr_train\triplets\01169_pos_64.npy,data/hcr_train\triplets\01169_pos_128.npy,data/hcr_train\triplets\01169_neg_64.npy,data/hcr_train\triplets\01169_neg_128.npy,0.6565,0.3927,2.24,67.2,557.2,854.6
1170,271,Adversarial,finfet_7nm,data/hcr_train\triplets\01170_ref_64.npy,data/hcr_train\triplets\01170_ref_128.npy,data/hcr_train\triplets\01170_pos_64.npy,data/hcr_train\triplets\01170_pos_128.npy,data/hcr_train\triplets\01170_neg_64.npy,data/hcr_train\triplets\01170_neg_128.npy,0.3935,0.4007,4.02,60.0,694.0,861.6
1171,271,Adversarial,finfet_7nm,data/hcr_train\triplets\01171_ref_64.npy,data/hcr_train\triplets\01171_ref_128.npy,data/hcr_train\triplets\01171_pos_64.npy,data/hcr_train\triplets\01171_pos_128.npy,data/hcr_train\triplets\01171_neg_64.npy,data/hcr_train\triplets\01171_neg_128.npy,0.3935,0.3936,4.02,52.0,694.0,861.6
1172,271,Adversarial,finfet_7nm,data/hcr_train\triplets\01172_ref_64.npy,data/hcr_train\triplets\01172_ref_128.npy,data/hcr_train\triplets\01172_pos_64.npy,data/hcr_train\triplets\01172_pos_128.npy,data/hcr_train\triplets\01172_neg_64.npy,data/hcr_train\triplets\01172_neg_128.npy,0.3935,0.3906,4.02,11.01,694.0,861.6
1173,271,Adversarial,finfet_7nm,data/hcr_train\triplets\01173_ref_64.npy,data/hcr_train\triplets\01173_ref_128.npy,data/hcr_train\triplets\01173_pos_64.npy,data/hcr_train\triplets\01173_pos_128.npy,data/hcr_train\triplets\01173_neg_64.npy,data/hcr_train\triplets\01173_neg_128.npy,0.3935,0.3893,4.02,94.0,694.0,861.6
1174,271,Adversarial,finfet_7nm,data/hcr_train\triplets\01174_ref_64.npy,data/hcr_train\triplets\01174_ref_128.npy,data/hcr_train\triplets\01174_pos_64.npy,data/hcr_train\triplets\01174_pos_128.npy,data/hcr_train\triplets\01174_neg_64.npy,data/hcr_train\triplets\01174_neg_128.npy,0.3935,0.3858,4.02,67.0,694.0,861.6
1175,272,Easy,dram_1x,data/hcr_train\triplets\01175_ref_64.npy,data/hcr_train\triplets\01175_ref_128.npy,data/hcr_train\triplets\01175_pos_64.npy,data/hcr_train\triplets\01175_pos_128.npy,data/hcr_train\triplets\01175_neg_64.npy,data/hcr_train\triplets\01175_neg_128.npy,0.9119,0.9143,0.5,336.34,749.7,53.4
1176,272,Easy,dram_1x,data/hcr_train\triplets\01176_ref_64.npy,data/hcr_train\triplets\01176_ref_128.npy,data/hcr_train\triplets\01176_pos_64.npy,data/hcr_train\triplets\01176_pos_128.npy,data/hcr_train\triplets\01176_neg_64.npy,data/hcr_train\triplets\01176_neg_128.npy,0.9119,0.9066,0.5,313.78,749.7,53.4
1177,272,Easy,dram_1x,data/hcr_train\triplets\01177_ref_64.npy,data/hcr_train\triplets\01177_ref_128.npy,data/hcr_train\triplets\01177_pos_64.npy,data/hcr_train\triplets\01177_pos_128.npy,data/hcr_train\triplets\01177_neg_64.npy,data/hcr_train\triplets\01177_neg_128.npy,0.9119,0.8997,0.5,381.99,749.7,53.4
1178,272,Easy,dram_1x,data/hcr_train\triplets\01178_ref_64.npy,data/hcr_train\triplets\01178_ref_128.npy,data/hcr_train\triplets\01178_pos_64.npy,data/hcr_train\triplets\01178_pos_128.npy,data/hcr_train\triplets\01178_neg_64.npy,data/hcr_train\triplets\01178_neg_128.npy,0.9119,0.8949,0.5,23.6,749.7,53.4
1179,272,Easy,dram_1x,data/hcr_train\triplets\01179_ref_64.npy,data/hcr_train\triplets\01179_ref_128.npy,data/hcr_train\triplets\01179_pos_64.npy,data/hcr_train\triplets\01179_pos_128.npy,data/hcr_train\triplets\01179_neg_64.npy,data/hcr_train\triplets\01179_neg_128.npy,0.9119,0.8859,0.5,304.29,749.7,53.4
1180,273,Medium,dram_dense,data/hcr_train\triplets\01180_ref_64.npy,data/hcr_train\triplets\01180_ref_128.npy,data/hcr_train\triplets\01180_pos_64.npy,data/hcr_train\triplets\01180_pos_128.npy,data/hcr_train\triplets\01180_neg_64.npy,data/hcr_train\triplets\01180_neg_128.npy,0.903,0.882,1.12,97.1,772.1,853.8
1181,273,Medium,dram_dense,data/hcr_train\triplets\01181_ref_64.npy,data/hcr_train\triplets\01181_ref_128.npy,data/hcr_train\triplets\01181_pos_64.npy,data/hcr_train\triplets\01181_pos_128.npy,data/hcr_train\triplets\01181_neg_64.npy,data/hcr_train\triplets\01181_neg_128.npy,0.903,0.8407,1.12,49.1,772.1,853.8
1182,273,Medium,dram_dense,data/hcr_train\triplets\01182_ref_64.npy,data/hcr_train\triplets\01182_ref_128.npy,data/hcr_train\triplets\01182_pos_64.npy,data/hcr_train\triplets\01182_pos_128.npy,data/hcr_train\triplets\01182_neg_64.npy,data/hcr_train\triplets\01182_neg_128.npy,0.903,0.8126,1.12,145.1,772.1,853.8
1183,273,Medium,dram_dense,data/hcr_train\triplets\01183_ref_64.npy,data/hcr_train\triplets\01183_ref_128.npy,data/hcr_train\triplets\01183_pos_64.npy,data/hcr_train\triplets\01183_pos_128.npy,data/hcr_train\triplets\01183_neg_64.npy,data/hcr_train\triplets\01183_neg_128.npy,0.903,0.6914,1.12,46.9,772.1,853.8
1184,273,Medium,dram_dense,data/hcr_train\triplets\01184_ref_64.npy,data/hcr_train\triplets\01184_ref_128.npy,data/hcr_train\triplets\01184_pos_64.npy,data/hcr_train\triplets\01184_pos_128.npy,data/hcr_train\triplets\01184_neg_64.npy,data/hcr_train\triplets\01184_neg_128.npy,0.903,0.6832,1.12,78.1,772.1,853.8
1185,274,Hard,finfet_10nm,data/hcr_train\triplets\01185_ref_64.npy,data/hcr_train\triplets\01185_ref_128.npy,data/hcr_train\triplets\01185_pos_64.npy,data/hcr_train\triplets\01185_pos_128.npy,data/hcr_train\triplets\01185_neg_64.npy,data/hcr_train\triplets\01185_neg_128.npy,0.6223,0.614,7.1,88.9,144.9,872.1
1186,274,Hard,finfet_10nm,data/hcr_train\triplets\01186_ref_64.npy,data/hcr_train\triplets\01186_ref_128.npy,data/hcr_train\triplets\01186_pos_64.npy,data/hcr_train\triplets\01186_pos_128.npy,data/hcr_train\triplets\01186_neg_64.npy,data/hcr_train\triplets\01186_neg_128.npy,0.6223,0.6104,7.1,55.1,144.9,872.1
1187,274,Hard,finfet_10nm,data/hcr_train\triplets\01187_ref_64.npy,data/hcr_train\triplets\01187_ref_128.npy,data/hcr_train\triplets\01187_pos_64.npy,data/hcr_train\triplets\01187_pos_128.npy,data/hcr_train\triplets\01187_neg_64.npy,data/hcr_train\triplets\01187_neg_128.npy,0.6223,0.6047,7.1,40.9,144.9,872.1
1188,274,Hard,finfet_10nm,data/hcr_train\triplets\01188_ref_64.npy,data/hcr_train\triplets\01188_ref_128.npy,data/hcr_train\triplets\01188_pos_64.npy,data/hcr_train\triplets\01188_pos_128.npy,data/hcr_train\triplets\01188_neg_64.npy,data/hcr_train\triplets\01188_neg_128.npy,0.6223,0.5856,7.1,11.9,144.9,872.1
1189,274,Hard,finfet_10nm,data/hcr_train\triplets\01189_ref_64.npy,data/hcr_train\triplets\01189_ref_128.npy,data/hcr_train\triplets\01189_pos_64.npy,data/hcr_train\triplets\01189_pos_128.npy,data/hcr_train\triplets\01189_neg_64.npy,data/hcr_train\triplets\01189_neg_128.npy,0.6223,0.5738,7.1,36.1,144.9,872.1
1190,275,Adversarial,finfet_7nm,data/hcr_train\triplets\01190_ref_64.npy,data/hcr_train\triplets\01190_ref_128.npy,data/hcr_train\triplets\01190_pos_64.npy,data/hcr_train\triplets\01190_pos_128.npy,data/hcr_train\triplets\01190_neg_64.npy,data/hcr_train\triplets\01190_neg_128.npy,0.3086,0.2739,2.93,644.59,252.9,839.6
1191,275,Adversarial,finfet_7nm,data/hcr_train\triplets\01191_ref_64.npy,data/hcr_train\triplets\01191_ref_128.npy,data/hcr_train\triplets\01191_pos_64.npy,data/hcr_train\triplets\01191_pos_128.npy,data/hcr_train\triplets\01191_neg_64.npy,data/hcr_train\triplets\01191_neg_128.npy,0.3086,0.2728,2.93,582.61,252.9,839.6
1192,275,Adversarial,finfet_7nm,data/hcr_train\triplets\01192_ref_64.npy,data/hcr_train\triplets\01192_ref_128.npy,data/hcr_train\triplets\01192_pos_64.npy,data/hcr_train\triplets\01192_pos_128.npy,data/hcr_train\triplets\01192_neg_64.npy,data/hcr_train\triplets\01192_neg_128.npy,0.3086,0.2714,2.93,295.61,252.9,839.6
1193,275,Adversarial,finfet_7nm,data/hcr_train\triplets\01193_ref_64.npy,data/hcr_train\triplets\01193_ref_128.npy,data/hcr_train\triplets\01193_pos_64.npy,data/hcr_train\triplets\01193_pos_128.npy,data/hcr_train\triplets\01193_neg_64.npy,data/hcr_train\triplets\01193_neg_128.npy,0.3086,0.2376,2.93,658.89,252.9,839.6
1194,275,Adversarial,finfet_7nm,data/hcr_train\triplets\01194_ref_64.npy,data/hcr_train\triplets\01194_ref_128.npy,data/hcr_train\triplets\01194_pos_64.npy,data/hcr_train\triplets\01194_pos_128.npy,data/hcr_train\triplets\01194_neg_64.npy,data/hcr_train\triplets\01194_neg_128.npy,0.3086,0.2316,2.93,439.6,252.9,839.6
1195,276,Easy,dram_1x,data/hcr_train\triplets\01195_ref_64.npy,data/hcr_train\triplets\01195_ref_128.npy,data/hcr_train\triplets\01195_pos_64.npy,data/hcr_train\triplets\01195_pos_128.npy,data/hcr_train\triplets\01195_neg_64.npy,data/hcr_train\triplets\01195_neg_128.npy,0.9694,0.9443,0.4,64.0,930.4,644.0
1196,276,Easy,dram_1x,data/hcr_train\triplets\01196_ref_64.npy,data/hcr_train\triplets\01196_ref_128.npy,data/hcr_train\triplets\01196_pos_64.npy,data/hcr_train\triplets\01196_pos_128.npy,data/hcr_train\triplets\01196_neg_64.npy,data/hcr_train\triplets\01196_neg_128.npy,0.9694,0.9314,0.4,32.0,930.4,644.0
1197,276,Easy,dram_1x,data/hcr_train\triplets\01197_ref_64.npy,data/hcr_train\triplets\01197_ref_128.npy,data/hcr_train\triplets\01197_pos_64.npy,data/hcr_train\triplets\01197_pos_128.npy,data/hcr_train\triplets\01197_neg_64.npy,data/hcr_train\triplets\01197_neg_128.npy,0.9694,0.9039,0.4,96.0,930.4,644.0
1198,276,Easy,dram_1x,data/hcr_train\triplets\01198_ref_64.npy,data/hcr_train\triplets\01198_ref_128.npy,data/hcr_train\triplets\01198_pos_64.npy,data/hcr_train\triplets\01198_pos_128.npy,data/hcr_train\triplets\01198_neg_64.npy,data/hcr_train\triplets\01198_neg_128.npy,0.9694,0.898,0.4,975.92,930.4,644.0
1199,276,Easy,dram_1x,data/hcr_train\triplets\01199_ref_64.npy,data/hcr_train\triplets\01199_ref_128.npy,data/hcr_train\triplets\01199_pos_64.npy,data/hcr_train\triplets\01199_pos_128.npy,data/hcr_train\triplets\01199_neg_64.npy,data/hcr_train\triplets\01199_neg_128.npy,0.9694,0.8964,0.4,960.68,930.4,644.0
1200,277,Medium,dram_dense,data/hcr_train\triplets\01200_ref_64.npy,data/hcr_train\triplets\01200_ref_128.npy,data/hcr_train\triplets\01200_pos_64.npy,data/hcr_train\triplets\01200_pos_128.npy,data/hcr_train\triplets\01200_neg_64.npy,data/hcr_train\triplets\01200_neg_128.npy,0.8564,0.8305,1.04,12.74,843.0,445.7
1201,277,Medium,dram_dense,data/hcr_train\triplets\01201_ref_64.npy,data/hcr_train\triplets\01201_ref_128.npy,data/hcr_train\triplets\01201_pos_64.npy,data/hcr_train\triplets\01201_pos_128.npy,data/hcr_train\triplets\01201_neg_64.npy,data/hcr_train\triplets\01201_neg_128.npy,0.8564,0.7983,1.04,25.32,843.0,445.7
1202,277,Medium,dram_dense,data/hcr_train\triplets\01202_ref_64.npy,data/hcr_train\triplets\01202_ref_128.npy,data/hcr_train\triplets\01202_pos_64.npy,data/hcr_train\triplets\01202_pos_128.npy,data/hcr_train\triplets\01202_neg_64.npy,data/hcr_train\triplets\01202_neg_128.npy,0.8564,0.7846,1.04,95.71,843.0,445.7
1203,277,Medium,dram_dense,data/hcr_train\triplets\01203_ref_64.npy,data/hcr_train\triplets\01203_ref_128.npy,data/hcr_train\triplets\01203_pos_64.npy,data/hcr_train\triplets\01203_pos_128.npy,data/hcr_train\triplets\01203_neg_64.npy,data/hcr_train\triplets\01203_neg_128.npy,0.8564,0.7535,1.04,25.72,843.0,445.7
1204,277,Medium,dram_dense,data/hcr_train\triplets\01204_ref_64.npy,data/hcr_train\triplets\01204_ref_128.npy,data/hcr_train\triplets\01204_pos_64.npy,data/hcr_train\triplets\01204_pos_128.npy,data/hcr_train\triplets\01204_neg_64.npy,data/hcr_train\triplets\01204_neg_128.npy,0.8564,0.7441,1.04,82.71,843.0,445.7
1205,278,Hard,finfet_10nm,data/hcr_train\triplets\01205_ref_64.npy,data/hcr_train\triplets\01205_ref_128.npy,data/hcr_train\triplets\01205_pos_64.npy,data/hcr_train\triplets\01205_pos_128.npy,data/hcr_train\triplets\01205_neg_64.npy,data/hcr_train\triplets\01205_neg_128.npy,0.6244,0.5121,0.58,19.5,522.5,288.3
1206,278,Hard,finfet_10nm,data/hcr_train\triplets\01206_ref_64.npy,data/hcr_train\triplets\01206_ref_128.npy,data/hcr_train\triplets\01206_pos_64.npy,data/hcr_train\triplets\01206_pos_128.npy,data/hcr_train\triplets\01206_neg_64.npy,data/hcr_train\triplets\01206_neg_128.npy,0.6244,0.4939,0.58,76.5,522.5,288.3
1207,278,Hard,finfet_10nm,data/hcr_train\triplets\01207_ref_64.npy,data/hcr_train\triplets\01207_ref_128.npy,data/hcr_train\triplets\01207_pos_64.npy,data/hcr_train\triplets\01207_pos_128.npy,data/hcr_train\triplets\01207_neg_64.npy,data/hcr_train\triplets\01207_neg_128.npy,0.6244,0.4903,0.58,57.5,522.5,288.3
1208,278,Hard,finfet_10nm,data/hcr_train\triplets\01208_ref_64.npy,data/hcr_train\triplets\01208_ref_128.npy,data/hcr_train\triplets\01208_pos_64.npy,data/hcr_train\triplets\01208_pos_128.npy,data/hcr_train\triplets\01208_neg_64.npy,data/hcr_train\triplets\01208_neg_128.npy,0.6244,0.4891,0.58,38.5,522.5,288.3
1209,278,Hard,finfet_10nm,data/hcr_train\triplets\01209_ref_64.npy,data/hcr_train\triplets\01209_ref_128.npy,data/hcr_train\triplets\01209_pos_64.npy,data/hcr_train\triplets\01209_pos_128.npy,data/hcr_train\triplets\01209_neg_64.npy,data/hcr_train\triplets\01209_neg_128.npy,0.6244,0.488,0.58,95.5,522.5,288.3
1210,279,Adversarial,finfet_7nm,data/hcr_train\triplets\01210_ref_64.npy,data/hcr_train\triplets\01210_ref_128.npy,data/hcr_train\triplets\01210_pos_64.npy,data/hcr_train\triplets\01210_pos_128.npy,data/hcr_train\triplets\01210_neg_64.npy,data/hcr_train\triplets\01210_neg_128.npy,0.4621,0.3673,3.14,9.91,304.1,583.5
1211,279,Adversarial,finfet_7nm,data/hcr_train\triplets\01211_ref_64.npy,data/hcr_train\triplets\01211_ref_128.npy,data/hcr_train\triplets\01211_pos_64.npy,data/hcr_train\triplets\01211_pos_128.npy,data/hcr_train\triplets\01211_neg_64.npy,data/hcr_train\triplets\01211_neg_128.npy,0.4621,0.3604,3.14,165.9,304.1,583.5
1212,279,Adversarial,finfet_7nm,data/hcr_train\triplets\01212_ref_64.npy,data/hcr_train\triplets\01212_ref_128.npy,data/hcr_train\triplets\01212_pos_64.npy,data/hcr_train\triplets\01212_pos_128.npy,data/hcr_train\triplets\01212_neg_64.npy,data/hcr_train\triplets\01212_neg_128.npy,0.4621,0.3556,3.14,80.9,304.1,583.5
1213,279,Adversarial,finfet_7nm,data/hcr_train\triplets\01213_ref_64.npy,data/hcr_train\triplets\01213_ref_128.npy,data/hcr_train\triplets\01213_pos_64.npy,data/hcr_train\triplets\01213_pos_128.npy,data/hcr_train\triplets\01213_neg_64.npy,data/hcr_train\triplets\01213_neg_128.npy,0.4621,0.3386,3.14,189.9,304.1,583.5
1214,279,Adversarial,finfet_7nm,data/hcr_train\triplets\01214_ref_64.npy,data/hcr_train\triplets\01214_ref_128.npy,data/hcr_train\triplets\01214_pos_64.npy,data/hcr_train\triplets\01214_pos_128.npy,data/hcr_train\triplets\01214_neg_64.npy,data/hcr_train\triplets\01214_neg_128.npy,0.4621,0.3347,3.14,105.9,304.1,583.5
1215,280,Easy,dram_1x,data/hcr_train\triplets\01215_ref_64.npy,data/hcr_train\triplets\01215_ref_128.npy,data/hcr_train\triplets\01215_pos_64.npy,data/hcr_train\triplets\01215_pos_128.npy,data/hcr_train\triplets\01215_neg_64.npy,data/hcr_train\triplets\01215_neg_128.npy,0.9662,0.7487,0.2,48.0,560.2,950.0
1216,280,Easy,dram_1x,data/hcr_train\triplets\01216_ref_64.npy,data/hcr_train\triplets\01216_ref_128.npy,data/hcr_train\triplets\01216_pos_64.npy,data/hcr_train\triplets\01216_pos_128.npy,data/hcr_train\triplets\01216_neg_64.npy,data/hcr_train\triplets\01216_neg_128.npy,0.9662,0.6239,0.2,656.61,560.2,950.0
1217,280,Easy,dram_1x,data/hcr_train\triplets\01217_ref_64.npy,data/hcr_train\triplets\01217_ref_128.npy,data/hcr_train\triplets\01217_pos_64.npy,data/hcr_train\triplets\01217_pos_128.npy,data/hcr_train\triplets\01217_neg_64.npy,data/hcr_train\triplets\01217_neg_128.npy,0.9662,0.6214,0.2,545.43,560.2,950.0
1218,280,Easy,dram_1x,data/hcr_train\triplets\01218_ref_64.npy,data/hcr_train\triplets\01218_ref_128.npy,data/hcr_train\triplets\01218_pos_64.npy,data/hcr_train\triplets\01218_pos_128.npy,data/hcr_train\triplets\01218_neg_64.npy,data/hcr_train\triplets\01218_neg_128.npy,0.9662,0.617,0.2,572.57,560.2,950.0
1219,280,Easy,dram_1x,data/hcr_train\triplets\01219_ref_64.npy,data/hcr_train\triplets\01219_ref_128.npy,data/hcr_train\triplets\01219_pos_64.npy,data/hcr_train\triplets\01219_pos_128.npy,data/hcr_train\triplets\01219_neg_64.npy,data/hcr_train\triplets\01219_neg_128.npy,0.9662,0.6151,0.2,628.21,560.2,950.0
1220,281,Medium,dram_dense,data/hcr_train\triplets\01220_ref_64.npy,data/hcr_train\triplets\01220_ref_128.npy,data/hcr_train\triplets\01220_pos_64.npy,data/hcr_train\triplets\01220_pos_128.npy,data/hcr_train\triplets\01220_neg_64.npy,data/hcr_train\triplets\01220_neg_128.npy,0.8738,0.469,0.72,143.4,277.6,562.4
1221,281,Medium,dram_dense,data/hcr_train\triplets\01221_ref_64.npy,data/hcr_train\triplets\01221_ref_128.npy,data/hcr_train\triplets\01221_pos_64.npy,data/hcr_train\triplets\01221_pos_128.npy,data/hcr_train\triplets\01221_neg_64.npy,data/hcr_train\triplets\01221_neg_128.npy,0.8738,0.4688,0.72,191.4,277.6,562.4
1222,281,Medium,dram_dense,data/hcr_train\triplets\01222_ref_64.npy,data/hcr_train\triplets\01222_ref_128.npy,data/hcr_train\triplets\01222_pos_64.npy,data/hcr_train\triplets\01222_pos_128.npy,data/hcr_train\triplets\01222_neg_64.npy,data/hcr_train\triplets\01222_neg_128.npy,0.8738,0.4645,0.72,95.4,277.6,562.4
1223,281,Medium,dram_dense,data/hcr_train\triplets\01223_ref_64.npy,data/hcr_train\triplets\01223_ref_128.npy,data/hcr_train\triplets\01223_pos_64.npy,data/hcr_train\triplets\01223_pos_128.npy,data/hcr_train\triplets\01223_neg_64.npy,data/hcr_train\triplets\01223_neg_128.npy,0.8738,0.4378,0.72,215.4,277.6,562.4
1224,281,Medium,dram_dense,data/hcr_train\triplets\01224_ref_64.npy,data/hcr_train\triplets\01224_ref_128.npy,data/hcr_train\triplets\01224_pos_64.npy,data/hcr_train\triplets\01224_pos_128.npy,data/hcr_train\triplets\01224_neg_64.npy,data/hcr_train\triplets\01224_neg_128.npy,0.8738,0.4365,0.72,22.4,277.6,562.4
1225,282,Hard,finfet_10nm,data/hcr_train\triplets\01225_ref_64.npy,data/hcr_train\triplets\01225_ref_128.npy,data/hcr_train\triplets\01225_pos_64.npy,data/hcr_train\triplets\01225_pos_128.npy,data/hcr_train\triplets\01225_neg_64.npy,data/hcr_train\triplets\01225_neg_128.npy,0.6058,0.5848,0.92,121.8,890.9,208.8
1226,282,Hard,finfet_10nm,data/hcr_train\triplets\01226_ref_64.npy,data/hcr_train\triplets\01226_ref_128.npy,data/hcr_train\triplets\01226_pos_64.npy,data/hcr_train\triplets\01226_pos_128.npy,data/hcr_train\triplets\01226_neg_64.npy,data/hcr_train\triplets\01226_neg_128.npy,0.6058,0.5797,0.92,106.8,890.9,208.8
1227,282,Hard,finfet_10nm,data/hcr_train\triplets\01227_ref_64.npy,data/hcr_train\triplets\01227_ref_128.npy,data/hcr_train\triplets\01227_pos_64.npy,data/hcr_train\triplets\01227_pos_128.npy,data/hcr_train\triplets\01227_neg_64.npy,data/hcr_train\triplets\01227_neg_128.npy,0.6058,0.5552,0.92,60.8,890.9,208.8
1228,282,Hard,finfet_10nm,data/hcr_train\triplets\01228_ref_64.npy,data/hcr_train\triplets\01228_ref_128.npy,data/hcr_train\triplets\01228_pos_64.npy,data/hcr_train\triplets\01228_pos_128.npy,data/hcr_train\triplets\01228_neg_64.npy,data/hcr_train\triplets\01228_neg_128.npy,0.6058,0.5475,0.92,83.9,890.9,208.8
1229,282,Hard,finfet_10nm,data/hcr_train\triplets\01229_ref_64.npy,data/hcr_train\triplets\01229_ref_128.npy,data/hcr_train\triplets\01229_pos_64.npy,data/hcr_train\triplets\01229_pos_128.npy,data/hcr_train\triplets\01229_neg_64.npy,data/hcr_train\triplets\01229_neg_128.npy,0.6058,0.5381,0.92,136.8,890.9,208.8
1230,283,Adversarial,finfet_7nm,data/hcr_train\triplets\01230_ref_64.npy,data/hcr_train\triplets\01230_ref_128.npy,data/hcr_train\triplets\01230_pos_64.npy,data/hcr_train\triplets\01230_pos_128.npy,data/hcr_train\triplets\01230_neg_64.npy,data/hcr_train\triplets\01230_neg_128.npy,0.5001,0.4483,1.43,25.6,924.4,296.7
1231,283,Adversarial,finfet_7nm,data/hcr_train\triplets\01231_ref_64.npy,data/hcr_train\triplets\01231_ref_128.npy,data/hcr_train\triplets\01231_pos_64.npy,data/hcr_train\triplets\01231_pos_128.npy,data/hcr_train\triplets\01231_neg_64.npy,data/hcr_train\triplets\01231_neg_128.npy,0.5001,0.4073,1.43,292.25,924.4,296.7
1232,283,Adversarial,finfet_7nm,data/hcr_train\triplets\01232_ref_64.npy,data/hcr_train\triplets\01232_ref_128.npy,data/hcr_train\triplets\01232_pos_64.npy,data/hcr_train\triplets\01232_pos_128.npy,data/hcr_train\triplets\01232_neg_64.npy,data/hcr_train\triplets\01232_neg_128.npy,0.5001,0.4073,1.43,291.33,924.4,296.7
1233,283,Adversarial,finfet_7nm,data/hcr_train\triplets\01233_ref_64.npy,data/hcr_train\triplets\01233_ref_128.npy,data/hcr_train\triplets\01233_pos_64.npy,data/hcr_train\triplets\01233_pos_128.npy,data/hcr_train\triplets\01233_neg_64.npy,data/hcr_train\triplets\01233_neg_128.npy,0.5001,0.3952,1.43,628.37,924.4,296.7
1234,283,Adversarial,finfet_7nm,data/hcr_train\triplets\01234_ref_64.npy,data/hcr_train\triplets\01234_ref_128.npy,data/hcr_train\triplets\01234_pos_64.npy,data/hcr_train\triplets\01234_pos_128.npy,data/hcr_train\triplets\01234_neg_64.npy,data/hcr_train\triplets\01234_neg_128.npy,0.5001,0.3945,1.43,638.51,924.4,296.7
1235,285,Medium,dram_dense,data/hcr_train\triplets\01235_ref_64.npy,data/hcr_train\triplets\01235_ref_128.npy,data/hcr_train\triplets\01235_pos_64.npy,data/hcr_train\triplets\01235_pos_128.npy,data/hcr_train\triplets\01235_neg_64.npy,data/hcr_train\triplets\01235_neg_128.npy,0.9123,0.9141,0.36,35.7,373.3,325.8
1236,285,Medium,dram_dense,data/hcr_train\triplets\01236_ref_64.npy,data/hcr_train\triplets\01236_ref_128.npy,data/hcr_train\triplets\01236_pos_64.npy,data/hcr_train\triplets\01236_pos_128.npy,data/hcr_train\triplets\01236_neg_64.npy,data/hcr_train\triplets\01236_neg_128.npy,0.9123,0.8929,0.36,71.7,373.3,325.8
1237,285,Medium,dram_dense,data/hcr_train\triplets\01237_ref_64.npy,data/hcr_train\triplets\01237_ref_128.npy,data/hcr_train\triplets\01237_pos_64.npy,data/hcr_train\triplets\01237_pos_128.npy,data/hcr_train\triplets\01237_neg_64.npy,data/hcr_train\triplets\01237_neg_128.npy,0.9123,0.8815,0.36,407.96,373.3,325.8
1238,285,Medium,dram_dense,data/hcr_train\triplets\01238_ref_64.npy,data/hcr_train\triplets\01238_ref_128.npy,data/hcr_train\triplets\01238_pos_64.npy,data/hcr_train\triplets\01238_pos_128.npy,data/hcr_train\triplets\01238_neg_64.npy,data/hcr_train\triplets\01238_neg_128.npy,0.9123,0.8809,0.36,107.7,373.3,325.8
1239,285,Medium,dram_dense,data/hcr_train\triplets\01239_ref_64.npy,data/hcr_train\triplets\01239_ref_128.npy,data/hcr_train\triplets\01239_pos_64.npy,data/hcr_train\triplets\01239_pos_128.npy,data/hcr_train\triplets\01239_neg_64.npy,data/hcr_train\triplets\01239_neg_128.npy,0.9123,0.874,0.36,433.85,373.3,325.8
1240,286,Hard,finfet_10nm,data/hcr_train\triplets\01240_ref_64.npy,data/hcr_train\triplets\01240_ref_128.npy,data/hcr_train\triplets\01240_pos_64.npy,data/hcr_train\triplets\01240_pos_128.npy,data/hcr_train\triplets\01240_neg_64.npy,data/hcr_train\triplets\01240_neg_128.npy,0.6962,0.7167,1.73,71.72,550.7,480.7
1241,286,Hard,finfet_10nm,data/hcr_train\triplets\01241_ref_64.npy,data/hcr_train\triplets\01241_ref_128.npy,data/hcr_train\triplets\01241_pos_64.npy,data/hcr_train\triplets\01241_pos_128.npy,data/hcr_train\triplets\01241_neg_64.npy,data/hcr_train\triplets\01241_neg_128.npy,0.6962,0.7098,1.73,107.71,550.7,480.7
1242,286,Hard,finfet_10nm,data/hcr_train\triplets\01242_ref_64.npy,data/hcr_train\triplets\01242_ref_128.npy,data/hcr_train\triplets\01242_pos_64.npy,data/hcr_train\triplets\01242_pos_128.npy,data/hcr_train\triplets\01242_neg_64.npy,data/hcr_train\triplets\01242_neg_128.npy,0.6962,0.6969,1.73,35.74,550.7,480.7
1243,286,Hard,finfet_10nm,data/hcr_train\triplets\01243_ref_64.npy,data/hcr_train\triplets\01243_ref_128.npy,data/hcr_train\triplets\01243_pos_64.npy,data/hcr_train\triplets\01243_pos_128.npy,data/hcr_train\triplets\01243_neg_64.npy,data/hcr_train\triplets\01243_neg_128.npy,0.6962,0.6528,1.73,143.71,550.7,480.7
1244,286,Hard,finfet_10nm,data/hcr_train\triplets\01244_ref_64.npy,data/hcr_train\triplets\01244_ref_128.npy,data/hcr_train\triplets\01244_pos_64.npy,data/hcr_train\triplets\01244_pos_128.npy,data/hcr_train\triplets\01244_neg_64.npy,data/hcr_train\triplets\01244_neg_128.npy,0.6962,0.6075,1.73,548.88,550.7,480.7
1245,287,Adversarial,finfet_7nm,data/hcr_train\triplets\01245_ref_64.npy,data/hcr_train\triplets\01245_ref_128.npy,data/hcr_train\triplets\01245_pos_64.npy,data/hcr_train\triplets\01245_pos_128.npy,data/hcr_train\triplets\01245_neg_64.npy,data/hcr_train\triplets\01245_neg_128.npy,0.2987,0.2998,0.5,106.7,683.3,116.6
1246,287,Adversarial,finfet_7nm,data/hcr_train\triplets\01246_ref_64.npy,data/hcr_train\triplets\01246_ref_128.npy,data/hcr_train\triplets\01246_pos_64.npy,data/hcr_train\triplets\01246_pos_128.npy,data/hcr_train\triplets\01246_neg_64.npy,data/hcr_train\triplets\01246_neg_128.npy,0.2987,0.2993,0.5,48.3,683.3,116.6
1247,287,Adversarial,finfet_7nm,data/hcr_train\triplets\01247_ref_64.npy,data/hcr_train\triplets\01247_ref_128.npy,data/hcr_train\triplets\01247_pos_64.npy,data/hcr_train\triplets\01247_pos_128.npy,data/hcr_train\triplets\01247_neg_64.npy,data/hcr_train\triplets\01247_neg_128.npy,0.2987,0.297,0.5,24.3,683.3,116.6
1248,287,Adversarial,finfet_7nm,data/hcr_train\triplets\01248_ref_64.npy,data/hcr_train\triplets\01248_ref_128.npy,data/hcr_train\triplets\01248_pos_64.npy,data/hcr_train\triplets\01248_pos_128.npy,data/hcr_train\triplets\01248_neg_64.npy,data/hcr_train\triplets\01248_neg_128.npy,0.2987,0.2969,0.5,82.7,683.3,116.6
1249,287,Adversarial,finfet_7nm,data/hcr_train\triplets\01249_ref_64.npy,data/hcr_train\triplets\01249_ref_128.npy,data/hcr_train\triplets\01249_pos_64.npy,data/hcr_train\triplets\01249_pos_128.npy,data/hcr_train\triplets\01249_neg_64.npy,data/hcr_train\triplets\01249_neg_128.npy,0.2987,0.2879,0.5,64.33,683.3,116.6
1250,288,Easy,dram_1x,data/hcr_train\triplets\01250_ref_64.npy,data/hcr_train\triplets\01250_ref_128.npy,data/hcr_train\triplets\01250_pos_64.npy,data/hcr_train\triplets\01250_pos_128.npy,data/hcr_train\triplets\01250_neg_64.npy,data/hcr_train\triplets\01250_neg_128.npy,0.925,0.9156,0.64,47.5,69.5,534.6
1251,288,Easy,dram_1x,data/hcr_train\triplets\01251_ref_64.npy,data/hcr_train\triplets\01251_ref_128.npy,data/hcr_train\triplets\01251_pos_64.npy,data/hcr_train\triplets\01251_pos_128.npy,data/hcr_train\triplets\01251_neg_64.npy,data/hcr_train\triplets\01251_neg_128.npy,0.925,0.8962,0.64,95.5,69.5,534.6
1252,288,Easy,dram_1x,data/hcr_train\triplets\01252_ref_64.npy,data/hcr_train\triplets\01252_ref_128.npy,data/hcr_train\triplets\01252_pos_64.npy,data/hcr_train\triplets\01252_pos_128.npy,data/hcr_train\triplets\01252_neg_64.npy,data/hcr_train\triplets\01252_neg_128.npy,0.925,0.8752,0.64,143.5,69.5,534.6
1253,288,Easy,dram_1x,data/hcr_train\triplets\01253_ref_64.npy,data/hcr_train\triplets\01253_ref_128.npy,data/hcr_train\triplets\01253_pos_64.npy,data/hcr_train\triplets\01253_pos_128.npy,data/hcr_train\triplets\01253_neg_64.npy,data/hcr_train\triplets\01253_neg_128.npy,0.925,0.858,0.64,119.5,69.5,534.6
1254,288,Easy,dram_1x,data/hcr_train\triplets\01254_ref_64.npy,data/hcr_train\triplets\01254_ref_128.npy,data/hcr_train\triplets\01254_pos_64.npy,data/hcr_train\triplets\01254_pos_128.npy,data/hcr_train\triplets\01254_neg_64.npy,data/hcr_train\triplets\01254_neg_128.npy,0.925,0.857,0.64,71.5,69.5,534.6
1255,289,Medium,dram_dense,data/hcr_train\triplets\01255_ref_64.npy,data/hcr_train\triplets\01255_ref_128.npy,data/hcr_train\triplets\01255_pos_64.npy,data/hcr_train\triplets\01255_pos_128.npy,data/hcr_train\triplets\01255_neg_64.npy,data/hcr_train\triplets\01255_neg_128.npy,0.8768,0.8429,0.45,48.6,876.2,133.6
1256,289,Medium,dram_dense,data/hcr_train\triplets\01256_ref_64.npy,data/hcr_train\triplets\01256_ref_128.npy,data/hcr_train\triplets\01256_pos_64.npy,data/hcr_train\triplets\01256_pos_128.npy,data/hcr_train\triplets\01256_neg_64.npy,data/hcr_train\triplets\01256_neg_128.npy,0.8768,0.835,0.45,48.4,876.2,133.6
1257,289,Medium,dram_dense,data/hcr_train\triplets\01257_ref_64.npy,data/hcr_train\triplets\01257_ref_128.npy,data/hcr_train\triplets\01257_pos_64.npy,data/hcr_train\triplets\01257_pos_128.npy,data/hcr_train\triplets\01257_neg_64.npy,data/hcr_train\triplets\01257_neg_128.npy,0.8768,0.7364,0.45,96.4,876.2,133.6
1258,289,Medium,dram_dense,data/hcr_train\triplets\01258_ref_64.npy,data/hcr_train\triplets\01258_ref_128.npy,data/hcr_train\triplets\01258_pos_64.npy,data/hcr_train\triplets\01258_pos_128.npy,data/hcr_train\triplets\01258_neg_64.npy,data/hcr_train\triplets\01258_neg_128.npy,0.8768,0.7282,0.45,24.4,876.2,133.6
1259,289,Medium,dram_dense,data/hcr_train\triplets\01259_ref_64.npy,data/hcr_train\triplets\01259_ref_128.npy,data/hcr_train\triplets\01259_pos_64.npy,data/hcr_train\triplets\01259_pos_128.npy,data/hcr_train\triplets\01259_neg_64.npy,data/hcr_train\triplets\01259_neg_128.npy,0.8768,0.7236,0.45,72.6,876.2,133.6
1260,290,Hard,finfet_10nm,data/hcr_train\triplets\01260_ref_64.npy,data/hcr_train\triplets\01260_ref_128.npy,data/hcr_train\triplets\01260_pos_64.npy,data/hcr_train\triplets\01260_pos_128.npy,data/hcr_train\triplets\01260_neg_64.npy,data/hcr_train\triplets\01260_neg_128.npy,0.7775,0.7874,1.6,306.77,203.6,651.0
1261,290,Hard,finfet_10nm,data/hcr_train\triplets\01261_ref_64.npy,data/hcr_train\triplets\01261_ref_128.npy,data/hcr_train\triplets\01261_pos_64.npy,data/hcr_train\triplets\01261_pos_128.npy,data/hcr_train\triplets\01261_neg_64.npy,data/hcr_train\triplets\01261_neg_128.npy,0.7775,0.7869,1.6,113.6,203.6,651.0
1262,290,Hard,finfet_10nm,data/hcr_train\triplets\01262_ref_64.npy,data/hcr_train\triplets\01262_ref_128.npy,data/hcr_train\triplets\01262_pos_64.npy,data/hcr_train\triplets\01262_pos_128.npy,data/hcr_train\triplets\01262_neg_64.npy,data/hcr_train\triplets\01262_neg_128.npy,0.7775,0.7866,1.6,131.06,203.6,651.0
1263,290,Hard,finfet_10nm,data/hcr_train\triplets\01263_ref_64.npy,data/hcr_train\triplets\01263_ref_128.npy,data/hcr_train\triplets\01263_pos_64.npy,data/hcr_train\triplets\01263_pos_128.npy,data/hcr_train\triplets\01263_neg_64.npy,data/hcr_train\triplets\01263_neg_128.npy,0.7775,0.7866,1.6,85.6,203.6,651.0
1264,290,Hard,finfet_10nm,data/hcr_train\triplets\01264_ref_64.npy,data/hcr_train\triplets\01264_ref_128.npy,data/hcr_train\triplets\01264_pos_64.npy,data/hcr_train\triplets\01264_pos_128.npy,data/hcr_train\triplets\01264_neg_64.npy,data/hcr_train\triplets\01264_neg_128.npy,0.7775,0.7865,1.6,510.56,203.6,651.0
1265,291,Adversarial,finfet_7nm,data/hcr_train\triplets\01265_ref_64.npy,data/hcr_train\triplets\01265_ref_128.npy,data/hcr_train\triplets\01265_pos_64.npy,data/hcr_train\triplets\01265_pos_128.npy,data/hcr_train\triplets\01265_neg_64.npy,data/hcr_train\triplets\01265_neg_128.npy,0.3532,0.3758,3.44,804.63,136.4,590.5
1266,291,Adversarial,finfet_7nm,data/hcr_train\triplets\01266_ref_64.npy,data/hcr_train\triplets\01266_ref_128.npy,data/hcr_train\triplets\01266_pos_64.npy,data/hcr_train\triplets\01266_pos_128.npy,data/hcr_train\triplets\01266_neg_64.npy,data/hcr_train\triplets\01266_neg_128.npy,0.3532,0.3683,3.44,788.63,136.4,590.5
1267,291,Adversarial,finfet_7nm,data/hcr_train\triplets\01267_ref_64.npy,data/hcr_train\triplets\01267_ref_128.npy,data/hcr_train\triplets\01267_pos_64.npy,data/hcr_train\triplets\01267_pos_128.npy,data/hcr_train\triplets\01267_neg_64.npy,data/hcr_train\triplets\01267_neg_128.npy,0.3532,0.3636,3.44,67.4,136.4,590.5
1268,291,Adversarial,finfet_7nm,data/hcr_train\triplets\01268_ref_64.npy,data/hcr_train\triplets\01268_ref_128.npy,data/hcr_train\triplets\01268_pos_64.npy,data/hcr_train\triplets\01268_pos_128.npy,data/hcr_train\triplets\01268_neg_64.npy,data/hcr_train\triplets\01268_neg_128.npy,0.3532,0.3634,3.44,20.41,136.4,590.5
1269,291,Adversarial,finfet_7nm,data/hcr_train\triplets\01269_ref_64.npy,data/hcr_train\triplets\01269_ref_128.npy,data/hcr_train\triplets\01269_pos_64.npy,data/hcr_train\triplets\01269_pos_128.npy,data/hcr_train\triplets\01269_neg_64.npy,data/hcr_train\triplets\01269_neg_128.npy,0.3532,0.3612,3.44,27.6,136.4,590.5
1270,292,Easy,dram_1x,data/hcr_train\triplets\01270_ref_64.npy,data/hcr_train\triplets\01270_ref_128.npy,data/hcr_train\triplets\01270_pos_64.npy,data/hcr_train\triplets\01270_pos_128.npy,data/hcr_train\triplets\01270_neg_64.npy,data/hcr_train\triplets\01270_neg_128.npy,0.9457,0.5661,0.82,47.81,284.8,884.2
1271,292,Easy,dram_1x,data/hcr_train\triplets\01271_ref_64.npy,data/hcr_train\triplets\01271_ref_128.npy,data/hcr_train\triplets\01271_pos_64.npy,data/hcr_train\triplets\01271_pos_128.npy,data/hcr_train\triplets\01271_neg_64.npy,data/hcr_train\triplets\01271_neg_128.npy,0.9457,0.5406,0.82,12.82,284.8,884.2
1272,292,Easy,dram_1x,data/hcr_train\triplets\01272_ref_64.npy,data/hcr_train\triplets\01272_ref_128.npy,data/hcr_train\triplets\01272_pos_64.npy,data/hcr_train\triplets\01272_pos_128.npy,data/hcr_train\triplets\01272_neg_64.npy,data/hcr_train\triplets\01272_neg_128.npy,0.9457,0.5323,0.82,295.22,284.8,884.2
1273,292,Easy,dram_1x,data/hcr_train\triplets\01273_ref_64.npy,data/hcr_train\triplets\01273_ref_128.npy,data/hcr_train\triplets\01273_pos_64.npy,data/hcr_train\triplets\01273_pos_128.npy,data/hcr_train\triplets\01273_neg_64.npy,data/hcr_train\triplets\01273_neg_128.npy,0.9457,0.5184,0.82,18.2,284.8,884.2
1274,292,Easy,dram_1x,data/hcr_train\triplets\01274_ref_64.npy,data/hcr_train\triplets\01274_ref_128.npy,data/hcr_train\triplets\01274_pos_64.npy,data/hcr_train\triplets\01274_pos_128.npy,data/hcr_train\triplets\01274_neg_64.npy,data/hcr_train\triplets\01274_neg_128.npy,0.9457,0.4946,0.82,35.2,284.8,884.2
1275,293,Medium,dram_dense,data/hcr_train\triplets\01275_ref_64.npy,data/hcr_train\triplets\01275_ref_128.npy,data/hcr_train\triplets\01275_pos_64.npy,data/hcr_train\triplets\01275_pos_128.npy,data/hcr_train\triplets\01275_neg_64.npy,data/hcr_train\triplets\01275_neg_128.npy,0.8756,0.8564,0.92,43.9,425.9,553.8
1276,293,Medium,dram_dense,data/hcr_train\triplets\01276_ref_64.npy,data/hcr_train\triplets\01276_ref_128.npy,data/hcr_train\triplets\01276_pos_64.npy,data/hcr_train\triplets\01276_pos_128.npy,data/hcr_train\triplets\01276_neg_64.npy,data/hcr_train\triplets\01276_neg_128.npy,0.8756,0.8491,0.92,65.9,425.9,553.8
1277,293,Medium,dram_dense,data/hcr_train\triplets\01277_ref_64.npy,data/hcr_train\triplets\01277_ref_128.npy,data/hcr_train\triplets\01277_pos_64.npy,data/hcr_train\triplets\01277_pos_128.npy,data/hcr_train\triplets\01277_neg_64.npy,data/hcr_train\triplets\01277_neg_128.npy,0.8756,0.8444,0.92,21.1,425.9,553.8
1278,293,Medium,dram_dense,data/hcr_train\triplets\01278_ref_64.npy,data/hcr_train\triplets\01278_ref_128.npy,data/hcr_train\triplets\01278_pos_64.npy,data/hcr_train\triplets\01278_pos_128.npy,data/hcr_train\triplets\01278_neg_64.npy,data/hcr_train\triplets\01278_neg_128.npy,0.8756,0.8371,0.92,43.1,425.9,553.8
1279,293,Medium,dram_dense,data/hcr_train\triplets\01279_ref_64.npy,data/hcr_train\triplets\01279_ref_128.npy,data/hcr_train\triplets\01279_pos_64.npy,data/hcr_train\triplets\01279_pos_128.npy,data/hcr_train\triplets\01279_neg_64.npy,data/hcr_train\triplets\01279_neg_128.npy,0.8756,0.8269,0.92,87.9,425.9,553.8
1280,295,Adversarial,finfet_7nm,data/hcr_train\triplets\01280_ref_64.npy,data/hcr_train\triplets\01280_ref_128.npy,data/hcr_train\triplets\01280_pos_64.npy,data/hcr_train\triplets\01280_pos_128.npy,data/hcr_train\triplets\01280_neg_64.npy,data/hcr_train\triplets\01280_neg_128.npy,0.3885,0.4184,0.28,678.18,153.8,52.8
1281,295,Adversarial,finfet_7nm,data/hcr_train\triplets\01281_ref_64.npy,data/hcr_train\triplets\01281_ref_128.npy,data/hcr_train\triplets\01281_pos_64.npy,data/hcr_train\triplets\01281_pos_128.npy,data/hcr_train\triplets\01281_neg_64.npy,data/hcr_train\triplets\01281_neg_128.npy,0.3885,0.4166,0.28,679.59,153.8,52.8
1282,295,Adversarial,finfet_7nm,data/hcr_train\triplets\01282_ref_64.npy,data/hcr_train\triplets\01282_ref_128.npy,data/hcr_train\triplets\01282_pos_64.npy,data/hcr_train\triplets\01282_pos_128.npy,data/hcr_train\triplets\01282_neg_64.npy,data/hcr_train\triplets\01282_neg_128.npy,0.3885,0.4145,0.28,681.37,153.8,52.8
1283,295,Adversarial,finfet_7nm,data/hcr_train\triplets\01283_ref_64.npy,data/hcr_train\triplets\01283_ref_128.npy,data/hcr_train\triplets\01283_pos_64.npy,data/hcr_train\triplets\01283_pos_128.npy,data/hcr_train\triplets\01283_neg_64.npy,data/hcr_train\triplets\01283_neg_128.npy,0.3885,0.4124,0.28,683.53,153.8,52.8
1284,295,Adversarial,finfet_7nm,data/hcr_train\triplets\01284_ref_64.npy,data/hcr_train\triplets\01284_ref_128.npy,data/hcr_train\triplets\01284_pos_64.npy,data/hcr_train\triplets\01284_pos_128.npy,data/hcr_train\triplets\01284_neg_64.npy,data/hcr_train\triplets\01284_neg_128.npy,0.3885,0.4122,0.28,677.15,153.8,52.8
1285,296,Easy,dram_1x,data/hcr_train\triplets\01285_ref_64.npy,data/hcr_train\triplets\01285_ref_128.npy,data/hcr_train\triplets\01285_pos_64.npy,data/hcr_train\triplets\01285_pos_128.npy,data/hcr_train\triplets\01285_neg_64.npy,data/hcr_train\triplets\01285_neg_128.npy,0.9333,0.8118,0.95,223.9,943.9,883.3
1286,296,Easy,dram_1x,data/hcr_train\triplets\01286_ref_64.npy,data/hcr_train\triplets\01286_ref_128.npy,data/hcr_train\triplets\01286_pos_64.npy,data/hcr_train\triplets\01286_pos_128.npy,data/hcr_train\triplets\01286_neg_64.npy,data/hcr_train\triplets\01286_neg_128.npy,0.9333,0.8016,0.95,175.9,943.9,883.3
1287,296,Easy,dram_1x,data/hcr_train\triplets\01287_ref_64.npy,data/hcr_train\triplets\01287_ref_128.npy,data/hcr_train\triplets\01287_pos_64.npy,data/hcr_train\triplets\01287_pos_128.npy,data/hcr_train\triplets\01287_neg_64.npy,data/hcr_train\triplets\01287_neg_128.npy,0.9333,0.7939,0.95,271.9,943.9,883.3
1288,296,Easy,dram_1x,data/hcr_train\triplets\01288_ref_64.npy,data/hcr_train\triplets\01288_ref_128.npy,data/hcr_train\triplets\01288_pos_64.npy,data/hcr_train\triplets\01288_pos_128.npy,data/hcr_train\triplets\01288_neg_64.npy,data/hcr_train\triplets\01288_neg_128.npy,0.9333,0.786,0.95,199.9,943.9,883.3
1289,296,Easy,dram_1x,data/hcr_train\triplets\01289_ref_64.npy,data/hcr_train\triplets\01289_ref_128.npy,data/hcr_train\triplets\01289_pos_64.npy,data/hcr_train\triplets\01289_pos_128.npy,data/hcr_train\triplets\01289_neg_64.npy,data/hcr_train\triplets\01289_neg_128.npy,0.9333,0.7696,0.95,151.91,943.9,883.3
1290,297,Medium,dram_dense,data/hcr_train\triplets\01290_ref_64.npy,data/hcr_train\triplets\01290_ref_128.npy,data/hcr_train\triplets\01290_pos_64.npy,data/hcr_train\triplets\01290_pos_128.npy,data/hcr_train\triplets\01290_neg_64.npy,data/hcr_train\triplets\01290_neg_128.npy,0.8703,0.4633,1.75,85.3,280.7,870.4
1291,297,Medium,dram_dense,data/hcr_train\triplets\01291_ref_64.npy,data/hcr_train\triplets\01291_ref_128.npy,data/hcr_train\triplets\01291_pos_64.npy,data/hcr_train\triplets\01291_pos_128.npy,data/hcr_train\triplets\01291_neg_64.npy,data/hcr_train\triplets\01291_neg_128.npy,0.8703,0.4551,1.75,128.3,280.7,870.4
1292,297,Medium,dram_dense,data/hcr_train\triplets\01292_ref_64.npy,data/hcr_train\triplets\01292_ref_128.npy,data/hcr_train\triplets\01292_pos_64.npy,data/hcr_train\triplets\01292_pos_128.npy,data/hcr_train\triplets\01292_neg_64.npy,data/hcr_train\triplets\01292_neg_128.npy,0.8703,0.4484,1.75,172.3,280.7,870.4
1293,297,Medium,dram_dense,data/hcr_train\triplets\01293_ref_64.npy,data/hcr_train\triplets\01293_ref_128.npy,data/hcr_train\triplets\01293_pos_64.npy,data/hcr_train\triplets\01293_pos_128.npy,data/hcr_train\triplets\01293_neg_64.npy,data/hcr_train\triplets\01293_neg_128.npy,0.8703,0.4477,1.75,47.63,280.7,870.4
1294,297,Medium,dram_dense,data/hcr_train\triplets\01294_ref_64.npy,data/hcr_train\triplets\01294_ref_128.npy,data/hcr_train\triplets\01294_pos_64.npy,data/hcr_train\triplets\01294_pos_128.npy,data/hcr_train\triplets\01294_neg_64.npy,data/hcr_train\triplets\01294_neg_128.npy,0.8703,0.4474,1.75,42.3,280.7,870.4
1295,298,Hard,finfet_10nm,data/hcr_train\triplets\01295_ref_64.npy,data/hcr_train\triplets\01295_ref_128.npy,data/hcr_train\triplets\01295_pos_64.npy,data/hcr_train\triplets\01295_pos_128.npy,data/hcr_train\triplets\01295_neg_64.npy,data/hcr_train\triplets\01295_neg_128.npy,0.6943,0.6774,0.91,47.1,68.9,301.9
1296,298,Hard,finfet_10nm,data/hcr_train\triplets\01296_ref_64.npy,data/hcr_train\triplets\01296_ref_128.npy,data/hcr_train\triplets\01296_pos_64.npy,data/hcr_train\triplets\01296_pos_128.npy,data/hcr_train\triplets\01296_neg_64.npy,data/hcr_train\triplets\01296_neg_128.npy,0.6943,0.6705,0.91,95.1,68.9,301.9
1297,298,Hard,finfet_10nm,data/hcr_train\triplets\01297_ref_64.npy,data/hcr_train\triplets\01297_ref_128.npy,data/hcr_train\triplets\01297_pos_64.npy,data/hcr_train\triplets\01297_pos_128.npy,data/hcr_train\triplets\01297_neg_64.npy,data/hcr_train\triplets\01297_neg_128.npy,0.6943,0.6672,0.91,143.1,68.9,301.9
1298,298,Hard,finfet_10nm,data/hcr_train\triplets\01298_ref_64.npy,data/hcr_train\triplets\01298_ref_128.npy,data/hcr_train\triplets\01298_pos_64.npy,data/hcr_train\triplets\01298_pos_128.npy,data/hcr_train\triplets\01298_neg_64.npy,data/hcr_train\triplets\01298_neg_128.npy,0.6943,0.6482,0.91,23.1,68.9,301.9
1299,298,Hard,finfet_10nm,data/hcr_train\triplets\01299_ref_64.npy,data/hcr_train\triplets\01299_ref_128.npy,data/hcr_train\triplets\01299_pos_64.npy,data/hcr_train\triplets\01299_pos_128.npy,data/hcr_train\triplets\01299_neg_64.npy,data/hcr_train\triplets\01299_neg_128.npy,0.6943,0.6404,0.91,71.1,68.9,301.9
1300,300,Easy,dram_1x,data/hcr_train\triplets\01300_ref_64.npy,data/hcr_train\triplets\01300_ref_128.npy,data/hcr_train\triplets\01300_pos_64.npy,data/hcr_train\triplets\01300_pos_128.npy,data/hcr_train\triplets\01300_neg_64.npy,data/hcr_train\triplets\01300_neg_128.npy,0.9285,0.8564,0.51,47.5,844.1,139.5
1301,300,Easy,dram_1x,data/hcr_train\triplets\01301_ref_64.npy,data/hcr_train\triplets\01301_ref_128.npy,data/hcr_train\triplets\01301_pos_64.npy,data/hcr_train\triplets\01301_pos_128.npy,data/hcr_train\triplets\01301_neg_64.npy,data/hcr_train\triplets\01301_neg_128.npy,0.9285,0.8535,0.51,47.5,844.1,139.5
1302,300,Easy,dram_1x,data/hcr_train\triplets\01302_ref_64.npy,data/hcr_train\triplets\01302_ref_128.npy,data/hcr_train\triplets\01302_pos_64.npy,data/hcr_train\triplets\01302_pos_128.npy,data/hcr_train\triplets\01302_neg_64.npy,data/hcr_train\triplets\01302_neg_128.npy,0.9285,0.7977,0.51,18.5,844.1,139.5
1303,300,Easy,dram_1x,data/hcr_train\triplets\01303_ref_64.npy,data/hcr_train\triplets\01303_ref_128.npy,data/hcr_train\triplets\01303_pos_64.npy,data/hcr_train\triplets\01303_pos_128.npy,data/hcr_train\triplets\01303_neg_64.npy,data/hcr_train\triplets\01303_neg_128.npy,0.9285,0.796,0.51,76.5,844.1,139.5
1304,300,Easy,dram_1x,data/hcr_train\triplets\01304_ref_64.npy,data/hcr_train\triplets\01304_ref_128.npy,data/hcr_train\triplets\01304_pos_64.npy,data/hcr_train\triplets\01304_pos_128.npy,data/hcr_train\triplets\01304_neg_64.npy,data/hcr_train\triplets\01304_neg_128.npy,0.9285,0.7844,0.51,18.5,844.1,139.5
1305,301,Medium,dram_dense,data/hcr_train\triplets\01305_ref_64.npy,data/hcr_train\triplets\01305_ref_128.npy,data/hcr_train\triplets\01305_pos_64.npy,data/hcr_train\triplets\01305_pos_128.npy,data/hcr_train\triplets\01305_neg_64.npy,data/hcr_train\triplets\01305_neg_128.npy,0.8923,0.8438,1.24,84.8,701.2,884.7
1306,301,Medium,dram_dense,data/hcr_train\triplets\01306_ref_64.npy,data/hcr_train\triplets\01306_ref_128.npy,data/hcr_train\triplets\01306_pos_64.npy,data/hcr_train\triplets\01306_pos_128.npy,data/hcr_train\triplets\01306_neg_64.npy,data/hcr_train\triplets\01306_neg_128.npy,0.8923,0.8368,1.24,55.8,701.2,884.7
1307,301,Medium,dram_dense,data/hcr_train\triplets\01307_ref_64.npy,data/hcr_train\triplets\01307_ref_128.npy,data/hcr_train\triplets\01307_pos_64.npy,data/hcr_train\triplets\01307_pos_128.npy,data/hcr_train\triplets\01307_neg_64.npy,data/hcr_train\triplets\01307_neg_128.npy,0.8923,0.8314,1.24,30.2,701.2,884.7
1308,301,Medium,dram_dense,data/hcr_train\triplets\01308_ref_64.npy,data/hcr_train\triplets\01308_ref_128.npy,data/hcr_train\triplets\01308_pos_64.npy,data/hcr_train\triplets\01308_pos_128.npy,data/hcr_train\triplets\01308_neg_64.npy,data/hcr_train\triplets\01308_neg_128.npy,0.8923,0.8301,1.24,26.8,701.2,884.7
1309,301,Medium,dram_dense,data/hcr_train\triplets\01309_ref_64.npy,data/hcr_train\triplets\01309_ref_128.npy,data/hcr_train\triplets\01309_pos_64.npy,data/hcr_train\triplets\01309_pos_128.npy,data/hcr_train\triplets\01309_neg_64.npy,data/hcr_train\triplets\01309_neg_128.npy,0.8923,0.8289,1.24,58.2,701.2,884.7
1310,302,Hard,finfet_10nm,data/hcr_train\triplets\01310_ref_64.npy,data/hcr_train\triplets\01310_ref_128.npy,data/hcr_train\triplets\01310_pos_64.npy,data/hcr_train\triplets\01310_pos_128.npy,data/hcr_train\triplets\01310_neg_64.npy,data/hcr_train\triplets\01310_neg_128.npy,0.6617,0.4122,2.01,104.82,866.0,587.2
1311,302,Hard,finfet_10nm,data/hcr_train\triplets\01311_ref_64.npy,data/hcr_train\triplets\01311_ref_128.npy,data/hcr_train\triplets\01311_pos_64.npy,data/hcr_train\triplets\01311_pos_128.npy,data/hcr_train\triplets\01311_neg_64.npy,data/hcr_train\triplets\01311_neg_128.npy,0.6617,0.3961,2.01,17.0,866.0,587.2
1312,302,Hard,finfet_10nm,data/hcr_train\triplets\01312_ref_64.npy,data/hcr_train\triplets\01312_ref_128.npy,data/hcr_train\triplets\01312_pos_64.npy,data/hcr_train\triplets\01312_pos_128.npy,data/hcr_train\triplets\01312_neg_64.npy,data/hcr_train\triplets\01312_neg_128.npy,0.6617,0.3952,2.01,13.0,866.0,587.2
1313,302,Hard,finfet_10nm,data/hcr_train\triplets\01313_ref_64.npy,data/hcr_train\triplets\01313_ref_128.npy,data/hcr_train\triplets\01313_pos_64.npy,data/hcr_train\triplets\01313_pos_128.npy,data/hcr_train\triplets\01313_neg_64.npy,data/hcr_train\triplets\01313_neg_128.npy,0.6617,0.3868,2.01,181.81,866.0,587.2
1314,302,Hard,finfet_10nm,data/hcr_train\triplets\01314_ref_64.npy,data/hcr_train\triplets\01314_ref_128.npy,data/hcr_train\triplets\01314_pos_64.npy,data/hcr_train\triplets\01314_pos_128.npy,data/hcr_train\triplets\01314_neg_64.npy,data/hcr_train\triplets\01314_neg_128.npy,0.6617,0.3783,2.01,208.81,866.0,587.2
1315,303,Adversarial,finfet_7nm,data/hcr_train\triplets\01315_ref_64.npy,data/hcr_train\triplets\01315_ref_128.npy,data/hcr_train\triplets\01315_pos_64.npy,data/hcr_train\triplets\01315_pos_128.npy,data/hcr_train\triplets\01315_neg_64.npy,data/hcr_train\triplets\01315_neg_128.npy,0.4318,0.2453,5.11,217.9,569.1,856.3
1316,303,Adversarial,finfet_7nm,data/hcr_train\triplets\01316_ref_64.npy,data/hcr_train\triplets\01316_ref_128.npy,data/hcr_train\triplets\01316_pos_64.npy,data/hcr_train\triplets\01316_pos_128.npy,data/hcr_train\triplets\01316_neg_64.npy,data/hcr_train\triplets\01316_neg_128.npy,0.4318,0.2433,5.11,51.9,569.1,856.3
1317,303,Adversarial,finfet_7nm,data/hcr_train\triplets\01317_ref_64.npy,data/hcr_train\triplets\01317_ref_128.npy,data/hcr_train\triplets\01317_pos_64.npy,data/hcr_train\triplets\01317_pos_128.npy,data/hcr_train\triplets\01317_neg_64.npy,data/hcr_train\triplets\01317_neg_128.npy,0.4318,0.2427,5.11,190.9,569.1,856.3
1318,303,Adversarial,finfet_7nm,data/hcr_train\triplets\01318_ref_64.npy,data/hcr_train\triplets\01318_ref_128.npy,data/hcr_train\triplets\01318_pos_64.npy,data/hcr_train\triplets\01318_pos_128.npy,data/hcr_train\triplets\01318_neg_64.npy,data/hcr_train\triplets\01318_neg_128.npy,0.4318,0.2391,5.11,148.9,569.1,856.3
1319,303,Adversarial,finfet_7nm,data/hcr_train\triplets\01319_ref_64.npy,data/hcr_train\triplets\01319_ref_128.npy,data/hcr_train\triplets\01319_pos_64.npy,data/hcr_train\triplets\01319_pos_128.npy,data/hcr_train\triplets\01319_neg_64.npy,data/hcr_train\triplets\01319_neg_128.npy,0.4318,0.2372,5.11,22.1,569.1,856.3
1320,304,Easy,dram_1x,data/hcr_train\triplets\01320_ref_64.npy,data/hcr_train\triplets\01320_ref_128.npy,data/hcr_train\triplets\01320_pos_64.npy,data/hcr_train\triplets\01320_pos_128.npy,data/hcr_train\triplets\01320_neg_64.npy,data/hcr_train\triplets\01320_neg_128.npy,0.9343,0.8486,0.32,638.71,238.1,948.3
1321,304,Easy,dram_1x,data/hcr_train\triplets\01321_ref_64.npy,data/hcr_train\triplets\01321_ref_128.npy,data/hcr_train\triplets\01321_pos_64.npy,data/hcr_train\triplets\01321_pos_128.npy,data/hcr_train\triplets\01321_neg_64.npy,data/hcr_train\triplets\01321_neg_128.npy,0.9343,0.8454,0.32,16.3,238.1,948.3
1322,304,Easy,dram_1x,data/hcr_train\triplets\01322_ref_64.npy,data/hcr_train\triplets\01322_ref_128.npy,data/hcr_train\triplets\01322_pos_64.npy,data/hcr_train\triplets\01322_pos_128.npy,data/hcr_train\triplets\01322_neg_64.npy,data/hcr_train\triplets\01322_neg_128.npy,0.9343,0.8429,0.32,32.3,238.1,948.3
1323,304,Easy,dram_1x,data/hcr_train\triplets\01323_ref_64.npy,data/hcr_train\triplets\01323_ref_128.npy,data/hcr_train\triplets\01323_pos_64.npy,data/hcr_train\triplets\01323_pos_128.npy,data/hcr_train\triplets\01323_neg_64.npy,data/hcr_train\triplets\01323_neg_128.npy,0.9343,0.8413,0.32,652.11,238.1,948.3
1324,304,Easy,dram_1x,data/hcr_train\triplets\01324_ref_64.npy,data/hcr_train\triplets\01324_ref_128.npy,data/hcr_train\triplets\01324_pos_64.npy,data/hcr_train\triplets\01324_pos_128.npy,data/hcr_train\triplets\01324_neg_64.npy,data/hcr_train\triplets\01324_neg_128.npy,0.9343,0.8288,0.32,626.65,238.1,948.3
1325,305,Medium,dram_dense,data/hcr_train\triplets\01325_ref_64.npy,data/hcr_train\triplets\01325_ref_128.npy,data/hcr_train\triplets\01325_pos_64.npy,data/hcr_train\triplets\01325_pos_128.npy,data/hcr_train\triplets\01325_neg_64.npy,data/hcr_train\triplets\01325_neg_128.npy,0.9045,0.8984,0.41,85.6,88.4,301.9
1326,305,Medium,dram_dense,data/hcr_train\triplets\01326_ref_64.npy,data/hcr_train\triplets\01326_ref_128.npy,data/hcr_train\triplets\01326_pos_64.npy,data/hcr_train\triplets\01326_pos_128.npy,data/hcr_train\triplets\01326_neg_64.npy,data/hcr_train\triplets\01326_neg_128.npy,0.9045,0.8431,0.41,42.6,88.4,301.9
1327,305,Medium,dram_dense,data/hcr_train\triplets\01327_ref_64.npy,data/hcr_train\triplets\01327_ref_128.npy,data/hcr_train\triplets\01327_pos_64.npy,data/hcr_train\triplets\01327_pos_128.npy,data/hcr_train\triplets\01327_neg_64.npy,data/hcr_train\triplets\01327_neg_128.npy,0.9045,0.8291,0.41,56.6,88.4,301.9
1328,305,Medium,dram_dense,data/hcr_train\triplets\01328_ref_64.npy,data/hcr_train\triplets\01328_ref_128.npy,data/hcr_train\triplets\01328_pos_64.npy,data/hcr_train\triplets\01328_pos_128.npy,data/hcr_train\triplets\01328_neg_64.npy,data/hcr_train\triplets\01328_neg_128.npy,0.9045,0.827,0.41,29.4,88.4,301.9
1329,305,Medium,dram_dense,data/hcr_train\triplets\01329_ref_64.npy,data/hcr_train\triplets\01329_ref_128.npy,data/hcr_train\triplets\01329_pos_64.npy,data/hcr_train\triplets\01329_pos_128.npy,data/hcr_train\triplets\01329_neg_64.npy,data/hcr_train\triplets\01329_neg_128.npy,0.9045,0.8214,0.41,114.6,88.4,301.9
1330,307,Adversarial,finfet_7nm,data/hcr_train\triplets\01330_ref_64.npy,data/hcr_train\triplets\01330_ref_128.npy,data/hcr_train\triplets\01330_pos_64.npy,data/hcr_train\triplets\01330_pos_128.npy,data/hcr_train\triplets\01330_neg_64.npy,data/hcr_train\triplets\01330_neg_128.npy,0.3974,0.3998,4.2,30.39,600.2,785.1
1331,307,Adversarial,finfet_7nm,data/hcr_train\triplets\01331_ref_64.npy,data/hcr_train\triplets\01331_ref_128.npy,data/hcr_train\triplets\01331_pos_64.npy,data/hcr_train\triplets\01331_pos_128.npy,data/hcr_train\triplets\01331_neg_64.npy,data/hcr_train\triplets\01331_neg_128.npy,0.3974,0.3809,4.2,60.19,600.2,785.1
1332,307,Adversarial,finfet_7nm,data/hcr_train\triplets\01332_ref_64.npy,data/hcr_train\triplets\01332_ref_128.npy,data/hcr_train\triplets\01332_pos_64.npy,data/hcr_train\triplets\01332_pos_128.npy,data/hcr_train\triplets\01332_neg_64.npy,data/hcr_train\triplets\01332_neg_128.npy,0.3974,0.3799,4.2,15.57,600.2,785.1
1333,307,Adversarial,finfet_7nm,data/hcr_train\triplets\01333_ref_64.npy,data/hcr_train\triplets\01333_ref_128.npy,data/hcr_train\triplets\01333_pos_64.npy,data/hcr_train\triplets\01333_pos_128.npy,data/hcr_train\triplets\01333_neg_64.npy,data/hcr_train\triplets\01333_neg_128.npy,0.3974,0.3717,4.2,120.12,600.2,785.1
1334,307,Adversarial,finfet_7nm,data/hcr_train\triplets\01334_ref_64.npy,data/hcr_train\triplets\01334_ref_128.npy,data/hcr_train\triplets\01334_pos_64.npy,data/hcr_train\triplets\01334_pos_128.npy,data/hcr_train\triplets\01334_neg_64.npy,data/hcr_train\triplets\01334_neg_128.npy,0.3974,0.3711,4.2,45.26,600.2,785.1
1335,308,Easy,dram_1x,data/hcr_train\triplets\01335_ref_64.npy,data/hcr_train\triplets\01335_ref_128.npy,data/hcr_train\triplets\01335_pos_64.npy,data/hcr_train\triplets\01335_pos_128.npy,data/hcr_train\triplets\01335_neg_64.npy,data/hcr_train\triplets\01335_neg_128.npy,0.9288,0.9331,0.41,57.4,733.6,62.9
1336,308,Easy,dram_1x,data/hcr_train\triplets\01336_ref_64.npy,data/hcr_train\triplets\01336_ref_128.npy,data/hcr_train\triplets\01336_pos_64.npy,data/hcr_train\triplets\01336_pos_128.npy,data/hcr_train\triplets\01336_neg_64.npy,data/hcr_train\triplets\01336_neg_128.npy,0.9288,0.9278,0.41,86.6,733.6,62.9
1337,308,Easy,dram_1x,data/hcr_train\triplets\01337_ref_64.npy,data/hcr_train\triplets\01337_ref_128.npy,data/hcr_train\triplets\01337_pos_64.npy,data/hcr_train\triplets\01337_pos_128.npy,data/hcr_train\triplets\01337_neg_64.npy,data/hcr_train\triplets\01337_neg_128.npy,0.9288,0.9253,0.41,57.6,733.6,62.9
1338,308,Easy,dram_1x,data/hcr_train\triplets\01338_ref_64.npy,data/hcr_train\triplets\01338_ref_128.npy,data/hcr_train\triplets\01338_pos_64.npy,data/hcr_train\triplets\01338_pos_128.npy,data/hcr_train\triplets\01338_neg_64.npy,data/hcr_train\triplets\01338_neg_128.npy,0.9288,0.9204,0.41,60.49,733.6,62.9
1339,308,Easy,dram_1x,data/hcr_train\triplets\01339_ref_64.npy,data/hcr_train\triplets\01339_ref_128.npy,data/hcr_train\triplets\01339_pos_64.npy,data/hcr_train\triplets\01339_pos_128.npy,data/hcr_train\triplets\01339_neg_64.npy,data/hcr_train\triplets\01339_neg_128.npy,0.9288,0.9157,0.41,88.68,733.6,62.9
1340,309,Medium,dram_dense,data/hcr_train\triplets\01340_ref_64.npy,data/hcr_train\triplets\01340_ref_128.npy,data/hcr_train\triplets\01340_pos_64.npy,data/hcr_train\triplets\01340_pos_128.npy,data/hcr_train\triplets\01340_neg_64.npy,data/hcr_train\triplets\01340_neg_128.npy,0.9223,0.8795,1.0,64.01,572.0,708.0
1341,309,Medium,dram_dense,data/hcr_train\triplets\01341_ref_64.npy,data/hcr_train\triplets\01341_ref_128.npy,data/hcr_train\triplets\01341_pos_64.npy,data/hcr_train\triplets\01341_pos_128.npy,data/hcr_train\triplets\01341_neg_64.npy,data/hcr_train\triplets\01341_neg_128.npy,0.9223,0.8636,1.0,32.02,572.0,708.0
1342,309,Medium,dram_dense,data/hcr_train\triplets\01342_ref_64.npy,data/hcr_train\triplets\01342_ref_128.npy,data/hcr_train\triplets\01342_pos_64.npy,data/hcr_train\triplets\01342_pos_128.npy,data/hcr_train\triplets\01342_neg_64.npy,data/hcr_train\triplets\01342_neg_128.npy,0.9223,0.8496,1.0,32.02,572.0,708.0
1343,309,Medium,dram_dense,data/hcr_train\triplets\01343_ref_64.npy,data/hcr_train\triplets\01343_ref_128.npy,data/hcr_train\triplets\01343_pos_64.npy,data/hcr_train\triplets\01343_pos_128.npy,data/hcr_train\triplets\01343_neg_64.npy,data/hcr_train\triplets\01343_neg_128.npy,0.9223,0.8339,1.0,64.01,572.0,708.0
1344,309,Medium,dram_dense,data/hcr_train\triplets\01344_ref_64.npy,data/hcr_train\triplets\01344_ref_128.npy,data/hcr_train\triplets\01344_pos_64.npy,data/hcr_train\triplets\01344_pos_128.npy,data/hcr_train\triplets\01344_neg_64.npy,data/hcr_train\triplets\01344_neg_128.npy,0.9223,0.7565,1.0,96.01,572.0,708.0
1345,310,Hard,finfet_10nm,data/hcr_train\triplets\01345_ref_64.npy,data/hcr_train\triplets\01345_ref_128.npy,data/hcr_train\triplets\01345_pos_64.npy,data/hcr_train\triplets\01345_pos_128.npy,data/hcr_train\triplets\01345_neg_64.npy,data/hcr_train\triplets\01345_neg_128.npy,0.7472,0.6835,0.32,90.1,554.3,107.9
1346,310,Hard,finfet_10nm,data/hcr_train\triplets\01346_ref_64.npy,data/hcr_train\triplets\01346_ref_128.npy,data/hcr_train\triplets\01346_pos_64.npy,data/hcr_train\triplets\01346_pos_128.npy,data/hcr_train\triplets\01346_neg_64.npy,data/hcr_train\triplets\01346_neg_128.npy,0.7472,0.5739,0.32,721.77,554.3,107.9
1347,310,Hard,finfet_10nm,data/hcr_train\triplets\01347_ref_64.npy,data/hcr_train\triplets\01347_ref_128.npy,data/hcr_train\triplets\01347_pos_64.npy,data/hcr_train\triplets\01347_pos_128.npy,data/hcr_train\triplets\01347_neg_64.npy,data/hcr_train\triplets\01347_neg_128.npy,0.7472,0.5636,0.32,30.1,554.3,107.9
1348,310,Hard,finfet_10nm,data/hcr_train\triplets\01348_ref_64.npy,data/hcr_train\triplets\01348_ref_128.npy,data/hcr_train\triplets\01348_pos_64.npy,data/hcr_train\triplets\01348_pos_128.npy,data/hcr_train\triplets\01348_neg_64.npy,data/hcr_train\triplets\01348_neg_128.npy,0.7472,0.5566,0.32,639.93,554.3,107.9
1349,310,Hard,finfet_10nm,data/hcr_train\triplets\01349_ref_64.npy,data/hcr_train\triplets\01349_ref_128.npy,data/hcr_train\triplets\01349_pos_64.npy,data/hcr_train\triplets\01349_pos_128.npy,data/hcr_train\triplets\01349_neg_64.npy,data/hcr_train\triplets\01349_neg_128.npy,0.7472,0.5523,0.32,60.1,554.3,107.9
1350,311,Adversarial,finfet_7nm,data/hcr_train\triplets\01350_ref_64.npy,data/hcr_train\triplets\01350_ref_128.npy,data/hcr_train\triplets\01350_pos_64.npy,data/hcr_train\triplets\01350_pos_128.npy,data/hcr_train\triplets\01350_neg_64.npy,data/hcr_train\triplets\01350_neg_128.npy,0.3765,0.3742,2.31,94.7,340.3,290.2
1351,311,Adversarial,finfet_7nm,data/hcr_train\triplets\01351_ref_64.npy,data/hcr_train\triplets\01351_ref_128.npy,data/hcr_train\triplets\01351_pos_64.npy,data/hcr_train\triplets\01351_pos_128.npy,data/hcr_train\triplets\01351_neg_64.npy,data/hcr_train\triplets\01351_neg_128.npy,0.3765,0.3723,2.31,110.7,340.3,290.2
1352,311,Adversarial,finfet_7nm,data/hcr_train\triplets\01352_ref_64.npy,data/hcr_train\triplets\01352_ref_128.npy,data/hcr_train\triplets\01352_pos_64.npy,data/hcr_train\triplets\01352_pos_128.npy,data/hcr_train\triplets\01352_neg_64.npy,data/hcr_train\triplets\01352_neg_128.npy,0.3765,0.3678,2.31,78.7,340.3,290.2
1353,311,Adversarial,finfet_7nm,data/hcr_train\triplets\01353_ref_64.npy,data/hcr_train\triplets\01353_ref_128.npy,data/hcr_train\triplets\01353_pos_64.npy,data/hcr_train\triplets\01353_pos_128.npy,data/hcr_train\triplets\01353_neg_64.npy,data/hcr_train\triplets\01353_neg_128.npy,0.3765,0.3666,2.31,62.7,340.3,290.2
1354,311,Adversarial,finfet_7nm,data/hcr_train\triplets\01354_ref_64.npy,data/hcr_train\triplets\01354_ref_128.npy,data/hcr_train\triplets\01354_pos_64.npy,data/hcr_train\triplets\01354_pos_128.npy,data/hcr_train\triplets\01354_neg_64.npy,data/hcr_train\triplets\01354_neg_128.npy,0.3765,0.3648,2.31,126.7,340.3,290.2
1355,312,Easy,dram_1x,data/hcr_train\triplets\01355_ref_64.npy,data/hcr_train\triplets\01355_ref_128.npy,data/hcr_train\triplets\01355_pos_64.npy,data/hcr_train\triplets\01355_pos_128.npy,data/hcr_train\triplets\01355_neg_64.npy,data/hcr_train\triplets\01355_neg_128.npy,0.9543,0.8493,0.54,143.8,847.5,657.2
1356,312,Easy,dram_1x,data/hcr_train\triplets\01356_ref_64.npy,data/hcr_train\triplets\01356_ref_128.npy,data/hcr_train\triplets\01356_pos_64.npy,data/hcr_train\triplets\01356_pos_128.npy,data/hcr_train\triplets\01356_neg_64.npy,data/hcr_train\triplets\01356_neg_128.npy,0.9543,0.8211,0.54,63.8,847.5,657.2
1357,312,Easy,dram_1x,data/hcr_train\triplets\01357_ref_64.npy,data/hcr_train\triplets\01357_ref_128.npy,data/hcr_train\triplets\01357_pos_64.npy,data/hcr_train\triplets\01357_pos_128.npy,data/hcr_train\triplets\01357_neg_64.npy,data/hcr_train\triplets\01357_neg_128.npy,0.9543,0.814,0.54,15.21,847.5,657.2
1358,312,Easy,dram_1x,data/hcr_train\triplets\01358_ref_64.npy,data/hcr_train\triplets\01358_ref_128.npy,data/hcr_train\triplets\01358_pos_64.npy,data/hcr_train\triplets\01358_pos_128.npy,data/hcr_train\triplets\01358_neg_64.npy,data/hcr_train\triplets\01358_neg_128.npy,0.9543,0.8073,0.54,79.8,847.5,657.2
1359,312,Easy,dram_1x,data/hcr_train\triplets\01359_ref_64.npy,data/hcr_train\triplets\01359_ref_128.npy,data/hcr_train\triplets\01359_pos_64.npy,data/hcr_train\triplets\01359_pos_128.npy,data/hcr_train\triplets\01359_neg_64.npy,data/hcr_train\triplets\01359_neg_128.npy,0.9543,0.8045,0.54,15.81,847.5,657.2
1360,313,Medium,dram_dense,data/hcr_train\triplets\01360_ref_64.npy,data/hcr_train\triplets\01360_ref_128.npy,data/hcr_train\triplets\01360_pos_64.npy,data/hcr_train\triplets\01360_pos_128.npy,data/hcr_train\triplets\01360_neg_64.npy,data/hcr_train\triplets\01360_neg_128.npy,0.8482,0.8519,0.54,18.5,70.5,486.2
1361,313,Medium,dram_dense,data/hcr_train\triplets\01361_ref_64.npy,data/hcr_train\triplets\01361_ref_128.npy,data/hcr_train\triplets\01361_pos_64.npy,data/hcr_train\triplets\01361_pos_128.npy,data/hcr_train\triplets\01361_neg_64.npy,data/hcr_train\triplets\01361_neg_128.npy,0.8482,0.8468,0.54,22.5,70.5,486.2
1362,313,Medium,dram_dense,data/hcr_train\triplets\01362_ref_64.npy,data/hcr_train\triplets\01362_ref_128.npy,data/hcr_train\triplets\01362_pos_64.npy,data/hcr_train\triplets\01362_pos_128.npy,data/hcr_train\triplets\01362_neg_64.npy,data/hcr_train\triplets\01362_neg_128.npy,0.8482,0.8467,0.54,106.25,70.5,486.2
1363,313,Medium,dram_dense,data/hcr_train\triplets\01363_ref_64.npy,data/hcr_train\triplets\01363_ref_128.npy,data/hcr_train\triplets\01363_pos_64.npy,data/hcr_train\triplets\01363_pos_128.npy,data/hcr_train\triplets\01363_neg_64.npy,data/hcr_train\triplets\01363_neg_128.npy,0.8482,0.8459,0.54,37.5,70.5,486.2
1364,313,Medium,dram_dense,data/hcr_train\triplets\01364_ref_64.npy,data/hcr_train\triplets\01364_ref_128.npy,data/hcr_train\triplets\01364_pos_64.npy,data/hcr_train\triplets\01364_pos_128.npy,data/hcr_train\triplets\01364_neg_64.npy,data/hcr_train\triplets\01364_neg_128.npy,0.8482,0.8454,0.54,87.63,70.5,486.2
1365,314,Hard,finfet_10nm,data/hcr_train\triplets\01365_ref_64.npy,data/hcr_train\triplets\01365_ref_128.npy,data/hcr_train\triplets\01365_pos_64.npy,data/hcr_train\triplets\01365_pos_128.npy,data/hcr_train\triplets\01365_neg_64.npy,data/hcr_train\triplets\01365_neg_128.npy,0.681,0.4356,2.04,408.99,583.0,572.4
1366,314,Hard,finfet_10nm,data/hcr_train\triplets\01366_ref_64.npy,data/hcr_train\triplets\01366_ref_128.npy,data/hcr_train\triplets\01366_pos_64.npy,data/hcr_train\triplets\01366_pos_128.npy,data/hcr_train\triplets\01366_neg_64.npy,data/hcr_train\triplets\01366_neg_128.npy,0.681,0.414,2.04,46.0,583.0,572.4
1367,314,Hard,finfet_10nm,data/hcr_train\triplets\01367_ref_64.npy,data/hcr_train\triplets\01367_ref_128.npy,data/hcr_train\triplets\01367_pos_64.npy,data/hcr_train\triplets\01367_pos_128.npy,data/hcr_train\triplets\01367_neg_64.npy,data/hcr_train\triplets\01367_neg_128.npy,0.681,0.4134,2.04,94.0,583.0,572.4
1368,314,Hard,finfet_10nm,data/hcr_train\triplets\01368_ref_64.npy,data/hcr_train\triplets\01368_ref_128.npy,data/hcr_train\triplets\01368_pos_64.npy,data/hcr_train\triplets\01368_pos_128.npy,data/hcr_train\triplets\01368_neg_64.npy,data/hcr_train\triplets\01368_neg_128.npy,0.681,0.4,2.04,428.84,583.0,572.4
1369,314,Hard,finfet_10nm,data/hcr_train\triplets\01369_ref_64.npy,data/hcr_train\triplets\01369_ref_128.npy,data/hcr_train\triplets\01369_pos_64.npy,data/hcr_train\triplets\01369_pos_128.npy,data/hcr_train\triplets\01369_neg_64.npy,data/hcr_train\triplets\01369_neg_128.npy,0.681,0.3965,2.04,141.0,583.0,572.4
1370,315,Adversarial,finfet_7nm,data/hcr_train\triplets\01370_ref_64.npy,data/hcr_train\triplets\01370_ref_128.npy,data/hcr_train\triplets\01370_pos_64.npy,data/hcr_train\triplets\01370_pos_128.npy,data/hcr_train\triplets\01370_neg_64.npy,data/hcr_train\triplets\01370_neg_128.npy,0.403,0.4112,1.73,62.3,416.7,336.7
1371,315,Adversarial,finfet_7nm,data/hcr_train\triplets\01371_ref_64.npy,data/hcr_train\triplets\01371_ref_128.npy,data/hcr_train\triplets\01371_pos_64.npy,data/hcr_train\triplets\01371_pos_128.npy,data/hcr_train\triplets\01371_neg_64.npy,data/hcr_train\triplets\01371_neg_128.npy,0.403,0.4109,1.73,78.3,416.7,336.7
1372,315,Adversarial,finfet_7nm,data/hcr_train\triplets\01372_ref_64.npy,data/hcr_train\triplets\01372_ref_128.npy,data/hcr_train\triplets\01372_pos_64.npy,data/hcr_train\triplets\01372_pos_128.npy,data/hcr_train\triplets\01372_neg_64.npy,data/hcr_train\triplets\01372_neg_128.npy,0.403,0.4102,1.73,46.3,416.7,336.7
1373,315,Adversarial,finfet_7nm,data/hcr_train\triplets\01373_ref_64.npy,data/hcr_train\triplets\01373_ref_128.npy,data/hcr_train\triplets\01373_pos_64.npy,data/hcr_train\triplets\01373_pos_128.npy,data/hcr_train\triplets\01373_neg_64.npy,data/hcr_train\triplets\01373_neg_128.npy,0.403,0.4095,1.73,30.3,416.7,336.7
1374,315,Adversarial,finfet_7nm,data/hcr_train\triplets\01374_ref_64.npy,data/hcr_train\triplets\01374_ref_128.npy,data/hcr_train\triplets\01374_pos_64.npy,data/hcr_train\triplets\01374_pos_128.npy,data/hcr_train\triplets\01374_neg_64.npy,data/hcr_train\triplets\01374_neg_128.npy,0.403,0.4057,1.73,14.3,416.7,336.7
1375,316,Easy,dram_1x,data/hcr_train\triplets\01375_ref_64.npy,data/hcr_train\triplets\01375_ref_128.npy,data/hcr_train\triplets\01375_pos_64.npy,data/hcr_train\triplets\01375_pos_128.npy,data/hcr_train\triplets\01375_neg_64.npy,data/hcr_train\triplets\01375_neg_128.npy,0.8763,0.8793,0.63,100.2,509.6,152.2
1376,316,Easy,dram_1x,data/hcr_train\triplets\01376_ref_64.npy,data/hcr_train\triplets\01376_ref_128.npy,data/hcr_train\triplets\01376_pos_64.npy,data/hcr_train\triplets\01376_pos_128.npy,data/hcr_train\triplets\01376_neg_64.npy,data/hcr_train\triplets\01376_neg_128.npy,0.8763,0.8759,0.63,57.2,509.6,152.2
1377,316,Easy,dram_1x,data/hcr_train\triplets\01377_ref_64.npy,data/hcr_train\triplets\01377_ref_128.npy,data/hcr_train\triplets\01377_pos_64.npy,data/hcr_train\triplets\01377_pos_128.npy,data/hcr_train\triplets\01377_neg_64.npy,data/hcr_train\triplets\01377_neg_128.npy,0.8763,0.8731,0.63,824.63,509.6,152.2
1378,316,Easy,dram_1x,data/hcr_train\triplets\01378_ref_64.npy,data/hcr_train\triplets\01378_ref_128.npy,data/hcr_train\triplets\01378_pos_64.npy,data/hcr_train\triplets\01378_pos_128.npy,data/hcr_train\triplets\01378_neg_64.npy,data/hcr_train\triplets\01378_neg_128.npy,0.8763,0.8727,0.63,837.74,509.6,152.2
1379,316,Easy,dram_1x,data/hcr_train\triplets\01379_ref_64.npy,data/hcr_train\triplets\01379_ref_128.npy,data/hcr_train\triplets\01379_pos_64.npy,data/hcr_train\triplets\01379_pos_128.npy,data/hcr_train\triplets\01379_neg_64.npy,data/hcr_train\triplets\01379_neg_128.npy,0.8763,0.8662,0.63,14.21,509.6,152.2
1380,317,Medium,dram_dense,data/hcr_train\triplets\01380_ref_64.npy,data/hcr_train\triplets\01380_ref_128.npy,data/hcr_train\triplets\01380_pos_64.npy,data/hcr_train\triplets\01380_pos_128.npy,data/hcr_train\triplets\01380_neg_64.npy,data/hcr_train\triplets\01380_neg_128.npy,0.8206,0.8462,1.5,58.5,174.5,677.1
1381,317,Medium,dram_dense,data/hcr_train\triplets\01381_ref_64.npy,data/hcr_train\triplets\01381_ref_128.npy,data/hcr_train\triplets\01381_pos_64.npy,data/hcr_train\triplets\01381_pos_128.npy,data/hcr_train\triplets\01381_neg_64.npy,data/hcr_train\triplets\01381_neg_128.npy,0.8206,0.8459,1.5,77.5,174.5,677.1
1382,317,Medium,dram_dense,data/hcr_train\triplets\01382_ref_64.npy,data/hcr_train\triplets\01382_ref_128.npy,data/hcr_train\triplets\01382_pos_64.npy,data/hcr_train\triplets\01382_pos_128.npy,data/hcr_train\triplets\01382_neg_64.npy,data/hcr_train\triplets\01382_neg_128.npy,0.8206,0.8375,1.5,39.5,174.5,677.1
1383,317,Medium,dram_dense,data/hcr_train\triplets\01383_ref_64.npy,data/hcr_train\triplets\01383_ref_128.npy,data/hcr_train\triplets\01383_pos_64.npy,data/hcr_train\triplets\01383_pos_128.npy,data/hcr_train\triplets\01383_neg_64.npy,data/hcr_train\triplets\01383_neg_128.npy,0.8206,0.8264,1.5,96.5,174.5,677.1
1384,317,Medium,dram_dense,data/hcr_train\triplets\01384_ref_64.npy,data/hcr_train\triplets\01384_ref_128.npy,data/hcr_train\triplets\01384_pos_64.npy,data/hcr_train\triplets\01384_pos_128.npy,data/hcr_train\triplets\01384_neg_64.npy,data/hcr_train\triplets\01384_neg_128.npy,0.8206,0.8259,1.5,20.5,174.5,677.1
1385,318,Hard,finfet_10nm,data/hcr_train\triplets\01385_ref_64.npy,data/hcr_train\triplets\01385_ref_128.npy,data/hcr_train\triplets\01385_pos_64.npy,data/hcr_train\triplets\01385_pos_128.npy,data/hcr_train\triplets\01385_neg_64.npy,data/hcr_train\triplets\01385_neg_128.npy,0.7071,0.7037,2.7,93.3,340.7,875.0
1386,318,Hard,finfet_10nm,data/hcr_train\triplets\01386_ref_64.npy,data/hcr_train\triplets\01386_ref_128.npy,data/hcr_train\triplets\01386_pos_64.npy,data/hcr_train\triplets\01386_pos_128.npy,data/hcr_train\triplets\01386_neg_64.npy,data/hcr_train\triplets\01386_neg_128.npy,0.7071,0.6991,2.7,45.3,340.7,875.0
1387,318,Hard,finfet_10nm,data/hcr_train\triplets\01387_ref_64.npy,data/hcr_train\triplets\01387_ref_128.npy,data/hcr_train\triplets\01387_pos_64.npy,data/hcr_train\triplets\01387_pos_128.npy,data/hcr_train\triplets\01387_neg_64.npy,data/hcr_train\triplets\01387_neg_128.npy,0.7071,0.6987,2.7,141.3,340.7,875.0
1388,318,Hard,finfet_10nm,data/hcr_train\triplets\01388_ref_64.npy,data/hcr_train\triplets\01388_ref_128.npy,data/hcr_train\triplets\01388_pos_64.npy,data/hcr_train\triplets\01388_pos_128.npy,data/hcr_train\triplets\01388_neg_64.npy,data/hcr_train\triplets\01388_neg_128.npy,0.7071,0.6824,2.7,117.3,340.7,875.0
1389,318,Hard,finfet_10nm,data/hcr_train\triplets\01389_ref_64.npy,data/hcr_train\triplets\01389_ref_128.npy,data/hcr_train\triplets\01389_pos_64.npy,data/hcr_train\triplets\01389_pos_128.npy,data/hcr_train\triplets\01389_neg_64.npy,data/hcr_train\triplets\01389_neg_128.npy,0.7071,0.6776,2.7,69.3,340.7,875.0
1390,320,Easy,dram_1x,data/hcr_train\triplets\01390_ref_64.npy,data/hcr_train\triplets\01390_ref_128.npy,data/hcr_train\triplets\01390_pos_64.npy,data/hcr_train\triplets\01390_pos_128.npy,data/hcr_train\triplets\01390_neg_64.npy,data/hcr_train\triplets\01390_neg_128.npy,0.8537,0.8948,0.1,14.0,374.0,717.9
1391,320,Easy,dram_1x,data/hcr_train\triplets\01391_ref_64.npy,data/hcr_train\triplets\01391_ref_128.npy,data/hcr_train\triplets\01391_pos_64.npy,data/hcr_train\triplets\01391_pos_128.npy,data/hcr_train\triplets\01391_neg_64.npy,data/hcr_train\triplets\01391_neg_128.npy,0.8537,0.891,0.1,115.0,374.0,717.9
1392,320,Easy,dram_1x,data/hcr_train\triplets\01392_ref_64.npy,data/hcr_train\triplets\01392_ref_128.npy,data/hcr_train\triplets\01392_pos_64.npy,data/hcr_train\triplets\01392_pos_128.npy,data/hcr_train\triplets\01392_neg_64.npy,data/hcr_train\triplets\01392_neg_128.npy,0.8537,0.8898,0.1,43.0,374.0,717.9
1393,320,Easy,dram_1x,data/hcr_train\triplets\01393_ref_64.npy,data/hcr_train\triplets\01393_ref_128.npy,data/hcr_train\triplets\01393_pos_64.npy,data/hcr_train\triplets\01393_pos_128.npy,data/hcr_train\triplets\01393_neg_64.npy,data/hcr_train\triplets\01393_neg_128.npy,0.8537,0.8817,0.1,15.0,374.0,717.9
1394,320,Easy,dram_1x,data/hcr_train\triplets\01394_ref_64.npy,data/hcr_train\triplets\01394_ref_128.npy,data/hcr_train\triplets\01394_pos_64.npy,data/hcr_train\triplets\01394_pos_128.npy,data/hcr_train\triplets\01394_neg_64.npy,data/hcr_train\triplets\01394_neg_128.npy,0.8537,0.8688,0.1,86.0,374.0,717.9
1395,321,Medium,dram_dense,data/hcr_train\triplets\01395_ref_64.npy,data/hcr_train\triplets\01395_ref_128.npy,data/hcr_train\triplets\01395_pos_64.npy,data/hcr_train\triplets\01395_pos_128.npy,data/hcr_train\triplets\01395_neg_64.npy,data/hcr_train\triplets\01395_neg_128.npy,0.8711,0.6185,1.9,155.1,861.9,835.1
1396,321,Medium,dram_dense,data/hcr_train\triplets\01396_ref_64.npy,data/hcr_train\triplets\01396_ref_128.npy,data/hcr_train\triplets\01396_pos_64.npy,data/hcr_train\triplets\01396_pos_128.npy,data/hcr_train\triplets\01396_neg_64.npy,data/hcr_train\triplets\01396_neg_128.npy,0.8711,0.5883,1.9,48.11,861.9,835.1
1397,321,Medium,dram_dense,data/hcr_train\triplets\01397_ref_64.npy,data/hcr_train\triplets\01397_ref_128.npy,data/hcr_train\triplets\01397_pos_64.npy,data/hcr_train\triplets\01397_pos_128.npy,data/hcr_train\triplets\01397_neg_64.npy,data/hcr_train\triplets\01397_neg_128.npy,0.8711,0.5744,1.9,107.1,861.9,835.1
1398,321,Medium,dram_dense,data/hcr_train\triplets\01398_ref_64.npy,data/hcr_train\triplets\01398_ref_128.npy,data/hcr_train\triplets\01398_pos_64.npy,data/hcr_train\triplets\01398_pos_128.npy,data/hcr_train\triplets\01398_neg_64.npy,data/hcr_train\triplets\01398_neg_128.npy,0.8711,0.5606,1.9,192.1,861.9,835.1
1399,321,Medium,dram_dense,data/hcr_train\triplets\01399_ref_64.npy,data/hcr_train\triplets\01399_ref_128.npy,data/hcr_train\triplets\01399_pos_64.npy,data/hcr_train\triplets\01399_pos_128.npy,data/hcr_train\triplets\01399_neg_64.npy,data/hcr_train\triplets\01399_neg_128.npy,0.8711,0.5288,1.9,13.1,861.9,835.1
1400,322,Hard,finfet_10nm,data/hcr_train\triplets\01400_ref_64.npy,data/hcr_train\triplets\01400_ref_128.npy,data/hcr_train\triplets\01400_pos_64.npy,data/hcr_train\triplets\01400_pos_128.npy,data/hcr_train\triplets\01400_neg_64.npy,data/hcr_train\triplets\01400_neg_128.npy,0.6949,0.4831,2.21,194.2,538.2,863.2
1401,322,Hard,finfet_10nm,data/hcr_train\triplets\01401_ref_64.npy,data/hcr_train\triplets\01401_ref_128.npy,data/hcr_train\triplets\01401_pos_64.npy,data/hcr_train\triplets\01401_pos_128.npy,data/hcr_train\triplets\01401_neg_64.npy,data/hcr_train\triplets\01401_neg_128.npy,0.6949,0.4791,2.21,18.2,538.2,863.2
1402,322,Hard,finfet_10nm,data/hcr_train\triplets\01402_ref_64.npy,data/hcr_train\triplets\01402_ref_128.npy,data/hcr_train\triplets\01402_pos_64.npy,data/hcr_train\triplets\01402_pos_128.npy,data/hcr_train\triplets\01402_neg_64.npy,data/hcr_train\triplets\01402_neg_128.npy,0.6949,0.4766,2.21,50.2,538.2,863.2
1403,322,Hard,finfet_10nm,data/hcr_train\triplets\01403_ref_64.npy,data/hcr_train\triplets\01403_ref_128.npy,data/hcr_train\triplets\01403_pos_64.npy,data/hcr_train\triplets\01403_pos_128.npy,data/hcr_train\triplets\01403_neg_64.npy,data/hcr_train\triplets\01403_neg_128.npy,0.6949,0.465,2.21,138.2,538.2,863.2
1404,322,Hard,finfet_10nm,data/hcr_train\triplets\01404_ref_64.npy,data/hcr_train\triplets\01404_ref_128.npy,data/hcr_train\triplets\01404_pos_64.npy,data/hcr_train\triplets\01404_pos_128.npy,data/hcr_train\triplets\01404_neg_64.npy,data/hcr_train\triplets\01404_neg_128.npy,0.6949,0.4477,2.21,293.2,538.2,863.2
1405,324,Easy,dram_1x,data/hcr_train\triplets\01405_ref_64.npy,data/hcr_train\triplets\01405_ref_128.npy,data/hcr_train\triplets\01405_pos_64.npy,data/hcr_train\triplets\01405_pos_128.npy,data/hcr_train\triplets\01405_neg_64.npy,data/hcr_train\triplets\01405_neg_128.npy,0.9161,0.8952,0.95,36.9,762.9,889.3
1406,324,Easy,dram_1x,data/hcr_train\triplets\01406_ref_64.npy,data/hcr_train\triplets\01406_ref_128.npy,data/hcr_train\triplets\01406_pos_64.npy,data/hcr_train\triplets\01406_pos_128.npy,data/hcr_train\triplets\01406_neg_64.npy,data/hcr_train\triplets\01406_neg_128.npy,0.9161,0.8764,0.95,72.9,762.9,889.3
1407,324,Easy,dram_1x,data/hcr_train\triplets\01407_ref_64.npy,data/hcr_train\triplets\01407_ref_128.npy,data/hcr_train\triplets\01407_pos_64.npy,data/hcr_train\triplets\01407_pos_128.npy,data/hcr_train\triplets\01407_neg_64.npy,data/hcr_train\triplets\01407_neg_128.npy,0.9161,0.8689,0.95,107.9,762.9,889.3
1408,324,Easy,dram_1x,data/hcr_train\triplets\01408_ref_64.npy,data/hcr_train\triplets\01408_ref_128.npy,data/hcr_train\triplets\01408_pos_64.npy,data/hcr_train\triplets\01408_pos_128.npy,data/hcr_train\triplets\01408_neg_64.npy,data/hcr_train\triplets\01408_neg_128.npy,0.9161,0.8624,0.95,18.9,762.9,889.3
1409,324,Easy,dram_1x,data/hcr_train\triplets\01409_ref_64.npy,data/hcr_train\triplets\01409_ref_128.npy,data/hcr_train\triplets\01409_pos_64.npy,data/hcr_train\triplets\01409_pos_128.npy,data/hcr_train\triplets\01409_neg_64.npy,data/hcr_train\triplets\01409_neg_128.npy,0.9161,0.8557,0.95,36.1,762.9,889.3
1410,325,Medium,dram_dense,data/hcr_train\triplets\01410_ref_64.npy,data/hcr_train\triplets\01410_ref_128.npy,data/hcr_train\triplets\01410_pos_64.npy,data/hcr_train\triplets\01410_pos_128.npy,data/hcr_train\triplets\01410_neg_64.npy,data/hcr_train\triplets\01410_neg_128.npy,0.9117,0.8742,0.82,71.2,692.8,272.2
1411,325,Medium,dram_dense,data/hcr_train\triplets\01411_ref_64.npy,data/hcr_train\triplets\01411_ref_128.npy,data/hcr_train\triplets\01411_pos_64.npy,data/hcr_train\triplets\01411_pos_128.npy,data/hcr_train\triplets\01411_neg_64.npy,data/hcr_train\triplets\01411_neg_128.npy,0.9117,0.8025,0.82,72.8,692.8,272.2
1412,325,Medium,dram_dense,data/hcr_train\triplets\01412_ref_64.npy,data/hcr_train\triplets\01412_ref_128.npy,data/hcr_train\triplets\01412_pos_64.npy,data/hcr_train\triplets\01412_pos_128.npy,data/hcr_train\triplets\01412_neg_64.npy,data/hcr_train\triplets\01412_neg_128.npy,0.9117,0.676,0.82,53.2,692.8,272.2
1413,325,Medium,dram_dense,data/hcr_train\triplets\01413_ref_64.npy,data/hcr_train\triplets\01413_ref_128.npy,data/hcr_train\triplets\01413_pos_64.npy,data/hcr_train\triplets\01413_pos_128.npy,data/hcr_train\triplets\01413_neg_64.npy,data/hcr_train\triplets\01413_neg_128.npy,0.9117,0.6645,0.82,18.8,692.8,272.2
1414,325,Medium,dram_dense,data/hcr_train\triplets\01414_ref_64.npy,data/hcr_train\triplets\01414_ref_128.npy,data/hcr_train\triplets\01414_pos_64.npy,data/hcr_train\triplets\01414_pos_128.npy,data/hcr_train\triplets\01414_neg_64.npy,data/hcr_train\triplets\01414_neg_128.npy,0.9117,0.6637,0.82,54.8,692.8,272.2
1415,327,Adversarial,finfet_7nm,data/hcr_train\triplets\01415_ref_64.npy,data/hcr_train\triplets\01415_ref_128.npy,data/hcr_train\triplets\01415_pos_64.npy,data/hcr_train\triplets\01415_pos_128.npy,data/hcr_train\triplets\01415_neg_64.npy,data/hcr_train\triplets\01415_neg_128.npy,0.3687,0.3029,1.2,376.01,570.2,425.1
1416,327,Adversarial,finfet_7nm,data/hcr_train\triplets\01416_ref_64.npy,data/hcr_train\triplets\01416_ref_128.npy,data/hcr_train\triplets\01416_pos_64.npy,data/hcr_train\triplets\01416_pos_128.npy,data/hcr_train\triplets\01416_neg_64.npy,data/hcr_train\triplets\01416_neg_128.npy,0.3687,0.29,1.2,44.1,570.2,425.1
1417,327,Adversarial,finfet_7nm,data/hcr_train\triplets\01417_ref_64.npy,data/hcr_train\triplets\01417_ref_128.npy,data/hcr_train\triplets\01417_pos_64.npy,data/hcr_train\triplets\01417_pos_128.npy,data/hcr_train\triplets\01417_neg_64.npy,data/hcr_train\triplets\01417_neg_128.npy,0.3687,0.2814,1.2,99.36,570.2,425.1
1418,327,Adversarial,finfet_7nm,data/hcr_train\triplets\01418_ref_64.npy,data/hcr_train\triplets\01418_ref_128.npy,data/hcr_train\triplets\01418_pos_64.npy,data/hcr_train\triplets\01418_pos_128.npy,data/hcr_train\triplets\01418_neg_64.npy,data/hcr_train\triplets\01418_neg_128.npy,0.3687,0.2759,1.2,412.37,570.2,425.1
1419,327,Adversarial,finfet_7nm,data/hcr_train\triplets\01419_ref_64.npy,data/hcr_train\triplets\01419_ref_128.npy,data/hcr_train\triplets\01419_pos_64.npy,data/hcr_train\triplets\01419_pos_128.npy,data/hcr_train\triplets\01419_neg_64.npy,data/hcr_train\triplets\01419_neg_128.npy,0.3687,0.2735,1.2,452.36,570.2,425.1
1420,328,Easy,dram_1x,data/hcr_train\triplets\01420_ref_64.npy,data/hcr_train\triplets\01420_ref_128.npy,data/hcr_train\triplets\01420_pos_64.npy,data/hcr_train\triplets\01420_pos_128.npy,data/hcr_train\triplets\01420_neg_64.npy,data/hcr_train\triplets\01420_neg_128.npy,0.9599,0.9465,0.32,62.65,365.3,394.9
1421,328,Easy,dram_1x,data/hcr_train\triplets\01421_ref_64.npy,data/hcr_train\triplets\01421_ref_128.npy,data/hcr_train\triplets\01421_pos_64.npy,data/hcr_train\triplets\01421_pos_128.npy,data/hcr_train\triplets\01421_neg_64.npy,data/hcr_train\triplets\01421_neg_128.npy,0.9599,0.9456,0.32,35.7,365.3,394.9
1422,328,Easy,dram_1x,data/hcr_train\triplets\01422_ref_64.npy,data/hcr_train\triplets\01422_ref_128.npy,data/hcr_train\triplets\01422_pos_64.npy,data/hcr_train\triplets\01422_pos_128.npy,data/hcr_train\triplets\01422_neg_64.npy,data/hcr_train\triplets\01422_neg_128.npy,0.9599,0.9387,0.32,80.6,365.3,394.9
1423,328,Easy,dram_1x,data/hcr_train\triplets\01423_ref_64.npy,data/hcr_train\triplets\01423_ref_128.npy,data/hcr_train\triplets\01423_pos_64.npy,data/hcr_train\triplets\01423_pos_128.npy,data/hcr_train\triplets\01423_neg_64.npy,data/hcr_train\triplets\01423_neg_128.npy,0.9599,0.9384,0.32,62.82,365.3,394.9
1424,328,Easy,dram_1x,data/hcr_train\triplets\01424_ref_64.npy,data/hcr_train\triplets\01424_ref_128.npy,data/hcr_train\triplets\01424_pos_64.npy,data/hcr_train\triplets\01424_pos_128.npy,data/hcr_train\triplets\01424_neg_64.npy,data/hcr_train\triplets\01424_neg_128.npy,0.9599,0.9344,0.32,96.1,365.3,394.9
1425,329,Medium,dram_dense,data/hcr_train\triplets\01425_ref_64.npy,data/hcr_train\triplets\01425_ref_128.npy,data/hcr_train\triplets\01425_pos_64.npy,data/hcr_train\triplets\01425_pos_128.npy,data/hcr_train\triplets\01425_neg_64.npy,data/hcr_train\triplets\01425_neg_128.npy,0.8646,0.8129,1.4,19.15,880.4,943.1
1426,329,Medium,dram_dense,data/hcr_train\triplets\01426_ref_64.npy,data/hcr_train\triplets\01426_ref_128.npy,data/hcr_train\triplets\01426_pos_64.npy,data/hcr_train\triplets\01426_pos_128.npy,data/hcr_train\triplets\01426_neg_64.npy,data/hcr_train\triplets\01426_neg_128.npy,0.8646,0.6835,1.4,568.82,880.4,943.1
1427,329,Medium,dram_dense,data/hcr_train\triplets\01427_ref_64.npy,data/hcr_train\triplets\01427_ref_128.npy,data/hcr_train\triplets\01427_pos_64.npy,data/hcr_train\triplets\01427_pos_128.npy,data/hcr_train\triplets\01427_neg_64.npy,data/hcr_train\triplets\01427_neg_128.npy,0.8646,0.6769,1.4,619.4,880.4,943.1
1428,329,Medium,dram_dense,data/hcr_train\triplets\01428_ref_64.npy,data/hcr_train\triplets\01428_ref_128.npy,data/hcr_train\triplets\01428_pos_64.npy,data/hcr_train\triplets\01428_pos_128.npy,data/hcr_train\triplets\01428_neg_64.npy,data/hcr_train\triplets\01428_neg_128.npy,0.8646,0.6769,1.4,440.1,880.4,943.1
1429,329,Medium,dram_dense,data/hcr_train\triplets\01429_ref_64.npy,data/hcr_train\triplets\01429_ref_128.npy,data/hcr_train\triplets\01429_pos_64.npy,data/hcr_train\triplets\01429_pos_128.npy,data/hcr_train\triplets\01429_neg_64.npy,data/hcr_train\triplets\01429_neg_128.npy,0.8646,0.6727,1.4,459.1,880.4,943.1
1430,331,Adversarial,finfet_7nm,data/hcr_train\triplets\01430_ref_64.npy,data/hcr_train\triplets\01430_ref_128.npy,data/hcr_train\triplets\01430_pos_64.npy,data/hcr_train\triplets\01430_pos_128.npy,data/hcr_train\triplets\01430_neg_64.npy,data/hcr_train\triplets\01430_neg_128.npy,0.3555,0.3403,1.55,71.4,588.5,429.4
1431,331,Adversarial,finfet_7nm,data/hcr_train\triplets\01431_ref_64.npy,data/hcr_train\triplets\01431_ref_128.npy,data/hcr_train\triplets\01431_pos_64.npy,data/hcr_train\triplets\01431_pos_128.npy,data/hcr_train\triplets\01431_neg_64.npy,data/hcr_train\triplets\01431_neg_128.npy,0.3555,0.3388,1.55,36.43,588.5,429.4
1432,331,Adversarial,finfet_7nm,data/hcr_train\triplets\01432_ref_64.npy,data/hcr_train\triplets\01432_ref_128.npy,data/hcr_train\triplets\01432_pos_64.npy,data/hcr_train\triplets\01432_pos_128.npy,data/hcr_train\triplets\01432_neg_64.npy,data/hcr_train\triplets\01432_neg_128.npy,0.3555,0.3282,1.55,35.63,588.5,429.4
1433,331,Adversarial,finfet_7nm,data/hcr_train\triplets\01433_ref_64.npy,data/hcr_train\triplets\01433_ref_128.npy,data/hcr_train\triplets\01433_pos_64.npy,data/hcr_train\triplets\01433_pos_128.npy,data/hcr_train\triplets\01433_neg_64.npy,data/hcr_train\triplets\01433_neg_128.npy,0.3555,0.325,1.55,18.46,588.5,429.4
1434,331,Adversarial,finfet_7nm,data/hcr_train\triplets\01434_ref_64.npy,data/hcr_train\triplets\01434_ref_128.npy,data/hcr_train\triplets\01434_pos_64.npy,data/hcr_train\triplets\01434_pos_128.npy,data/hcr_train\triplets\01434_neg_64.npy,data/hcr_train\triplets\01434_neg_128.npy,0.3555,0.3184,1.55,54.42,588.5,429.4
1435,332,Easy,dram_1x,data/hcr_train\triplets\01435_ref_64.npy,data/hcr_train\triplets\01435_ref_128.npy,data/hcr_train\triplets\01435_pos_64.npy,data/hcr_train\triplets\01435_pos_128.npy,data/hcr_train\triplets\01435_neg_64.npy,data/hcr_train\triplets\01435_neg_128.npy,0.9177,0.5739,0.63,14.81,579.6,286.2
1436,332,Easy,dram_1x,data/hcr_train\triplets\01436_ref_64.npy,data/hcr_train\triplets\01436_ref_128.npy,data/hcr_train\triplets\01436_pos_64.npy,data/hcr_train\triplets\01436_pos_128.npy,data/hcr_train\triplets\01436_neg_64.npy,data/hcr_train\triplets\01436_neg_128.npy,0.9177,0.5255,0.63,651.14,579.6,286.2
1437,332,Easy,dram_1x,data/hcr_train\triplets\01437_ref_64.npy,data/hcr_train\triplets\01437_ref_128.npy,data/hcr_train\triplets\01437_pos_64.npy,data/hcr_train\triplets\01437_pos_128.npy,data/hcr_train\triplets\01437_neg_64.npy,data/hcr_train\triplets\01437_neg_128.npy,0.9177,0.524,0.63,96.4,579.6,286.2
1438,332,Easy,dram_1x,data/hcr_train\triplets\01438_ref_64.npy,data/hcr_train\triplets\01438_ref_128.npy,data/hcr_train\triplets\01438_pos_64.npy,data/hcr_train\triplets\01438_pos_128.npy,data/hcr_train\triplets\01438_neg_64.npy,data/hcr_train\triplets\01438_neg_128.npy,0.9177,0.5225,0.63,14.21,579.6,286.2
1439,332,Easy,dram_1x,data/hcr_train\triplets\01439_ref_64.npy,data/hcr_train\triplets\01439_ref_128.npy,data/hcr_train\triplets\01439_pos_64.npy,data/hcr_train\triplets\01439_pos_128.npy,data/hcr_train\triplets\01439_neg_64.npy,data/hcr_train\triplets\01439_neg_128.npy,0.9177,0.5206,0.63,182.4,579.6,286.2
1440,333,Medium,dram_dense,data/hcr_train\triplets\01440_ref_64.npy,data/hcr_train\triplets\01440_ref_128.npy,data/hcr_train\triplets\01440_pos_64.npy,data/hcr_train\triplets\01440_pos_128.npy,data/hcr_train\triplets\01440_neg_64.npy,data/hcr_train\triplets\01440_neg_128.npy,0.9081,0.8706,1.4,27.6,696.4,849.0
1441,333,Medium,dram_dense,data/hcr_train\triplets\01441_ref_64.npy,data/hcr_train\triplets\01441_ref_128.npy,data/hcr_train\triplets\01441_pos_64.npy,data/hcr_train\triplets\01441_pos_128.npy,data/hcr_train\triplets\01441_neg_64.npy,data/hcr_train\triplets\01441_neg_128.npy,0.9081,0.8696,1.4,59.4,696.4,849.0
1442,333,Medium,dram_dense,data/hcr_train\triplets\01442_ref_64.npy,data/hcr_train\triplets\01442_ref_128.npy,data/hcr_train\triplets\01442_pos_64.npy,data/hcr_train\triplets\01442_pos_128.npy,data/hcr_train\triplets\01442_neg_64.npy,data/hcr_train\triplets\01442_neg_128.npy,0.9081,0.868,1.4,56.6,696.4,849.0
1443,333,Medium,dram_dense,data/hcr_train\triplets\01443_ref_64.npy,data/hcr_train\triplets\01443_ref_128.npy,data/hcr_train\triplets\01443_pos_64.npy,data/hcr_train\triplets\01443_pos_128.npy,data/hcr_train\triplets\01443_neg_64.npy,data/hcr_train\triplets\01443_neg_128.npy,0.9081,0.8615,1.4,30.4,696.4,849.0
1444,333,Medium,dram_dense,data/hcr_train\triplets\01444_ref_64.npy,data/hcr_train\triplets\01444_ref_128.npy,data/hcr_train\triplets\01444_pos_64.npy,data/hcr_train\triplets\01444_pos_128.npy,data/hcr_train\triplets\01444_neg_64.npy,data/hcr_train\triplets\01444_neg_128.npy,0.9081,0.8404,1.4,41.6,696.4,849.0
1445,334,Hard,finfet_10nm,data/hcr_train\triplets\01445_ref_64.npy,data/hcr_train\triplets\01445_ref_128.npy,data/hcr_train\triplets\01445_pos_64.npy,data/hcr_train\triplets\01445_pos_128.npy,data/hcr_train\triplets\01445_neg_64.npy,data/hcr_train\triplets\01445_neg_128.npy,0.7823,0.7752,0.67,51.7,525.6,74.3
1446,334,Hard,finfet_10nm,data/hcr_train\triplets\01446_ref_64.npy,data/hcr_train\triplets\01446_ref_128.npy,data/hcr_train\triplets\01446_pos_64.npy,data/hcr_train\triplets\01446_pos_128.npy,data/hcr_train\triplets\01446_neg_64.npy,data/hcr_train\triplets\01446_neg_128.npy,0.7823,0.7597,0.67,103.7,525.6,74.3
1447,334,Hard,finfet_10nm,data/hcr_train\triplets\01447_ref_64.npy,data/hcr_train\triplets\01447_ref_128.npy,data/hcr_train\triplets\01447_pos_64.npy,data/hcr_train\triplets\01447_pos_128.npy,data/hcr_train\triplets\01447_neg_64.npy,data/hcr_train\triplets\01447_neg_128.npy,0.7823,0.74,0.67,383.8,525.6,74.3
1448,334,Hard,finfet_10nm,data/hcr_train\triplets\01448_ref_64.npy,data/hcr_train\triplets\01448_ref_128.npy,data/hcr_train\triplets\01448_pos_64.npy,data/hcr_train\triplets\01448_pos_128.npy,data/hcr_train\triplets\01448_neg_64.npy,data/hcr_train\triplets\01448_neg_128.npy,0.7823,0.7318,0.67,357.74,525.6,74.3
1449,334,Hard,finfet_10nm,data/hcr_train\triplets\01449_ref_64.npy,data/hcr_train\triplets\01449_ref_128.npy,data/hcr_train\triplets\01449_pos_64.npy,data/hcr_train\triplets\01449_pos_128.npy,data/hcr_train\triplets\01449_neg_64.npy,data/hcr_train\triplets\01449_neg_128.npy,0.7823,0.7254,0.67,409.74,525.6,74.3
1450,335,Adversarial,finfet_7nm,data/hcr_train\triplets\01450_ref_64.npy,data/hcr_train\triplets\01450_ref_128.npy,data/hcr_train\triplets\01450_pos_64.npy,data/hcr_train\triplets\01450_pos_128.npy,data/hcr_train\triplets\01450_neg_64.npy,data/hcr_train\triplets\01450_neg_128.npy,0.382,0.2383,1.6,15.6,294.6,290.9
1451,335,Adversarial,finfet_7nm,data/hcr_train\triplets\01451_ref_64.npy,data/hcr_train\triplets\01451_ref_128.npy,data/hcr_train\triplets\01451_pos_64.npy,data/hcr_train\triplets\01451_pos_128.npy,data/hcr_train\triplets\01451_neg_64.npy,data/hcr_train\triplets\01451_neg_128.npy,0.382,0.2332,1.6,181.12,294.6,290.9
1452,335,Adversarial,finfet_7nm,data/hcr_train\triplets\01452_ref_64.npy,data/hcr_train\triplets\01452_ref_128.npy,data/hcr_train\triplets\01452_pos_64.npy,data/hcr_train\triplets\01452_pos_128.npy,data/hcr_train\triplets\01452_neg_64.npy,data/hcr_train\triplets\01452_neg_128.npy,0.382,0.2284,1.6,587.11,294.6,290.9
1453,335,Adversarial,finfet_7nm,data/hcr_train\triplets\01453_ref_64.npy,data/hcr_train\triplets\01453_ref_128.npy,data/hcr_train\triplets\01453_pos_64.npy,data/hcr_train\triplets\01453_pos_128.npy,data/hcr_train\triplets\01453_neg_64.npy,data/hcr_train\triplets\01453_neg_128.npy,0.382,0.217,1.6,162.11,294.6,290.9
1454,335,Adversarial,finfet_7nm,data/hcr_train\triplets\01454_ref_64.npy,data/hcr_train\triplets\01454_ref_128.npy,data/hcr_train\triplets\01454_pos_64.npy,data/hcr_train\triplets\01454_pos_128.npy,data/hcr_train\triplets\01454_neg_64.npy,data/hcr_train\triplets\01454_neg_128.npy,0.382,0.2151,1.6,18.4,294.6,290.9
1455,337,Medium,dram_dense,data/hcr_train\triplets\01455_ref_64.npy,data/hcr_train\triplets\01455_ref_128.npy,data/hcr_train\triplets\01455_pos_64.npy,data/hcr_train\triplets\01455_pos_128.npy,data/hcr_train\triplets\01455_neg_64.npy,data/hcr_train\triplets\01455_neg_128.npy,0.922,0.9087,1.02,254.11,710.0,494.2
1456,337,Medium,dram_dense,data/hcr_train\triplets\01456_ref_64.npy,data/hcr_train\triplets\01456_ref_128.npy,data/hcr_train\triplets\01456_pos_64.npy,data/hcr_train\triplets\01456_pos_128.npy,data/hcr_train\triplets\01456_neg_64.npy,data/hcr_train\triplets\01456_neg_128.npy,0.922,0.9006,1.02,297.77,710.0,494.2
1457,337,Medium,dram_dense,data/hcr_train\triplets\01457_ref_64.npy,data/hcr_train\triplets\01457_ref_128.npy,data/hcr_train\triplets\01457_pos_64.npy,data/hcr_train\triplets\01457_pos_128.npy,data/hcr_train\triplets\01457_neg_64.npy,data/hcr_train\triplets\01457_neg_128.npy,0.922,0.8991,1.02,342.59,710.0,494.2
1458,337,Medium,dram_dense,data/hcr_train\triplets\01458_ref_64.npy,data/hcr_train\triplets\01458_ref_128.npy,data/hcr_train\triplets\01458_pos_64.npy,data/hcr_train\triplets\01458_pos_128.npy,data/hcr_train\triplets\01458_neg_64.npy,data/hcr_train\triplets\01458_neg_128.npy,0.922,0.8985,1.02,49.0,710.0,494.2
1459,337,Medium,dram_dense,data/hcr_train\triplets\01459_ref_64.npy,data/hcr_train\triplets\01459_ref_128.npy,data/hcr_train\triplets\01459_pos_64.npy,data/hcr_train\triplets\01459_pos_128.npy,data/hcr_train\triplets\01459_neg_64.npy,data/hcr_train\triplets\01459_neg_128.npy,0.922,0.8957,1.02,47.0,710.0,494.2
1460,338,Hard,finfet_10nm,data/hcr_train\triplets\01460_ref_64.npy,data/hcr_train\triplets\01460_ref_128.npy,data/hcr_train\triplets\01460_pos_64.npy,data/hcr_train\triplets\01460_pos_128.npy,data/hcr_train\triplets\01460_neg_64.npy,data/hcr_train\triplets\01460_neg_128.npy,0.7531,0.7673,0.67,103.71,617.6,399.3
1461,338,Hard,finfet_10nm,data/hcr_train\triplets\01461_ref_64.npy,data/hcr_train\triplets\01461_ref_128.npy,data/hcr_train\triplets\01461_pos_64.npy,data/hcr_train\triplets\01461_pos_128.npy,data/hcr_train\triplets\01461_neg_64.npy,data/hcr_train\triplets\01461_neg_128.npy,0.7531,0.7585,0.67,51.72,617.6,399.3
1462,338,Hard,finfet_10nm,data/hcr_train\triplets\01462_ref_64.npy,data/hcr_train\triplets\01462_ref_128.npy,data/hcr_train\triplets\01462_pos_64.npy,data/hcr_train\triplets\01462_pos_128.npy,data/hcr_train\triplets\01462_neg_64.npy,data/hcr_train\triplets\01462_neg_128.npy,0.7531,0.7533,0.67,531.73,617.6,399.3
1463,338,Hard,finfet_10nm,data/hcr_train\triplets\01463_ref_64.npy,data/hcr_train\triplets\01463_ref_128.npy,data/hcr_train\triplets\01463_pos_64.npy,data/hcr_train\triplets\01463_pos_128.npy,data/hcr_train\triplets\01463_neg_64.npy,data/hcr_train\triplets\01463_neg_128.npy,0.7531,0.7501,0.67,301.86,617.6,399.3
1464,338,Hard,finfet_10nm,data/hcr_train\triplets\01464_ref_64.npy,data/hcr_train\triplets\01464_ref_128.npy,data/hcr_train\triplets\01464_pos_64.npy,data/hcr_train\triplets\01464_pos_128.npy,data/hcr_train\triplets\01464_neg_64.npy,data/hcr_train\triplets\01464_neg_128.npy,0.7531,0.7346,0.67,298.64,617.6,399.3
1465,339,Adversarial,finfet_7nm,data/hcr_train\triplets\01465_ref_64.npy,data/hcr_train\triplets\01465_ref_128.npy,data/hcr_train\triplets\01465_pos_64.npy,data/hcr_train\triplets\01465_pos_128.npy,data/hcr_train\triplets\01465_neg_64.npy,data/hcr_train\triplets\01465_neg_128.npy,0.3,0.3086,5.01,93.0,477.0,900.3
1466,339,Adversarial,finfet_7nm,data/hcr_train\triplets\01466_ref_64.npy,data/hcr_train\triplets\01466_ref_128.npy,data/hcr_train\triplets\01466_pos_64.npy,data/hcr_train\triplets\01466_pos_128.npy,data/hcr_train\triplets\01466_neg_64.npy,data/hcr_train\triplets\01466_neg_128.npy,0.3,0.3082,5.01,19.0,477.0,900.3
1467,339,Adversarial,finfet_7nm,data/hcr_train\triplets\01467_ref_64.npy,data/hcr_train\triplets\01467_ref_128.npy,data/hcr_train\triplets\01467_pos_64.npy,data/hcr_train\triplets\01467_pos_128.npy,data/hcr_train\triplets\01467_neg_64.npy,data/hcr_train\triplets\01467_neg_128.npy,0.3,0.3043,5.01,109.0,477.0,900.3
1468,339,Adversarial,finfet_7nm,data/hcr_train\triplets\01468_ref_64.npy,data/hcr_train\triplets\01468_ref_128.npy,data/hcr_train\triplets\01468_pos_64.npy,data/hcr_train\triplets\01468_pos_128.npy,data/hcr_train\triplets\01468_neg_64.npy,data/hcr_train\triplets\01468_neg_128.npy,0.3,0.3032,5.01,37.0,477.0,900.3
1469,339,Adversarial,finfet_7nm,data/hcr_train\triplets\01469_ref_64.npy,data/hcr_train\triplets\01469_ref_128.npy,data/hcr_train\triplets\01469_pos_64.npy,data/hcr_train\triplets\01469_pos_128.npy,data/hcr_train\triplets\01469_neg_64.npy,data/hcr_train\triplets\01469_neg_128.npy,0.3,0.3017,5.01,125.0,477.0,900.3
1470,340,Easy,dram_1x,data/hcr_train\triplets\01470_ref_64.npy,data/hcr_train\triplets\01470_ref_128.npy,data/hcr_train\triplets\01470_pos_64.npy,data/hcr_train\triplets\01470_pos_128.npy,data/hcr_train\triplets\01470_neg_64.npy,data/hcr_train\triplets\01470_neg_128.npy,0.931,0.6638,0.36,301.85,547.8,288.3
1471,340,Easy,dram_1x,data/hcr_train\triplets\01471_ref_64.npy,data/hcr_train\triplets\01471_ref_128.npy,data/hcr_train\triplets\01471_pos_64.npy,data/hcr_train\triplets\01471_pos_128.npy,data/hcr_train\triplets\01471_neg_64.npy,data/hcr_train\triplets\01471_neg_128.npy,0.931,0.5909,0.36,660.66,547.8,288.3
1472,340,Easy,dram_1x,data/hcr_train\triplets\01472_ref_64.npy,data/hcr_train\triplets\01472_ref_128.npy,data/hcr_train\triplets\01472_pos_64.npy,data/hcr_train\triplets\01472_pos_128.npy,data/hcr_train\triplets\01472_neg_64.npy,data/hcr_train\triplets\01472_neg_128.npy,0.931,0.5904,0.36,28.8,547.8,288.3
1473,340,Easy,dram_1x,data/hcr_train\triplets\01473_ref_64.npy,data/hcr_train\triplets\01473_ref_128.npy,data/hcr_train\triplets\01473_pos_64.npy,data/hcr_train\triplets\01473_pos_128.npy,data/hcr_train\triplets\01473_neg_64.npy,data/hcr_train\triplets\01473_neg_128.npy,0.931,0.5818,0.36,172.8,547.8,288.3
1474,340,Easy,dram_1x,data/hcr_train\triplets\01474_ref_64.npy,data/hcr_train\triplets\01474_ref_128.npy,data/hcr_train\triplets\01474_pos_64.npy,data/hcr_train\triplets\01474_pos_128.npy,data/hcr_train\triplets\01474_neg_64.npy,data/hcr_train\triplets\01474_neg_128.npy,0.931,0.5756,0.36,57.8,547.8,288.3
1475,341,Medium,dram_dense,data/hcr_train\triplets\01475_ref_64.npy,data/hcr_train\triplets\01475_ref_128.npy,data/hcr_train\triplets\01475_pos_64.npy,data/hcr_train\triplets\01475_pos_128.npy,data/hcr_train\triplets\01475_neg_64.npy,data/hcr_train\triplets\01475_neg_128.npy,0.8526,0.8581,0.45,29.4,468.4,572.8
1476,341,Medium,dram_dense,data/hcr_train\triplets\01476_ref_64.npy,data/hcr_train\triplets\01476_ref_128.npy,data/hcr_train\triplets\01476_pos_64.npy,data/hcr_train\triplets\01476_pos_128.npy,data/hcr_train\triplets\01476_neg_64.npy,data/hcr_train\triplets\01476_neg_128.npy,0.8526,0.8567,0.45,27.6,468.4,572.8
1477,341,Medium,dram_dense,data/hcr_train\triplets\01477_ref_64.npy,data/hcr_train\triplets\01477_ref_128.npy,data/hcr_train\triplets\01477_pos_64.npy,data/hcr_train\triplets\01477_pos_128.npy,data/hcr_train\triplets\01477_neg_64.npy,data/hcr_train\triplets\01477_neg_128.npy,0.8526,0.8421,0.45,58.4,468.4,572.8
1478,341,Medium,dram_dense,data/hcr_train\triplets\01478_ref_64.npy,data/hcr_train\triplets\01478_ref_128.npy,data/hcr_train\triplets\01478_pos_64.npy,data/hcr_train\triplets\01478_pos_128.npy,data/hcr_train\triplets\01478_neg_64.npy,data/hcr_train\triplets\01478_neg_128.npy,0.8526,0.8334,0.45,115.4,468.4,572.8
1479,341,Medium,dram_dense,data/hcr_train\triplets\01479_ref_64.npy,data/hcr_train\triplets\01479_ref_128.npy,data/hcr_train\triplets\01479_pos_64.npy,data/hcr_train\triplets\01479_pos_128.npy,data/hcr_train\triplets\01479_neg_64.npy,data/hcr_train\triplets\01479_neg_128.npy,0.8526,0.8313,0.45,13.6,468.4,572.8
1480,344,Easy,dram_1x,data/hcr_train\triplets\01480_ref_64.npy,data/hcr_train\triplets\01480_ref_128.npy,data/hcr_train\triplets\01480_pos_64.npy,data/hcr_train\triplets\01480_pos_128.npy,data/hcr_train\triplets\01480_neg_64.npy,data/hcr_train\triplets\01480_neg_128.npy,0.9022,0.5704,0.54,19.5,860.2,581.5
1481,344,Easy,dram_1x,data/hcr_train\triplets\01481_ref_64.npy,data/hcr_train\triplets\01481_ref_128.npy,data/hcr_train\triplets\01481_pos_64.npy,data/hcr_train\triplets\01481_pos_128.npy,data/hcr_train\triplets\01481_neg_64.npy,data/hcr_train\triplets\01481_neg_128.npy,0.9022,0.5664,0.54,13.81,860.2,581.5
1482,344,Easy,dram_1x,data/hcr_train\triplets\01482_ref_64.npy,data/hcr_train\triplets\01482_ref_128.npy,data/hcr_train\triplets\01482_pos_64.npy,data/hcr_train\triplets\01482_pos_128.npy,data/hcr_train\triplets\01482_neg_64.npy,data/hcr_train\triplets\01482_neg_128.npy,0.9022,0.555,0.54,14.21,860.2,581.5
1483,344,Easy,dram_1x,data/hcr_train\triplets\01483_ref_64.npy,data/hcr_train\triplets\01483_ref_128.npy,data/hcr_train\triplets\01483_pos_64.npy,data/hcr_train\triplets\01483_pos_128.npy,data/hcr_train\triplets\01483_neg_64.npy,data/hcr_train\triplets\01483_neg_128.npy,0.9022,0.5083,0.54,38.5,860.2,581.5
1484,344,Easy,dram_1x,data/hcr_train\triplets\01484_ref_64.npy,data/hcr_train\triplets\01484_ref_128.npy,data/hcr_train\triplets\01484_pos_64.npy,data/hcr_train\triplets\01484_pos_128.npy,data/hcr_train\triplets\01484_neg_64.npy,data/hcr_train\triplets\01484_neg_128.npy,0.9022,0.5024,0.54,57.5,860.2,581.5
1485,345,Medium,dram_dense,data/hcr_train\triplets\01485_ref_64.npy,data/hcr_train\triplets\01485_ref_128.npy,data/hcr_train\triplets\01485_pos_64.npy,data/hcr_train\triplets\01485_pos_128.npy,data/hcr_train\triplets\01485_neg_64.npy,data/hcr_train\triplets\01485_neg_128.npy,0.8909,0.8709,1.55,815.99,815.5,937.6
1486,345,Medium,dram_dense,data/hcr_train\triplets\01486_ref_64.npy,data/hcr_train\triplets\01486_ref_128.npy,data/hcr_train\triplets\01486_pos_64.npy,data/hcr_train\triplets\01486_pos_128.npy,data/hcr_train\triplets\01486_neg_64.npy,data/hcr_train\triplets\01486_neg_128.npy,0.8909,0.8484,1.55,860.9,815.5,937.6
1487,345,Medium,dram_dense,data/hcr_train\triplets\01487_ref_64.npy,data/hcr_train\triplets\01487_ref_128.npy,data/hcr_train\triplets\01487_pos_64.npy,data/hcr_train\triplets\01487_pos_128.npy,data/hcr_train\triplets\01487_neg_64.npy,data/hcr_train\triplets\01487_neg_128.npy,0.8909,0.8478,1.55,906.14,815.5,937.6
1488,345,Medium,dram_dense,data/hcr_train\triplets\01488_ref_64.npy,data/hcr_train\triplets\01488_ref_128.npy,data/hcr_train\triplets\01488_pos_64.npy,data/hcr_train\triplets\01488_pos_128.npy,data/hcr_train\triplets\01488_neg_64.npy,data/hcr_train\triplets\01488_neg_128.npy,0.8909,0.8411,1.55,793.66,815.5,937.6
1489,345,Medium,dram_dense,data/hcr_train\triplets\01489_ref_64.npy,data/hcr_train\triplets\01489_ref_128.npy,data/hcr_train\triplets\01489_pos_64.npy,data/hcr_train\triplets\01489_pos_128.npy,data/hcr_train\triplets\01489_neg_64.npy,data/hcr_train\triplets\01489_neg_128.npy,0.8909,0.8382,1.55,300.63,815.5,937.6
1490,346,Hard,finfet_10nm,data/hcr_train\triplets\01490_ref_64.npy,data/hcr_train\triplets\01490_ref_128.npy,data/hcr_train\triplets\01490_pos_64.npy,data/hcr_train\triplets\01490_pos_128.npy,data/hcr_train\triplets\01490_neg_64.npy,data/hcr_train\triplets\01490_neg_128.npy,0.6688,0.6085,2.1,88.03,842.1,681.0
1491,346,Hard,finfet_10nm,data/hcr_train\triplets\01491_ref_64.npy,data/hcr_train\triplets\01491_ref_128.npy,data/hcr_train\triplets\01491_pos_64.npy,data/hcr_train\triplets\01491_pos_128.npy,data/hcr_train\triplets\01491_neg_64.npy,data/hcr_train\triplets\01491_neg_128.npy,0.6688,0.6052,2.1,44.05,842.1,681.0
1492,346,Hard,finfet_10nm,data/hcr_train\triplets\01492_ref_64.npy,data/hcr_train\triplets\01492_ref_128.npy,data/hcr_train\triplets\01492_pos_64.npy,data/hcr_train\triplets\01492_pos_128.npy,data/hcr_train\triplets\01492_neg_64.npy,data/hcr_train\triplets\01492_neg_128.npy,0.6688,0.5932,2.1,44.05,842.1,681.0
1493,346,Hard,finfet_10nm,data/hcr_train\triplets\01493_ref_64.npy,data/hcr_train\triplets\01493_ref_128.npy,data/hcr_train\triplets\01493_pos_64.npy,data/hcr_train\triplets\01493_pos_128.npy,data/hcr_train\triplets\01493_neg_64.npy,data/hcr_train\triplets\01493_neg_128.npy,0.6688,0.5911,2.1,110.02,842.1,681.0
1494,346,Hard,finfet_10nm,data/hcr_train\triplets\01494_ref_64.npy,data/hcr_train\triplets\01494_ref_128.npy,data/hcr_train\triplets\01494_pos_64.npy,data/hcr_train\triplets\01494_pos_128.npy,data/hcr_train\triplets\01494_neg_64.npy,data/hcr_train\triplets\01494_neg_128.npy,0.6688,0.5787,2.1,22.1,842.1,681.0
1495,348,Easy,dram_1x,data/hcr_train\triplets\01495_ref_64.npy,data/hcr_train\triplets\01495_ref_128.npy,data/hcr_train\triplets\01495_pos_64.npy,data/hcr_train\triplets\01495_pos_128.npy,data/hcr_train\triplets\01495_neg_64.npy,data/hcr_train\triplets\01495_neg_128.npy,0.9218,0.9035,0.54,71.5,909.8,144.5
1496,348,Easy,dram_1x,data/hcr_train\triplets\01496_ref_64.npy,data/hcr_train\triplets\01496_ref_128.npy,data/hcr_train\triplets\01496_pos_64.npy,data/hcr_train\triplets\01496_pos_128.npy,data/hcr_train\triplets\01496_neg_64.npy,data/hcr_train\triplets\01496_neg_128.npy,0.9218,0.885,0.54,47.5,909.8,144.5
1497,348,Easy,dram_1x,data/hcr_train\triplets\01497_ref_64.npy,data/hcr_train\triplets\01497_ref_128.npy,data/hcr_train\triplets\01497_pos_64.npy,data/hcr_train\triplets\01497_pos_128.npy,data/hcr_train\triplets\01497_neg_64.npy,data/hcr_train\triplets\01497_neg_128.npy,0.9218,0.8813,0.54,47.5,909.8,144.5
1498,348,Easy,dram_1x,data/hcr_train\triplets\01498_ref_64.npy,data/hcr_train\triplets\01498_ref_128.npy,data/hcr_train\triplets\01498_pos_64.npy,data/hcr_train\triplets\01498_pos_128.npy,data/hcr_train\triplets\01498_neg_64.npy,data/hcr_train\triplets\01498_neg_128.npy,0.9218,0.8737,0.54,23.5,909.8,144.5
1499,348,Easy,dram_1x,data/hcr_train\triplets\01499_ref_64.npy,data/hcr_train\triplets\01499_ref_128.npy,data/hcr_train\triplets\01499_pos_64.npy,data/hcr_train\triplets\01499_pos_128.npy,data/hcr_train\triplets\01499_neg_64.npy,data/hcr_train\triplets\01499_neg_128.npy,0.9218,0.8632,0.54,24.5,909.8,144.5
1500,349,Medium,dram_dense,data/hcr_train\triplets\01500_ref_64.npy,data/hcr_train\triplets\01500_ref_128.npy,data/hcr_train\triplets\01500_pos_64.npy,data/hcr_train\triplets\01500_pos_128.npy,data/hcr_train\triplets\01500_neg_64.npy,data/hcr_train\triplets\01500_neg_128.npy,0.8908,0.5699,1.61,24.25,558.6,841.2
1501,349,Medium,dram_dense,data/hcr_train\triplets\01501_ref_64.npy,data/hcr_train\triplets\01501_ref_128.npy,data/hcr_train\triplets\01501_pos_64.npy,data/hcr_train\triplets\01501_pos_128.npy,data/hcr_train\triplets\01501_neg_64.npy,data/hcr_train\triplets\01501_neg_128.npy,0.8908,0.5475,1.61,120.2,558.6,841.2
1502,349,Medium,dram_dense,data/hcr_train\triplets\01502_ref_64.npy,data/hcr_train\triplets\01502_ref_128.npy,data/hcr_train\triplets\01502_pos_64.npy,data/hcr_train\triplets\01502_pos_128.npy,data/hcr_train\triplets\01502_neg_64.npy,data/hcr_train\triplets\01502_neg_128.npy,0.8908,0.5394,1.61,48.23,558.6,841.2
1503,349,Medium,dram_dense,data/hcr_train\triplets\01503_ref_64.npy,data/hcr_train\triplets\01503_ref_128.npy,data/hcr_train\triplets\01503_pos_64.npy,data/hcr_train\triplets\01503_pos_128.npy,data/hcr_train\triplets\01503_neg_64.npy,data/hcr_train\triplets\01503_neg_128.npy,0.8908,0.5365,1.61,72.2,558.6,841.2
1504,349,Medium,dram_dense,data/hcr_train\triplets\01504_ref_64.npy,data/hcr_train\triplets\01504_ref_128.npy,data/hcr_train\triplets\01504_pos_64.npy,data/hcr_train\triplets\01504_pos_128.npy,data/hcr_train\triplets\01504_neg_64.npy,data/hcr_train\triplets\01504_neg_128.npy,0.8908,0.5359,1.61,96.2,558.6,841.2
1505,350,Hard,finfet_10nm,data/hcr_train\triplets\01505_ref_64.npy,data/hcr_train\triplets\01505_ref_128.npy,data/hcr_train\triplets\01505_pos_64.npy,data/hcr_train\triplets\01505_pos_128.npy,data/hcr_train\triplets\01505_neg_64.npy,data/hcr_train\triplets\01505_neg_128.npy,0.8022,0.7955,1.46,26.6,154.4,462.4
1506,350,Hard,finfet_10nm,data/hcr_train\triplets\01506_ref_64.npy,data/hcr_train\triplets\01506_ref_128.npy,data/hcr_train\triplets\01506_pos_64.npy,data/hcr_train\triplets\01506_pos_128.npy,data/hcr_train\triplets\01506_neg_64.npy,data/hcr_train\triplets\01506_neg_128.npy,0.8022,0.7943,1.46,29.4,154.4,462.4
1507,350,Hard,finfet_10nm,data/hcr_train\triplets\01507_ref_64.npy,data/hcr_train\triplets\01507_ref_128.npy,data/hcr_train\triplets\01507_pos_64.npy,data/hcr_train\triplets\01507_pos_128.npy,data/hcr_train\triplets\01507_neg_64.npy,data/hcr_train\triplets\01507_neg_128.npy,0.8022,0.7903,1.46,57.4,154.4,462.4
1508,350,Hard,finfet_10nm,data/hcr_train\triplets\01508_ref_64.npy,data/hcr_train\triplets\01508_ref_128.npy,data/hcr_train\triplets\01508_pos_64.npy,data/hcr_train\triplets\01508_pos_128.npy,data/hcr_train\triplets\01508_neg_64.npy,data/hcr_train\triplets\01508_neg_128.npy,0.8022,0.7871,1.46,85.4,154.4,462.4
1509,350,Hard,finfet_10nm,data/hcr_train\triplets\01509_ref_64.npy,data/hcr_train\triplets\01509_ref_128.npy,data/hcr_train\triplets\01509_pos_64.npy,data/hcr_train\triplets\01509_pos_128.npy,data/hcr_train\triplets\01509_neg_64.npy,data/hcr_train\triplets\01509_neg_128.npy,0.8022,0.7856,1.46,54.6,154.4,462.4
1510,351,Adversarial,finfet_7nm,data/hcr_train\triplets\01510_ref_64.npy,data/hcr_train\triplets\01510_ref_128.npy,data/hcr_train\triplets\01510_pos_64.npy,data/hcr_train\triplets\01510_pos_128.npy,data/hcr_train\triplets\01510_neg_64.npy,data/hcr_train\triplets\01510_neg_128.npy,0.4275,0.3907,0.41,52.1,867.4,149.1
1511,351,Adversarial,finfet_7nm,data/hcr_train\triplets\01511_ref_64.npy,data/hcr_train\triplets\01511_ref_128.npy,data/hcr_train\triplets\01511_pos_64.npy,data/hcr_train\triplets\01511_pos_128.npy,data/hcr_train\triplets\01511_neg_64.npy,data/hcr_train\triplets\01511_neg_128.npy,0.4275,0.379,0.41,51.9,867.4,149.1
1512,351,Adversarial,finfet_7nm,data/hcr_train\triplets\01512_ref_64.npy,data/hcr_train\triplets\01512_ref_128.npy,data/hcr_train\triplets\01512_pos_64.npy,data/hcr_train\triplets\01512_pos_128.npy,data/hcr_train\triplets\01512_neg_64.npy,data/hcr_train\triplets\01512_neg_128.npy,0.4275,0.3608,0.41,982.76,867.4,149.1
1513,351,Adversarial,finfet_7nm,data/hcr_train\triplets\01513_ref_64.npy,data/hcr_train\triplets\01513_ref_128.npy,data/hcr_train\triplets\01513_pos_64.npy,data/hcr_train\triplets\01513_pos_128.npy,data/hcr_train\triplets\01513_neg_64.npy,data/hcr_train\triplets\01513_neg_128.npy,0.4275,0.3075,0.41,76.1,867.4,149.1
1514,351,Adversarial,finfet_7nm,data/hcr_train\triplets\01514_ref_64.npy,data/hcr_train\triplets\01514_ref_128.npy,data/hcr_train\triplets\01514_pos_64.npy,data/hcr_train\triplets\01514_pos_128.npy,data/hcr_train\triplets\01514_neg_64.npy,data/hcr_train\triplets\01514_neg_128.npy,0.4275,0.3043,0.41,25.9,867.4,149.1
1515,353,Medium,dram_dense,data/hcr_train\triplets\01515_ref_64.npy,data/hcr_train\triplets\01515_ref_128.npy,data/hcr_train\triplets\01515_pos_64.npy,data/hcr_train\triplets\01515_pos_128.npy,data/hcr_train\triplets\01515_neg_64.npy,data/hcr_train\triplets\01515_neg_128.npy,0.8989,0.8836,1.08,48.41,598.0,726.6
1516,353,Medium,dram_dense,data/hcr_train\triplets\01516_ref_64.npy,data/hcr_train\triplets\01516_ref_128.npy,data/hcr_train\triplets\01516_pos_64.npy,data/hcr_train\triplets\01516_pos_128.npy,data/hcr_train\triplets\01516_neg_64.npy,data/hcr_train\triplets\01516_neg_128.npy,0.8989,0.8604,1.08,48.61,598.0,726.6
1517,353,Medium,dram_dense,data/hcr_train\triplets\01517_ref_64.npy,data/hcr_train\triplets\01517_ref_128.npy,data/hcr_train\triplets\01517_pos_64.npy,data/hcr_train\triplets\01517_pos_128.npy,data/hcr_train\triplets\01517_neg_64.npy,data/hcr_train\triplets\01517_neg_128.npy,0.8989,0.847,1.08,24.42,598.0,726.6
1518,353,Medium,dram_dense,data/hcr_train\triplets\01518_ref_64.npy,data/hcr_train\triplets\01518_ref_128.npy,data/hcr_train\triplets\01518_pos_64.npy,data/hcr_train\triplets\01518_pos_128.npy,data/hcr_train\triplets\01518_neg_64.npy,data/hcr_train\triplets\01518_neg_128.npy,0.8989,0.8451,1.08,96.61,598.0,726.6
1519,353,Medium,dram_dense,data/hcr_train\triplets\01519_ref_64.npy,data/hcr_train\triplets\01519_ref_128.npy,data/hcr_train\triplets\01519_pos_64.npy,data/hcr_train\triplets\01519_pos_128.npy,data/hcr_train\triplets\01519_neg_64.npy,data/hcr_train\triplets\01519_neg_128.npy,0.8989,0.8219,1.08,23.62,598.0,726.6
1520,356,Easy,dram_1x,data/hcr_train\triplets\01520_ref_64.npy,data/hcr_train\triplets\01520_ref_128.npy,data/hcr_train\triplets\01520_pos_64.npy,data/hcr_train\triplets\01520_pos_128.npy,data/hcr_train\triplets\01520_neg_64.npy,data/hcr_train\triplets\01520_neg_128.npy,0.9581,0.8795,0.8,14.2,931.8,870.0
1521,356,Easy,dram_1x,data/hcr_train\triplets\01521_ref_64.npy,data/hcr_train\triplets\01521_ref_128.npy,data/hcr_train\triplets\01521_pos_64.npy,data/hcr_train\triplets\01521_pos_128.npy,data/hcr_train\triplets\01521_neg_64.npy,data/hcr_train\triplets\01521_neg_128.npy,0.9581,0.8321,0.8,14.8,931.8,870.0
1522,356,Easy,dram_1x,data/hcr_train\triplets\01522_ref_64.npy,data/hcr_train\triplets\01522_ref_128.npy,data/hcr_train\triplets\01522_pos_64.npy,data/hcr_train\triplets\01522_pos_128.npy,data/hcr_train\triplets\01522_neg_64.npy,data/hcr_train\triplets\01522_neg_128.npy,0.9581,0.7847,0.8,28.8,931.8,870.0
1523,356,Easy,dram_1x,data/hcr_train\triplets\01523_ref_64.npy,data/hcr_train\triplets\01523_ref_128.npy,data/hcr_train\triplets\01523_pos_64.npy,data/hcr_train\triplets\01523_pos_128.npy,data/hcr_train\triplets\01523_neg_64.npy,data/hcr_train\triplets\01523_neg_128.npy,0.9581,0.6296,0.8,43.8,931.8,870.0
1524,356,Easy,dram_1x,data/hcr_train\triplets\01524_ref_64.npy,data/hcr_train\triplets\01524_ref_128.npy,data/hcr_train\triplets\01524_pos_64.npy,data/hcr_train\triplets\01524_pos_128.npy,data/hcr_train\triplets\01524_neg_64.npy,data/hcr_train\triplets\01524_neg_128.npy,0.9581,0.6005,0.8,288.17,931.8,870.0
1525,357,Medium,dram_dense,data/hcr_train\triplets\01525_ref_64.npy,data/hcr_train\triplets\01525_ref_128.npy,data/hcr_train\triplets\01525_pos_64.npy,data/hcr_train\triplets\01525_pos_128.npy,data/hcr_train\triplets\01525_neg_64.npy,data/hcr_train\triplets\01525_neg_128.npy,0.8655,0.8732,0.67,100.7,588.6,499.7
1526,357,Medium,dram_dense,data/hcr_train\triplets\01526_ref_64.npy,data/hcr_train\triplets\01526_ref_128.npy,data/hcr_train\triplets\01526_pos_64.npy,data/hcr_train\triplets\01526_pos_128.npy,data/hcr_train\triplets\01526_neg_64.npy,data/hcr_train\triplets\01526_neg_128.npy,0.8655,0.8661,0.67,129.7,588.6,499.7
1527,357,Medium,dram_dense,data/hcr_train\triplets\01527_ref_64.npy,data/hcr_train\triplets\01527_ref_128.npy,data/hcr_train\triplets\01527_pos_64.npy,data/hcr_train\triplets\01527_pos_128.npy,data/hcr_train\triplets\01527_neg_64.npy,data/hcr_train\triplets\01527_neg_128.npy,0.8655,0.8537,0.67,28.71,588.6,499.7
1528,357,Medium,dram_dense,data/hcr_train\triplets\01528_ref_64.npy,data/hcr_train\triplets\01528_ref_128.npy,data/hcr_train\triplets\01528_pos_64.npy,data/hcr_train\triplets\01528_pos_128.npy,data/hcr_train\triplets\01528_neg_64.npy,data/hcr_train\triplets\01528_neg_128.npy,0.8655,0.8501,0.67,143.7,588.6,499.7
1529,357,Medium,dram_dense,data/hcr_train\triplets\01529_ref_64.npy,data/hcr_train\triplets\01529_ref_128.npy,data/hcr_train\triplets\01529_pos_64.npy,data/hcr_train\triplets\01529_pos_128.npy,data/hcr_train\triplets\01529_neg_64.npy,data/hcr_train\triplets\01529_neg_128.npy,0.8655,0.8493,0.67,57.7,588.6,499.7
1530,359,Adversarial,finfet_7nm,data/hcr_train\triplets\01530_ref_64.npy,data/hcr_train\triplets\01530_ref_128.npy,data/hcr_train\triplets\01530_pos_64.npy,data/hcr_train\triplets\01530_pos_128.npy,data/hcr_train\triplets\01530_neg_64.npy,data/hcr_train\triplets\01530_neg_128.npy,0.3911,0.3683,4.13,532.52,543.1,925.5
1531,359,Adversarial,finfet_7nm,data/hcr_train\triplets\01531_ref_64.npy,data/hcr_train\triplets\01531_ref_128.npy,data/hcr_train\triplets\01531_pos_64.npy,data/hcr_train\triplets\01531_pos_128.npy,data/hcr_train\triplets\01531_neg_64.npy,data/hcr_train\triplets\01531_neg_128.npy,0.3911,0.3611,4.13,554.52,543.1,925.5
1532,359,Adversarial,finfet_7nm,data/hcr_train\triplets\01532_ref_64.npy,data/hcr_train\triplets\01532_ref_128.npy,data/hcr_train\triplets\01532_pos_64.npy,data/hcr_train\triplets\01532_pos_128.npy,data/hcr_train\triplets\01532_neg_64.npy,data/hcr_train\triplets\01532_neg_128.npy,0.3911,0.3567,4.13,22.87,543.1,925.5
1533,359,Adversarial,finfet_7nm,data/hcr_train\triplets\01533_ref_64.npy,data/hcr_train\triplets\01533_ref_128.npy,data/hcr_train\triplets\01533_pos_64.npy,data/hcr_train\triplets\01533_pos_128.npy,data/hcr_train\triplets\01533_neg_64.npy,data/hcr_train\triplets\01533_neg_128.npy,0.3911,0.3564,4.13,870.5,543.1,925.5
1534,359,Adversarial,finfet_7nm,data/hcr_train\triplets\01534_ref_64.npy,data/hcr_train\triplets\01534_ref_128.npy,data/hcr_train\triplets\01534_pos_64.npy,data/hcr_train\triplets\01534_pos_128.npy,data/hcr_train\triplets\01534_neg_64.npy,data/hcr_train\triplets\01534_neg_128.npy,0.3911,0.3494,4.13,576.51,543.1,925.5
1535,360,Easy,dram_1x,data/hcr_train\triplets\01535_ref_64.npy,data/hcr_train\triplets\01535_ref_128.npy,data/hcr_train\triplets\01535_pos_64.npy,data/hcr_train\triplets\01535_pos_128.npy,data/hcr_train\triplets\01535_neg_64.npy,data/hcr_train\triplets\01535_neg_128.npy,0.9706,0.9406,0.36,457.11,106.3,376.8
1536,360,Easy,dram_1x,data/hcr_train\triplets\01536_ref_64.npy,data/hcr_train\triplets\01536_ref_128.npy,data/hcr_train\triplets\01536_pos_64.npy,data/hcr_train\triplets\01536_pos_128.npy,data/hcr_train\triplets\01536_neg_64.npy,data/hcr_train\triplets\01536_neg_128.npy,0.9706,0.9356,0.36,48.3,106.3,376.8
1537,360,Easy,dram_1x,data/hcr_train\triplets\01537_ref_64.npy,data/hcr_train\triplets\01537_ref_128.npy,data/hcr_train\triplets\01537_pos_64.npy,data/hcr_train\triplets\01537_pos_128.npy,data/hcr_train\triplets\01537_neg_64.npy,data/hcr_train\triplets\01537_neg_128.npy,0.9706,0.9351,0.36,47.7,106.3,376.8
1538,360,Easy,dram_1x,data/hcr_train\triplets\01538_ref_64.npy,data/hcr_train\triplets\01538_ref_128.npy,data/hcr_train\triplets\01538_pos_64.npy,data/hcr_train\triplets\01538_pos_128.npy,data/hcr_train\triplets\01538_neg_64.npy,data/hcr_train\triplets\01538_neg_128.npy,0.9706,0.9231,0.36,31.8,106.3,376.8
1539,360,Easy,dram_1x,data/hcr_train\triplets\01539_ref_64.npy,data/hcr_train\triplets\01539_ref_128.npy,data/hcr_train\triplets\01539_pos_64.npy,data/hcr_train\triplets\01539_pos_128.npy,data/hcr_train\triplets\01539_neg_64.npy,data/hcr_train\triplets\01539_neg_128.npy,0.9706,0.923,0.36,28.48,106.3,376.8
1540,361,Medium,dram_dense,data/hcr_train\triplets\01540_ref_64.npy,data/hcr_train\triplets\01540_ref_128.npy,data/hcr_train\triplets\01540_pos_64.npy,data/hcr_train\triplets\01540_pos_128.npy,data/hcr_train\triplets\01540_neg_64.npy,data/hcr_train\triplets\01540_neg_128.npy,0.8864,0.5196,0.22,87.1,262.1,277.2
1541,361,Medium,dram_dense,data/hcr_train\triplets\01541_ref_64.npy,data/hcr_train\triplets\01541_ref_128.npy,data/hcr_train\triplets\01541_pos_64.npy,data/hcr_train\triplets\01541_pos_128.npy,data/hcr_train\triplets\01541_neg_64.npy,data/hcr_train\triplets\01541_neg_128.npy,0.8864,0.5168,0.22,174.1,262.1,277.2
1542,361,Medium,dram_dense,data/hcr_train\triplets\01542_ref_64.npy,data/hcr_train\triplets\01542_ref_128.npy,data/hcr_train\triplets\01542_pos_64.npy,data/hcr_train\triplets\01542_pos_128.npy,data/hcr_train\triplets\01542_neg_64.npy,data/hcr_train\triplets\01542_neg_128.npy,0.8864,0.5082,0.22,44.1,262.1,277.2
1543,361,Medium,dram_dense,data/hcr_train\triplets\01543_ref_64.npy,data/hcr_train\triplets\01543_ref_128.npy,data/hcr_train\triplets\01543_pos_64.npy,data/hcr_train\triplets\01543_pos_128.npy,data/hcr_train\triplets\01543_neg_64.npy,data/hcr_train\triplets\01543_neg_128.npy,0.8864,0.5011,0.22,130.1,262.1,277.2
1544,361,Medium,dram_dense,data/hcr_train\triplets\01544_ref_64.npy,data/hcr_train\triplets\01544_ref_128.npy,data/hcr_train\triplets\01544_pos_64.npy,data/hcr_train\triplets\01544_pos_128.npy,data/hcr_train\triplets\01544_neg_64.npy,data/hcr_train\triplets\01544_neg_128.npy,0.8864,0.4935,0.22,14.8,262.1,277.2
1545,362,Hard,finfet_10nm,data/hcr_train\triplets\01545_ref_64.npy,data/hcr_train\triplets\01545_ref_128.npy,data/hcr_train\triplets\01545_pos_64.npy,data/hcr_train\triplets\01545_pos_128.npy,data/hcr_train\triplets\01545_neg_64.npy,data/hcr_train\triplets\01545_neg_128.npy,0.761,0.7603,2.93,53.1,428.9,838.4
1546,362,Hard,finfet_10nm,data/hcr_train\triplets\01546_ref_64.npy,data/hcr_train\triplets\01546_ref_128.npy,data/hcr_train\triplets\01546_pos_64.npy,data/hcr_train\triplets\01546_pos_128.npy,data/hcr_train\triplets\01546_neg_64.npy,data/hcr_train\triplets\01546_neg_128.npy,0.761,0.7567,2.93,25.1,428.9,838.4
1547,362,Hard,finfet_10nm,data/hcr_train\triplets\01547_ref_64.npy,data/hcr_train\triplets\01547_ref_128.npy,data/hcr_train\triplets\01547_pos_64.npy,data/hcr_train\triplets\01547_pos_128.npy,data/hcr_train\triplets\01547_neg_64.npy,data/hcr_train\triplets\01547_neg_128.npy,0.761,0.7543,2.93,86.9,428.9,838.4
1548,362,Hard,finfet_10nm,data/hcr_train\triplets\01548_ref_64.npy,data/hcr_train\triplets\01548_ref_128.npy,data/hcr_train\triplets\01548_pos_64.npy,data/hcr_train\triplets\01548_pos_128.npy,data/hcr_train\triplets\01548_neg_64.npy,data/hcr_train\triplets\01548_neg_128.npy,0.761,0.7528,2.93,58.9,428.9,838.4
1549,362,Hard,finfet_10nm,data/hcr_train\triplets\01549_ref_64.npy,data/hcr_train\triplets\01549_ref_128.npy,data/hcr_train\triplets\01549_pos_64.npy,data/hcr_train\triplets\01549_pos_128.npy,data/hcr_train\triplets\01549_neg_64.npy,data/hcr_train\triplets\01549_neg_128.npy,0.761,0.7447,2.93,30.9,428.9,838.4
1550,364,Easy,dram_1x,data/hcr_train\triplets\01550_ref_64.npy,data/hcr_train\triplets\01550_ref_128.npy,data/hcr_train\triplets\01550_pos_64.npy,data/hcr_train\triplets\01550_pos_128.npy,data/hcr_train\triplets\01550_neg_64.npy,data/hcr_train\triplets\01550_neg_128.npy,0.9226,0.5032,0.76,12.72,272.7,864.7
1551,364,Easy,dram_1x,data/hcr_train\triplets\01551_ref_64.npy,data/hcr_train\triplets\01551_ref_128.npy,data/hcr_train\triplets\01551_pos_64.npy,data/hcr_train\triplets\01551_pos_128.npy,data/hcr_train\triplets\01551_neg_64.npy,data/hcr_train\triplets\01551_neg_128.npy,0.9226,0.4807,0.76,593.32,272.7,864.7
1552,364,Easy,dram_1x,data/hcr_train\triplets\01552_ref_64.npy,data/hcr_train\triplets\01552_ref_128.npy,data/hcr_train\triplets\01552_pos_64.npy,data/hcr_train\triplets\01552_pos_128.npy,data/hcr_train\triplets\01552_neg_64.npy,data/hcr_train\triplets\01552_neg_128.npy,0.9226,0.4611,0.76,14.32,272.7,864.7
1553,364,Easy,dram_1x,data/hcr_train\triplets\01553_ref_64.npy,data/hcr_train\triplets\01553_ref_128.npy,data/hcr_train\triplets\01553_pos_64.npy,data/hcr_train\triplets\01553_pos_128.npy,data/hcr_train\triplets\01553_neg_64.npy,data/hcr_train\triplets\01553_neg_128.npy,0.9226,0.4604,0.76,108.7,272.7,864.7
1554,364,Easy,dram_1x,data/hcr_train\triplets\01554_ref_64.npy,data/hcr_train\triplets\01554_ref_128.npy,data/hcr_train\triplets\01554_pos_64.npy,data/hcr_train\triplets\01554_pos_128.npy,data/hcr_train\triplets\01554_neg_64.npy,data/hcr_train\triplets\01554_neg_128.npy,0.9226,0.4583,0.76,58.3,272.7,864.7
1555,365,Medium,dram_dense,data/hcr_train\triplets\01555_ref_64.npy,data/hcr_train\triplets\01555_ref_128.npy,data/hcr_train\triplets\01555_pos_64.npy,data/hcr_train\triplets\01555_pos_128.npy,data/hcr_train\triplets\01555_neg_64.npy,data/hcr_train\triplets\01555_neg_128.npy,0.8471,0.8295,1.0,135.0,188.0,640.9
1556,365,Medium,dram_dense,data/hcr_train\triplets\01556_ref_64.npy,data/hcr_train\triplets\01556_ref_128.npy,data/hcr_train\triplets\01556_pos_64.npy,data/hcr_train\triplets\01556_pos_128.npy,data/hcr_train\triplets\01556_neg_64.npy,data/hcr_train\triplets\01556_neg_128.npy,0.8471,0.8264,1.0,39.0,188.0,640.9
1557,365,Medium,dram_dense,data/hcr_train\triplets\01557_ref_64.npy,data/hcr_train\triplets\01557_ref_128.npy,data/hcr_train\triplets\01557_pos_64.npy,data/hcr_train\triplets\01557_pos_128.npy,data/hcr_train\triplets\01557_neg_64.npy,data/hcr_train\triplets\01557_neg_128.npy,0.8471,0.8237,1.0,20.0,188.0,640.9
1558,365,Medium,dram_dense,data/hcr_train\triplets\01558_ref_64.npy,data/hcr_train\triplets\01558_ref_128.npy,data/hcr_train\triplets\01558_pos_64.npy,data/hcr_train\triplets\01558_pos_128.npy,data/hcr_train\triplets\01558_neg_64.npy,data/hcr_train\triplets\01558_neg_128.npy,0.8471,0.8213,1.0,18.0,188.0,640.9
1559,365,Medium,dram_dense,data/hcr_train\triplets\01559_ref_64.npy,data/hcr_train\triplets\01559_ref_128.npy,data/hcr_train\triplets\01559_pos_64.npy,data/hcr_train\triplets\01559_pos_128.npy,data/hcr_train\triplets\01559_neg_64.npy,data/hcr_train\triplets\01559_neg_128.npy,0.8471,0.8204,1.0,51.11,188.0,640.9
1560,366,Hard,finfet_10nm,data/hcr_train\triplets\01560_ref_64.npy,data/hcr_train\triplets\01560_ref_128.npy,data/hcr_train\triplets\01560_pos_64.npy,data/hcr_train\triplets\01560_pos_128.npy,data/hcr_train\triplets\01560_neg_64.npy,data/hcr_train\triplets\01560_neg_128.npy,0.7322,0.7211,1.12,36.51,590.0,350.5
1561,366,Hard,finfet_10nm,data/hcr_train\triplets\01561_ref_64.npy,data/hcr_train\triplets\01561_ref_128.npy,data/hcr_train\triplets\01561_pos_64.npy,data/hcr_train\triplets\01561_pos_128.npy,data/hcr_train\triplets\01561_neg_64.npy,data/hcr_train\triplets\01561_neg_128.npy,0.7322,0.6988,1.12,72.51,590.0,350.5
1562,366,Hard,finfet_10nm,data/hcr_train\triplets\01562_ref_64.npy,data/hcr_train\triplets\01562_ref_128.npy,data/hcr_train\triplets\01562_pos_64.npy,data/hcr_train\triplets\01562_pos_128.npy,data/hcr_train\triplets\01562_neg_64.npy,data/hcr_train\triplets\01562_neg_128.npy,0.7322,0.6962,1.12,144.5,590.0,350.5
1563,366,Hard,finfet_10nm,data/hcr_train\triplets\01563_ref_64.npy,data/hcr_train\triplets\01563_ref_128.npy,data/hcr_train\triplets\01563_pos_64.npy,data/hcr_train\triplets\01563_pos_128.npy,data/hcr_train\triplets\01563_neg_64.npy,data/hcr_train\triplets\01563_neg_128.npy,0.7322,0.6909,1.12,108.5,590.0,350.5
1564,366,Hard,finfet_10nm,data/hcr_train\triplets\01564_ref_64.npy,data/hcr_train\triplets\01564_ref_128.npy,data/hcr_train\triplets\01564_pos_64.npy,data/hcr_train\triplets\01564_pos_128.npy,data/hcr_train\triplets\01564_neg_64.npy,data/hcr_train\triplets\01564_neg_128.npy,0.7322,0.636,1.12,360.5,590.0,350.5
1565,367,Adversarial,finfet_7nm,data/hcr_train\triplets\01565_ref_64.npy,data/hcr_train\triplets\01565_ref_128.npy,data/hcr_train\triplets\01565_pos_64.npy,data/hcr_train\triplets\01565_pos_128.npy,data/hcr_train\triplets\01565_neg_64.npy,data/hcr_train\triplets\01565_neg_128.npy,0.3454,0.2644,3.41,414.48,588.4,551.3
1566,367,Adversarial,finfet_7nm,data/hcr_train\triplets\01566_ref_64.npy,data/hcr_train\triplets\01566_ref_128.npy,data/hcr_train\triplets\01566_pos_64.npy,data/hcr_train\triplets\01566_pos_128.npy,data/hcr_train\triplets\01566_neg_64.npy,data/hcr_train\triplets\01566_neg_128.npy,0.3454,0.2353,3.41,67.6,588.4,551.3
1567,367,Adversarial,finfet_7nm,data/hcr_train\triplets\01567_ref_64.npy,data/hcr_train\triplets\01567_ref_128.npy,data/hcr_train\triplets\01567_pos_64.npy,data/hcr_train\triplets\01567_pos_128.npy,data/hcr_train\triplets\01567_neg_64.npy,data/hcr_train\triplets\01567_neg_128.npy,0.3454,0.2351,3.41,11.6,588.4,551.3
1568,367,Adversarial,finfet_7nm,data/hcr_train\triplets\01568_ref_64.npy,data/hcr_train\triplets\01568_ref_128.npy,data/hcr_train\triplets\01568_pos_64.npy,data/hcr_train\triplets\01568_pos_128.npy,data/hcr_train\triplets\01568_neg_64.npy,data/hcr_train\triplets\01568_neg_128.npy,0.3454,0.2341,3.41,52.6,588.4,551.3
1569,367,Adversarial,finfet_7nm,data/hcr_train\triplets\01569_ref_64.npy,data/hcr_train\triplets\01569_ref_128.npy,data/hcr_train\triplets\01569_pos_64.npy,data/hcr_train\triplets\01569_pos_128.npy,data/hcr_train\triplets\01569_neg_64.npy,data/hcr_train\triplets\01569_neg_128.npy,0.3454,0.2316,3.41,291.62,588.4,551.3
1570,368,Easy,dram_1x,data/hcr_train\triplets\01570_ref_64.npy,data/hcr_train\triplets\01570_ref_128.npy,data/hcr_train\triplets\01570_pos_64.npy,data/hcr_train\triplets\01570_pos_128.npy,data/hcr_train\triplets\01570_neg_64.npy,data/hcr_train\triplets\01570_neg_128.npy,0.9546,0.9397,0.6,43.6,697.6,879.0
1571,368,Easy,dram_1x,data/hcr_train\triplets\01571_ref_64.npy,data/hcr_train\triplets\01571_ref_128.npy,data/hcr_train\triplets\01571_pos_64.npy,data/hcr_train\triplets\01571_pos_128.npy,data/hcr_train\triplets\01571_neg_64.npy,data/hcr_train\triplets\01571_neg_128.npy,0.9546,0.9229,0.6,21.4,697.6,879.0
1572,368,Easy,dram_1x,data/hcr_train\triplets\01572_ref_64.npy,data/hcr_train\triplets\01572_ref_128.npy,data/hcr_train\triplets\01572_pos_64.npy,data/hcr_train\triplets\01572_pos_128.npy,data/hcr_train\triplets\01572_neg_64.npy,data/hcr_train\triplets\01572_neg_128.npy,0.9546,0.9198,0.6,42.4,697.6,879.0
1573,368,Easy,dram_1x,data/hcr_train\triplets\01573_ref_64.npy,data/hcr_train\triplets\01573_ref_128.npy,data/hcr_train\triplets\01573_pos_64.npy,data/hcr_train\triplets\01573_pos_128.npy,data/hcr_train\triplets\01573_neg_64.npy,data/hcr_train\triplets\01573_neg_128.npy,0.9546,0.9154,0.6,64.4,697.6,879.0
1574,368,Easy,dram_1x,data/hcr_train\triplets\01574_ref_64.npy,data/hcr_train\triplets\01574_ref_128.npy,data/hcr_train\triplets\01574_pos_64.npy,data/hcr_train\triplets\01574_pos_128.npy,data/hcr_train\triplets\01574_neg_64.npy,data/hcr_train\triplets\01574_neg_128.npy,0.9546,0.9025,0.6,85.4,697.6,879.0
1575,369,Medium,dram_dense,data/hcr_train\triplets\01575_ref_64.npy,data/hcr_train\triplets\01575_ref_128.npy,data/hcr_train\triplets\01575_pos_64.npy,data/hcr_train\triplets\01575_pos_128.npy,data/hcr_train\triplets\01575_neg_64.npy,data/hcr_train\triplets\01575_neg_128.npy,0.9065,0.8659,0.1,43.0,561.1,106.0
1576,369,Medium,dram_dense,data/hcr_train\triplets\01576_ref_64.npy,data/hcr_train\triplets\01576_ref_128.npy,data/hcr_train\triplets\01576_pos_64.npy,data/hcr_train\triplets\01576_pos_128.npy,data/hcr_train\triplets\01576_neg_64.npy,data/hcr_train\triplets\01576_neg_128.npy,0.9065,0.8563,0.1,72.0,561.1,106.0
1577,369,Medium,dram_dense,data/hcr_train\triplets\01577_ref_64.npy,data/hcr_train\triplets\01577_ref_128.npy,data/hcr_train\triplets\01577_pos_64.npy,data/hcr_train\triplets\01577_pos_128.npy,data/hcr_train\triplets\01577_neg_64.npy,data/hcr_train\triplets\01577_neg_128.npy,0.9065,0.8501,0.1,29.0,561.1,106.0
1578,369,Medium,dram_dense,data/hcr_train\triplets\01578_ref_64.npy,data/hcr_train\triplets\01578_ref_128.npy,data/hcr_train\triplets\01578_pos_64.npy,data/hcr_train\triplets\01578_pos_128.npy,data/hcr_train\triplets\01578_neg_64.npy,data/hcr_train\triplets\01578_neg_128.npy,0.9065,0.85,0.1,29.0,561.1,106.0
1579,369,Medium,dram_dense,data/hcr_train\triplets\01579_ref_64.npy,data/hcr_train\triplets\01579_ref_128.npy,data/hcr_train\triplets\01579_pos_64.npy,data/hcr_train\triplets\01579_pos_128.npy,data/hcr_train\triplets\01579_neg_64.npy,data/hcr_train\triplets\01579_neg_128.npy,0.9065,0.8477,0.1,14.0,561.1,106.0
1580,370,Hard,finfet_10nm,data/hcr_train\triplets\01580_ref_64.npy,data/hcr_train\triplets\01580_ref_128.npy,data/hcr_train\triplets\01580_pos_64.npy,data/hcr_train\triplets\01580_pos_128.npy,data/hcr_train\triplets\01580_neg_64.npy,data/hcr_train\triplets\01580_neg_128.npy,0.7405,0.733,0.91,16.9,165.9,232.9
1581,370,Hard,finfet_10nm,data/hcr_train\triplets\01581_ref_64.npy,data/hcr_train\triplets\01581_ref_128.npy,data/hcr_train\triplets\01581_pos_64.npy,data/hcr_train\triplets\01581_pos_128.npy,data/hcr_train\triplets\01581_neg_64.npy,data/hcr_train\triplets\01581_neg_128.npy,0.7405,0.7326,0.91,15.1,165.9,232.9
1582,370,Hard,finfet_10nm,data/hcr_train\triplets\01582_ref_64.npy,data/hcr_train\triplets\01582_ref_128.npy,data/hcr_train\triplets\01582_pos_64.npy,data/hcr_train\triplets\01582_pos_128.npy,data/hcr_train\triplets\01582_neg_64.npy,data/hcr_train\triplets\01582_neg_128.npy,0.7405,0.7278,0.91,32.9,165.9,232.9
1583,370,Hard,finfet_10nm,data/hcr_train\triplets\01583_ref_64.npy,data/hcr_train\triplets\01583_ref_128.npy,data/hcr_train\triplets\01583_pos_64.npy,data/hcr_train\triplets\01583_pos_128.npy,data/hcr_train\triplets\01583_neg_64.npy,data/hcr_train\triplets\01583_neg_128.npy,0.7405,0.7272,0.91,662.91,165.9,232.9
1584,370,Hard,finfet_10nm,data/hcr_train\triplets\01584_ref_64.npy,data/hcr_train\triplets\01584_ref_128.npy,data/hcr_train\triplets\01584_pos_64.npy,data/hcr_train\triplets\01584_pos_128.npy,data/hcr_train\triplets\01584_neg_64.npy,data/hcr_train\triplets\01584_neg_128.npy,0.7405,0.7267,0.91,31.1,165.9,232.9
1585,373,Medium,dram_dense,data/hcr_train\triplets\01585_ref_64.npy,data/hcr_train\triplets\01585_ref_128.npy,data/hcr_train\triplets\01585_pos_64.npy,data/hcr_train\triplets\01585_pos_128.npy,data/hcr_train\triplets\01585_neg_64.npy,data/hcr_train\triplets\01585_neg_128.npy,0.8654,0.8079,0.5,663.47,233.5,131.0
1586,373,Medium,dram_dense,data/hcr_train\triplets\01586_ref_64.npy,data/hcr_train\triplets\01586_ref_128.npy,data/hcr_train\triplets\01586_pos_64.npy,data/hcr_train\triplets\01586_pos_128.npy,data/hcr_train\triplets\01586_neg_64.npy,data/hcr_train\triplets\01586_neg_128.npy,0.8654,0.8034,0.5,67.0,233.5,131.0
1587,373,Medium,dram_dense,data/hcr_train\triplets\01587_ref_64.npy,data/hcr_train\triplets\01587_ref_128.npy,data/hcr_train\triplets\01587_pos_64.npy,data/hcr_train\triplets\01587_pos_128.npy,data/hcr_train\triplets\01587_neg_64.npy,data/hcr_train\triplets\01587_neg_128.npy,0.8654,0.7966,0.5,19.01,233.5,131.0
1588,373,Medium,dram_dense,data/hcr_train\triplets\01588_ref_64.npy,data/hcr_train\triplets\01588_ref_128.npy,data/hcr_train\triplets\01588_pos_64.npy,data/hcr_train\triplets\01588_pos_128.npy,data/hcr_train\triplets\01588_neg_64.npy,data/hcr_train\triplets\01588_neg_128.npy,0.8654,0.7931,0.5,19.01,233.5,131.0
1589,373,Medium,dram_dense,data/hcr_train\triplets\01589_ref_64.npy,data/hcr_train\triplets\01589_ref_128.npy,data/hcr_train\triplets\01589_pos_64.npy,data/hcr_train\triplets\01589_pos_128.npy,data/hcr_train\triplets\01589_neg_64.npy,data/hcr_train\triplets\01589_neg_128.npy,0.8654,0.7922,0.5,48.0,233.5,131.0
1590,374,Hard,finfet_10nm,data/hcr_train\triplets\01590_ref_64.npy,data/hcr_train\triplets\01590_ref_128.npy,data/hcr_train\triplets\01590_pos_64.npy,data/hcr_train\triplets\01590_pos_128.npy,data/hcr_train\triplets\01590_neg_64.npy,data/hcr_train\triplets\01590_neg_128.npy,0.7564,0.631,0.57,27.6,898.4,311.4
1591,374,Hard,finfet_10nm,data/hcr_train\triplets\01591_ref_64.npy,data/hcr_train\triplets\01591_ref_128.npy,data/hcr_train\triplets\01591_pos_64.npy,data/hcr_train\triplets\01591_pos_128.npy,data/hcr_train\triplets\01591_neg_64.npy,data/hcr_train\triplets\01591_neg_128.npy,0.7564,0.6039,0.57,52.62,898.4,311.4
1592,374,Hard,finfet_10nm,data/hcr_train\triplets\01592_ref_64.npy,data/hcr_train\triplets\01592_ref_128.npy,data/hcr_train\triplets\01592_pos_64.npy,data/hcr_train\triplets\01592_pos_128.npy,data/hcr_train\triplets\01592_neg_64.npy,data/hcr_train\triplets\01592_neg_128.npy,0.7564,0.598,0.57,992.86,898.4,311.4
1593,374,Hard,finfet_10nm,data/hcr_train\triplets\01593_ref_64.npy,data/hcr_train\triplets\01593_ref_128.npy,data/hcr_train\triplets\01593_pos_64.npy,data/hcr_train\triplets\01593_pos_128.npy,data/hcr_train\triplets\01593_neg_64.npy,data/hcr_train\triplets\01593_neg_128.npy,0.7564,0.5957,0.57,104.61,898.4,311.4
1594,374,Hard,finfet_10nm,data/hcr_train\triplets\01594_ref_64.npy,data/hcr_train\triplets\01594_ref_128.npy,data/hcr_train\triplets\01594_pos_64.npy,data/hcr_train\triplets\01594_pos_128.npy,data/hcr_train\triplets\01594_neg_64.npy,data/hcr_train\triplets\01594_neg_128.npy,0.7564,0.5953,0.57,1015.7,898.4,311.4
1595,375,Adversarial,finfet_7nm,data/hcr_train\triplets\01595_ref_64.npy,data/hcr_train\triplets\01595_ref_128.npy,data/hcr_train\triplets\01595_pos_64.npy,data/hcr_train\triplets\01595_pos_128.npy,data/hcr_train\triplets\01595_neg_64.npy,data/hcr_train\triplets\01595_neg_128.npy,0.293,0.288,4.2,589.2,224.2,921.2
1596,375,Adversarial,finfet_7nm,data/hcr_train\triplets\01596_ref_64.npy,data/hcr_train\triplets\01596_ref_128.npy,data/hcr_train\triplets\01596_pos_64.npy,data/hcr_train\triplets\01596_pos_128.npy,data/hcr_train\triplets\01596_neg_64.npy,data/hcr_train\triplets\01596_neg_128.npy,0.293,0.2667,4.2,452.21,224.2,921.2
1597,375,Adversarial,finfet_7nm,data/hcr_train\triplets\01597_ref_64.npy,data/hcr_train\triplets\01597_ref_128.npy,data/hcr_train\triplets\01597_pos_64.npy,data/hcr_train\triplets\01597_pos_128.npy,data/hcr_train\triplets\01597_neg_64.npy,data/hcr_train\triplets\01597_neg_128.npy,0.293,0.2537,4.2,22.8,224.2,921.2
1598,375,Adversarial,finfet_7nm,data/hcr_train\triplets\01598_ref_64.npy,data/hcr_train\triplets\01598_ref_128.npy,data/hcr_train\triplets\01598_pos_64.npy,data/hcr_train\triplets\01598_pos_128.npy,data/hcr_train\triplets\01598_neg_64.npy,data/hcr_train\triplets\01598_neg_128.npy,0.293,0.2522,4.2,528.2,224.2,921.2
1599,375,Adversarial,finfet_7nm,data/hcr_train\triplets\01599_ref_64.npy,data/hcr_train\triplets\01599_ref_128.npy,data/hcr_train\triplets\01599_pos_64.npy,data/hcr_train\triplets\01599_pos_128.npy,data/hcr_train\triplets\01599_neg_64.npy,data/hcr_train\triplets\01599_neg_128.npy,0.293,0.2507,4.2,429.2,224.2,921.2
1600,376,Easy,dram_1x,data/hcr_train\triplets\01600_ref_64.npy,data/hcr_train\triplets\01600_ref_128.npy,data/hcr_train\triplets\01600_pos_64.npy,data/hcr_train\triplets\01600_pos_128.npy,data/hcr_train\triplets\01600_neg_64.npy,data/hcr_train\triplets\01600_neg_128.npy,0.9212,0.9147,0.28,64.8,649.2,59.2
1601,376,Easy,dram_1x,data/hcr_train\triplets\01601_ref_64.npy,data/hcr_train\triplets\01601_ref_128.npy,data/hcr_train\triplets\01601_pos_64.npy,data/hcr_train\triplets\01601_pos_128.npy,data/hcr_train\triplets\01601_neg_64.npy,data/hcr_train\triplets\01601_neg_128.npy,0.9212,0.9044,0.28,94.42,649.2,59.2
1602,376,Easy,dram_1x,data/hcr_train\triplets\01602_ref_64.npy,data/hcr_train\triplets\01602_ref_128.npy,data/hcr_train\triplets\01602_pos_64.npy,data/hcr_train\triplets\01602_pos_128.npy,data/hcr_train\triplets\01602_neg_64.npy,data/hcr_train\triplets\01602_neg_128.npy,0.9212,0.9013,0.28,108.13,649.2,59.2
1603,376,Easy,dram_1x,data/hcr_train\triplets\01603_ref_64.npy,data/hcr_train\triplets\01603_ref_128.npy,data/hcr_train\triplets\01603_pos_64.npy,data/hcr_train\triplets\01603_pos_128.npy,data/hcr_train\triplets\01603_neg_64.npy,data/hcr_train\triplets\01603_neg_128.npy,0.9212,0.8953,0.28,119.02,649.2,59.2
1604,376,Easy,dram_1x,data/hcr_train\triplets\01604_ref_64.npy,data/hcr_train\triplets\01604_ref_128.npy,data/hcr_train\triplets\01604_pos_64.npy,data/hcr_train\triplets\01604_pos_128.npy,data/hcr_train\triplets\01604_neg_64.npy,data/hcr_train\triplets\01604_neg_128.npy,0.9212,0.8946,0.28,21.8,649.2,59.2
1605,377,Medium,dram_dense,data/hcr_train\triplets\01605_ref_64.npy,data/hcr_train\triplets\01605_ref_128.npy,data/hcr_train\triplets\01605_pos_64.npy,data/hcr_train\triplets\01605_pos_128.npy,data/hcr_train\triplets\01605_neg_64.npy,data/hcr_train\triplets\01605_neg_128.npy,0.8786,0.8657,0.71,57.3,422.7,272.9
1606,377,Medium,dram_dense,data/hcr_train\triplets\01606_ref_64.npy,data/hcr_train\triplets\01606_ref_128.npy,data/hcr_train\triplets\01606_pos_64.npy,data/hcr_train\triplets\01606_pos_128.npy,data/hcr_train\triplets\01606_neg_64.npy,data/hcr_train\triplets\01606_neg_128.npy,0.8786,0.863,0.71,28.3,422.7,272.9
1607,377,Medium,dram_dense,data/hcr_train\triplets\01607_ref_64.npy,data/hcr_train\triplets\01607_ref_128.npy,data/hcr_train\triplets\01607_pos_64.npy,data/hcr_train\triplets\01607_pos_128.npy,data/hcr_train\triplets\01607_neg_64.npy,data/hcr_train\triplets\01607_neg_128.npy,0.8786,0.8592,0.71,57.7,422.7,272.9
1608,377,Medium,dram_dense,data/hcr_train\triplets\01608_ref_64.npy,data/hcr_train\triplets\01608_ref_128.npy,data/hcr_train\triplets\01608_pos_64.npy,data/hcr_train\triplets\01608_pos_128.npy,data/hcr_train\triplets\01608_neg_64.npy,data/hcr_train\triplets\01608_neg_128.npy,0.8786,0.847,0.71,71.3,422.7,272.9
1609,377,Medium,dram_dense,data/hcr_train\triplets\01609_ref_64.npy,data/hcr_train\triplets\01609_ref_128.npy,data/hcr_train\triplets\01609_pos_64.npy,data/hcr_train\triplets\01609_pos_128.npy,data/hcr_train\triplets\01609_neg_64.npy,data/hcr_train\triplets\01609_neg_128.npy,0.8786,0.8408,0.71,14.7,422.7,272.9
1610,379,Adversarial,finfet_7nm,data/hcr_train\triplets\01610_ref_64.npy,data/hcr_train\triplets\01610_ref_128.npy,data/hcr_train\triplets\01610_pos_64.npy,data/hcr_train\triplets\01610_pos_128.npy,data/hcr_train\triplets\01610_neg_64.npy,data/hcr_train\triplets\01610_neg_128.npy,0.4048,0.3592,2.52,30.5,940.5,578.7
1611,379,Adversarial,finfet_7nm,data/hcr_train\triplets\01611_ref_64.npy,data/hcr_train\triplets\01611_ref_128.npy,data/hcr_train\triplets\01611_pos_64.npy,data/hcr_train\triplets\01611_pos_128.npy,data/hcr_train\triplets\01611_neg_64.npy,data/hcr_train\triplets\01611_neg_128.npy,0.4048,0.3463,2.52,16.5,940.5,578.7
1612,379,Adversarial,finfet_7nm,data/hcr_train\triplets\01612_ref_64.npy,data/hcr_train\triplets\01612_ref_128.npy,data/hcr_train\triplets\01612_pos_64.npy,data/hcr_train\triplets\01612_pos_128.npy,data/hcr_train\triplets\01612_neg_64.npy,data/hcr_train\triplets\01612_neg_128.npy,0.4048,0.3271,2.52,851.51,940.5,578.7
1613,379,Adversarial,finfet_7nm,data/hcr_train\triplets\01613_ref_64.npy,data/hcr_train\triplets\01613_ref_128.npy,data/hcr_train\triplets\01613_pos_64.npy,data/hcr_train\triplets\01613_pos_128.npy,data/hcr_train\triplets\01613_neg_64.npy,data/hcr_train\triplets\01613_neg_128.npy,0.4048,0.3214,2.52,803.51,940.5,578.7
1614,379,Adversarial,finfet_7nm,data/hcr_train\triplets\01614_ref_64.npy,data/hcr_train\triplets\01614_ref_128.npy,data/hcr_train\triplets\01614_pos_64.npy,data/hcr_train\triplets\01614_pos_128.npy,data/hcr_train\triplets\01614_neg_64.npy,data/hcr_train\triplets\01614_neg_128.npy,0.4048,0.3203,2.52,880.51,940.5,578.7
1615,382,Hard,finfet_10nm,data/hcr_train\triplets\01615_ref_64.npy,data/hcr_train\triplets\01615_ref_128.npy,data/hcr_train\triplets\01615_pos_64.npy,data/hcr_train\triplets\01615_pos_128.npy,data/hcr_train\triplets\01615_neg_64.npy,data/hcr_train\triplets\01615_neg_128.npy,0.6044,0.6012,1.53,82.5,123.5,507.7
1616,382,Hard,finfet_10nm,data/hcr_train\triplets\01616_ref_64.npy,data/hcr_train\triplets\01616_ref_128.npy,data/hcr_train\triplets\01616_pos_64.npy,data/hcr_train\triplets\01616_pos_128.npy,data/hcr_train\triplets\01616_neg_64.npy,data/hcr_train\triplets\01616_neg_128.npy,0.6044,0.5977,1.53,22.5,123.5,507.7
1617,382,Hard,finfet_10nm,data/hcr_train\triplets\01617_ref_64.npy,data/hcr_train\triplets\01617_ref_128.npy,data/hcr_train\triplets\01617_pos_64.npy,data/hcr_train\triplets\01617_pos_128.npy,data/hcr_train\triplets\01617_neg_64.npy,data/hcr_train\triplets\01617_neg_128.npy,0.6044,0.5959,1.53,46.5,123.5,507.7
1618,382,Hard,finfet_10nm,data/hcr_train\triplets\01618_ref_64.npy,data/hcr_train\triplets\01618_ref_128.npy,data/hcr_train\triplets\01618_pos_64.npy,data/hcr_train\triplets\01618_pos_128.npy,data/hcr_train\triplets\01618_neg_64.npy,data/hcr_train\triplets\01618_neg_128.npy,0.6044,0.59,1.53,73.5,123.5,507.7
1619,382,Hard,finfet_10nm,data/hcr_train\triplets\01619_ref_64.npy,data/hcr_train\triplets\01619_ref_128.npy,data/hcr_train\triplets\01619_pos_64.npy,data/hcr_train\triplets\01619_pos_128.npy,data/hcr_train\triplets\01619_neg_64.npy,data/hcr_train\triplets\01619_neg_128.npy,0.6044,0.5888,1.53,25.5,123.5,507.7
1620,383,Adversarial,finfet_7nm,data/hcr_train\triplets\01620_ref_64.npy,data/hcr_train\triplets\01620_ref_128.npy,data/hcr_train\triplets\01620_pos_64.npy,data/hcr_train\triplets\01620_pos_128.npy,data/hcr_train\triplets\01620_neg_64.npy,data/hcr_train\triplets\01620_neg_128.npy,0.4677,0.3844,3.6,108.4,308.6,562.1
1621,383,Adversarial,finfet_7nm,data/hcr_train\triplets\01621_ref_64.npy,data/hcr_train\triplets\01621_ref_128.npy,data/hcr_train\triplets\01621_pos_64.npy,data/hcr_train\triplets\01621_pos_128.npy,data/hcr_train\triplets\01621_neg_64.npy,data/hcr_train\triplets\01621_neg_128.npy,0.4677,0.3635,3.6,164.4,308.6,562.1
1622,383,Adversarial,finfet_7nm,data/hcr_train\triplets\01622_ref_64.npy,data/hcr_train\triplets\01622_ref_128.npy,data/hcr_train\triplets\01622_pos_64.npy,data/hcr_train\triplets\01622_pos_128.npy,data/hcr_train\triplets\01622_neg_64.npy,data/hcr_train\triplets\01622_neg_128.npy,0.4677,0.3632,3.6,11.4,308.6,562.1
1623,383,Adversarial,finfet_7nm,data/hcr_train\triplets\01623_ref_64.npy,data/hcr_train\triplets\01623_ref_128.npy,data/hcr_train\triplets\01623_pos_64.npy,data/hcr_train\triplets\01623_pos_128.npy,data/hcr_train\triplets\01623_neg_64.npy,data/hcr_train\triplets\01623_neg_128.npy,0.4677,0.361,3.6,52.4,308.6,562.1
1624,383,Adversarial,finfet_7nm,data/hcr_train\triplets\01624_ref_64.npy,data/hcr_train\triplets\01624_ref_128.npy,data/hcr_train\triplets\01624_pos_64.npy,data/hcr_train\triplets\01624_pos_128.npy,data/hcr_train\triplets\01624_neg_64.npy,data/hcr_train\triplets\01624_neg_128.npy,0.4677,0.3515,3.6,24.4,308.6,562.1
1625,384,Easy,dram_1x,data/hcr_train\triplets\01625_ref_64.npy,data/hcr_train\triplets\01625_ref_128.npy,data/hcr_train\triplets\01625_pos_64.npy,data/hcr_train\triplets\01625_pos_128.npy,data/hcr_train\triplets\01625_neg_64.npy,data/hcr_train\triplets\01625_neg_128.npy,0.9602,0.8367,0.4,19.0,296.4,936.0
1626,384,Easy,dram_1x,data/hcr_train\triplets\01626_ref_64.npy,data/hcr_train\triplets\01626_ref_128.npy,data/hcr_train\triplets\01626_pos_64.npy,data/hcr_train\triplets\01626_pos_128.npy,data/hcr_train\triplets\01626_neg_64.npy,data/hcr_train\triplets\01626_neg_128.npy,0.9602,0.7334,0.4,1006.04,296.4,936.0
1627,384,Easy,dram_1x,data/hcr_train\triplets\01627_ref_64.npy,data/hcr_train\triplets\01627_ref_128.npy,data/hcr_train\triplets\01627_pos_64.npy,data/hcr_train\triplets\01627_pos_128.npy,data/hcr_train\triplets\01627_neg_64.npy,data/hcr_train\triplets\01627_neg_128.npy,0.9602,0.728,0.4,944.08,296.4,936.0
1628,384,Easy,dram_1x,data/hcr_train\triplets\01628_ref_64.npy,data/hcr_train\triplets\01628_ref_128.npy,data/hcr_train\triplets\01628_pos_64.npy,data/hcr_train\triplets\01628_pos_128.npy,data/hcr_train\triplets\01628_neg_64.npy,data/hcr_train\triplets\01628_neg_128.npy,0.9602,0.727,0.4,990.55,296.4,936.0
1629,384,Easy,dram_1x,data/hcr_train\triplets\01629_ref_64.npy,data/hcr_train\triplets\01629_ref_128.npy,data/hcr_train\triplets\01629_pos_64.npy,data/hcr_train\triplets\01629_pos_128.npy,data/hcr_train\triplets\01629_neg_64.npy,data/hcr_train\triplets\01629_neg_128.npy,0.9602,0.7231,0.4,1054.01,296.4,936.0
1630,385,Medium,dram_dense,data/hcr_train\triplets\01630_ref_64.npy,data/hcr_train\triplets\01630_ref_128.npy,data/hcr_train\triplets\01630_pos_64.npy,data/hcr_train\triplets\01630_pos_128.npy,data/hcr_train\triplets\01630_neg_64.npy,data/hcr_train\triplets\01630_neg_128.npy,0.8647,0.6859,1.3,116.2,820.2,846.5
1631,385,Medium,dram_dense,data/hcr_train\triplets\01631_ref_64.npy,data/hcr_train\triplets\01631_ref_128.npy,data/hcr_train\triplets\01631_pos_64.npy,data/hcr_train\triplets\01631_pos_128.npy,data/hcr_train\triplets\01631_neg_64.npy,data/hcr_train\triplets\01631_neg_128.npy,0.8647,0.6732,1.3,58.2,820.2,846.5
1632,385,Medium,dram_dense,data/hcr_train\triplets\01632_ref_64.npy,data/hcr_train\triplets\01632_ref_128.npy,data/hcr_train\triplets\01632_pos_64.npy,data/hcr_train\triplets\01632_pos_128.npy,data/hcr_train\triplets\01632_neg_64.npy,data/hcr_train\triplets\01632_neg_128.npy,0.8647,0.6728,1.3,174.2,820.2,846.5
1633,385,Medium,dram_dense,data/hcr_train\triplets\01633_ref_64.npy,data/hcr_train\triplets\01633_ref_128.npy,data/hcr_train\triplets\01633_pos_64.npy,data/hcr_train\triplets\01633_pos_128.npy,data/hcr_train\triplets\01633_neg_64.npy,data/hcr_train\triplets\01633_neg_128.npy,0.8647,0.6677,1.3,87.2,820.2,846.5
1634,385,Medium,dram_dense,data/hcr_train\triplets\01634_ref_64.npy,data/hcr_train\triplets\01634_ref_128.npy,data/hcr_train\triplets\01634_pos_64.npy,data/hcr_train\triplets\01634_pos_128.npy,data/hcr_train\triplets\01634_neg_64.npy,data/hcr_train\triplets\01634_neg_128.npy,0.8647,0.6664,1.3,580.51,820.2,846.5
1635,386,Hard,finfet_10nm,data/hcr_train\triplets\01635_ref_64.npy,data/hcr_train\triplets\01635_ref_128.npy,data/hcr_train\triplets\01635_pos_64.npy,data/hcr_train\triplets\01635_pos_128.npy,data/hcr_train\triplets\01635_neg_64.npy,data/hcr_train\triplets\01635_neg_128.npy,0.7558,0.6802,0.1,52.0,885.9,123.0
1636,386,Hard,finfet_10nm,data/hcr_train\triplets\01636_ref_64.npy,data/hcr_train\triplets\01636_ref_128.npy,data/hcr_train\triplets\01636_pos_64.npy,data/hcr_train\triplets\01636_pos_128.npy,data/hcr_train\triplets\01636_neg_64.npy,data/hcr_train\triplets\01636_neg_128.npy,0.7558,0.6612,0.1,52.0,885.9,123.0
1637,386,Hard,finfet_10nm,data/hcr_train\triplets\01637_ref_64.npy,data/hcr_train\triplets\01637_ref_128.npy,data/hcr_train\triplets\01637_pos_64.npy,data/hcr_train\triplets\01637_pos_128.npy,data/hcr_train\triplets\01637_neg_64.npy,data/hcr_train\triplets\01637_neg_128.npy,0.7558,0.6227,0.1,104.0,885.9,123.0
1638,386,Hard,finfet_10nm,data/hcr_train\triplets\01638_ref_64.npy,data/hcr_train\triplets\01638_ref_128.npy,data/hcr_train\triplets\01638_pos_64.npy,data/hcr_train\triplets\01638_pos_128.npy,data/hcr_train\triplets\01638_neg_64.npy,data/hcr_train\triplets\01638_neg_128.npy,0.7558,0.5864,0.1,29.58,885.9,123.0
1639,386,Hard,finfet_10nm,data/hcr_train\triplets\01639_ref_64.npy,data/hcr_train\triplets\01639_ref_128.npy,data/hcr_train\triplets\01639_pos_64.npy,data/hcr_train\triplets\01639_pos_128.npy,data/hcr_train\triplets\01639_neg_64.npy,data/hcr_train\triplets\01639_neg_128.npy,0.7558,0.573,0.1,79.26,885.9,123.0
1640,387,Adversarial,finfet_7nm,data/hcr_train\triplets\01640_ref_64.npy,data/hcr_train\triplets\01640_ref_128.npy,data/hcr_train\triplets\01640_pos_64.npy,data/hcr_train\triplets\01640_pos_128.npy,data/hcr_train\triplets\01640_neg_64.npy,data/hcr_train\triplets\01640_neg_128.npy,0.3199,0.2807,4.5,18.36,877.5,929.2
1641,387,Adversarial,finfet_7nm,data/hcr_train\triplets\01641_ref_64.npy,data/hcr_train\triplets\01641_ref_128.npy,data/hcr_train\triplets\01641_pos_64.npy,data/hcr_train\triplets\01641_pos_128.npy,data/hcr_train\triplets\01641_neg_64.npy,data/hcr_train\triplets\01641_neg_128.npy,0.3199,0.2446,4.5,18.53,877.5,929.2
1642,387,Adversarial,finfet_7nm,data/hcr_train\triplets\01642_ref_64.npy,data/hcr_train\triplets\01642_ref_128.npy,data/hcr_train\triplets\01642_pos_64.npy,data/hcr_train\triplets\01642_pos_128.npy,data/hcr_train\triplets\01642_neg_64.npy,data/hcr_train\triplets\01642_neg_128.npy,0.3199,0.2275,4.5,12.95,877.5,929.2
1643,387,Adversarial,finfet_7nm,data/hcr_train\triplets\01643_ref_64.npy,data/hcr_train\triplets\01643_ref_128.npy,data/hcr_train\triplets\01643_pos_64.npy,data/hcr_train\triplets\01643_pos_128.npy,data/hcr_train\triplets\01643_neg_64.npy,data/hcr_train\triplets\01643_neg_128.npy,0.3199,0.2213,4.5,1004.62,877.5,929.2
1644,387,Adversarial,finfet_7nm,data/hcr_train\triplets\01644_ref_64.npy,data/hcr_train\triplets\01644_ref_128.npy,data/hcr_train\triplets\01644_pos_64.npy,data/hcr_train\triplets\01644_pos_128.npy,data/hcr_train\triplets\01644_neg_64.npy,data/hcr_train\triplets\01644_neg_128.npy,0.3199,0.2098,4.5,329.31,877.5,929.2
1645,388,Easy,dram_1x,data/hcr_train\triplets\01645_ref_64.npy,data/hcr_train\triplets\01645_ref_128.npy,data/hcr_train\triplets\01645_pos_64.npy,data/hcr_train\triplets\01645_pos_128.npy,data/hcr_train\triplets\01645_neg_64.npy,data/hcr_train\triplets\01645_neg_128.npy,0.8797,0.8371,0.5,56.7,703.3,296.6
1646,388,Easy,dram_1x,data/hcr_train\triplets\01646_ref_64.npy,data/hcr_train\triplets\01646_ref_128.npy,data/hcr_train\triplets\01646_pos_64.npy,data/hcr_train\triplets\01646_pos_128.npy,data/hcr_train\triplets\01646_neg_64.npy,data/hcr_train\triplets\01646_neg_128.npy,0.8797,0.8309,0.5,57.3,703.3,296.6
1647,388,Easy,dram_1x,data/hcr_train\triplets\01647_ref_64.npy,data/hcr_train\triplets\01647_ref_128.npy,data/hcr_train\triplets\01647_pos_64.npy,data/hcr_train\triplets\01647_pos_128.npy,data/hcr_train\triplets\01647_neg_64.npy,data/hcr_train\triplets\01647_neg_128.npy,0.8797,0.8201,0.5,28.7,703.3,296.6
1648,388,Easy,dram_1x,data/hcr_train\triplets\01648_ref_64.npy,data/hcr_train\triplets\01648_ref_128.npy,data/hcr_train\triplets\01648_pos_64.npy,data/hcr_train\triplets\01648_pos_128.npy,data/hcr_train\triplets\01648_neg_64.npy,data/hcr_train\triplets\01648_neg_128.npy,0.8797,0.8133,0.5,85.7,703.3,296.6
1649,388,Easy,dram_1x,data/hcr_train\triplets\01649_ref_64.npy,data/hcr_train\triplets\01649_ref_128.npy,data/hcr_train\triplets\01649_pos_64.npy,data/hcr_train\triplets\01649_pos_128.npy,data/hcr_train\triplets\01649_neg_64.npy,data/hcr_train\triplets\01649_neg_128.npy,0.8797,0.8099,0.5,29.3,703.3,296.6
1650,389,Medium,dram_dense,data/hcr_train\triplets\01650_ref_64.npy,data/hcr_train\triplets\01650_ref_128.npy,data/hcr_train\triplets\01650_pos_64.npy,data/hcr_train\triplets\01650_pos_128.npy,data/hcr_train\triplets\01650_neg_64.npy,data/hcr_train\triplets\01650_neg_128.npy,0.9295,0.903,0.22,23.9,591.2,84.9
1651,389,Medium,dram_dense,data/hcr_train\triplets\01651_ref_64.npy,data/hcr_train\triplets\01651_ref_128.npy,data/hcr_train\triplets\01651_pos_64.npy,data/hcr_train\triplets\01651_pos_128.npy,data/hcr_train\triplets\01651_neg_64.npy,data/hcr_train\triplets\01651_neg_128.npy,0.9295,0.8932,0.22,24.1,591.2,84.9
1652,389,Medium,dram_dense,data/hcr_train\triplets\01652_ref_64.npy,data/hcr_train\triplets\01652_ref_128.npy,data/hcr_train\triplets\01652_pos_64.npy,data/hcr_train\triplets\01652_pos_128.npy,data/hcr_train\triplets\01652_neg_64.npy,data/hcr_train\triplets\01652_neg_128.npy,0.9295,0.8818,0.22,120.1,591.2,84.9
1653,389,Medium,dram_dense,data/hcr_train\triplets\01653_ref_64.npy,data/hcr_train\triplets\01653_ref_128.npy,data/hcr_train\triplets\01653_pos_64.npy,data/hcr_train\triplets\01653_pos_128.npy,data/hcr_train\triplets\01653_neg_64.npy,data/hcr_train\triplets\01653_neg_128.npy,0.9295,0.881,0.22,48.1,591.2,84.9
1654,389,Medium,dram_dense,data/hcr_train\triplets\01654_ref_64.npy,data/hcr_train\triplets\01654_ref_128.npy,data/hcr_train\triplets\01654_pos_64.npy,data/hcr_train\triplets\01654_pos_128.npy,data/hcr_train\triplets\01654_neg_64.npy,data/hcr_train\triplets\01654_neg_128.npy,0.9295,0.8691,0.22,72.1,591.2,84.9
1655,390,Hard,finfet_10nm,data/hcr_train\triplets\01655_ref_64.npy,data/hcr_train\triplets\01655_ref_128.npy,data/hcr_train\triplets\01655_pos_64.npy,data/hcr_train\triplets\01655_pos_128.npy,data/hcr_train\triplets\01655_neg_64.npy,data/hcr_train\triplets\01655_neg_128.npy,0.7386,0.6832,1.24,20.2,933.2,293.7
1656,390,Hard,finfet_10nm,data/hcr_train\triplets\01656_ref_64.npy,data/hcr_train\triplets\01656_ref_128.npy,data/hcr_train\triplets\01656_pos_64.npy,data/hcr_train\triplets\01656_pos_128.npy,data/hcr_train\triplets\01656_neg_64.npy,data/hcr_train\triplets\01656_neg_128.npy,0.7386,0.6398,1.24,838.2,933.2,293.7
1657,390,Hard,finfet_10nm,data/hcr_train\triplets\01657_ref_64.npy,data/hcr_train\triplets\01657_ref_128.npy,data/hcr_train\triplets\01657_pos_64.npy,data/hcr_train\triplets\01657_pos_128.npy,data/hcr_train\triplets\01657_neg_64.npy,data/hcr_train\triplets\01657_neg_128.npy,0.7386,0.6385,1.24,819.2,933.2,293.7
1658,390,Hard,finfet_10nm,data/hcr_train\triplets\01658_ref_64.npy,data/hcr_train\triplets\01658_ref_128.npy,data/hcr_train\triplets\01658_pos_64.npy,data/hcr_train\triplets\01658_pos_128.npy,data/hcr_train\triplets\01658_neg_64.npy,data/hcr_train\triplets\01658_neg_128.npy,0.7386,0.6296,1.24,800.2,933.2,293.7
1659,390,Hard,finfet_10nm,data/hcr_train\triplets\01659_ref_64.npy,data/hcr_train\triplets\01659_ref_128.npy,data/hcr_train\triplets\01659_pos_64.npy,data/hcr_train\triplets\01659_pos_128.npy,data/hcr_train\triplets\01659_neg_64.npy,data/hcr_train\triplets\01659_neg_128.npy,0.7386,0.626,1.24,857.2,933.2,293.7
1660,391,Adversarial,finfet_7nm,data/hcr_train\triplets\01660_ref_64.npy,data/hcr_train\triplets\01660_ref_128.npy,data/hcr_train\triplets\01660_pos_64.npy,data/hcr_train\triplets\01660_pos_128.npy,data/hcr_train\triplets\01660_neg_64.npy,data/hcr_train\triplets\01660_neg_128.npy,0.4052,0.2614,3.31,19.3,849.3,564.7
1661,391,Adversarial,finfet_7nm,data/hcr_train\triplets\01661_ref_64.npy,data/hcr_train\triplets\01661_ref_128.npy,data/hcr_train\triplets\01661_pos_64.npy,data/hcr_train\triplets\01661_pos_128.npy,data/hcr_train\triplets\01661_neg_64.npy,data/hcr_train\triplets\01661_neg_128.npy,0.4052,0.2556,3.31,13.7,849.3,564.7
1662,391,Adversarial,finfet_7nm,data/hcr_train\triplets\01662_ref_64.npy,data/hcr_train\triplets\01662_ref_128.npy,data/hcr_train\triplets\01662_pos_64.npy,data/hcr_train\triplets\01662_pos_128.npy,data/hcr_train\triplets\01662_neg_64.npy,data/hcr_train\triplets\01662_neg_128.npy,0.4052,0.2478,3.31,194.3,849.3,564.7
1663,391,Adversarial,finfet_7nm,data/hcr_train\triplets\01663_ref_64.npy,data/hcr_train\triplets\01663_ref_128.npy,data/hcr_train\triplets\01663_pos_64.npy,data/hcr_train\triplets\01663_pos_128.npy,data/hcr_train\triplets\01663_neg_64.npy,data/hcr_train\triplets\01663_neg_128.npy,0.4052,0.2455,3.31,51.3,849.3,564.7
1664,391,Adversarial,finfet_7nm,data/hcr_train\triplets\01664_ref_64.npy,data/hcr_train\triplets\01664_ref_128.npy,data/hcr_train\triplets\01664_pos_64.npy,data/hcr_train\triplets\01664_pos_128.npy,data/hcr_train\triplets\01664_neg_64.npy,data/hcr_train\triplets\01664_neg_128.npy,0.4052,0.2411,3.31,410.61,849.3,564.7
1665,392,Easy,dram_1x,data/hcr_train\triplets\01665_ref_64.npy,data/hcr_train\triplets\01665_ref_128.npy,data/hcr_train\triplets\01665_pos_64.npy,data/hcr_train\triplets\01665_pos_128.npy,data/hcr_train\triplets\01665_neg_64.npy,data/hcr_train\triplets\01665_neg_128.npy,0.935,0.5764,0.73,143.3,585.7,576.2
1666,392,Easy,dram_1x,data/hcr_train\triplets\01666_ref_64.npy,data/hcr_train\triplets\01666_ref_128.npy,data/hcr_train\triplets\01666_pos_64.npy,data/hcr_train\triplets\01666_pos_128.npy,data/hcr_train\triplets\01666_neg_64.npy,data/hcr_train\triplets\01666_neg_128.npy,0.935,0.5331,0.73,71.3,585.7,576.2
1667,392,Easy,dram_1x,data/hcr_train\triplets\01667_ref_64.npy,data/hcr_train\triplets\01667_ref_128.npy,data/hcr_train\triplets\01667_pos_64.npy,data/hcr_train\triplets\01667_pos_128.npy,data/hcr_train\triplets\01667_neg_64.npy,data/hcr_train\triplets\01667_neg_128.npy,0.935,0.5121,0.73,191.3,585.7,576.2
1668,392,Easy,dram_1x,data/hcr_train\triplets\01668_ref_64.npy,data/hcr_train\triplets\01668_ref_128.npy,data/hcr_train\triplets\01668_pos_64.npy,data/hcr_train\triplets\01668_pos_128.npy,data/hcr_train\triplets\01668_neg_64.npy,data/hcr_train\triplets\01668_neg_128.npy,0.935,0.5114,0.73,95.8,585.7,576.2
1669,392,Easy,dram_1x,data/hcr_train\triplets\01669_ref_64.npy,data/hcr_train\triplets\01669_ref_128.npy,data/hcr_train\triplets\01669_pos_64.npy,data/hcr_train\triplets\01669_pos_128.npy,data/hcr_train\triplets\01669_neg_64.npy,data/hcr_train\triplets\01669_neg_128.npy,0.935,0.5108,0.73,47.3,585.7,576.2
1670,393,Medium,dram_dense,data/hcr_train\triplets\01670_ref_64.npy,data/hcr_train\triplets\01670_ref_128.npy,data/hcr_train\triplets\01670_pos_64.npy,data/hcr_train\triplets\01670_pos_128.npy,data/hcr_train\triplets\01670_neg_64.npy,data/hcr_train\triplets\01670_neg_128.npy,0.8862,0.8059,0.28,38.8,841.2,110.2
1671,393,Medium,dram_dense,data/hcr_train\triplets\01671_ref_64.npy,data/hcr_train\triplets\01671_ref_128.npy,data/hcr_train\triplets\01671_pos_64.npy,data/hcr_train\triplets\01671_pos_128.npy,data/hcr_train\triplets\01671_neg_64.npy,data/hcr_train\triplets\01671_neg_128.npy,0.8862,0.801,0.28,52.2,841.2,110.2
1672,393,Medium,dram_dense,data/hcr_train\triplets\01672_ref_64.npy,data/hcr_train\triplets\01672_ref_128.npy,data/hcr_train\triplets\01672_pos_64.npy,data/hcr_train\triplets\01672_pos_128.npy,data/hcr_train\triplets\01672_neg_64.npy,data/hcr_train\triplets\01672_neg_128.npy,0.8862,0.7918,0.28,13.2,841.2,110.2
1673,393,Medium,dram_dense,data/hcr_train\triplets\01673_ref_64.npy,data/hcr_train\triplets\01673_ref_128.npy,data/hcr_train\triplets\01673_pos_64.npy,data/hcr_train\triplets\01673_pos_128.npy,data/hcr_train\triplets\01673_neg_64.npy,data/hcr_train\triplets\01673_neg_128.npy,0.8862,0.7853,0.28,12.8,841.2,110.2
1674,393,Medium,dram_dense,data/hcr_train\triplets\01674_ref_64.npy,data/hcr_train\triplets\01674_ref_128.npy,data/hcr_train\triplets\01674_pos_64.npy,data/hcr_train\triplets\01674_pos_128.npy,data/hcr_train\triplets\01674_neg_64.npy,data/hcr_train\triplets\01674_neg_128.npy,0.8862,0.7761,0.28,76.8,841.2,110.2
1675,394,Hard,finfet_10nm,data/hcr_train\triplets\01675_ref_64.npy,data/hcr_train\triplets\01675_ref_128.npy,data/hcr_train\triplets\01675_pos_64.npy,data/hcr_train\triplets\01675_pos_128.npy,data/hcr_train\triplets\01675_neg_64.npy,data/hcr_train\triplets\01675_neg_128.npy,0.7292,0.7509,3.1,60.9,420.1,835.0
1676,394,Hard,finfet_10nm,data/hcr_train\triplets\01676_ref_64.npy,data/hcr_train\triplets\01676_ref_128.npy,data/hcr_train\triplets\01676_pos_64.npy,data/hcr_train\triplets\01676_pos_128.npy,data/hcr_train\triplets\01676_neg_64.npy,data/hcr_train\triplets\01676_neg_128.npy,0.7292,0.7508,3.1,76.9,420.1,835.0
1677,394,Hard,finfet_10nm,data/hcr_train\triplets\01677_ref_64.npy,data/hcr_train\triplets\01677_ref_128.npy,data/hcr_train\triplets\01677_pos_64.npy,data/hcr_train\triplets\01677_pos_128.npy,data/hcr_train\triplets\01677_neg_64.npy,data/hcr_train\triplets\01677_neg_128.npy,0.7292,0.7464,3.1,44.9,420.1,835.0
1678,394,Hard,finfet_10nm,data/hcr_train\triplets\01678_ref_64.npy,data/hcr_train\triplets\01678_ref_128.npy,data/hcr_train\triplets\01678_pos_64.npy,data/hcr_train\triplets\01678_pos_128.npy,data/hcr_train\triplets\01678_neg_64.npy,data/hcr_train\triplets\01678_neg_128.npy,0.7292,0.7394,3.1,28.9,420.1,835.0
1679,394,Hard,finfet_10nm,data/hcr_train\triplets\01679_ref_64.npy,data/hcr_train\triplets\01679_ref_128.npy,data/hcr_train\triplets\01679_pos_64.npy,data/hcr_train\triplets\01679_pos_128.npy,data/hcr_train\triplets\01679_neg_64.npy,data/hcr_train\triplets\01679_neg_128.npy,0.7292,0.7354,3.1,12.9,420.1,835.0
1680,396,Easy,dram_1x,data/hcr_train\triplets\01680_ref_64.npy,data/hcr_train\triplets\01680_ref_128.npy,data/hcr_train\triplets\01680_pos_64.npy,data/hcr_train\triplets\01680_pos_128.npy,data/hcr_train\triplets\01680_neg_64.npy,data/hcr_train\triplets\01680_neg_128.npy,0.9394,0.7858,0.45,18.8,574.4,931.8
1681,396,Easy,dram_1x,data/hcr_train\triplets\01681_ref_64.npy,data/hcr_train\triplets\01681_ref_128.npy,data/hcr_train\triplets\01681_pos_64.npy,data/hcr_train\triplets\01681_pos_128.npy,data/hcr_train\triplets\01681_neg_64.npy,data/hcr_train\triplets\01681_neg_128.npy,0.9394,0.6966,0.45,272.8,574.4,931.8
1682,396,Easy,dram_1x,data/hcr_train\triplets\01682_ref_64.npy,data/hcr_train\triplets\01682_ref_128.npy,data/hcr_train\triplets\01682_pos_64.npy,data/hcr_train\triplets\01682_pos_128.npy,data/hcr_train\triplets\01682_neg_64.npy,data/hcr_train\triplets\01682_neg_128.npy,0.9394,0.687,0.45,291.8,574.4,931.8
1683,396,Easy,dram_1x,data/hcr_train\triplets\01683_ref_64.npy,data/hcr_train\triplets\01683_ref_128.npy,data/hcr_train\triplets\01683_pos_64.npy,data/hcr_train\triplets\01683_pos_128.npy,data/hcr_train\triplets\01683_neg_64.npy,data/hcr_train\triplets\01683_neg_128.npy,0.9394,0.6865,0.45,157.8,574.4,931.8
1684,396,Easy,dram_1x,data/hcr_train\triplets\01684_ref_64.npy,data/hcr_train\triplets\01684_ref_128.npy,data/hcr_train\triplets\01684_pos_64.npy,data/hcr_train\triplets\01684_pos_128.npy,data/hcr_train\triplets\01684_neg_64.npy,data/hcr_train\triplets\01684_neg_128.npy,0.9394,0.6857,0.45,253.8,574.4,931.8
1685,397,Medium,dram_dense,data/hcr_train\triplets\01685_ref_64.npy,data/hcr_train\triplets\01685_ref_128.npy,data/hcr_train\triplets\01685_pos_64.npy,data/hcr_train\triplets\01685_pos_128.npy,data/hcr_train\triplets\01685_neg_64.npy,data/hcr_train\triplets\01685_neg_128.npy,0.9177,0.8669,0.92,142.1,65.9,828.8
1686,397,Medium,dram_dense,data/hcr_train\triplets\01686_ref_64.npy,data/hcr_train\triplets\01686_ref_128.npy,data/hcr_train\triplets\01686_pos_64.npy,data/hcr_train\triplets\01686_pos_128.npy,data/hcr_train\triplets\01686_neg_64.npy,data/hcr_train\triplets\01686_neg_128.npy,0.9177,0.8364,0.92,106.1,65.9,828.8
1687,397,Medium,dram_dense,data/hcr_train\triplets\01687_ref_64.npy,data/hcr_train\triplets\01687_ref_128.npy,data/hcr_train\triplets\01687_pos_64.npy,data/hcr_train\triplets\01687_pos_128.npy,data/hcr_train\triplets\01687_neg_64.npy,data/hcr_train\triplets\01687_neg_128.npy,0.9177,0.8287,0.92,71.1,65.9,828.8
1688,397,Medium,dram_dense,data/hcr_train\triplets\01688_ref_64.npy,data/hcr_train\triplets\01688_ref_128.npy,data/hcr_train\triplets\01688_pos_64.npy,data/hcr_train\triplets\01688_pos_128.npy,data/hcr_train\triplets\01688_neg_64.npy,data/hcr_train\triplets\01688_neg_128.npy,0.9177,0.8177,0.92,17.1,65.9,828.8
1689,397,Medium,dram_dense,data/hcr_train\triplets\01689_ref_64.npy,data/hcr_train\triplets\01689_ref_128.npy,data/hcr_train\triplets\01689_pos_64.npy,data/hcr_train\triplets\01689_pos_128.npy,data/hcr_train\triplets\01689_neg_64.npy,data/hcr_train\triplets\01689_neg_128.npy,0.9177,0.815,0.92,124.1,65.9,828.8
1690,399,Adversarial,finfet_7nm,data/hcr_train\triplets\01690_ref_64.npy,data/hcr_train\triplets\01690_ref_128.npy,data/hcr_train\triplets\01690_pos_64.npy,data/hcr_train\triplets\01690_pos_128.npy,data/hcr_train\triplets\01690_neg_64.npy,data/hcr_train\triplets\01690_neg_128.npy,0.3856,0.2745,3.13,130.1,841.1,846.4
1691,399,Adversarial,finfet_7nm,data/hcr_train\triplets\01691_ref_64.npy,data/hcr_train\triplets\01691_ref_128.npy,data/hcr_train\triplets\01691_pos_64.npy,data/hcr_train\triplets\01691_pos_128.npy,data/hcr_train\triplets\01691_neg_64.npy,data/hcr_train\triplets\01691_neg_128.npy,0.3856,0.2744,3.13,19.1,841.1,846.4
1692,399,Adversarial,finfet_7nm,data/hcr_train\triplets\01692_ref_64.npy,data/hcr_train\triplets\01692_ref_128.npy,data/hcr_train\triplets\01692_pos_64.npy,data/hcr_train\triplets\01692_pos_128.npy,data/hcr_train\triplets\01692_neg_64.npy,data/hcr_train\triplets\01692_neg_128.npy,0.3856,0.2719,3.13,299.1,841.1,846.4
1693,399,Adversarial,finfet_7nm,data/hcr_train\triplets\01693_ref_64.npy,data/hcr_train\triplets\01693_ref_128.npy,data/hcr_train\triplets\01693_pos_64.npy,data/hcr_train\triplets\01693_pos_128.npy,data/hcr_train\triplets\01693_neg_64.npy,data/hcr_train\triplets\01693_neg_128.npy,0.3856,0.2695,3.13,186.1,841.1,846.4
1694,399,Adversarial,finfet_7nm,data/hcr_train\triplets\01694_ref_64.npy,data/hcr_train\triplets\01694_ref_128.npy,data/hcr_train\triplets\01694_pos_64.npy,data/hcr_train\triplets\01694_pos_128.npy,data/hcr_train\triplets\01694_neg_64.npy,data/hcr_train\triplets\01694_neg_128.npy,0.3856,0.2688,3.13,75.1,841.1,846.4
1695,400,Easy,dram_1x,data/hcr_train\triplets\01695_ref_64.npy,data/hcr_train\triplets\01695_ref_128.npy,data/hcr_train\triplets\01695_pos_64.npy,data/hcr_train\triplets\01695_pos_128.npy,data/hcr_train\triplets\01695_neg_64.npy,data/hcr_train\triplets\01695_neg_128.npy,0.9131,0.9072,0.72,143.4,53.6,925.6
1696,400,Easy,dram_1x,data/hcr_train\triplets\01696_ref_64.npy,data/hcr_train\triplets\01696_ref_128.npy,data/hcr_train\triplets\01696_pos_64.npy,data/hcr_train\triplets\01696_pos_128.npy,data/hcr_train\triplets\01696_neg_64.npy,data/hcr_train\triplets\01696_neg_128.npy,0.9131,0.8937,0.72,72.02,53.6,925.6
1697,400,Easy,dram_1x,data/hcr_train\triplets\01697_ref_64.npy,data/hcr_train\triplets\01697_ref_128.npy,data/hcr_train\triplets\01697_pos_64.npy,data/hcr_train\triplets\01697_pos_128.npy,data/hcr_train\triplets\01697_neg_64.npy,data/hcr_train\triplets\01697_neg_128.npy,0.9131,0.8875,0.72,836.05,53.6,925.6
1698,400,Easy,dram_1x,data/hcr_train\triplets\01698_ref_64.npy,data/hcr_train\triplets\01698_ref_128.npy,data/hcr_train\triplets\01698_pos_64.npy,data/hcr_train\triplets\01698_pos_128.npy,data/hcr_train\triplets\01698_neg_64.npy,data/hcr_train\triplets\01698_neg_128.npy,0.9131,0.8874,0.72,28.4,53.6,925.6
1699,400,Easy,dram_1x,data/hcr_train\triplets\01699_ref_64.npy,data/hcr_train\triplets\01699_ref_128.npy,data/hcr_train\triplets\01699_pos_64.npy,data/hcr_train\triplets\01699_pos_128.npy,data/hcr_train\triplets\01699_neg_64.npy,data/hcr_train\triplets\01699_neg_128.npy,0.9131,0.8846,0.72,900.28,53.6,925.6
1700,401,Medium,dram_dense,data/hcr_train\triplets\01700_ref_64.npy,data/hcr_train\triplets\01700_ref_128.npy,data/hcr_train\triplets\01700_pos_64.npy,data/hcr_train\triplets\01700_pos_128.npy,data/hcr_train\triplets\01700_neg_64.npy,data/hcr_train\triplets\01700_neg_128.npy,0.8948,0.6891,0.81,14.2,595.8,293.1
1701,401,Medium,dram_dense,data/hcr_train\triplets\01701_ref_64.npy,data/hcr_train\triplets\01701_ref_128.npy,data/hcr_train\triplets\01701_pos_64.npy,data/hcr_train\triplets\01701_pos_128.npy,data/hcr_train\triplets\01701_neg_64.npy,data/hcr_train\triplets\01701_neg_128.npy,0.8948,0.6492,0.81,172.2,595.8,293.1
1702,401,Medium,dram_dense,data/hcr_train\triplets\01702_ref_64.npy,data/hcr_train\triplets\01702_ref_128.npy,data/hcr_train\triplets\01702_pos_64.npy,data/hcr_train\triplets\01702_pos_128.npy,data/hcr_train\triplets\01702_neg_64.npy,data/hcr_train\triplets\01702_neg_128.npy,0.8948,0.6466,0.81,143.2,595.8,293.1
1703,401,Medium,dram_dense,data/hcr_train\triplets\01703_ref_64.npy,data/hcr_train\triplets\01703_ref_128.npy,data/hcr_train\triplets\01703_pos_64.npy,data/hcr_train\triplets\01703_pos_128.npy,data/hcr_train\triplets\01703_neg_64.npy,data/hcr_train\triplets\01703_neg_128.npy,0.8948,0.6465,0.81,57.2,595.8,293.1
1704,401,Medium,dram_dense,data/hcr_train\triplets\01704_ref_64.npy,data/hcr_train\triplets\01704_ref_128.npy,data/hcr_train\triplets\01704_pos_64.npy,data/hcr_train\triplets\01704_pos_128.npy,data/hcr_train\triplets\01704_neg_64.npy,data/hcr_train\triplets\01704_neg_128.npy,0.8948,0.6407,0.81,28.2,595.8,293.1
1705,402,Hard,finfet_10nm,data/hcr_train\triplets\01705_ref_64.npy,data/hcr_train\triplets\01705_ref_128.npy,data/hcr_train\triplets\01705_pos_64.npy,data/hcr_train\triplets\01705_pos_128.npy,data/hcr_train\triplets\01705_neg_64.npy,data/hcr_train\triplets\01705_neg_128.npy,0.6671,0.6746,3.0,93.0,391.0,843.0
1706,402,Hard,finfet_10nm,data/hcr_train\triplets\01706_ref_64.npy,data/hcr_train\triplets\01706_ref_128.npy,data/hcr_train\triplets\01706_pos_64.npy,data/hcr_train\triplets\01706_pos_128.npy,data/hcr_train\triplets\01706_neg_64.npy,data/hcr_train\triplets\01706_neg_128.npy,0.6671,0.669,3.0,45.0,391.0,843.0
1707,402,Hard,finfet_10nm,data/hcr_train\triplets\01707_ref_64.npy,data/hcr_train\triplets\01707_ref_128.npy,data/hcr_train\triplets\01707_pos_64.npy,data/hcr_train\triplets\01707_pos_128.npy,data/hcr_train\triplets\01707_neg_64.npy,data/hcr_train\triplets\01707_neg_128.npy,0.6671,0.6642,3.0,109.0,391.0,843.0
1708,402,Hard,finfet_10nm,data/hcr_train\triplets\01708_ref_64.npy,data/hcr_train\triplets\01708_ref_128.npy,data/hcr_train\triplets\01708_pos_64.npy,data/hcr_train\triplets\01708_pos_128.npy,data/hcr_train\triplets\01708_neg_64.npy,data/hcr_train\triplets\01708_neg_128.npy,0.6671,0.6618,3.0,50.0,391.0,843.0
1709,402,Hard,finfet_10nm,data/hcr_train\triplets\01709_ref_64.npy,data/hcr_train\triplets\01709_ref_128.npy,data/hcr_train\triplets\01709_pos_64.npy,data/hcr_train\triplets\01709_pos_128.npy,data/hcr_train\triplets\01709_neg_64.npy,data/hcr_train\triplets\01709_neg_128.npy,0.6671,0.6617,3.0,61.0,391.0,843.0
1710,403,Adversarial,finfet_7nm,data/hcr_train\triplets\01710_ref_64.npy,data/hcr_train\triplets\01710_ref_128.npy,data/hcr_train\triplets\01710_pos_64.npy,data/hcr_train\triplets\01710_pos_128.npy,data/hcr_train\triplets\01710_neg_64.npy,data/hcr_train\triplets\01710_neg_128.npy,0.4183,0.4232,1.5,49.5,424.5,279.0
1711,403,Adversarial,finfet_7nm,data/hcr_train\triplets\01711_ref_64.npy,data/hcr_train\triplets\01711_ref_128.npy,data/hcr_train\triplets\01711_pos_64.npy,data/hcr_train\triplets\01711_pos_128.npy,data/hcr_train\triplets\01711_neg_64.npy,data/hcr_train\triplets\01711_neg_128.npy,0.4183,0.4204,1.5,17.5,424.5,279.0
1712,403,Adversarial,finfet_7nm,data/hcr_train\triplets\01712_ref_64.npy,data/hcr_train\triplets\01712_ref_128.npy,data/hcr_train\triplets\01712_pos_64.npy,data/hcr_train\triplets\01712_pos_128.npy,data/hcr_train\triplets\01712_neg_64.npy,data/hcr_train\triplets\01712_neg_128.npy,0.4183,0.4191,1.5,65.5,424.5,279.0
1713,403,Adversarial,finfet_7nm,data/hcr_train\triplets\01713_ref_64.npy,data/hcr_train\triplets\01713_ref_128.npy,data/hcr_train\triplets\01713_pos_64.npy,data/hcr_train\triplets\01713_pos_128.npy,data/hcr_train\triplets\01713_neg_64.npy,data/hcr_train\triplets\01713_neg_128.npy,0.4183,0.4116,1.5,30.5,424.5,279.0
1714,403,Adversarial,finfet_7nm,data/hcr_train\triplets\01714_ref_64.npy,data/hcr_train\triplets\01714_ref_128.npy,data/hcr_train\triplets\01714_pos_64.npy,data/hcr_train\triplets\01714_pos_128.npy,data/hcr_train\triplets\01714_neg_64.npy,data/hcr_train\triplets\01714_neg_128.npy,0.4183,0.4087,1.5,46.5,424.5,279.0
1715,404,Easy,dram_1x,data/hcr_train\triplets\01715_ref_64.npy,data/hcr_train\triplets\01715_ref_128.npy,data/hcr_train\triplets\01715_pos_64.npy,data/hcr_train\triplets\01715_pos_128.npy,data/hcr_train\triplets\01715_neg_64.npy,data/hcr_train\triplets\01715_neg_128.npy,0.9598,0.9171,0.14,72.1,899.9,467.1
1716,404,Easy,dram_1x,data/hcr_train\triplets\01716_ref_64.npy,data/hcr_train\triplets\01716_ref_128.npy,data/hcr_train\triplets\01716_pos_64.npy,data/hcr_train\triplets\01716_pos_128.npy,data/hcr_train\triplets\01716_neg_64.npy,data/hcr_train\triplets\01716_neg_128.npy,0.9598,0.9119,0.14,120.1,899.9,467.1
1717,404,Easy,dram_1x,data/hcr_train\triplets\01717_ref_64.npy,data/hcr_train\triplets\01717_ref_128.npy,data/hcr_train\triplets\01717_pos_64.npy,data/hcr_train\triplets\01717_pos_128.npy,data/hcr_train\triplets\01717_neg_64.npy,data/hcr_train\triplets\01717_neg_128.npy,0.9598,0.908,0.14,24.1,899.9,467.1
1718,404,Easy,dram_1x,data/hcr_train\triplets\01718_ref_64.npy,data/hcr_train\triplets\01718_ref_128.npy,data/hcr_train\triplets\01718_pos_64.npy,data/hcr_train\triplets\01718_pos_128.npy,data/hcr_train\triplets\01718_neg_64.npy,data/hcr_train\triplets\01718_neg_128.npy,0.9598,0.9055,0.14,23.9,899.9,467.1
1719,404,Easy,dram_1x,data/hcr_train\triplets\01719_ref_64.npy,data/hcr_train\triplets\01719_ref_128.npy,data/hcr_train\triplets\01719_pos_64.npy,data/hcr_train\triplets\01719_pos_128.npy,data/hcr_train\triplets\01719_neg_64.npy,data/hcr_train\triplets\01719_neg_128.npy,0.9598,0.8961,0.14,96.1,899.9,467.1
1720,405,Medium,dram_dense,data/hcr_train\triplets\01720_ref_64.npy,data/hcr_train\triplets\01720_ref_128.npy,data/hcr_train\triplets\01720_pos_64.npy,data/hcr_train\triplets\01720_pos_128.npy,data/hcr_train\triplets\01720_neg_64.npy,data/hcr_train\triplets\01720_neg_128.npy,0.9129,0.8925,0.14,143.1,52.9,156.1
1721,405,Medium,dram_dense,data/hcr_train\triplets\01721_ref_64.npy,data/hcr_train\triplets\01721_ref_128.npy,data/hcr_train\triplets\01721_pos_64.npy,data/hcr_train\triplets\01721_pos_128.npy,data/hcr_train\triplets\01721_neg_64.npy,data/hcr_train\triplets\01721_neg_128.npy,0.9129,0.8877,0.14,48.1,52.9,156.1
1722,405,Medium,dram_dense,data/hcr_train\triplets\01722_ref_64.npy,data/hcr_train\triplets\01722_ref_128.npy,data/hcr_train\triplets\01722_pos_64.npy,data/hcr_train\triplets\01722_pos_128.npy,data/hcr_train\triplets\01722_neg_64.npy,data/hcr_train\triplets\01722_neg_128.npy,0.9129,0.8828,0.14,31.9,52.9,156.1
1723,405,Medium,dram_dense,data/hcr_train\triplets\01723_ref_64.npy,data/hcr_train\triplets\01723_ref_128.npy,data/hcr_train\triplets\01723_pos_64.npy,data/hcr_train\triplets\01723_pos_128.npy,data/hcr_train\triplets\01723_neg_64.npy,data/hcr_train\triplets\01723_neg_128.npy,0.9129,0.8755,0.14,96.1,52.9,156.1
1724,405,Medium,dram_dense,data/hcr_train\triplets\01724_ref_64.npy,data/hcr_train\triplets\01724_ref_128.npy,data/hcr_train\triplets\01724_pos_64.npy,data/hcr_train\triplets\01724_pos_128.npy,data/hcr_train\triplets\01724_neg_64.npy,data/hcr_train\triplets\01724_neg_128.npy,0.9129,0.8692,0.14,64.1,52.9,156.1
1725,406,Hard,finfet_10nm,data/hcr_train\triplets\01725_ref_64.npy,data/hcr_train\triplets\01725_ref_128.npy,data/hcr_train\triplets\01725_pos_64.npy,data/hcr_train\triplets\01725_pos_128.npy,data/hcr_train\triplets\01725_neg_64.npy,data/hcr_train\triplets\01725_neg_128.npy,0.6264,0.4503,2.62,18.6,543.6,858.3
1726,406,Hard,finfet_10nm,data/hcr_train\triplets\01726_ref_64.npy,data/hcr_train\triplets\01726_ref_128.npy,data/hcr_train\triplets\01726_pos_64.npy,data/hcr_train\triplets\01726_pos_128.npy,data/hcr_train\triplets\01726_neg_64.npy,data/hcr_train\triplets\01726_neg_128.npy,0.6264,0.3913,2.62,42.6,543.6,858.3
1727,406,Hard,finfet_10nm,data/hcr_train\triplets\01727_ref_64.npy,data/hcr_train\triplets\01727_ref_128.npy,data/hcr_train\triplets\01727_pos_64.npy,data/hcr_train\triplets\01727_pos_128.npy,data/hcr_train\triplets\01727_neg_64.npy,data/hcr_train\triplets\01727_neg_128.npy,0.6264,0.3863,2.62,65.6,543.6,858.3
1728,406,Hard,finfet_10nm,data/hcr_train\triplets\01728_ref_64.npy,data/hcr_train\triplets\01728_ref_128.npy,data/hcr_train\triplets\01728_pos_64.npy,data/hcr_train\triplets\01728_pos_128.npy,data/hcr_train\triplets\01728_neg_64.npy,data/hcr_train\triplets\01728_neg_128.npy,0.6264,0.3819,2.62,650.34,543.6,858.3
1729,406,Hard,finfet_10nm,data/hcr_train\triplets\01729_ref_64.npy,data/hcr_train\triplets\01729_ref_128.npy,data/hcr_train\triplets\01729_pos_64.npy,data/hcr_train\triplets\01729_pos_128.npy,data/hcr_train\triplets\01729_neg_64.npy,data/hcr_train\triplets\01729_neg_128.npy,0.6264,0.3699,2.62,82.6,543.6,858.3
1730,407,Adversarial,finfet_7nm,data/hcr_train\triplets\01730_ref_64.npy,data/hcr_train\triplets\01730_ref_128.npy,data/hcr_train\triplets\01730_pos_64.npy,data/hcr_train\triplets\01730_pos_128.npy,data/hcr_train\triplets\01730_neg_64.npy,data/hcr_train\triplets\01730_neg_128.npy,0.4172,0.2545,3.81,724.72,571.8,939.7
1731,407,Adversarial,finfet_7nm,data/hcr_train\triplets\01731_ref_64.npy,data/hcr_train\triplets\01731_ref_128.npy,data/hcr_train\triplets\01731_pos_64.npy,data/hcr_train\triplets\01731_pos_128.npy,data/hcr_train\triplets\01731_neg_64.npy,data/hcr_train\triplets\01731_neg_128.npy,0.4172,0.2531,3.81,760.71,571.8,939.7
1732,407,Adversarial,finfet_7nm,data/hcr_train\triplets\01732_ref_64.npy,data/hcr_train\triplets\01732_ref_128.npy,data/hcr_train\triplets\01732_pos_64.npy,data/hcr_train\triplets\01732_pos_128.npy,data/hcr_train\triplets\01732_neg_64.npy,data/hcr_train\triplets\01732_neg_128.npy,0.4172,0.2487,3.81,553.3,571.8,939.7
1733,407,Adversarial,finfet_7nm,data/hcr_train\triplets\01733_ref_64.npy,data/hcr_train\triplets\01733_ref_128.npy,data/hcr_train\triplets\01733_pos_64.npy,data/hcr_train\triplets\01733_pos_128.npy,data/hcr_train\triplets\01733_neg_64.npy,data/hcr_train\triplets\01733_neg_128.npy,0.4172,0.2487,3.81,222.72,571.8,939.7
1734,407,Adversarial,finfet_7nm,data/hcr_train\triplets\01734_ref_64.npy,data/hcr_train\triplets\01734_ref_128.npy,data/hcr_train\triplets\01734_pos_64.npy,data/hcr_train\triplets\01734_pos_128.npy,data/hcr_train\triplets\01734_neg_64.npy,data/hcr_train\triplets\01734_neg_128.npy,0.4172,0.2441,3.81,522.11,571.8,939.7
1735,409,Medium,dram_dense,data/hcr_train\triplets\01735_ref_64.npy,data/hcr_train\triplets\01735_ref_128.npy,data/hcr_train\triplets\01735_pos_64.npy,data/hcr_train\triplets\01735_pos_128.npy,data/hcr_train\triplets\01735_neg_64.npy,data/hcr_train\triplets\01735_neg_128.npy,0.9133,0.886,0.28,47.8,69.2,54.8
1736,409,Medium,dram_dense,data/hcr_train\triplets\01736_ref_64.npy,data/hcr_train\triplets\01736_ref_128.npy,data/hcr_train\triplets\01736_pos_64.npy,data/hcr_train\triplets\01736_pos_128.npy,data/hcr_train\triplets\01736_neg_64.npy,data/hcr_train\triplets\01736_neg_128.npy,0.9133,0.8854,0.28,160.19,69.2,54.8
1737,409,Medium,dram_dense,data/hcr_train\triplets\01737_ref_64.npy,data/hcr_train\triplets\01737_ref_128.npy,data/hcr_train\triplets\01737_pos_64.npy,data/hcr_train\triplets\01737_pos_128.npy,data/hcr_train\triplets\01737_neg_64.npy,data/hcr_train\triplets\01737_neg_128.npy,0.9133,0.8776,0.28,145.16,69.2,54.8
1738,409,Medium,dram_dense,data/hcr_train\triplets\01738_ref_64.npy,data/hcr_train\triplets\01738_ref_128.npy,data/hcr_train\triplets\01738_pos_64.npy,data/hcr_train\triplets\01738_pos_128.npy,data/hcr_train\triplets\01738_neg_64.npy,data/hcr_train\triplets\01738_neg_128.npy,0.9133,0.8756,0.28,127.2,69.2,54.8
1739,409,Medium,dram_dense,data/hcr_train\triplets\01739_ref_64.npy,data/hcr_train\triplets\01739_ref_128.npy,data/hcr_train\triplets\01739_pos_64.npy,data/hcr_train\triplets\01739_pos_128.npy,data/hcr_train\triplets\01739_neg_64.npy,data/hcr_train\triplets\01739_neg_128.npy,0.9133,0.8745,0.28,144.8,69.2,54.8
1740,410,Hard,finfet_10nm,data/hcr_train\triplets\01740_ref_64.npy,data/hcr_train\triplets\01740_ref_128.npy,data/hcr_train\triplets\01740_pos_64.npy,data/hcr_train\triplets\01740_pos_128.npy,data/hcr_train\triplets\01740_neg_64.npy,data/hcr_train\triplets\01740_neg_128.npy,0.6482,0.6465,1.26,61.2,788.2,522.6
1741,410,Hard,finfet_10nm,data/hcr_train\triplets\01741_ref_64.npy,data/hcr_train\triplets\01741_ref_128.npy,data/hcr_train\triplets\01741_pos_64.npy,data/hcr_train\triplets\01741_pos_128.npy,data/hcr_train\triplets\01741_neg_64.npy,data/hcr_train\triplets\01741_neg_128.npy,0.6482,0.6445,1.26,25.2,788.2,522.6
1742,410,Hard,finfet_10nm,data/hcr_train\triplets\01742_ref_64.npy,data/hcr_train\triplets\01742_ref_128.npy,data/hcr_train\triplets\01742_pos_64.npy,data/hcr_train\triplets\01742_pos_128.npy,data/hcr_train\triplets\01742_neg_64.npy,data/hcr_train\triplets\01742_neg_128.npy,0.6482,0.6428,1.26,467.05,788.2,522.6
1743,410,Hard,finfet_10nm,data/hcr_train\triplets\01743_ref_64.npy,data/hcr_train\triplets\01743_ref_128.npy,data/hcr_train\triplets\01743_pos_64.npy,data/hcr_train\triplets\01743_pos_128.npy,data/hcr_train\triplets\01743_neg_64.npy,data/hcr_train\triplets\01743_neg_128.npy,0.6482,0.6428,1.26,505.38,788.2,522.6
1744,410,Hard,finfet_10nm,data/hcr_train\triplets\01744_ref_64.npy,data/hcr_train\triplets\01744_ref_128.npy,data/hcr_train\triplets\01744_pos_64.npy,data/hcr_train\triplets\01744_pos_128.npy,data/hcr_train\triplets\01744_neg_64.npy,data/hcr_train\triplets\01744_neg_128.npy,0.6482,0.6416,1.26,85.2,788.2,522.6
1745,412,Easy,dram_1x,data/hcr_train\triplets\01745_ref_64.npy,data/hcr_train\triplets\01745_ref_128.npy,data/hcr_train\triplets\01745_pos_64.npy,data/hcr_train\triplets\01745_pos_128.npy,data/hcr_train\triplets\01745_neg_64.npy,data/hcr_train\triplets\01745_neg_128.npy,0.9367,0.9306,0.4,822.04,791.0,450.6
1746,412,Easy,dram_1x,data/hcr_train\triplets\01746_ref_64.npy,data/hcr_train\triplets\01746_ref_128.npy,data/hcr_train\triplets\01746_pos_64.npy,data/hcr_train\triplets\01746_pos_128.npy,data/hcr_train\triplets\01746_neg_64.npy,data/hcr_train\triplets\01746_neg_128.npy,0.9367,0.9267,0.4,24.4,791.0,450.6
1747,412,Easy,dram_1x,data/hcr_train\triplets\01747_ref_64.npy,data/hcr_train\triplets\01747_ref_128.npy,data/hcr_train\triplets\01747_pos_64.npy,data/hcr_train\triplets\01747_pos_128.npy,data/hcr_train\triplets\01747_neg_64.npy,data/hcr_train\triplets\01747_neg_128.npy,0.9367,0.9256,0.4,48.4,791.0,450.6
1748,412,Easy,dram_1x,data/hcr_train\triplets\01748_ref_64.npy,data/hcr_train\triplets\01748_ref_128.npy,data/hcr_train\triplets\01748_pos_64.npy,data/hcr_train\triplets\01748_pos_128.npy,data/hcr_train\triplets\01748_neg_64.npy,data/hcr_train\triplets\01748_neg_128.npy,0.9367,0.9252,0.4,765.53,791.0,450.6
1749,412,Easy,dram_1x,data/hcr_train\triplets\01749_ref_64.npy,data/hcr_train\triplets\01749_ref_128.npy,data/hcr_train\triplets\01749_pos_64.npy,data/hcr_train\triplets\01749_pos_128.npy,data/hcr_train\triplets\01749_neg_64.npy,data/hcr_train\triplets\01749_neg_128.npy,0.9367,0.9216,0.4,793.48,791.0,450.6
1750,413,Medium,dram_dense,data/hcr_train\triplets\01750_ref_64.npy,data/hcr_train\triplets\01750_ref_128.npy,data/hcr_train\triplets\01750_pos_64.npy,data/hcr_train\triplets\01750_pos_128.npy,data/hcr_train\triplets\01750_neg_64.npy,data/hcr_train\triplets\01750_neg_128.npy,0.9187,0.9015,0.22,64.2,805.1,208.2
1751,413,Medium,dram_dense,data/hcr_train\triplets\01751_ref_64.npy,data/hcr_train\triplets\01751_ref_128.npy,data/hcr_train\triplets\01751_pos_64.npy,data/hcr_train\triplets\01751_pos_128.npy,data/hcr_train\triplets\01751_neg_64.npy,data/hcr_train\triplets\01751_neg_128.npy,0.9187,0.8923,0.22,128.2,805.1,208.2
1752,413,Medium,dram_dense,data/hcr_train\triplets\01752_ref_64.npy,data/hcr_train\triplets\01752_ref_128.npy,data/hcr_train\triplets\01752_pos_64.npy,data/hcr_train\triplets\01752_pos_128.npy,data/hcr_train\triplets\01752_neg_64.npy,data/hcr_train\triplets\01752_neg_128.npy,0.9187,0.8806,0.22,32.2,805.1,208.2
1753,413,Medium,dram_dense,data/hcr_train\triplets\01753_ref_64.npy,data/hcr_train\triplets\01753_ref_128.npy,data/hcr_train\triplets\01753_pos_64.npy,data/hcr_train\triplets\01753_pos_128.npy,data/hcr_train\triplets\01753_neg_64.npy,data/hcr_train\triplets\01753_neg_128.npy,0.9187,0.8607,0.22,96.1,805.1,208.2
1754,413,Medium,dram_dense,data/hcr_train\triplets\01754_ref_64.npy,data/hcr_train\triplets\01754_ref_128.npy,data/hcr_train\triplets\01754_pos_64.npy,data/hcr_train\triplets\01754_pos_128.npy,data/hcr_train\triplets\01754_neg_64.npy,data/hcr_train\triplets\01754_neg_128.npy,0.9187,0.8603,0.22,96.2,805.1,208.2
1755,414,Hard,finfet_10nm,data/hcr_train\triplets\01755_ref_64.npy,data/hcr_train\triplets\01755_ref_128.npy,data/hcr_train\triplets\01755_pos_64.npy,data/hcr_train\triplets\01755_pos_128.npy,data/hcr_train\triplets\01755_neg_64.npy,data/hcr_train\triplets\01755_neg_128.npy,0.6446,0.4281,0.92,19.9,256.9,298.8
1756,414,Hard,finfet_10nm,data/hcr_train\triplets\01756_ref_64.npy,data/hcr_train\triplets\01756_ref_128.npy,data/hcr_train\triplets\01756_pos_64.npy,data/hcr_train\triplets\01756_pos_128.npy,data/hcr_train\triplets\01756_neg_64.npy,data/hcr_train\triplets\01756_neg_128.npy,0.6446,0.4224,0.92,585.2,256.9,298.8
1757,414,Hard,finfet_10nm,data/hcr_train\triplets\01757_ref_64.npy,data/hcr_train\triplets\01757_ref_128.npy,data/hcr_train\triplets\01757_pos_64.npy,data/hcr_train\triplets\01757_pos_128.npy,data/hcr_train\triplets\01757_neg_64.npy,data/hcr_train\triplets\01757_neg_128.npy,0.6446,0.4068,0.92,153.9,256.9,298.8
1758,414,Hard,finfet_10nm,data/hcr_train\triplets\01758_ref_64.npy,data/hcr_train\triplets\01758_ref_128.npy,data/hcr_train\triplets\01758_pos_64.npy,data/hcr_train\triplets\01758_pos_128.npy,data/hcr_train\triplets\01758_neg_64.npy,data/hcr_train\triplets\01758_neg_128.npy,0.6446,0.4057,0.92,197.21,256.9,298.8
1759,414,Hard,finfet_10nm,data/hcr_train\triplets\01759_ref_64.npy,data/hcr_train\triplets\01759_ref_128.npy,data/hcr_train\triplets\01759_pos_64.npy,data/hcr_train\triplets\01759_pos_128.npy,data/hcr_train\triplets\01759_neg_64.npy,data/hcr_train\triplets\01759_neg_128.npy,0.6446,0.4044,0.92,124.9,256.9,298.8
1760,415,Adversarial,finfet_7nm,data/hcr_train\triplets\01760_ref_64.npy,data/hcr_train\triplets\01760_ref_128.npy,data/hcr_train\triplets\01760_pos_64.npy,data/hcr_train\triplets\01760_pos_128.npy,data/hcr_train\triplets\01760_neg_64.npy,data/hcr_train\triplets\01760_neg_128.npy,0.3735,0.3266,3.93,22.84,873.9,913.5
1761,415,Adversarial,finfet_7nm,data/hcr_train\triplets\01761_ref_64.npy,data/hcr_train\triplets\01761_ref_128.npy,data/hcr_train\triplets\01761_pos_64.npy,data/hcr_train\triplets\01761_pos_128.npy,data/hcr_train\triplets\01761_neg_64.npy,data/hcr_train\triplets\01761_neg_128.npy,0.3735,0.2971,3.93,296.9,873.9,913.5
1762,415,Adversarial,finfet_7nm,data/hcr_train\triplets\01762_ref_64.npy,data/hcr_train\triplets\01762_ref_128.npy,data/hcr_train\triplets\01762_pos_64.npy,data/hcr_train\triplets\01762_pos_128.npy,data/hcr_train\triplets\01762_neg_64.npy,data/hcr_train\triplets\01762_neg_128.npy,0.3735,0.289,3.93,820.53,873.9,913.5
1763,415,Adversarial,finfet_7nm,data/hcr_train\triplets\01763_ref_64.npy,data/hcr_train\triplets\01763_ref_128.npy,data/hcr_train\triplets\01763_pos_64.npy,data/hcr_train\triplets\01763_pos_128.npy,data/hcr_train\triplets\01763_neg_64.npy,data/hcr_train\triplets\01763_neg_128.npy,0.3735,0.2751,3.93,748.47,873.9,913.5
1764,415,Adversarial,finfet_7nm,data/hcr_train\triplets\01764_ref_64.npy,data/hcr_train\triplets\01764_ref_128.npy,data/hcr_train\triplets\01764_pos_64.npy,data/hcr_train\triplets\01764_pos_128.npy,data/hcr_train\triplets\01764_neg_64.npy,data/hcr_train\triplets\01764_neg_128.npy,0.3735,0.2726,3.93,732.23,873.9,913.5
1765,416,Easy,dram_1x,data/hcr_train\triplets\01765_ref_64.npy,data/hcr_train\triplets\01765_ref_128.npy,data/hcr_train\triplets\01765_pos_64.npy,data/hcr_train\triplets\01765_pos_128.npy,data/hcr_train\triplets\01765_neg_64.npy,data/hcr_train\triplets\01765_neg_128.npy,0.9253,0.8659,0.64,96.4,850.5,702.6
1766,416,Easy,dram_1x,data/hcr_train\triplets\01766_ref_64.npy,data/hcr_train\triplets\01766_ref_128.npy,data/hcr_train\triplets\01766_pos_64.npy,data/hcr_train\triplets\01766_pos_128.npy,data/hcr_train\triplets\01766_neg_64.npy,data/hcr_train\triplets\01766_neg_128.npy,0.9253,0.8362,0.64,48.4,850.5,702.6
1767,416,Easy,dram_1x,data/hcr_train\triplets\01767_ref_64.npy,data/hcr_train\triplets\01767_ref_128.npy,data/hcr_train\triplets\01767_pos_64.npy,data/hcr_train\triplets\01767_pos_128.npy,data/hcr_train\triplets\01767_neg_64.npy,data/hcr_train\triplets\01767_neg_128.npy,0.9253,0.8263,0.64,47.6,850.5,702.6
1768,416,Easy,dram_1x,data/hcr_train\triplets\01768_ref_64.npy,data/hcr_train\triplets\01768_ref_128.npy,data/hcr_train\triplets\01768_pos_64.npy,data/hcr_train\triplets\01768_pos_128.npy,data/hcr_train\triplets\01768_neg_64.npy,data/hcr_train\triplets\01768_neg_128.npy,0.9253,0.7394,0.64,19.41,850.5,702.6
1769,416,Easy,dram_1x,data/hcr_train\triplets\01769_ref_64.npy,data/hcr_train\triplets\01769_ref_128.npy,data/hcr_train\triplets\01769_pos_64.npy,data/hcr_train\triplets\01769_pos_128.npy,data/hcr_train\triplets\01769_neg_64.npy,data/hcr_train\triplets\01769_neg_128.npy,0.9253,0.7384,0.64,18.61,850.5,702.6
1770,417,Medium,dram_dense,data/hcr_train\triplets\01770_ref_64.npy,data/hcr_train\triplets\01770_ref_128.npy,data/hcr_train\triplets\01770_pos_64.npy,data/hcr_train\triplets\01770_pos_128.npy,data/hcr_train\triplets\01770_neg_64.npy,data/hcr_train\triplets\01770_neg_128.npy,0.8771,0.5555,0.9,14.03,578.9,549.0
1771,417,Medium,dram_dense,data/hcr_train\triplets\01771_ref_64.npy,data/hcr_train\triplets\01771_ref_128.npy,data/hcr_train\triplets\01771_pos_64.npy,data/hcr_train\triplets\01771_pos_128.npy,data/hcr_train\triplets\01771_neg_64.npy,data/hcr_train\triplets\01771_neg_128.npy,0.8771,0.5467,0.9,14.9,578.9,549.0
1772,417,Medium,dram_dense,data/hcr_train\triplets\01772_ref_64.npy,data/hcr_train\triplets\01772_ref_128.npy,data/hcr_train\triplets\01772_pos_64.npy,data/hcr_train\triplets\01772_pos_128.npy,data/hcr_train\triplets\01772_neg_64.npy,data/hcr_train\triplets\01772_neg_128.npy,0.8771,0.5421,0.9,13.1,578.9,549.0
1773,417,Medium,dram_dense,data/hcr_train\triplets\01773_ref_64.npy,data/hcr_train\triplets\01773_ref_128.npy,data/hcr_train\triplets\01773_pos_64.npy,data/hcr_train\triplets\01773_pos_128.npy,data/hcr_train\triplets\01773_neg_64.npy,data/hcr_train\triplets\01773_neg_128.npy,0.8771,0.5235,0.9,19.02,578.9,549.0
1774,417,Medium,dram_dense,data/hcr_train\triplets\01774_ref_64.npy,data/hcr_train\triplets\01774_ref_128.npy,data/hcr_train\triplets\01774_pos_64.npy,data/hcr_train\triplets\01774_pos_128.npy,data/hcr_train\triplets\01774_neg_64.npy,data/hcr_train\triplets\01774_neg_128.npy,0.8771,0.5079,0.9,125.0,578.9,549.0
1775,418,Hard,finfet_10nm,data/hcr_train\triplets\01775_ref_64.npy,data/hcr_train\triplets\01775_ref_128.npy,data/hcr_train\triplets\01775_pos_64.npy,data/hcr_train\triplets\01775_pos_128.npy,data/hcr_train\triplets\01775_neg_64.npy,data/hcr_train\triplets\01775_neg_128.npy,0.5225,0.5263,0.81,48.8,435.8,545.1
1776,418,Hard,finfet_10nm,data/hcr_train\triplets\01776_ref_64.npy,data/hcr_train\triplets\01776_ref_128.npy,data/hcr_train\triplets\01776_pos_64.npy,data/hcr_train\triplets\01776_pos_128.npy,data/hcr_train\triplets\01776_neg_64.npy,data/hcr_train\triplets\01776_neg_128.npy,0.5225,0.5229,0.81,96.8,435.8,545.1
1777,418,Hard,finfet_10nm,data/hcr_train\triplets\01777_ref_64.npy,data/hcr_train\triplets\01777_ref_128.npy,data/hcr_train\triplets\01777_pos_64.npy,data/hcr_train\triplets\01777_pos_128.npy,data/hcr_train\triplets\01777_neg_64.npy,data/hcr_train\triplets\01777_neg_128.npy,0.5225,0.5173,0.81,38.2,435.8,545.1
1778,418,Hard,finfet_10nm,data/hcr_train\triplets\01778_ref_64.npy,data/hcr_train\triplets\01778_ref_128.npy,data/hcr_train\triplets\01778_pos_64.npy,data/hcr_train\triplets\01778_pos_128.npy,data/hcr_train\triplets\01778_neg_64.npy,data/hcr_train\triplets\01778_neg_128.npy,0.5225,0.504,0.81,64.8,435.8,545.1
1779,418,Hard,finfet_10nm,data/hcr_train\triplets\01779_ref_64.npy,data/hcr_train\triplets\01779_ref_128.npy,data/hcr_train\triplets\01779_pos_64.npy,data/hcr_train\triplets\01779_pos_128.npy,data/hcr_train\triplets\01779_neg_64.npy,data/hcr_train\triplets\01779_neg_128.npy,0.5225,0.5023,0.81,17.8,435.8,545.1
1780,419,Adversarial,finfet_7nm,data/hcr_train\triplets\01780_ref_64.npy,data/hcr_train\triplets\01780_ref_128.npy,data/hcr_train\triplets\01780_pos_64.npy,data/hcr_train\triplets\01780_pos_128.npy,data/hcr_train\triplets\01780_neg_64.npy,data/hcr_train\triplets\01780_neg_128.npy,0.4199,0.3266,3.9,505.01,861.9,950.0
1781,419,Adversarial,finfet_7nm,data/hcr_train\triplets\01781_ref_64.npy,data/hcr_train\triplets\01781_ref_128.npy,data/hcr_train\triplets\01781_pos_64.npy,data/hcr_train\triplets\01781_pos_128.npy,data/hcr_train\triplets\01781_neg_64.npy,data/hcr_train\triplets\01781_neg_128.npy,0.4199,0.3263,3.9,977.36,861.9,950.0
1782,419,Adversarial,finfet_7nm,data/hcr_train\triplets\01782_ref_64.npy,data/hcr_train\triplets\01782_ref_128.npy,data/hcr_train\triplets\01782_pos_64.npy,data/hcr_train\triplets\01782_pos_128.npy,data/hcr_train\triplets\01782_neg_64.npy,data/hcr_train\triplets\01782_neg_128.npy,0.4199,0.3116,3.9,549.02,861.9,950.0
1783,419,Adversarial,finfet_7nm,data/hcr_train\triplets\01783_ref_64.npy,data/hcr_train\triplets\01783_ref_128.npy,data/hcr_train\triplets\01783_pos_64.npy,data/hcr_train\triplets\01783_pos_128.npy,data/hcr_train\triplets\01783_neg_64.npy,data/hcr_train\triplets\01783_neg_128.npy,0.4199,0.3112,3.9,1050.55,861.9,950.0
1784,419,Adversarial,finfet_7nm,data/hcr_train\triplets\01784_ref_64.npy,data/hcr_train\triplets\01784_ref_128.npy,data/hcr_train\triplets\01784_pos_64.npy,data/hcr_train\triplets\01784_pos_128.npy,data/hcr_train\triplets\01784_neg_64.npy,data/hcr_train\triplets\01784_neg_128.npy,0.4199,0.3055,3.9,992.79,861.9,950.0
1785,420,Easy,dram_1x,data/hcr_train\triplets\01785_ref_64.npy,data/hcr_train\triplets\01785_ref_128.npy,data/hcr_train\triplets\01785_pos_64.npy,data/hcr_train\triplets\01785_pos_128.npy,data/hcr_train\triplets\01785_neg_64.npy,data/hcr_train\triplets\01785_neg_128.npy,0.9596,0.8424,0.14,47.9,858.1,139.9
1786,420,Easy,dram_1x,data/hcr_train\triplets\01786_ref_64.npy,data/hcr_train\triplets\01786_ref_128.npy,data/hcr_train\triplets\01786_pos_64.npy,data/hcr_train\triplets\01786_pos_128.npy,data/hcr_train\triplets\01786_neg_64.npy,data/hcr_train\triplets\01786_neg_128.npy,0.9596,0.8372,0.14,48.1,858.1,139.9
1787,420,Easy,dram_1x,data/hcr_train\triplets\01787_ref_64.npy,data/hcr_train\triplets\01787_ref_128.npy,data/hcr_train\triplets\01787_pos_64.npy,data/hcr_train\triplets\01787_pos_128.npy,data/hcr_train\triplets\01787_neg_64.npy,data/hcr_train\triplets\01787_neg_128.npy,0.9596,0.8272,0.14,32.9,858.1,139.9
1788,420,Easy,dram_1x,data/hcr_train\triplets\01788_ref_64.npy,data/hcr_train\triplets\01788_ref_128.npy,data/hcr_train\triplets\01788_pos_64.npy,data/hcr_train\triplets\01788_pos_128.npy,data/hcr_train\triplets\01788_neg_64.npy,data/hcr_train\triplets\01788_neg_128.npy,0.9596,0.8136,0.14,33.1,858.1,139.9
1789,420,Easy,dram_1x,data/hcr_train\triplets\01789_ref_64.npy,data/hcr_train\triplets\01789_ref_128.npy,data/hcr_train\triplets\01789_pos_64.npy,data/hcr_train\triplets\01789_pos_128.npy,data/hcr_train\triplets\01789_neg_64.npy,data/hcr_train\triplets\01789_neg_128.npy,0.9596,0.792,0.14,80.9,858.1,139.9
1790,421,Medium,dram_dense,data/hcr_train\triplets\01790_ref_64.npy,data/hcr_train\triplets\01790_ref_128.npy,data/hcr_train\triplets\01790_pos_64.npy,data/hcr_train\triplets\01790_pos_128.npy,data/hcr_train\triplets\01790_neg_64.npy,data/hcr_train\triplets\01790_neg_128.npy,0.8256,0.4877,0.86,14.52,565.7,278.5
1791,421,Medium,dram_dense,data/hcr_train\triplets\01791_ref_64.npy,data/hcr_train\triplets\01791_ref_128.npy,data/hcr_train\triplets\01791_pos_64.npy,data/hcr_train\triplets\01791_pos_128.npy,data/hcr_train\triplets\01791_neg_64.npy,data/hcr_train\triplets\01791_neg_128.npy,0.8256,0.4757,0.86,14.52,565.7,278.5
1792,421,Medium,dram_dense,data/hcr_train\triplets\01792_ref_64.npy,data/hcr_train\triplets\01792_ref_128.npy,data/hcr_train\triplets\01792_pos_64.npy,data/hcr_train\triplets\01792_pos_128.npy,data/hcr_train\triplets\01792_neg_64.npy,data/hcr_train\triplets\01792_neg_128.npy,0.8256,0.4213,0.86,114.5,565.7,278.5
1793,421,Medium,dram_dense,data/hcr_train\triplets\01793_ref_64.npy,data/hcr_train\triplets\01793_ref_128.npy,data/hcr_train\triplets\01793_pos_64.npy,data/hcr_train\triplets\01793_pos_128.npy,data/hcr_train\triplets\01793_neg_64.npy,data/hcr_train\triplets\01793_neg_128.npy,0.8256,0.4116,0.86,21.31,565.7,278.5
1794,421,Medium,dram_dense,data/hcr_train\triplets\01794_ref_64.npy,data/hcr_train\triplets\01794_ref_128.npy,data/hcr_train\triplets\01794_pos_64.npy,data/hcr_train\triplets\01794_pos_128.npy,data/hcr_train\triplets\01794_neg_64.npy,data/hcr_train\triplets\01794_neg_128.npy,0.8256,0.4031,0.86,20.71,565.7,278.5
1795,422,Hard,finfet_10nm,data/hcr_train\triplets\01795_ref_64.npy,data/hcr_train\triplets\01795_ref_128.npy,data/hcr_train\triplets\01795_pos_64.npy,data/hcr_train\triplets\01795_pos_128.npy,data/hcr_train\triplets\01795_neg_64.npy,data/hcr_train\triplets\01795_neg_128.npy,0.568,0.5627,1.51,33.5,132.5,591.2
1796,422,Hard,finfet_10nm,data/hcr_train\triplets\01796_ref_64.npy,data/hcr_train\triplets\01796_ref_128.npy,data/hcr_train\triplets\01796_pos_64.npy,data/hcr_train\triplets\01796_pos_128.npy,data/hcr_train\triplets\01796_neg_64.npy,data/hcr_train\triplets\01796_neg_128.npy,0.568,0.5613,1.51,49.5,132.5,591.2
1797,422,Hard,finfet_10nm,data/hcr_train\triplets\01797_ref_64.npy,data/hcr_train\triplets\01797_ref_128.npy,data/hcr_train\triplets\01797_pos_64.npy,data/hcr_train\triplets\01797_pos_128.npy,data/hcr_train\triplets\01797_neg_64.npy,data/hcr_train\triplets\01797_neg_128.npy,0.568,0.5608,1.51,17.5,132.5,591.2
1798,422,Hard,finfet_10nm,data/hcr_train\triplets\01798_ref_64.npy,data/hcr_train\triplets\01798_ref_128.npy,data/hcr_train\triplets\01798_pos_64.npy,data/hcr_train\triplets\01798_pos_128.npy,data/hcr_train\triplets\01798_neg_64.npy,data/hcr_train\triplets\01798_neg_128.npy,0.568,0.5586,1.51,14.5,132.5,591.2
1799,422,Hard,finfet_10nm,data/hcr_train\triplets\01799_ref_64.npy,data/hcr_train\triplets\01799_ref_128.npy,data/hcr_train\triplets\01799_pos_64.npy,data/hcr_train\triplets\01799_pos_128.npy,data/hcr_train\triplets\01799_neg_64.npy,data/hcr_train\triplets\01799_neg_128.npy,0.568,0.5572,1.51,30.5,132.5,591.2
1800,424,Easy,dram_1x,data/hcr_train\triplets\01800_ref_64.npy,data/hcr_train\triplets\01800_ref_128.npy,data/hcr_train\triplets\01800_pos_64.npy,data/hcr_train\triplets\01800_pos_128.npy,data/hcr_train\triplets\01800_neg_64.npy,data/hcr_train\triplets\01800_neg_128.npy,0.924,0.9059,0.51,47.9,369.1,619.5
1801,424,Easy,dram_1x,data/hcr_train\triplets\01801_ref_64.npy,data/hcr_train\triplets\01801_ref_128.npy,data/hcr_train\triplets\01801_pos_64.npy,data/hcr_train\triplets\01801_pos_128.npy,data/hcr_train\triplets\01801_neg_64.npy,data/hcr_train\triplets\01801_neg_128.npy,0.924,0.8888,0.51,95.9,369.1,619.5
1802,424,Easy,dram_1x,data/hcr_train\triplets\01802_ref_64.npy,data/hcr_train\triplets\01802_ref_128.npy,data/hcr_train\triplets\01802_pos_64.npy,data/hcr_train\triplets\01802_pos_128.npy,data/hcr_train\triplets\01802_neg_64.npy,data/hcr_train\triplets\01802_neg_128.npy,0.924,0.8514,0.51,23.91,369.1,619.5
1803,424,Easy,dram_1x,data/hcr_train\triplets\01803_ref_64.npy,data/hcr_train\triplets\01803_ref_128.npy,data/hcr_train\triplets\01803_pos_64.npy,data/hcr_train\triplets\01803_pos_128.npy,data/hcr_train\triplets\01803_neg_64.npy,data/hcr_train\triplets\01803_neg_128.npy,0.924,0.8507,0.51,71.9,369.1,619.5
1804,424,Easy,dram_1x,data/hcr_train\triplets\01804_ref_64.npy,data/hcr_train\triplets\01804_ref_128.npy,data/hcr_train\triplets\01804_pos_64.npy,data/hcr_train\triplets\01804_pos_128.npy,data/hcr_train\triplets\01804_neg_64.npy,data/hcr_train\triplets\01804_neg_128.npy,0.924,0.8492,0.51,143.9,369.1,619.5
1805,425,Medium,dram_dense,data/hcr_train\triplets\01805_ref_64.npy,data/hcr_train\triplets\01805_ref_128.npy,data/hcr_train\triplets\01805_pos_64.npy,data/hcr_train\triplets\01805_pos_128.npy,data/hcr_train\triplets\01805_neg_64.npy,data/hcr_train\triplets\01805_neg_128.npy,0.8054,0.8217,0.57,295.29,325.4,447.4
1806,425,Medium,dram_dense,data/hcr_train\triplets\01806_ref_64.npy,data/hcr_train\triplets\01806_ref_128.npy,data/hcr_train\triplets\01806_pos_64.npy,data/hcr_train\triplets\01806_pos_128.npy,data/hcr_train\triplets\01806_neg_64.npy,data/hcr_train\triplets\01806_neg_128.npy,0.8054,0.8192,0.57,308.45,325.4,447.4
1807,425,Medium,dram_dense,data/hcr_train\triplets\01807_ref_64.npy,data/hcr_train\triplets\01807_ref_128.npy,data/hcr_train\triplets\01807_pos_64.npy,data/hcr_train\triplets\01807_pos_128.npy,data/hcr_train\triplets\01807_neg_64.npy,data/hcr_train\triplets\01807_neg_128.npy,0.8054,0.8191,0.57,12.61,325.4,447.4
1808,425,Medium,dram_dense,data/hcr_train\triplets\01808_ref_64.npy,data/hcr_train\triplets\01808_ref_128.npy,data/hcr_train\triplets\01808_pos_64.npy,data/hcr_train\triplets\01808_pos_128.npy,data/hcr_train\triplets\01808_neg_64.npy,data/hcr_train\triplets\01808_neg_128.npy,0.8054,0.8162,0.57,251.6,325.4,447.4
1809,425,Medium,dram_dense,data/hcr_train\triplets\01809_ref_64.npy,data/hcr_train\triplets\01809_ref_128.npy,data/hcr_train\triplets\01809_pos_64.npy,data/hcr_train\triplets\01809_pos_128.npy,data/hcr_train\triplets\01809_neg_64.npy,data/hcr_train\triplets\01809_neg_128.npy,0.8054,0.8146,0.57,25.4,325.4,447.4
1810,427,Adversarial,finfet_7nm,data/hcr_train\triplets\01810_ref_64.npy,data/hcr_train\triplets\01810_ref_128.npy,data/hcr_train\triplets\01810_pos_64.npy,data/hcr_train\triplets\01810_pos_128.npy,data/hcr_train\triplets\01810_neg_64.npy,data/hcr_train\triplets\01810_neg_128.npy,0.471,0.4638,3.11,80.9,126.1,565.7
1811,427,Adversarial,finfet_7nm,data/hcr_train\triplets\01811_ref_64.npy,data/hcr_train\triplets\01811_ref_128.npy,data/hcr_train\triplets\01811_pos_64.npy,data/hcr_train\triplets\01811_pos_128.npy,data/hcr_train\triplets\01811_neg_64.npy,data/hcr_train\triplets\01811_neg_128.npy,0.471,0.4088,3.11,53.9,126.1,565.7
1812,427,Adversarial,finfet_7nm,data/hcr_train\triplets\01812_ref_64.npy,data/hcr_train\triplets\01812_ref_128.npy,data/hcr_train\triplets\01812_pos_64.npy,data/hcr_train\triplets\01812_pos_128.npy,data/hcr_train\triplets\01812_neg_64.npy,data/hcr_train\triplets\01812_neg_128.npy,0.471,0.4073,3.11,30.1,126.1,565.7
1813,427,Adversarial,finfet_7nm,data/hcr_train\triplets\01813_ref_64.npy,data/hcr_train\triplets\01813_ref_128.npy,data/hcr_train\triplets\01813_pos_64.npy,data/hcr_train\triplets\01813_pos_128.npy,data/hcr_train\triplets\01813_neg_64.npy,data/hcr_train\triplets\01813_neg_128.npy,0.471,0.4057,3.11,25.9,126.1,565.7
1814,427,Adversarial,finfet_7nm,data/hcr_train\triplets\01814_ref_64.npy,data/hcr_train\triplets\01814_ref_128.npy,data/hcr_train\triplets\01814_pos_64.npy,data/hcr_train\triplets\01814_pos_128.npy,data/hcr_train\triplets\01814_neg_64.npy,data/hcr_train\triplets\01814_neg_128.npy,0.471,0.3987,3.11,58.1,126.1,565.7
1815,428,Easy,dram_1x,data/hcr_train\triplets\01815_ref_64.npy,data/hcr_train\triplets\01815_ref_128.npy,data/hcr_train\triplets\01815_pos_64.npy,data/hcr_train\triplets\01815_pos_128.npy,data/hcr_train\triplets\01815_neg_64.npy,data/hcr_train\triplets\01815_neg_128.npy,0.907,0.9137,0.64,714.91,205.4,688.5
1816,428,Easy,dram_1x,data/hcr_train\triplets\01816_ref_64.npy,data/hcr_train\triplets\01816_ref_128.npy,data/hcr_train\triplets\01816_pos_64.npy,data/hcr_train\triplets\01816_pos_128.npy,data/hcr_train\triplets\01816_neg_64.npy,data/hcr_train\triplets\01816_neg_128.npy,0.907,0.9131,0.64,47.5,205.4,688.5
1817,428,Easy,dram_1x,data/hcr_train\triplets\01817_ref_64.npy,data/hcr_train\triplets\01817_ref_128.npy,data/hcr_train\triplets\01817_pos_64.npy,data/hcr_train\triplets\01817_pos_128.npy,data/hcr_train\triplets\01817_neg_64.npy,data/hcr_train\triplets\01817_neg_128.npy,0.907,0.9127,0.64,260.84,205.4,688.5
1818,428,Easy,dram_1x,data/hcr_train\triplets\01818_ref_64.npy,data/hcr_train\triplets\01818_ref_128.npy,data/hcr_train\triplets\01818_pos_64.npy,data/hcr_train\triplets\01818_pos_128.npy,data/hcr_train\triplets\01818_neg_64.npy,data/hcr_train\triplets\01818_neg_128.npy,0.907,0.9039,0.64,751.98,205.4,688.5
1819,428,Easy,dram_1x,data/hcr_train\triplets\01819_ref_64.npy,data/hcr_train\triplets\01819_ref_128.npy,data/hcr_train\triplets\01819_pos_64.npy,data/hcr_train\triplets\01819_pos_128.npy,data/hcr_train\triplets\01819_neg_64.npy,data/hcr_train\triplets\01819_neg_128.npy,0.907,0.9035,0.64,738.86,205.4,688.5
1820,429,Medium,dram_dense,data/hcr_train\triplets\01820_ref_64.npy,data/hcr_train\triplets\01820_ref_128.npy,data/hcr_train\triplets\01820_pos_64.npy,data/hcr_train\triplets\01820_pos_128.npy,data/hcr_train\triplets\01820_neg_64.npy,data/hcr_train\triplets\01820_neg_128.npy,0.8786,0.8628,0.22,48.2,253.1,135.2
1821,429,Medium,dram_dense,data/hcr_train\triplets\01821_ref_64.npy,data/hcr_train\triplets\01821_ref_128.npy,data/hcr_train\triplets\01821_pos_64.npy,data/hcr_train\triplets\01821_pos_128.npy,data/hcr_train\triplets\01821_neg_64.npy,data/hcr_train\triplets\01821_neg_128.npy,0.8786,0.8618,0.22,19.2,253.1,135.2
1822,429,Medium,dram_dense,data/hcr_train\triplets\01822_ref_64.npy,data/hcr_train\triplets\01822_ref_128.npy,data/hcr_train\triplets\01822_pos_64.npy,data/hcr_train\triplets\01822_pos_128.npy,data/hcr_train\triplets\01822_neg_64.npy,data/hcr_train\triplets\01822_neg_128.npy,0.8786,0.8391,0.22,28.8,253.1,135.2
1823,429,Medium,dram_dense,data/hcr_train\triplets\01823_ref_64.npy,data/hcr_train\triplets\01823_ref_128.npy,data/hcr_train\triplets\01823_pos_64.npy,data/hcr_train\triplets\01823_pos_128.npy,data/hcr_train\triplets\01823_neg_64.npy,data/hcr_train\triplets\01823_neg_128.npy,0.8786,0.8381,0.22,77.2,253.1,135.2
1824,429,Medium,dram_dense,data/hcr_train\triplets\01824_ref_64.npy,data/hcr_train\triplets\01824_ref_128.npy,data/hcr_train\triplets\01824_pos_64.npy,data/hcr_train\triplets\01824_pos_128.npy,data/hcr_train\triplets\01824_neg_64.npy,data/hcr_train\triplets\01824_neg_128.npy,0.8786,0.8087,0.22,57.8,253.1,135.2
1825,430,Hard,finfet_10nm,data/hcr_train\triplets\01825_ref_64.npy,data/hcr_train\triplets\01825_ref_128.npy,data/hcr_train\triplets\01825_pos_64.npy,data/hcr_train\triplets\01825_pos_128.npy,data/hcr_train\triplets\01825_neg_64.npy,data/hcr_train\triplets\01825_neg_128.npy,0.741,0.7603,1.58,536.81,929.5,518.5
1826,430,Hard,finfet_10nm,data/hcr_train\triplets\01826_ref_64.npy,data/hcr_train\triplets\01826_ref_128.npy,data/hcr_train\triplets\01826_pos_64.npy,data/hcr_train\triplets\01826_pos_128.npy,data/hcr_train\triplets\01826_neg_64.npy,data/hcr_train\triplets\01826_neg_128.npy,0.741,0.7525,1.58,560.37,929.5,518.5
1827,430,Hard,finfet_10nm,data/hcr_train\triplets\01827_ref_64.npy,data/hcr_train\triplets\01827_ref_128.npy,data/hcr_train\triplets\01827_pos_64.npy,data/hcr_train\triplets\01827_pos_128.npy,data/hcr_train\triplets\01827_neg_64.npy,data/hcr_train\triplets\01827_neg_128.npy,0.741,0.7509,1.58,657.19,929.5,518.5
1828,430,Hard,finfet_10nm,data/hcr_train\triplets\01828_ref_64.npy,data/hcr_train\triplets\01828_ref_128.npy,data/hcr_train\triplets\01828_pos_64.npy,data/hcr_train\triplets\01828_pos_128.npy,data/hcr_train\triplets\01828_neg_64.npy,data/hcr_train\triplets\01828_neg_128.npy,0.741,0.7507,1.58,632.32,929.5,518.5
1829,430,Hard,finfet_10nm,data/hcr_train\triplets\01829_ref_64.npy,data/hcr_train\triplets\01829_ref_128.npy,data/hcr_train\triplets\01829_pos_64.npy,data/hcr_train\triplets\01829_pos_128.npy,data/hcr_train\triplets\01829_neg_64.npy,data/hcr_train\triplets\01829_neg_128.npy,0.741,0.7499,1.58,607.74,929.5,518.5
1830,431,Adversarial,finfet_7nm,data/hcr_train\triplets\01830_ref_64.npy,data/hcr_train\triplets\01830_ref_128.npy,data/hcr_train\triplets\01830_pos_64.npy,data/hcr_train\triplets\01830_pos_128.npy,data/hcr_train\triplets\01830_neg_64.npy,data/hcr_train\triplets\01830_neg_128.npy,0.2334,0.2443,0.9,640.9,51.9,196.0
1831,431,Adversarial,finfet_7nm,data/hcr_train\triplets\01831_ref_64.npy,data/hcr_train\triplets\01831_ref_128.npy,data/hcr_train\triplets\01831_pos_64.npy,data/hcr_train\triplets\01831_pos_128.npy,data/hcr_train\triplets\01831_neg_64.npy,data/hcr_train\triplets\01831_neg_128.npy,0.2334,0.2424,0.9,664.26,51.9,196.0
1832,431,Adversarial,finfet_7nm,data/hcr_train\triplets\01832_ref_64.npy,data/hcr_train\triplets\01832_ref_128.npy,data/hcr_train\triplets\01832_pos_64.npy,data/hcr_train\triplets\01832_pos_128.npy,data/hcr_train\triplets\01832_neg_64.npy,data/hcr_train\triplets\01832_neg_128.npy,0.2334,0.2403,0.9,65.59,51.9,196.0
1833,431,Adversarial,finfet_7nm,data/hcr_train\triplets\01833_ref_64.npy,data/hcr_train\triplets\01833_ref_128.npy,data/hcr_train\triplets\01833_pos_64.npy,data/hcr_train\triplets\01833_pos_128.npy,data/hcr_train\triplets\01833_neg_64.npy,data/hcr_train\triplets\01833_neg_128.npy,0.2334,0.2382,0.9,76.0,51.9,196.0
1834,431,Adversarial,finfet_7nm,data/hcr_train\triplets\01834_ref_64.npy,data/hcr_train\triplets\01834_ref_128.npy,data/hcr_train\triplets\01834_pos_64.npy,data/hcr_train\triplets\01834_pos_128.npy,data/hcr_train\triplets\01834_neg_64.npy,data/hcr_train\triplets\01834_neg_128.npy,0.2334,0.2378,0.9,61.0,51.9,196.0
1835,432,Easy,dram_1x,data/hcr_train\triplets\01835_ref_64.npy,data/hcr_train\triplets\01835_ref_128.npy,data/hcr_train\triplets\01835_pos_64.npy,data/hcr_train\triplets\01835_pos_128.npy,data/hcr_train\triplets\01835_neg_64.npy,data/hcr_train\triplets\01835_neg_128.npy,0.9495,0.908,0.14,37.9,853.1,452.1
1836,432,Easy,dram_1x,data/hcr_train\triplets\01836_ref_64.npy,data/hcr_train\triplets\01836_ref_128.npy,data/hcr_train\triplets\01836_pos_64.npy,data/hcr_train\triplets\01836_pos_128.npy,data/hcr_train\triplets\01836_neg_64.npy,data/hcr_train\triplets\01836_neg_128.npy,0.9495,0.9058,0.14,38.1,853.1,452.1
1837,432,Easy,dram_1x,data/hcr_train\triplets\01837_ref_64.npy,data/hcr_train\triplets\01837_ref_128.npy,data/hcr_train\triplets\01837_pos_64.npy,data/hcr_train\triplets\01837_pos_128.npy,data/hcr_train\triplets\01837_neg_64.npy,data/hcr_train\triplets\01837_neg_128.npy,0.9495,0.8968,0.14,19.1,853.1,452.1
1838,432,Easy,dram_1x,data/hcr_train\triplets\01838_ref_64.npy,data/hcr_train\triplets\01838_ref_128.npy,data/hcr_train\triplets\01838_pos_64.npy,data/hcr_train\triplets\01838_pos_128.npy,data/hcr_train\triplets\01838_neg_64.npy,data/hcr_train\triplets\01838_neg_128.npy,0.9495,0.896,0.14,18.9,853.1,452.1
1839,432,Easy,dram_1x,data/hcr_train\triplets\01839_ref_64.npy,data/hcr_train\triplets\01839_ref_128.npy,data/hcr_train\triplets\01839_pos_64.npy,data/hcr_train\triplets\01839_pos_128.npy,data/hcr_train\triplets\01839_neg_64.npy,data/hcr_train\triplets\01839_neg_128.npy,0.9495,0.8644,0.14,57.1,853.1,452.1
1840,433,Medium,dram_dense,data/hcr_train\triplets\01840_ref_64.npy,data/hcr_train\triplets\01840_ref_128.npy,data/hcr_train\triplets\01840_pos_64.npy,data/hcr_train\triplets\01840_pos_128.npy,data/hcr_train\triplets\01840_neg_64.npy,data/hcr_train\triplets\01840_neg_128.npy,0.9022,0.8896,1.7,27.3,761.7,939.1
1841,433,Medium,dram_dense,data/hcr_train\triplets\01841_ref_64.npy,data/hcr_train\triplets\01841_ref_128.npy,data/hcr_train\triplets\01841_pos_64.npy,data/hcr_train\triplets\01841_pos_128.npy,data/hcr_train\triplets\01841_neg_64.npy,data/hcr_train\triplets\01841_neg_128.npy,0.9022,0.8819,1.7,116.7,761.7,939.1
1842,433,Medium,dram_dense,data/hcr_train\triplets\01842_ref_64.npy,data/hcr_train\triplets\01842_ref_128.npy,data/hcr_train\triplets\01842_pos_64.npy,data/hcr_train\triplets\01842_pos_128.npy,data/hcr_train\triplets\01842_neg_64.npy,data/hcr_train\triplets\01842_neg_128.npy,0.9022,0.8765,1.7,30.7,761.7,939.1
1843,433,Medium,dram_dense,data/hcr_train\triplets\01843_ref_64.npy,data/hcr_train\triplets\01843_ref_128.npy,data/hcr_train\triplets\01843_pos_64.npy,data/hcr_train\triplets\01843_pos_128.npy,data/hcr_train\triplets\01843_neg_64.npy,data/hcr_train\triplets\01843_neg_128.npy,0.9022,0.8664,1.7,615.83,761.7,939.1
1844,433,Medium,dram_dense,data/hcr_train\triplets\01844_ref_64.npy,data/hcr_train\triplets\01844_ref_128.npy,data/hcr_train\triplets\01844_pos_64.npy,data/hcr_train\triplets\01844_pos_128.npy,data/hcr_train\triplets\01844_neg_64.npy,data/hcr_train\triplets\01844_neg_128.npy,0.9022,0.8573,1.7,59.7,761.7,939.1
1845,435,Adversarial,finfet_7nm,data/hcr_train\triplets\01845_ref_64.npy,data/hcr_train\triplets\01845_ref_128.npy,data/hcr_train\triplets\01845_pos_64.npy,data/hcr_train\triplets\01845_pos_128.npy,data/hcr_train\triplets\01845_neg_64.npy,data/hcr_train\triplets\01845_neg_128.npy,0.3151,0.3267,0.85,22.8,689.8,292.3
1846,435,Adversarial,finfet_7nm,data/hcr_train\triplets\01846_ref_64.npy,data/hcr_train\triplets\01846_ref_128.npy,data/hcr_train\triplets\01846_pos_64.npy,data/hcr_train\triplets\01846_pos_128.npy,data/hcr_train\triplets\01846_neg_64.npy,data/hcr_train\triplets\01846_neg_128.npy,0.3151,0.3217,0.85,16.2,689.8,292.3
1847,435,Adversarial,finfet_7nm,data/hcr_train\triplets\01847_ref_64.npy,data/hcr_train\triplets\01847_ref_128.npy,data/hcr_train\triplets\01847_pos_64.npy,data/hcr_train\triplets\01847_pos_128.npy,data/hcr_train\triplets\01847_neg_64.npy,data/hcr_train\triplets\01847_neg_128.npy,0.3151,0.3181,0.85,38.8,689.8,292.3
1848,435,Adversarial,finfet_7nm,data/hcr_train\triplets\01848_ref_64.npy,data/hcr_train\triplets\01848_ref_128.npy,data/hcr_train\triplets\01848_pos_64.npy,data/hcr_train\triplets\01848_pos_128.npy,data/hcr_train\triplets\01848_neg_64.npy,data/hcr_train\triplets\01848_neg_128.npy,0.3151,0.3125,0.85,105.2,689.8,292.3
1849,435,Adversarial,finfet_7nm,data/hcr_train\triplets\01849_ref_64.npy,data/hcr_train\triplets\01849_ref_128.npy,data/hcr_train\triplets\01849_pos_64.npy,data/hcr_train\triplets\01849_pos_128.npy,data/hcr_train\triplets\01849_neg_64.npy,data/hcr_train\triplets\01849_neg_128.npy,0.3151,0.3119,0.85,57.2,689.8,292.3
1850,436,Easy,dram_1x,data/hcr_train\triplets\01850_ref_64.npy,data/hcr_train\triplets\01850_ref_128.npy,data/hcr_train\triplets\01850_pos_64.npy,data/hcr_train\triplets\01850_pos_128.npy,data/hcr_train\triplets\01850_neg_64.npy,data/hcr_train\triplets\01850_neg_128.npy,0.9624,0.9258,0.22,48.1,532.8,107.1
1851,436,Easy,dram_1x,data/hcr_train\triplets\01851_ref_64.npy,data/hcr_train\triplets\01851_ref_128.npy,data/hcr_train\triplets\01851_pos_64.npy,data/hcr_train\triplets\01851_pos_128.npy,data/hcr_train\triplets\01851_neg_64.npy,data/hcr_train\triplets\01851_neg_128.npy,0.9624,0.9225,0.22,24.1,532.8,107.1
1852,436,Easy,dram_1x,data/hcr_train\triplets\01852_ref_64.npy,data/hcr_train\triplets\01852_ref_128.npy,data/hcr_train\triplets\01852_pos_64.npy,data/hcr_train\triplets\01852_pos_128.npy,data/hcr_train\triplets\01852_neg_64.npy,data/hcr_train\triplets\01852_neg_128.npy,0.9624,0.9169,0.22,23.9,532.8,107.1
1853,436,Easy,dram_1x,data/hcr_train\triplets\01853_ref_64.npy,data/hcr_train\triplets\01853_ref_128.npy,data/hcr_train\triplets\01853_pos_64.npy,data/hcr_train\triplets\01853_pos_128.npy,data/hcr_train\triplets\01853_neg_64.npy,data/hcr_train\triplets\01853_neg_128.npy,0.9624,0.9062,0.22,95.9,532.8,107.1
1854,436,Easy,dram_1x,data/hcr_train\triplets\01854_ref_64.npy,data/hcr_train\triplets\01854_ref_128.npy,data/hcr_train\triplets\01854_pos_64.npy,data/hcr_train\triplets\01854_pos_128.npy,data/hcr_train\triplets\01854_neg_64.npy,data/hcr_train\triplets\01854_neg_128.npy,0.9624,0.9028,0.22,47.9,532.8,107.1
1855,437,Medium,dram_dense,data/hcr_train\triplets\01855_ref_64.npy,data/hcr_train\triplets\01855_ref_128.npy,data/hcr_train\triplets\01855_pos_64.npy,data/hcr_train\triplets\01855_pos_128.npy,data/hcr_train\triplets\01855_neg_64.npy,data/hcr_train\triplets\01855_neg_128.npy,0.876,0.7458,1.36,23.3,424.3,849.4
1856,437,Medium,dram_dense,data/hcr_train\triplets\01856_ref_64.npy,data/hcr_train\triplets\01856_ref_128.npy,data/hcr_train\triplets\01856_pos_64.npy,data/hcr_train\triplets\01856_pos_128.npy,data/hcr_train\triplets\01856_neg_64.npy,data/hcr_train\triplets\01856_neg_128.npy,0.876,0.723,1.36,21.7,424.3,849.4
1857,437,Medium,dram_dense,data/hcr_train\triplets\01857_ref_64.npy,data/hcr_train\triplets\01857_ref_128.npy,data/hcr_train\triplets\01857_pos_64.npy,data/hcr_train\triplets\01857_pos_128.npy,data/hcr_train\triplets\01857_neg_64.npy,data/hcr_train\triplets\01857_neg_128.npy,0.876,0.7095,1.36,97.3,424.3,849.4
1858,437,Medium,dram_dense,data/hcr_train\triplets\01858_ref_64.npy,data/hcr_train\triplets\01858_ref_128.npy,data/hcr_train\triplets\01858_pos_64.npy,data/hcr_train\triplets\01858_pos_128.npy,data/hcr_train\triplets\01858_neg_64.npy,data/hcr_train\triplets\01858_neg_128.npy,0.876,0.6709,1.36,48.3,424.3,849.4
1859,437,Medium,dram_dense,data/hcr_train\triplets\01859_ref_64.npy,data/hcr_train\triplets\01859_ref_128.npy,data/hcr_train\triplets\01859_pos_64.npy,data/hcr_train\triplets\01859_pos_128.npy,data/hcr_train\triplets\01859_neg_64.npy,data/hcr_train\triplets\01859_neg_128.npy,0.876,0.6646,1.36,95.7,424.3,849.4
1860,438,Hard,finfet_10nm,data/hcr_train\triplets\01860_ref_64.npy,data/hcr_train\triplets\01860_ref_128.npy,data/hcr_train\triplets\01860_pos_64.npy,data/hcr_train\triplets\01860_pos_128.npy,data/hcr_train\triplets\01860_neg_64.npy,data/hcr_train\triplets\01860_neg_128.npy,0.6932,0.7049,1.14,71.7,853.1,142.7
1861,438,Hard,finfet_10nm,data/hcr_train\triplets\01861_ref_64.npy,data/hcr_train\triplets\01861_ref_128.npy,data/hcr_train\triplets\01861_pos_64.npy,data/hcr_train\triplets\01861_pos_128.npy,data/hcr_train\triplets\01861_neg_64.npy,data/hcr_train\triplets\01861_neg_128.npy,0.6932,0.6937,1.14,36.32,853.1,142.7
1862,438,Hard,finfet_10nm,data/hcr_train\triplets\01862_ref_64.npy,data/hcr_train\triplets\01862_ref_128.npy,data/hcr_train\triplets\01862_pos_64.npy,data/hcr_train\triplets\01862_pos_128.npy,data/hcr_train\triplets\01862_neg_64.npy,data/hcr_train\triplets\01862_neg_128.npy,0.6932,0.6824,1.14,35.7,853.1,142.7
1863,438,Hard,finfet_10nm,data/hcr_train\triplets\01863_ref_64.npy,data/hcr_train\triplets\01863_ref_128.npy,data/hcr_train\triplets\01863_pos_64.npy,data/hcr_train\triplets\01863_pos_128.npy,data/hcr_train\triplets\01863_neg_64.npy,data/hcr_train\triplets\01863_neg_128.npy,0.6932,0.6649,1.14,71.31,853.1,142.7
1864,438,Hard,finfet_10nm,data/hcr_train\triplets\01864_ref_64.npy,data/hcr_train\triplets\01864_ref_128.npy,data/hcr_train\triplets\01864_pos_64.npy,data/hcr_train\triplets\01864_pos_128.npy,data/hcr_train\triplets\01864_neg_64.npy,data/hcr_train\triplets\01864_neg_128.npy,0.6932,0.586,1.14,18.33,853.1,142.7
1865,439,Adversarial,finfet_7nm,data/hcr_train\triplets\01865_ref_64.npy,data/hcr_train\triplets\01865_ref_128.npy,data/hcr_train\triplets\01865_pos_64.npy,data/hcr_train\triplets\01865_pos_128.npy,data/hcr_train\triplets\01865_neg_64.npy,data/hcr_train\triplets\01865_neg_128.npy,0.3341,0.3279,4.42,556.4,586.4,930.4
1866,439,Adversarial,finfet_7nm,data/hcr_train\triplets\01866_ref_64.npy,data/hcr_train\triplets\01866_ref_128.npy,data/hcr_train\triplets\01866_pos_64.npy,data/hcr_train\triplets\01866_pos_128.npy,data/hcr_train\triplets\01866_neg_64.npy,data/hcr_train\triplets\01866_neg_128.npy,0.3341,0.3245,4.42,490.4,586.4,930.4
1867,439,Adversarial,finfet_7nm,data/hcr_train\triplets\01867_ref_64.npy,data/hcr_train\triplets\01867_ref_128.npy,data/hcr_train\triplets\01867_pos_64.npy,data/hcr_train\triplets\01867_pos_128.npy,data/hcr_train\triplets\01867_neg_64.npy,data/hcr_train\triplets\01867_neg_128.npy,0.3341,0.3191,4.42,467.4,586.4,930.4
1868,439,Adversarial,finfet_7nm,data/hcr_train\triplets\01868_ref_64.npy,data/hcr_train\triplets\01868_ref_128.npy,data/hcr_train\triplets\01868_pos_64.npy,data/hcr_train\triplets\01868_pos_128.npy,data/hcr_train\triplets\01868_neg_64.npy,data/hcr_train\triplets\01868_neg_128.npy,0.3341,0.3104,4.42,512.4,586.4,930.4
1869,439,Adversarial,finfet_7nm,data/hcr_train\triplets\01869_ref_64.npy,data/hcr_train\triplets\01869_ref_128.npy,data/hcr_train\triplets\01869_pos_64.npy,data/hcr_train\triplets\01869_pos_128.npy,data/hcr_train\triplets\01869_neg_64.npy,data/hcr_train\triplets\01869_neg_128.npy,0.3341,0.3096,4.42,423.4,586.4,930.4
1870,440,Easy,dram_1x,data/hcr_train\triplets\01870_ref_64.npy,data/hcr_train\triplets\01870_ref_128.npy,data/hcr_train\triplets\01870_pos_64.npy,data/hcr_train\triplets\01870_pos_128.npy,data/hcr_train\triplets\01870_neg_64.npy,data/hcr_train\triplets\01870_neg_128.npy,0.9371,0.8784,0.36,64.2,572.3,120.8
1871,440,Easy,dram_1x,data/hcr_train\triplets\01871_ref_64.npy,data/hcr_train\triplets\01871_ref_128.npy,data/hcr_train\triplets\01871_pos_64.npy,data/hcr_train\triplets\01871_pos_128.npy,data/hcr_train\triplets\01871_neg_64.npy,data/hcr_train\triplets\01871_neg_128.npy,0.9371,0.8603,0.36,63.8,572.3,120.8
1872,440,Easy,dram_1x,data/hcr_train\triplets\01872_ref_64.npy,data/hcr_train\triplets\01872_ref_128.npy,data/hcr_train\triplets\01872_pos_64.npy,data/hcr_train\triplets\01872_pos_128.npy,data/hcr_train\triplets\01872_neg_64.npy,data/hcr_train\triplets\01872_neg_128.npy,0.9371,0.8497,0.36,32.2,572.3,120.8
1873,440,Easy,dram_1x,data/hcr_train\triplets\01873_ref_64.npy,data/hcr_train\triplets\01873_ref_128.npy,data/hcr_train\triplets\01873_pos_64.npy,data/hcr_train\triplets\01873_pos_128.npy,data/hcr_train\triplets\01873_neg_64.npy,data/hcr_train\triplets\01873_neg_128.npy,0.9371,0.8446,0.36,31.8,572.3,120.8
1874,440,Easy,dram_1x,data/hcr_train\triplets\01874_ref_64.npy,data/hcr_train\triplets\01874_ref_128.npy,data/hcr_train\triplets\01874_pos_64.npy,data/hcr_train\triplets\01874_pos_128.npy,data/hcr_train\triplets\01874_neg_64.npy,data/hcr_train\triplets\01874_neg_128.npy,0.9371,0.7772,0.36,96.2,572.3,120.8
1875,441,Medium,dram_dense,data/hcr_train\triplets\01875_ref_64.npy,data/hcr_train\triplets\01875_ref_128.npy,data/hcr_train\triplets\01875_pos_64.npy,data/hcr_train\triplets\01875_pos_128.npy,data/hcr_train\triplets\01875_neg_64.npy,data/hcr_train\triplets\01875_neg_128.npy,0.8758,0.4921,0.98,15.63,861.9,565.4
1876,441,Medium,dram_dense,data/hcr_train\triplets\01876_ref_64.npy,data/hcr_train\triplets\01876_ref_128.npy,data/hcr_train\triplets\01876_pos_64.npy,data/hcr_train\triplets\01876_pos_128.npy,data/hcr_train\triplets\01876_neg_64.npy,data/hcr_train\triplets\01876_neg_128.npy,0.8758,0.4779,0.98,13.43,861.9,565.4
1877,441,Medium,dram_dense,data/hcr_train\triplets\01877_ref_64.npy,data/hcr_train\triplets\01877_ref_128.npy,data/hcr_train\triplets\01877_pos_64.npy,data/hcr_train\triplets\01877_pos_128.npy,data/hcr_train\triplets\01877_neg_64.npy,data/hcr_train\triplets\01877_neg_128.npy,0.8758,0.4396,0.98,22.9,861.9,565.4
1878,441,Medium,dram_dense,data/hcr_train\triplets\01878_ref_64.npy,data/hcr_train\triplets\01878_ref_128.npy,data/hcr_train\triplets\01878_pos_64.npy,data/hcr_train\triplets\01878_pos_128.npy,data/hcr_train\triplets\01878_neg_64.npy,data/hcr_train\triplets\01878_neg_128.npy,0.8758,0.4136,0.98,215.9,861.9,565.4
1879,441,Medium,dram_dense,data/hcr_train\triplets\01879_ref_64.npy,data/hcr_train\triplets\01879_ref_128.npy,data/hcr_train\triplets\01879_pos_64.npy,data/hcr_train\triplets\01879_pos_128.npy,data/hcr_train\triplets\01879_neg_64.npy,data/hcr_train\triplets\01879_neg_128.npy,0.8758,0.409,0.98,118.9,861.9,565.4
1880,444,Easy,dram_1x,data/hcr_train\triplets\01880_ref_64.npy,data/hcr_train\triplets\01880_ref_128.npy,data/hcr_train\triplets\01880_pos_64.npy,data/hcr_train\triplets\01880_pos_128.npy,data/hcr_train\triplets\01880_neg_64.npy,data/hcr_train\triplets\01880_neg_128.npy,0.9544,0.9059,0.2,19.0,568.2,210.0
1881,444,Easy,dram_1x,data/hcr_train\triplets\01881_ref_64.npy,data/hcr_train\triplets\01881_ref_128.npy,data/hcr_train\triplets\01881_pos_64.npy,data/hcr_train\triplets\01881_pos_128.npy,data/hcr_train\triplets\01881_neg_64.npy,data/hcr_train\triplets\01881_neg_128.npy,0.9544,0.8651,0.2,38.0,568.2,210.0
1882,444,Easy,dram_1x,data/hcr_train\triplets\01882_ref_64.npy,data/hcr_train\triplets\01882_ref_128.npy,data/hcr_train\triplets\01882_pos_64.npy,data/hcr_train\triplets\01882_pos_128.npy,data/hcr_train\triplets\01882_neg_64.npy,data/hcr_train\triplets\01882_neg_128.npy,0.9544,0.8361,0.2,296.39,568.2,210.0
1883,444,Easy,dram_1x,data/hcr_train\triplets\01883_ref_64.npy,data/hcr_train\triplets\01883_ref_128.npy,data/hcr_train\triplets\01883_pos_64.npy,data/hcr_train\triplets\01883_pos_128.npy,data/hcr_train\triplets\01883_neg_64.npy,data/hcr_train\triplets\01883_neg_128.npy,0.9544,0.8207,0.2,67.0,568.2,210.0
1884,444,Easy,dram_1x,data/hcr_train\triplets\01884_ref_64.npy,data/hcr_train\triplets\01884_ref_128.npy,data/hcr_train\triplets\01884_pos_64.npy,data/hcr_train\triplets\01884_pos_128.npy,data/hcr_train\triplets\01884_neg_64.npy,data/hcr_train\triplets\01884_neg_128.npy,0.9544,0.8191,0.2,299.3,568.2,210.0
1885,445,Medium,dram_dense,data/hcr_train\triplets\01885_ref_64.npy,data/hcr_train\triplets\01885_ref_128.npy,data/hcr_train\triplets\01885_pos_64.npy,data/hcr_train\triplets\01885_pos_128.npy,data/hcr_train\triplets\01885_neg_64.npy,data/hcr_train\triplets\01885_neg_128.npy,0.8309,0.8544,1.1,39.1,692.1,425.0
1886,445,Medium,dram_dense,data/hcr_train\triplets\01886_ref_64.npy,data/hcr_train\triplets\01886_ref_128.npy,data/hcr_train\triplets\01886_pos_64.npy,data/hcr_train\triplets\01886_pos_128.npy,data/hcr_train\triplets\01886_neg_64.npy,data/hcr_train\triplets\01886_neg_128.npy,0.8309,0.853,1.1,20.1,692.1,425.0
1887,445,Medium,dram_dense,data/hcr_train\triplets\01887_ref_64.npy,data/hcr_train\triplets\01887_ref_128.npy,data/hcr_train\triplets\01887_pos_64.npy,data/hcr_train\triplets\01887_pos_128.npy,data/hcr_train\triplets\01887_neg_64.npy,data/hcr_train\triplets\01887_neg_128.npy,0.8309,0.8483,1.1,37.9,692.1,425.0
1888,445,Medium,dram_dense,data/hcr_train\triplets\01888_ref_64.npy,data/hcr_train\triplets\01888_ref_128.npy,data/hcr_train\triplets\01888_pos_64.npy,data/hcr_train\triplets\01888_pos_128.npy,data/hcr_train\triplets\01888_neg_64.npy,data/hcr_train\triplets\01888_neg_128.npy,0.8309,0.8483,1.1,56.9,692.1,425.0
1889,445,Medium,dram_dense,data/hcr_train\triplets\01889_ref_64.npy,data/hcr_train\triplets\01889_ref_128.npy,data/hcr_train\triplets\01889_pos_64.npy,data/hcr_train\triplets\01889_pos_128.npy,data/hcr_train\triplets\01889_neg_64.npy,data/hcr_train\triplets\01889_neg_128.npy,0.8309,0.8372,1.1,58.1,692.1,425.0
1890,447,Adversarial,finfet_7nm,data/hcr_train\triplets\01890_ref_64.npy,data/hcr_train\triplets\01890_ref_128.npy,data/hcr_train\triplets\01890_pos_64.npy,data/hcr_train\triplets\01890_pos_128.npy,data/hcr_train\triplets\01890_neg_64.npy,data/hcr_train\triplets\01890_neg_128.npy,0.41,0.4101,0.82,35.8,894.8,150.8
1891,447,Adversarial,finfet_7nm,data/hcr_train\triplets\01891_ref_64.npy,data/hcr_train\triplets\01891_ref_128.npy,data/hcr_train\triplets\01891_pos_64.npy,data/hcr_train\triplets\01891_pos_128.npy,data/hcr_train\triplets\01891_neg_64.npy,data/hcr_train\triplets\01891_neg_128.npy,0.41,0.3986,0.82,852.53,894.8,150.8
1892,447,Adversarial,finfet_7nm,data/hcr_train\triplets\01892_ref_64.npy,data/hcr_train\triplets\01892_ref_128.npy,data/hcr_train\triplets\01892_pos_64.npy,data/hcr_train\triplets\01892_pos_128.npy,data/hcr_train\triplets\01892_neg_64.npy,data/hcr_train\triplets\01892_neg_128.npy,0.41,0.3915,0.82,71.8,894.8,150.8
1893,447,Adversarial,finfet_7nm,data/hcr_train\triplets\01893_ref_64.npy,data/hcr_train\triplets\01893_ref_128.npy,data/hcr_train\triplets\01893_pos_64.npy,data/hcr_train\triplets\01893_pos_128.npy,data/hcr_train\triplets\01893_neg_64.npy,data/hcr_train\triplets\01893_neg_128.npy,0.41,0.39,0.82,662.04,894.8,150.8
1894,447,Adversarial,finfet_7nm,data/hcr_train\triplets\01894_ref_64.npy,data/hcr_train\triplets\01894_ref_128.npy,data/hcr_train\triplets\01894_pos_64.npy,data/hcr_train\triplets\01894_pos_128.npy,data/hcr_train\triplets\01894_neg_64.npy,data/hcr_train\triplets\01894_neg_128.npy,0.41,0.3888,0.82,90.27,894.8,150.8
1895,448,Easy,dram_1x,data/hcr_train\triplets\01895_ref_64.npy,data/hcr_train\triplets\01895_ref_128.npy,data/hcr_train\triplets\01895_pos_64.npy,data/hcr_train\triplets\01895_pos_128.npy,data/hcr_train\triplets\01895_neg_64.npy,data/hcr_train\triplets\01895_neg_128.npy,0.9419,0.911,0.28,38.2,267.2,123.8
1896,448,Easy,dram_1x,data/hcr_train\triplets\01896_ref_64.npy,data/hcr_train\triplets\01896_ref_128.npy,data/hcr_train\triplets\01896_pos_64.npy,data/hcr_train\triplets\01896_pos_128.npy,data/hcr_train\triplets\01896_neg_64.npy,data/hcr_train\triplets\01896_neg_128.npy,0.9419,0.9043,0.28,76.2,267.2,123.8
1897,448,Easy,dram_1x,data/hcr_train\triplets\01897_ref_64.npy,data/hcr_train\triplets\01897_ref_128.npy,data/hcr_train\triplets\01897_pos_64.npy,data/hcr_train\triplets\01897_pos_128.npy,data/hcr_train\triplets\01897_neg_64.npy,data/hcr_train\triplets\01897_neg_128.npy,0.9419,0.9034,0.28,57.2,267.2,123.8
1898,448,Easy,dram_1x,data/hcr_train\triplets\01898_ref_64.npy,data/hcr_train\triplets\01898_ref_128.npy,data/hcr_train\triplets\01898_pos_64.npy,data/hcr_train\triplets\01898_pos_128.npy,data/hcr_train\triplets\01898_neg_64.npy,data/hcr_train\triplets\01898_neg_128.npy,0.9419,0.9008,0.28,19.2,267.2,123.8
1899,448,Easy,dram_1x,data/hcr_train\triplets\01899_ref_64.npy,data/hcr_train\triplets\01899_ref_128.npy,data/hcr_train\triplets\01899_pos_64.npy,data/hcr_train\triplets\01899_pos_128.npy,data/hcr_train\triplets\01899_neg_64.npy,data/hcr_train\triplets\01899_neg_128.npy,0.9419,0.8911,0.28,18.8,267.2,123.8
1900,449,Medium,dram_dense,data/hcr_train\triplets\01900_ref_64.npy,data/hcr_train\triplets\01900_ref_128.npy,data/hcr_train\triplets\01900_pos_64.npy,data/hcr_train\triplets\01900_pos_128.npy,data/hcr_train\triplets\01900_neg_64.npy,data/hcr_train\triplets\01900_neg_128.npy,0.8809,0.8047,0.81,28.2,918.8,567.9
1901,449,Medium,dram_dense,data/hcr_train\triplets\01901_ref_64.npy,data/hcr_train\triplets\01901_ref_128.npy,data/hcr_train\triplets\01901_pos_64.npy,data/hcr_train\triplets\01901_pos_128.npy,data/hcr_train\triplets\01901_neg_64.npy,data/hcr_train\triplets\01901_neg_128.npy,0.8809,0.7808,0.81,13.2,918.8,567.9
1902,449,Medium,dram_dense,data/hcr_train\triplets\01902_ref_64.npy,data/hcr_train\triplets\01902_ref_128.npy,data/hcr_train\triplets\01902_pos_64.npy,data/hcr_train\triplets\01902_pos_128.npy,data/hcr_train\triplets\01902_neg_64.npy,data/hcr_train\triplets\01902_neg_128.npy,0.8809,0.7495,0.81,14.8,918.8,567.9
1903,449,Medium,dram_dense,data/hcr_train\triplets\01903_ref_64.npy,data/hcr_train\triplets\01903_ref_128.npy,data/hcr_train\triplets\01903_pos_64.npy,data/hcr_train\triplets\01903_pos_128.npy,data/hcr_train\triplets\01903_neg_64.npy,data/hcr_train\triplets\01903_neg_128.npy,0.8809,0.6341,0.81,28.8,918.8,567.9
1904,449,Medium,dram_dense,data/hcr_train\triplets\01904_ref_64.npy,data/hcr_train\triplets\01904_ref_128.npy,data/hcr_train\triplets\01904_pos_64.npy,data/hcr_train\triplets\01904_pos_128.npy,data/hcr_train\triplets\01904_neg_64.npy,data/hcr_train\triplets\01904_neg_128.npy,0.8809,0.5117,0.81,18.92,918.8,567.9
1905,451,Adversarial,finfet_7nm,data/hcr_train\triplets\01905_ref_64.npy,data/hcr_train\triplets\01905_ref_128.npy,data/hcr_train\triplets\01905_pos_64.npy,data/hcr_train\triplets\01905_pos_128.npy,data/hcr_train\triplets\01905_neg_64.npy,data/hcr_train\triplets\01905_neg_128.npy,0.3622,0.2503,4.61,8.41,575.6,869.7
1906,451,Adversarial,finfet_7nm,data/hcr_train\triplets\01906_ref_64.npy,data/hcr_train\triplets\01906_ref_128.npy,data/hcr_train\triplets\01906_pos_64.npy,data/hcr_train\triplets\01906_pos_128.npy,data/hcr_train\triplets\01906_neg_64.npy,data/hcr_train\triplets\01906_neg_128.npy,0.3622,0.221,4.61,17.6,575.6,869.7
1907,451,Adversarial,finfet_7nm,data/hcr_train\triplets\01907_ref_64.npy,data/hcr_train\triplets\01907_ref_128.npy,data/hcr_train\triplets\01907_pos_64.npy,data/hcr_train\triplets\01907_pos_128.npy,data/hcr_train\triplets\01907_neg_64.npy,data/hcr_train\triplets\01907_neg_128.npy,0.3622,0.1959,4.61,410.92,575.6,869.7
1908,451,Adversarial,finfet_7nm,data/hcr_train\triplets\01908_ref_64.npy,data/hcr_train\triplets\01908_ref_128.npy,data/hcr_train\triplets\01908_pos_64.npy,data/hcr_train\triplets\01908_pos_128.npy,data/hcr_train\triplets\01908_neg_64.npy,data/hcr_train\triplets\01908_neg_128.npy,0.3622,0.1955,4.61,295.62,575.6,869.7
1909,451,Adversarial,finfet_7nm,data/hcr_train\triplets\01909_ref_64.npy,data/hcr_train\triplets\01909_ref_128.npy,data/hcr_train\triplets\01909_pos_64.npy,data/hcr_train\triplets\01909_pos_128.npy,data/hcr_train\triplets\01909_neg_64.npy,data/hcr_train\triplets\01909_neg_128.npy,0.3622,0.1897,4.61,196.6,575.6,869.7
1910,452,Easy,dram_1x,data/hcr_train\triplets\01910_ref_64.npy,data/hcr_train\triplets\01910_ref_128.npy,data/hcr_train\triplets\01910_pos_64.npy,data/hcr_train\triplets\01910_pos_128.npy,data/hcr_train\triplets\01910_neg_64.npy,data/hcr_train\triplets\01910_neg_128.npy,0.9204,0.5778,0.78,143.4,591.6,863.5
1911,452,Easy,dram_1x,data/hcr_train\triplets\01911_ref_64.npy,data/hcr_train\triplets\01911_ref_128.npy,data/hcr_train\triplets\01911_pos_64.npy,data/hcr_train\triplets\01911_pos_128.npy,data/hcr_train\triplets\01911_neg_64.npy,data/hcr_train\triplets\01911_neg_128.npy,0.9204,0.5691,0.78,71.4,591.6,863.5
1912,452,Easy,dram_1x,data/hcr_train\triplets\01912_ref_64.npy,data/hcr_train\triplets\01912_ref_128.npy,data/hcr_train\triplets\01912_pos_64.npy,data/hcr_train\triplets\01912_pos_128.npy,data/hcr_train\triplets\01912_neg_64.npy,data/hcr_train\triplets\01912_neg_128.npy,0.9204,0.5204,0.78,13.51,591.6,863.5
1913,452,Easy,dram_1x,data/hcr_train\triplets\01913_ref_64.npy,data/hcr_train\triplets\01913_ref_128.npy,data/hcr_train\triplets\01913_pos_64.npy,data/hcr_train\triplets\01913_pos_128.npy,data/hcr_train\triplets\01913_neg_64.npy,data/hcr_train\triplets\01913_neg_128.npy,0.9204,0.5019,0.78,12.51,591.6,863.5
1914,452,Easy,dram_1x,data/hcr_train\triplets\01914_ref_64.npy,data/hcr_train\triplets\01914_ref_128.npy,data/hcr_train\triplets\01914_pos_64.npy,data/hcr_train\triplets\01914_pos_128.npy,data/hcr_train\triplets\01914_neg_64.npy,data/hcr_train\triplets\01914_neg_128.npy,0.9204,0.4641,0.78,647.74,591.6,863.5
1915,453,Medium,dram_dense,data/hcr_train\triplets\01915_ref_64.npy,data/hcr_train\triplets\01915_ref_128.npy,data/hcr_train\triplets\01915_pos_64.npy,data/hcr_train\triplets\01915_pos_128.npy,data/hcr_train\triplets\01915_neg_64.npy,data/hcr_train\triplets\01915_neg_128.npy,0.8954,0.8858,0.54,24.21,444.5,145.8
1916,453,Medium,dram_dense,data/hcr_train\triplets\01916_ref_64.npy,data/hcr_train\triplets\01916_ref_128.npy,data/hcr_train\triplets\01916_pos_64.npy,data/hcr_train\triplets\01916_pos_128.npy,data/hcr_train\triplets\01916_neg_64.npy,data/hcr_train\triplets\01916_neg_128.npy,0.8954,0.8854,0.54,80.91,444.5,145.8
1917,453,Medium,dram_dense,data/hcr_train\triplets\01917_ref_64.npy,data/hcr_train\triplets\01917_ref_128.npy,data/hcr_train\triplets\01917_pos_64.npy,data/hcr_train\triplets\01917_pos_128.npy,data/hcr_train\triplets\01917_neg_64.npy,data/hcr_train\triplets\01917_neg_128.npy,0.8954,0.8851,0.54,48.2,444.5,145.8
1918,453,Medium,dram_dense,data/hcr_train\triplets\01918_ref_64.npy,data/hcr_train\triplets\01918_ref_128.npy,data/hcr_train\triplets\01918_pos_64.npy,data/hcr_train\triplets\01918_pos_128.npy,data/hcr_train\triplets\01918_neg_64.npy,data/hcr_train\triplets\01918_neg_128.npy,0.8954,0.8848,0.54,71.8,444.5,145.8
1919,453,Medium,dram_dense,data/hcr_train\triplets\01919_ref_64.npy,data/hcr_train\triplets\01919_ref_128.npy,data/hcr_train\triplets\01919_pos_64.npy,data/hcr_train\triplets\01919_pos_128.npy,data/hcr_train\triplets\01919_neg_64.npy,data/hcr_train\triplets\01919_neg_128.npy,0.8954,0.8845,0.54,72.5,444.5,145.8
1920,454,Hard,finfet_10nm,data/hcr_train\triplets\01920_ref_64.npy,data/hcr_train\triplets\01920_ref_128.npy,data/hcr_train\triplets\01920_pos_64.npy,data/hcr_train\triplets\01920_pos_128.npy,data/hcr_train\triplets\01920_neg_64.npy,data/hcr_train\triplets\01920_neg_128.npy,0.7538,0.5035,1.12,51.81,858.1,427.8
1921,454,Hard,finfet_10nm,data/hcr_train\triplets\01921_ref_64.npy,data/hcr_train\triplets\01921_ref_128.npy,data/hcr_train\triplets\01921_pos_64.npy,data/hcr_train\triplets\01921_pos_128.npy,data/hcr_train\triplets\01921_neg_64.npy,data/hcr_train\triplets\01921_neg_128.npy,0.7538,0.4895,1.12,52.21,858.1,427.8
1922,454,Hard,finfet_10nm,data/hcr_train\triplets\01922_ref_64.npy,data/hcr_train\triplets\01922_ref_128.npy,data/hcr_train\triplets\01922_pos_64.npy,data/hcr_train\triplets\01922_pos_128.npy,data/hcr_train\triplets\01922_neg_64.npy,data/hcr_train\triplets\01922_neg_128.npy,0.7538,0.4889,1.12,77.21,858.1,427.8
1923,454,Hard,finfet_10nm,data/hcr_train\triplets\01923_ref_64.npy,data/hcr_train\triplets\01923_ref_128.npy,data/hcr_train\triplets\01923_pos_64.npy,data/hcr_train\triplets\01923_pos_128.npy,data/hcr_train\triplets\01923_neg_64.npy,data/hcr_train\triplets\01923_neg_128.npy,0.7538,0.4876,1.12,76.81,858.1,427.8
1924,454,Hard,finfet_10nm,data/hcr_train\triplets\01924_ref_64.npy,data/hcr_train\triplets\01924_ref_128.npy,data/hcr_train\triplets\01924_pos_64.npy,data/hcr_train\triplets\01924_pos_128.npy,data/hcr_train\triplets\01924_neg_64.npy,data/hcr_train\triplets\01924_neg_128.npy,0.7538,0.4825,1.12,22.23,858.1,427.8
1925,455,Adversarial,finfet_7nm,data/hcr_train\triplets\01925_ref_64.npy,data/hcr_train\triplets\01925_ref_128.npy,data/hcr_train\triplets\01925_pos_64.npy,data/hcr_train\triplets\01925_pos_128.npy,data/hcr_train\triplets\01925_neg_64.npy,data/hcr_train\triplets\01925_neg_128.npy,0.369,0.3734,2.12,45.9,126.1,292.7
1926,455,Adversarial,finfet_7nm,data/hcr_train\triplets\01926_ref_64.npy,data/hcr_train\triplets\01926_ref_128.npy,data/hcr_train\triplets\01926_pos_64.npy,data/hcr_train\triplets\01926_pos_128.npy,data/hcr_train\triplets\01926_neg_64.npy,data/hcr_train\triplets\01926_neg_128.npy,0.369,0.3683,2.12,49.1,126.1,292.7
1927,455,Adversarial,finfet_7nm,data/hcr_train\triplets\01927_ref_64.npy,data/hcr_train\triplets\01927_ref_128.npy,data/hcr_train\triplets\01927_pos_64.npy,data/hcr_train\triplets\01927_pos_128.npy,data/hcr_train\triplets\01927_neg_64.npy,data/hcr_train\triplets\01927_neg_128.npy,0.369,0.3667,2.12,79.9,126.1,292.7
1928,455,Adversarial,finfet_7nm,data/hcr_train\triplets\01928_ref_64.npy,data/hcr_train\triplets\01928_ref_128.npy,data/hcr_train\triplets\01928_pos_64.npy,data/hcr_train\triplets\01928_pos_128.npy,data/hcr_train\triplets\01928_neg_64.npy,data/hcr_train\triplets\01928_neg_128.npy,0.369,0.3615,2.12,32.9,126.1,292.7
1929,455,Adversarial,finfet_7nm,data/hcr_train\triplets\01929_ref_64.npy,data/hcr_train\triplets\01929_ref_128.npy,data/hcr_train\triplets\01929_pos_64.npy,data/hcr_train\triplets\01929_pos_128.npy,data/hcr_train\triplets\01929_neg_64.npy,data/hcr_train\triplets\01929_neg_128.npy,0.369,0.3569,2.12,63.1,126.1,292.7
1930,456,Easy,dram_1x,data/hcr_train\triplets\01930_ref_64.npy,data/hcr_train\triplets\01930_ref_128.npy,data/hcr_train\triplets\01930_pos_64.npy,data/hcr_train\triplets\01930_pos_128.npy,data/hcr_train\triplets\01930_neg_64.npy,data/hcr_train\triplets\01930_neg_128.npy,0.9414,0.6655,0.42,14.3,588.3,301.7
1931,456,Easy,dram_1x,data/hcr_train\triplets\01931_ref_64.npy,data/hcr_train\triplets\01931_ref_128.npy,data/hcr_train\triplets\01931_pos_64.npy,data/hcr_train\triplets\01931_pos_128.npy,data/hcr_train\triplets\01931_neg_64.npy,data/hcr_train\triplets\01931_neg_128.npy,0.9414,0.6355,0.42,21.7,588.3,301.7
1932,456,Easy,dram_1x,data/hcr_train\triplets\01932_ref_64.npy,data/hcr_train\triplets\01932_ref_128.npy,data/hcr_train\triplets\01932_pos_64.npy,data/hcr_train\triplets\01932_pos_128.npy,data/hcr_train\triplets\01932_neg_64.npy,data/hcr_train\triplets\01932_neg_128.npy,0.9414,0.6274,0.42,86.3,588.3,301.7
1933,456,Easy,dram_1x,data/hcr_train\triplets\01933_ref_64.npy,data/hcr_train\triplets\01933_ref_128.npy,data/hcr_train\triplets\01933_pos_64.npy,data/hcr_train\triplets\01933_pos_128.npy,data/hcr_train\triplets\01933_neg_64.npy,data/hcr_train\triplets\01933_neg_128.npy,0.9414,0.6208,0.42,416.49,588.3,301.7
1934,456,Easy,dram_1x,data/hcr_train\triplets\01934_ref_64.npy,data/hcr_train\triplets\01934_ref_128.npy,data/hcr_train\triplets\01934_pos_64.npy,data/hcr_train\triplets\01934_pos_128.npy,data/hcr_train\triplets\01934_neg_64.npy,data/hcr_train\triplets\01934_neg_128.npy,0.9414,0.6123,0.42,57.3,588.3,301.7
1935,457,Medium,dram_dense,data/hcr_train\triplets\01935_ref_64.npy,data/hcr_train\triplets\01935_ref_128.npy,data/hcr_train\triplets\01935_pos_64.npy,data/hcr_train\triplets\01935_pos_128.npy,data/hcr_train\triplets\01935_neg_64.npy,data/hcr_train\triplets\01935_neg_128.npy,0.9001,0.8593,0.7,96.02,295.7,694.0
1936,457,Medium,dram_dense,data/hcr_train\triplets\01936_ref_64.npy,data/hcr_train\triplets\01936_ref_128.npy,data/hcr_train\triplets\01936_pos_64.npy,data/hcr_train\triplets\01936_pos_128.npy,data/hcr_train\triplets\01936_neg_64.npy,data/hcr_train\triplets\01936_neg_128.npy,0.9001,0.824,0.7,19.01,295.7,694.0
1937,457,Medium,dram_dense,data/hcr_train\triplets\01937_ref_64.npy,data/hcr_train\triplets\01937_ref_128.npy,data/hcr_train\triplets\01937_pos_64.npy,data/hcr_train\triplets\01937_pos_128.npy,data/hcr_train\triplets\01937_neg_64.npy,data/hcr_train\triplets\01937_neg_128.npy,0.9001,0.8175,0.7,19.01,295.7,694.0
1938,457,Medium,dram_dense,data/hcr_train\triplets\01938_ref_64.npy,data/hcr_train\triplets\01938_ref_128.npy,data/hcr_train\triplets\01938_pos_64.npy,data/hcr_train\triplets\01938_pos_128.npy,data/hcr_train\triplets\01938_neg_64.npy,data/hcr_train\triplets\01938_neg_128.npy,0.9001,0.8122,0.7,77.0,295.7,694.0
1939,457,Medium,dram_dense,data/hcr_train\triplets\01939_ref_64.npy,data/hcr_train\triplets\01939_ref_128.npy,data/hcr_train\triplets\01939_pos_64.npy,data/hcr_train\triplets\01939_pos_128.npy,data/hcr_train\triplets\01939_neg_64.npy,data/hcr_train\triplets\01939_neg_128.npy,0.9001,0.8094,0.7,48.01,295.7,694.0
1940,458,Hard,finfet_10nm,data/hcr_train\triplets\01940_ref_64.npy,data/hcr_train\triplets\01940_ref_128.npy,data/hcr_train\triplets\01940_pos_64.npy,data/hcr_train\triplets\01940_pos_128.npy,data/hcr_train\triplets\01940_neg_64.npy,data/hcr_train\triplets\01940_neg_128.npy,0.6478,0.5247,2.42,88.33,572.4,653.7
1941,458,Hard,finfet_10nm,data/hcr_train\triplets\01941_ref_64.npy,data/hcr_train\triplets\01941_ref_128.npy,data/hcr_train\triplets\01941_pos_64.npy,data/hcr_train\triplets\01941_pos_128.npy,data/hcr_train\triplets\01941_neg_64.npy,data/hcr_train\triplets\01941_neg_128.npy,0.6478,0.5122,2.42,44.36,572.4,653.7
1942,458,Hard,finfet_10nm,data/hcr_train\triplets\01942_ref_64.npy,data/hcr_train\triplets\01942_ref_128.npy,data/hcr_train\triplets\01942_pos_64.npy,data/hcr_train\triplets\01942_pos_128.npy,data/hcr_train\triplets\01942_neg_64.npy,data/hcr_train\triplets\01942_neg_128.npy,0.6478,0.5035,2.42,110.33,572.4,653.7
1943,458,Hard,finfet_10nm,data/hcr_train\triplets\01943_ref_64.npy,data/hcr_train\triplets\01943_ref_128.npy,data/hcr_train\triplets\01943_pos_64.npy,data/hcr_train\triplets\01943_pos_128.npy,data/hcr_train\triplets\01943_neg_64.npy,data/hcr_train\triplets\01943_neg_128.npy,0.6478,0.4959,2.42,22.43,572.4,653.7
1944,458,Hard,finfet_10nm,data/hcr_train\triplets\01944_ref_64.npy,data/hcr_train\triplets\01944_ref_128.npy,data/hcr_train\triplets\01944_pos_64.npy,data/hcr_train\triplets\01944_pos_128.npy,data/hcr_train\triplets\01944_neg_64.npy,data/hcr_train\triplets\01944_neg_128.npy,0.6478,0.4783,2.42,143.32,572.4,653.7
1945,459,Adversarial,finfet_7nm,data/hcr_train\triplets\01945_ref_64.npy,data/hcr_train\triplets\01945_ref_128.npy,data/hcr_train\triplets\01945_pos_64.npy,data/hcr_train\triplets\01945_pos_128.npy,data/hcr_train\triplets\01945_neg_64.npy,data/hcr_train\triplets\01945_neg_128.npy,0.4066,0.3954,0.36,71.7,875.2,141.7
1946,459,Adversarial,finfet_7nm,data/hcr_train\triplets\01946_ref_64.npy,data/hcr_train\triplets\01946_ref_128.npy,data/hcr_train\triplets\01946_pos_64.npy,data/hcr_train\triplets\01946_pos_128.npy,data/hcr_train\triplets\01946_neg_64.npy,data/hcr_train\triplets\01946_neg_128.npy,0.4066,0.3912,0.36,35.7,875.2,141.7
1947,459,Adversarial,finfet_7nm,data/hcr_train\triplets\01947_ref_64.npy,data/hcr_train\triplets\01947_ref_128.npy,data/hcr_train\triplets\01947_pos_64.npy,data/hcr_train\triplets\01947_pos_128.npy,data/hcr_train\triplets\01947_neg_64.npy,data/hcr_train\triplets\01947_neg_128.npy,0.4066,0.3833,0.36,36.32,875.2,141.7
1948,459,Adversarial,finfet_7nm,data/hcr_train\triplets\01948_ref_64.npy,data/hcr_train\triplets\01948_ref_128.npy,data/hcr_train\triplets\01948_pos_64.npy,data/hcr_train\triplets\01948_pos_128.npy,data/hcr_train\triplets\01948_neg_64.npy,data/hcr_train\triplets\01948_neg_128.npy,0.4066,0.3637,0.36,72.31,875.2,141.7
1949,459,Adversarial,finfet_7nm,data/hcr_train\triplets\01949_ref_64.npy,data/hcr_train\triplets\01949_ref_128.npy,data/hcr_train\triplets\01949_pos_64.npy,data/hcr_train\triplets\01949_pos_128.npy,data/hcr_train\triplets\01949_neg_64.npy,data/hcr_train\triplets\01949_neg_128.npy,0.4066,0.3461,0.36,344.3,875.2,141.7
1950,460,Easy,dram_1x,data/hcr_train\triplets\01950_ref_64.npy,data/hcr_train\triplets\01950_ref_128.npy,data/hcr_train\triplets\01950_pos_64.npy,data/hcr_train\triplets\01950_pos_128.npy,data/hcr_train\triplets\01950_neg_64.npy,data/hcr_train\triplets\01950_neg_128.npy,0.9203,0.5893,0.76,412.25,871.7,872.3
1951,460,Easy,dram_1x,data/hcr_train\triplets\01951_ref_64.npy,data/hcr_train\triplets\01951_ref_128.npy,data/hcr_train\triplets\01951_pos_64.npy,data/hcr_train\triplets\01951_pos_128.npy,data/hcr_train\triplets\01951_neg_64.npy,data/hcr_train\triplets\01951_neg_128.npy,0.9203,0.5838,0.76,584.7,871.7,872.3
1952,460,Easy,dram_1x,data/hcr_train\triplets\01952_ref_64.npy,data/hcr_train\triplets\01952_ref_128.npy,data/hcr_train\triplets\01952_pos_64.npy,data/hcr_train\triplets\01952_pos_128.npy,data/hcr_train\triplets\01952_neg_64.npy,data/hcr_train\triplets\01952_neg_128.npy,0.9203,0.5521,0.76,13.72,871.7,872.3
1953,460,Easy,dram_1x,data/hcr_train\triplets\01953_ref_64.npy,data/hcr_train\triplets\01953_ref_128.npy,data/hcr_train\triplets\01953_pos_64.npy,data/hcr_train\triplets\01953_pos_128.npy,data/hcr_train\triplets\01953_neg_64.npy,data/hcr_train\triplets\01953_neg_128.npy,0.9203,0.5365,0.76,13.32,871.7,872.3
1954,460,Easy,dram_1x,data/hcr_train\triplets\01954_ref_64.npy,data/hcr_train\triplets\01954_ref_128.npy,data/hcr_train\triplets\01954_pos_64.npy,data/hcr_train\triplets\01954_pos_128.npy,data/hcr_train\triplets\01954_neg_64.npy,data/hcr_train\triplets\01954_neg_128.npy,0.9203,0.5213,0.76,71.7,871.7,872.3
1955,461,Medium,dram_dense,data/hcr_train\triplets\01955_ref_64.npy,data/hcr_train\triplets\01955_ref_128.npy,data/hcr_train\triplets\01955_pos_64.npy,data/hcr_train\triplets\01955_pos_128.npy,data/hcr_train\triplets\01955_neg_64.npy,data/hcr_train\triplets\01955_neg_128.npy,0.8033,0.8194,1.75,12.71,227.7,949.6
1956,461,Medium,dram_dense,data/hcr_train\triplets\01956_ref_64.npy,data/hcr_train\triplets\01956_ref_128.npy,data/hcr_train\triplets\01956_pos_64.npy,data/hcr_train\triplets\01956_pos_128.npy,data/hcr_train\triplets\01956_neg_64.npy,data/hcr_train\triplets\01956_neg_128.npy,0.8033,0.8129,1.75,25.66,227.7,949.6
1957,461,Medium,dram_dense,data/hcr_train\triplets\01957_ref_64.npy,data/hcr_train\triplets\01957_ref_128.npy,data/hcr_train\triplets\01957_pos_64.npy,data/hcr_train\triplets\01957_pos_128.npy,data/hcr_train\triplets\01957_neg_64.npy,data/hcr_train\triplets\01957_neg_128.npy,0.8033,0.7887,1.75,559.93,227.7,949.6
1958,461,Medium,dram_dense,data/hcr_train\triplets\01958_ref_64.npy,data/hcr_train\triplets\01958_ref_128.npy,data/hcr_train\triplets\01958_pos_64.npy,data/hcr_train\triplets\01958_pos_128.npy,data/hcr_train\triplets\01958_neg_64.npy,data/hcr_train\triplets\01958_neg_128.npy,0.8033,0.7868,1.75,615.74,227.7,949.6
1959,461,Medium,dram_dense,data/hcr_train\triplets\01959_ref_64.npy,data/hcr_train\triplets\01959_ref_128.npy,data/hcr_train\triplets\01959_pos_64.npy,data/hcr_train\triplets\01959_pos_128.npy,data/hcr_train\triplets\01959_neg_64.npy,data/hcr_train\triplets\01959_neg_128.npy,0.8033,0.7847,1.75,648.73,227.7,949.6
1960,462,Hard,finfet_10nm,data/hcr_train\triplets\01960_ref_64.npy,data/hcr_train\triplets\01960_ref_128.npy,data/hcr_train\triplets\01960_pos_64.npy,data/hcr_train\triplets\01960_pos_128.npy,data/hcr_train\triplets\01960_neg_64.npy,data/hcr_train\triplets\01960_neg_128.npy,0.6967,0.4184,2.11,412.75,277.1,874.8
1961,462,Hard,finfet_10nm,data/hcr_train\triplets\01961_ref_64.npy,data/hcr_train\triplets\01961_ref_128.npy,data/hcr_train\triplets\01961_pos_64.npy,data/hcr_train\triplets\01961_pos_128.npy,data/hcr_train\triplets\01961_neg_64.npy,data/hcr_train\triplets\01961_neg_128.npy,0.6967,0.416,2.11,649.63,277.1,874.8
1962,462,Hard,finfet_10nm,data/hcr_train\triplets\01962_ref_64.npy,data/hcr_train\triplets\01962_ref_128.npy,data/hcr_train\triplets\01962_pos_64.npy,data/hcr_train\triplets\01962_pos_128.npy,data/hcr_train\triplets\01962_neg_64.npy,data/hcr_train\triplets\01962_neg_128.npy,0.6967,0.3794,2.11,13.9,277.1,874.8
1963,462,Hard,finfet_10nm,data/hcr_train\triplets\01963_ref_64.npy,data/hcr_train\triplets\01963_ref_128.npy,data/hcr_train\triplets\01963_pos_64.npy,data/hcr_train\triplets\01963_pos_128.npy,data/hcr_train\triplets\01963_neg_64.npy,data/hcr_train\triplets\01963_neg_128.npy,0.6967,0.3733,2.11,93.9,277.1,874.8
1964,462,Hard,finfet_10nm,data/hcr_train\triplets\01964_ref_64.npy,data/hcr_train\triplets\01964_ref_128.npy,data/hcr_train\triplets\01964_pos_64.npy,data/hcr_train\triplets\01964_pos_128.npy,data/hcr_train\triplets\01964_neg_64.npy,data/hcr_train\triplets\01964_neg_128.npy,0.6967,0.3692,2.11,189.9,277.1,874.8
1965,463,Adversarial,finfet_7nm,data/hcr_train\triplets\01965_ref_64.npy,data/hcr_train\triplets\01965_ref_128.npy,data/hcr_train\triplets\01965_pos_64.npy,data/hcr_train\triplets\01965_pos_128.npy,data/hcr_train\triplets\01965_neg_64.npy,data/hcr_train\triplets\01965_neg_128.npy,0.4204,0.4252,2.24,55.8,717.2,298.6
1966,463,Adversarial,finfet_7nm,data/hcr_train\triplets\01966_ref_64.npy,data/hcr_train\triplets\01966_ref_128.npy,data/hcr_train\triplets\01966_pos_64.npy,data/hcr_train\triplets\01966_pos_128.npy,data/hcr_train\triplets\01966_neg_64.npy,data/hcr_train\triplets\01966_neg_128.npy,0.4204,0.421,2.24,74.8,717.2,298.6
1967,463,Adversarial,finfet_7nm,data/hcr_train\triplets\01967_ref_64.npy,data/hcr_train\triplets\01967_ref_128.npy,data/hcr_train\triplets\01967_pos_64.npy,data/hcr_train\triplets\01967_pos_128.npy,data/hcr_train\triplets\01967_neg_64.npy,data/hcr_train\triplets\01967_neg_128.npy,0.4204,0.4178,2.24,36.8,717.2,298.6
1968,463,Adversarial,finfet_7nm,data/hcr_train\triplets\01968_ref_64.npy,data/hcr_train\triplets\01968_ref_128.npy,data/hcr_train\triplets\01968_pos_64.npy,data/hcr_train\triplets\01968_pos_128.npy,data/hcr_train\triplets\01968_neg_64.npy,data/hcr_train\triplets\01968_neg_128.npy,0.4204,0.4165,2.24,17.8,717.2,298.6
1969,463,Adversarial,finfet_7nm,data/hcr_train\triplets\01969_ref_64.npy,data/hcr_train\triplets\01969_ref_128.npy,data/hcr_train\triplets\01969_pos_64.npy,data/hcr_train\triplets\01969_pos_128.npy,data/hcr_train\triplets\01969_neg_64.npy,data/hcr_train\triplets\01969_neg_128.npy,0.4204,0.4155,2.24,59.2,717.2,298.6
1970,464,Easy,dram_1x,data/hcr_train\triplets\01970_ref_64.npy,data/hcr_train\triplets\01970_ref_128.npy,data/hcr_train\triplets\01970_pos_64.npy,data/hcr_train\triplets\01970_pos_128.npy,data/hcr_train\triplets\01970_neg_64.npy,data/hcr_train\triplets\01970_neg_128.npy,0.9513,0.8807,0.71,14.3,934.7,865.9
1971,464,Easy,dram_1x,data/hcr_train\triplets\01971_ref_64.npy,data/hcr_train\triplets\01971_ref_128.npy,data/hcr_train\triplets\01971_pos_64.npy,data/hcr_train\triplets\01971_pos_128.npy,data/hcr_train\triplets\01971_neg_64.npy,data/hcr_train\triplets\01971_neg_128.npy,0.9513,0.8724,0.71,14.7,934.7,865.9
1972,464,Easy,dram_1x,data/hcr_train\triplets\01972_ref_64.npy,data/hcr_train\triplets\01972_ref_128.npy,data/hcr_train\triplets\01972_pos_64.npy,data/hcr_train\triplets\01972_pos_128.npy,data/hcr_train\triplets\01972_neg_64.npy,data/hcr_train\triplets\01972_neg_128.npy,0.9513,0.7798,0.71,29.7,934.7,865.9
1973,464,Easy,dram_1x,data/hcr_train\triplets\01973_ref_64.npy,data/hcr_train\triplets\01973_ref_128.npy,data/hcr_train\triplets\01973_pos_64.npy,data/hcr_train\triplets\01973_pos_128.npy,data/hcr_train\triplets\01973_neg_64.npy,data/hcr_train\triplets\01973_neg_128.npy,0.9513,0.6721,0.71,43.7,934.7,865.9
1974,464,Easy,dram_1x,data/hcr_train\triplets\01974_ref_64.npy,data/hcr_train\triplets\01974_ref_128.npy,data/hcr_train\triplets\01974_pos_64.npy,data/hcr_train\triplets\01974_pos_128.npy,data/hcr_train\triplets\01974_neg_64.npy,data/hcr_train\triplets\01974_neg_128.npy,0.9513,0.6704,0.71,879.7,934.7,865.9
1975,465,Medium,dram_dense,data/hcr_train\triplets\01975_ref_64.npy,data/hcr_train\triplets\01975_ref_128.npy,data/hcr_train\triplets\01975_pos_64.npy,data/hcr_train\triplets\01975_pos_128.npy,data/hcr_train\triplets\01975_neg_64.npy,data/hcr_train\triplets\01975_neg_128.npy,0.8735,0.8639,0.86,47.3,660.7,255.5
1976,465,Medium,dram_dense,data/hcr_train\triplets\01976_ref_64.npy,data/hcr_train\triplets\01976_ref_128.npy,data/hcr_train\triplets\01976_pos_64.npy,data/hcr_train\triplets\01976_pos_128.npy,data/hcr_train\triplets\01976_neg_64.npy,data/hcr_train\triplets\01976_neg_128.npy,0.8735,0.8524,0.86,95.3,660.7,255.5
1977,465,Medium,dram_dense,data/hcr_train\triplets\01977_ref_64.npy,data/hcr_train\triplets\01977_ref_128.npy,data/hcr_train\triplets\01977_pos_64.npy,data/hcr_train\triplets\01977_pos_128.npy,data/hcr_train\triplets\01977_neg_64.npy,data/hcr_train\triplets\01977_neg_128.npy,0.8735,0.807,0.86,119.3,660.7,255.5
1978,465,Medium,dram_dense,data/hcr_train\triplets\01978_ref_64.npy,data/hcr_train\triplets\01978_ref_128.npy,data/hcr_train\triplets\01978_pos_64.npy,data/hcr_train\triplets\01978_pos_128.npy,data/hcr_train\triplets\01978_neg_64.npy,data/hcr_train\triplets\01978_neg_128.npy,0.8735,0.7985,0.86,71.3,660.7,255.5
1979,465,Medium,dram_dense,data/hcr_train\triplets\01979_ref_64.npy,data/hcr_train\triplets\01979_ref_128.npy,data/hcr_train\triplets\01979_pos_64.npy,data/hcr_train\triplets\01979_pos_128.npy,data/hcr_train\triplets\01979_neg_64.npy,data/hcr_train\triplets\01979_neg_128.npy,0.8735,0.7944,0.86,24.71,660.7,255.5
1980,466,Hard,finfet_10nm,data/hcr_train\triplets\01980_ref_64.npy,data/hcr_train\triplets\01980_ref_128.npy,data/hcr_train\triplets\01980_pos_64.npy,data/hcr_train\triplets\01980_pos_128.npy,data/hcr_train\triplets\01980_neg_64.npy,data/hcr_train\triplets\01980_neg_128.npy,0.6853,0.5304,2.42,52.75,575.4,715.7
1981,466,Hard,finfet_10nm,data/hcr_train\triplets\01981_ref_64.npy,data/hcr_train\triplets\01981_ref_128.npy,data/hcr_train\triplets\01981_pos_64.npy,data/hcr_train\triplets\01981_pos_128.npy,data/hcr_train\triplets\01981_neg_64.npy,data/hcr_train\triplets\01981_neg_128.npy,0.6853,0.5112,2.42,76.34,575.4,715.7
1982,466,Hard,finfet_10nm,data/hcr_train\triplets\01982_ref_64.npy,data/hcr_train\triplets\01982_ref_128.npy,data/hcr_train\triplets\01982_pos_64.npy,data/hcr_train\triplets\01982_pos_128.npy,data/hcr_train\triplets\01982_neg_64.npy,data/hcr_train\triplets\01982_neg_128.npy,0.6853,0.5074,2.42,52.36,575.4,715.7
1983,466,Hard,finfet_10nm,data/hcr_train\triplets\01983_ref_64.npy,data/hcr_train\triplets\01983_ref_128.npy,data/hcr_train\triplets\01983_pos_64.npy,data/hcr_train\triplets\01983_pos_128.npy,data/hcr_train\triplets\01983_neg_64.npy,data/hcr_train\triplets\01983_neg_128.npy,0.6853,0.4882,2.42,76.74,575.4,715.7
1984,466,Hard,finfet_10nm,data/hcr_train\triplets\01984_ref_64.npy,data/hcr_train\triplets\01984_ref_128.npy,data/hcr_train\triplets\01984_pos_64.npy,data/hcr_train\triplets\01984_pos_128.npy,data/hcr_train\triplets\01984_neg_64.npy,data/hcr_train\triplets\01984_neg_128.npy,0.6853,0.4366,2.42,106.33,575.4,715.7
1985,467,Adversarial,finfet_7nm,data/hcr_train\triplets\01985_ref_64.npy,data/hcr_train\triplets\01985_ref_128.npy,data/hcr_train\triplets\01985_pos_64.npy,data/hcr_train\triplets\01985_pos_128.npy,data/hcr_train\triplets\01985_neg_64.npy,data/hcr_train\triplets\01985_neg_128.npy,0.3977,0.3317,2.26,588.6,874.2,424.5
1986,467,Adversarial,finfet_7nm,data/hcr_train\triplets\01986_ref_64.npy,data/hcr_train\triplets\01986_ref_128.npy,data/hcr_train\triplets\01986_pos_64.npy,data/hcr_train\triplets\01986_pos_128.npy,data/hcr_train\triplets\01986_neg_64.npy,data/hcr_train\triplets\01986_neg_128.npy,0.3977,0.3246,2.26,587.29,874.2,424.5
1987,467,Adversarial,finfet_7nm,data/hcr_train\triplets\01987_ref_64.npy,data/hcr_train\triplets\01987_ref_128.npy,data/hcr_train\triplets\01987_pos_64.npy,data/hcr_train\triplets\01987_pos_128.npy,data/hcr_train\triplets\01987_neg_64.npy,data/hcr_train\triplets\01987_neg_128.npy,0.3977,0.3232,2.26,579.22,874.2,424.5
1988,467,Adversarial,finfet_7nm,data/hcr_train\triplets\01988_ref_64.npy,data/hcr_train\triplets\01988_ref_128.npy,data/hcr_train\triplets\01988_pos_64.npy,data/hcr_train\triplets\01988_pos_128.npy,data/hcr_train\triplets\01988_neg_64.npy,data/hcr_train\triplets\01988_neg_128.npy,0.3977,0.3207,2.26,89.51,874.2,424.5
1989,467,Adversarial,finfet_7nm,data/hcr_train\triplets\01989_ref_64.npy,data/hcr_train\triplets\01989_ref_128.npy,data/hcr_train\triplets\01989_pos_64.npy,data/hcr_train\triplets\01989_pos_128.npy,data/hcr_train\triplets\01989_neg_64.npy,data/hcr_train\triplets\01989_neg_128.npy,0.3977,0.3148,2.26,60.54,874.2,424.5
1990,468,Easy,dram_1x,data/hcr_train\triplets\01990_ref_64.npy,data/hcr_train\triplets\01990_ref_128.npy,data/hcr_train\triplets\01990_pos_64.npy,data/hcr_train\triplets\01990_pos_128.npy,data/hcr_train\triplets\01990_neg_64.npy,data/hcr_train\triplets\01990_neg_128.npy,0.9626,0.7508,0.6,48.0,265.6,950.0
1991,468,Easy,dram_1x,data/hcr_train\triplets\01991_ref_64.npy,data/hcr_train\triplets\01991_ref_128.npy,data/hcr_train\triplets\01991_pos_64.npy,data/hcr_train\triplets\01991_pos_128.npy,data/hcr_train\triplets\01991_neg_64.npy,data/hcr_train\triplets\01991_neg_128.npy,0.9626,0.7118,0.6,24.01,265.6,950.0
1992,468,Easy,dram_1x,data/hcr_train\triplets\01992_ref_64.npy,data/hcr_train\triplets\01992_ref_128.npy,data/hcr_train\triplets\01992_pos_64.npy,data/hcr_train\triplets\01992_pos_128.npy,data/hcr_train\triplets\01992_neg_64.npy,data/hcr_train\triplets\01992_neg_128.npy,0.9626,0.6525,0.6,276.2,265.6,950.0
1993,468,Easy,dram_1x,data/hcr_train\triplets\01993_ref_64.npy,data/hcr_train\triplets\01993_ref_128.npy,data/hcr_train\triplets\01993_pos_64.npy,data/hcr_train\triplets\01993_pos_128.npy,data/hcr_train\triplets\01993_neg_64.npy,data/hcr_train\triplets\01993_neg_128.npy,0.9626,0.6431,0.6,180.31,265.6,950.0
1994,468,Easy,dram_1x,data/hcr_train\triplets\01994_ref_64.npy,data/hcr_train\triplets\01994_ref_128.npy,data/hcr_train\triplets\01994_pos_64.npy,data/hcr_train\triplets\01994_pos_128.npy,data/hcr_train\triplets\01994_neg_64.npy,data/hcr_train\triplets\01994_neg_128.npy,0.9626,0.64,0.6,228.25,265.6,950.0
1995,470,Hard,finfet_10nm,data/hcr_train\triplets\01995_ref_64.npy,data/hcr_train\triplets\01995_ref_128.npy,data/hcr_train\triplets\01995_pos_64.npy,data/hcr_train\triplets\01995_pos_128.npy,data/hcr_train\triplets\01995_neg_64.npy,data/hcr_train\triplets\01995_neg_128.npy,0.5911,0.6143,0.81,43.61,336.7,99.4
1996,470,Hard,finfet_10nm,data/hcr_train\triplets\01996_ref_64.npy,data/hcr_train\triplets\01996_ref_128.npy,data/hcr_train\triplets\01996_pos_64.npy,data/hcr_train\triplets\01996_pos_128.npy,data/hcr_train\triplets\01996_neg_64.npy,data/hcr_train\triplets\01996_neg_128.npy,0.5911,0.592,0.81,21.61,336.7,99.4
1997,470,Hard,finfet_10nm,data/hcr_train\triplets\01997_ref_64.npy,data/hcr_train\triplets\01997_ref_128.npy,data/hcr_train\triplets\01997_pos_64.npy,data/hcr_train\triplets\01997_pos_128.npy,data/hcr_train\triplets\01997_neg_64.npy,data/hcr_train\triplets\01997_neg_128.npy,0.5911,0.5897,0.81,43.41,336.7,99.4
1998,470,Hard,finfet_10nm,data/hcr_train\triplets\01998_ref_64.npy,data/hcr_train\triplets\01998_ref_128.npy,data/hcr_train\triplets\01998_pos_64.npy,data/hcr_train\triplets\01998_pos_128.npy,data/hcr_train\triplets\01998_neg_64.npy,data/hcr_train\triplets\01998_neg_128.npy,0.5911,0.5862,0.81,87.6,336.7,99.4
1999,470,Hard,finfet_10nm,data/hcr_train\triplets\01999_ref_64.npy,data/hcr_train\triplets\01999_ref_128.npy,data/hcr_train\triplets\01999_pos_64.npy,data/hcr_train\triplets\01999_pos_128.npy,data/hcr_train\triplets\01999_neg_64.npy,data/hcr_train\triplets\01999_neg_128.npy,0.5911,0.5841,0.81,109.6,336.7,99.4
2000,471,Adversarial,finfet_7nm,data/hcr_train\triplets\02000_ref_64.npy,data/hcr_train\triplets\02000_ref_128.npy,data/hcr_train\triplets\02000_pos_64.npy,data/hcr_train\triplets\02000_pos_128.npy,data/hcr_train\triplets\02000_neg_64.npy,data/hcr_train\triplets\02000_neg_128.npy,0.4416,0.4472,0.9,18.1,156.9,333.0
2001,471,Adversarial,finfet_7nm,data/hcr_train\triplets\02001_ref_64.npy,data/hcr_train\triplets\02001_ref_128.npy,data/hcr_train\triplets\02001_pos_64.npy,data/hcr_train\triplets\02001_pos_128.npy,data/hcr_train\triplets\02001_neg_64.npy,data/hcr_train\triplets\02001_neg_128.npy,0.4416,0.4433,0.9,97.9,156.9,333.0
2002,471,Adversarial,finfet_7nm,data/hcr_train\triplets\02002_ref_64.npy,data/hcr_train\triplets\02002_ref_128.npy,data/hcr_train\triplets\02002_pos_64.npy,data/hcr_train\triplets\02002_pos_128.npy,data/hcr_train\triplets\02002_neg_64.npy,data/hcr_train\triplets\02002_neg_128.npy,0.4416,0.4425,0.9,20.9,156.9,333.0
2003,471,Adversarial,finfet_7nm,data/hcr_train\triplets\02003_ref_64.npy,data/hcr_train\triplets\02003_ref_128.npy,data/hcr_train\triplets\02003_pos_64.npy,data/hcr_train\triplets\02003_pos_128.npy,data/hcr_train\triplets\02003_neg_64.npy,data/hcr_train\triplets\02003_neg_128.npy,0.4416,0.4414,0.9,78.9,156.9,333.0
2004,471,Adversarial,finfet_7nm,data/hcr_train\triplets\02004_ref_64.npy,data/hcr_train\triplets\02004_ref_128.npy,data/hcr_train\triplets\02004_pos_64.npy,data/hcr_train\triplets\02004_pos_128.npy,data/hcr_train\triplets\02004_neg_64.npy,data/hcr_train\triplets\02004_neg_128.npy,0.4416,0.4412,0.9,37.1,156.9,333.0
2005,472,Easy,dram_1x,data/hcr_train\triplets\02005_ref_64.npy,data/hcr_train\triplets\02005_ref_128.npy,data/hcr_train\triplets\02005_pos_64.npy,data/hcr_train\triplets\02005_pos_128.npy,data/hcr_train\triplets\02005_neg_64.npy,data/hcr_train\triplets\02005_neg_128.npy,0.932,0.8634,0.14,36.11,564.9,734.9
2006,472,Easy,dram_1x,data/hcr_train\triplets\02006_ref_64.npy,data/hcr_train\triplets\02006_ref_128.npy,data/hcr_train\triplets\02006_pos_64.npy,data/hcr_train\triplets\02006_pos_128.npy,data/hcr_train\triplets\02006_neg_64.npy,data/hcr_train\triplets\02006_neg_128.npy,0.932,0.8583,0.14,71.9,564.9,734.9
2007,472,Easy,dram_1x,data/hcr_train\triplets\02007_ref_64.npy,data/hcr_train\triplets\02007_ref_128.npy,data/hcr_train\triplets\02007_pos_64.npy,data/hcr_train\triplets\02007_pos_128.npy,data/hcr_train\triplets\02007_neg_64.npy,data/hcr_train\triplets\02007_neg_128.npy,0.932,0.8552,0.14,35.9,564.9,734.9
2008,472,Easy,dram_1x,data/hcr_train\triplets\02008_ref_64.npy,data/hcr_train\triplets\02008_ref_128.npy,data/hcr_train\triplets\02008_pos_64.npy,data/hcr_train\triplets\02008_pos_128.npy,data/hcr_train\triplets\02008_neg_64.npy,data/hcr_train\triplets\02008_neg_128.npy,0.932,0.7981,0.14,72.11,564.9,734.9
2009,472,Easy,dram_1x,data/hcr_train\triplets\02009_ref_64.npy,data/hcr_train\triplets\02009_ref_128.npy,data/hcr_train\triplets\02009_pos_64.npy,data/hcr_train\triplets\02009_pos_128.npy,data/hcr_train\triplets\02009_neg_64.npy,data/hcr_train\triplets\02009_neg_128.npy,0.932,0.7695,0.14,108.9,564.9,734.9
2010,473,Medium,dram_dense,data/hcr_train\triplets\02010_ref_64.npy,data/hcr_train\triplets\02010_ref_128.npy,data/hcr_train\triplets\02010_pos_64.npy,data/hcr_train\triplets\02010_pos_128.npy,data/hcr_train\triplets\02010_neg_64.npy,data/hcr_train\triplets\02010_neg_128.npy,0.8282,0.7276,0.71,290.5,590.5,607.5
2011,473,Medium,dram_dense,data/hcr_train\triplets\02011_ref_64.npy,data/hcr_train\triplets\02011_ref_128.npy,data/hcr_train\triplets\02011_pos_64.npy,data/hcr_train\triplets\02011_pos_128.npy,data/hcr_train\triplets\02011_neg_64.npy,data/hcr_train\triplets\02011_neg_128.npy,0.8282,0.703,0.71,412.3,590.5,607.5
2012,473,Medium,dram_dense,data/hcr_train\triplets\02012_ref_64.npy,data/hcr_train\triplets\02012_ref_128.npy,data/hcr_train\triplets\02012_pos_64.npy,data/hcr_train\triplets\02012_pos_128.npy,data/hcr_train\triplets\02012_neg_64.npy,data/hcr_train\triplets\02012_neg_128.npy,0.8282,0.6562,0.71,13.51,590.5,607.5
2013,473,Medium,dram_dense,data/hcr_train\triplets\02013_ref_64.npy,data/hcr_train\triplets\02013_ref_128.npy,data/hcr_train\triplets\02013_pos_64.npy,data/hcr_train\triplets\02013_pos_128.npy,data/hcr_train\triplets\02013_neg_64.npy,data/hcr_train\triplets\02013_neg_128.npy,0.8282,0.6537,0.71,303.5,590.5,607.5
2014,473,Medium,dram_dense,data/hcr_train\triplets\02014_ref_64.npy,data/hcr_train\triplets\02014_ref_128.npy,data/hcr_train\triplets\02014_pos_64.npy,data/hcr_train\triplets\02014_pos_128.npy,data/hcr_train\triplets\02014_neg_64.npy,data/hcr_train\triplets\02014_neg_128.npy,0.8282,0.6479,0.71,64.52,590.5,607.5
2015,475,Adversarial,finfet_7nm,data/hcr_train\triplets\02015_ref_64.npy,data/hcr_train\triplets\02015_ref_128.npy,data/hcr_train\triplets\02015_pos_64.npy,data/hcr_train\triplets\02015_pos_128.npy,data/hcr_train\triplets\02015_neg_64.npy,data/hcr_train\triplets\02015_neg_128.npy,0.3165,0.3273,1.71,76.22,316.7,345.8
2016,475,Adversarial,finfet_7nm,data/hcr_train\triplets\02016_ref_64.npy,data/hcr_train\triplets\02016_ref_128.npy,data/hcr_train\triplets\02016_pos_64.npy,data/hcr_train\triplets\02016_pos_128.npy,data/hcr_train\triplets\02016_neg_64.npy,data/hcr_train\triplets\02016_neg_128.npy,0.3165,0.3251,1.71,30.25,316.7,345.8
2017,475,Adversarial,finfet_7nm,data/hcr_train\triplets\02017_ref_64.npy,data/hcr_train\triplets\02017_ref_128.npy,data/hcr_train\triplets\02017_pos_64.npy,data/hcr_train\triplets\02017_pos_128.npy,data/hcr_train\triplets\02017_neg_64.npy,data/hcr_train\triplets\02017_neg_128.npy,0.3165,0.3249,1.71,15.29,316.7,345.8
2018,475,Adversarial,finfet_7nm,data/hcr_train\triplets\02018_ref_64.npy,data/hcr_train\triplets\02018_ref_128.npy,data/hcr_train\triplets\02018_pos_64.npy,data/hcr_train\triplets\02018_pos_128.npy,data/hcr_train\triplets\02018_neg_64.npy,data/hcr_train\triplets\02018_neg_128.npy,0.3165,0.3174,1.71,53.5,316.7,345.8
2019,475,Adversarial,finfet_7nm,data/hcr_train\triplets\02019_ref_64.npy,data/hcr_train\triplets\02019_ref_128.npy,data/hcr_train\triplets\02019_pos_64.npy,data/hcr_train\triplets\02019_pos_128.npy,data/hcr_train\triplets\02019_neg_64.npy,data/hcr_train\triplets\02019_neg_128.npy,0.3165,0.3135,1.71,91.22,316.7,345.8
2020,476,Easy,dram_1x,data/hcr_train\triplets\02020_ref_64.npy,data/hcr_train\triplets\02020_ref_128.npy,data/hcr_train\triplets\02020_pos_64.npy,data/hcr_train\triplets\02020_pos_128.npy,data/hcr_train\triplets\02020_neg_64.npy,data/hcr_train\triplets\02020_neg_128.npy,0.9621,0.646,0.14,86.1,837.1,290.1
2021,476,Easy,dram_1x,data/hcr_train\triplets\02021_ref_64.npy,data/hcr_train\triplets\02021_ref_128.npy,data/hcr_train\triplets\02021_pos_64.npy,data/hcr_train\triplets\02021_pos_128.npy,data/hcr_train\triplets\02021_neg_64.npy,data/hcr_train\triplets\02021_neg_128.npy,0.9621,0.6376,0.14,172.1,837.1,290.1
2022,476,Easy,dram_1x,data/hcr_train\triplets\02022_ref_64.npy,data/hcr_train\triplets\02022_ref_128.npy,data/hcr_train\triplets\02022_pos_64.npy,data/hcr_train\triplets\02022_pos_128.npy,data/hcr_train\triplets\02022_neg_64.npy,data/hcr_train\triplets\02022_neg_128.npy,0.9621,0.6125,0.14,129.1,837.1,290.1
2023,476,Easy,dram_1x,data/hcr_train\triplets\02023_ref_64.npy,data/hcr_train\triplets\02023_ref_128.npy,data/hcr_train\triplets\02023_pos_64.npy,data/hcr_train\triplets\02023_pos_128.npy,data/hcr_train\triplets\02023_neg_64.npy,data/hcr_train\triplets\02023_neg_128.npy,0.9621,0.6011,0.14,43.1,837.1,290.1
2024,476,Easy,dram_1x,data/hcr_train\triplets\02024_ref_64.npy,data/hcr_train\triplets\02024_ref_128.npy,data/hcr_train\triplets\02024_pos_64.npy,data/hcr_train\triplets\02024_pos_128.npy,data/hcr_train\triplets\02024_neg_64.npy,data/hcr_train\triplets\02024_neg_128.npy,0.9621,0.5889,0.14,659.25,837.1,290.1
2025,477,Medium,dram_dense,data/hcr_train\triplets\02025_ref_64.npy,data/hcr_train\triplets\02025_ref_128.npy,data/hcr_train\triplets\02025_pos_64.npy,data/hcr_train\triplets\02025_pos_128.npy,data/hcr_train\triplets\02025_neg_64.npy,data/hcr_train\triplets\02025_neg_128.npy,0.9049,0.7952,1.33,18.75,548.3,942.7
2026,477,Medium,dram_dense,data/hcr_train\triplets\02026_ref_64.npy,data/hcr_train\triplets\02026_ref_128.npy,data/hcr_train\triplets\02026_pos_64.npy,data/hcr_train\triplets\02026_pos_128.npy,data/hcr_train\triplets\02026_neg_64.npy,data/hcr_train\triplets\02026_neg_128.npy,0.9049,0.6625,1.33,541.78,548.3,942.7
2027,477,Medium,dram_dense,data/hcr_train\triplets\02027_ref_64.npy,data/hcr_train\triplets\02027_ref_128.npy,data/hcr_train\triplets\02027_pos_64.npy,data/hcr_train\triplets\02027_pos_128.npy,data/hcr_train\triplets\02027_neg_64.npy,data/hcr_train\triplets\02027_neg_128.npy,0.9049,0.6619,1.33,560.78,548.3,942.7
2028,477,Medium,dram_dense,data/hcr_train\triplets\02028_ref_64.npy,data/hcr_train\triplets\02028_ref_128.npy,data/hcr_train\triplets\02028_pos_64.npy,data/hcr_train\triplets\02028_pos_128.npy,data/hcr_train\triplets\02028_neg_64.npy,data/hcr_train\triplets\02028_neg_128.npy,0.9049,0.6528,1.33,464.79,548.3,942.7
2029,477,Medium,dram_dense,data/hcr_train\triplets\02029_ref_64.npy,data/hcr_train\triplets\02029_ref_128.npy,data/hcr_train\triplets\02029_pos_64.npy,data/hcr_train\triplets\02029_pos_128.npy,data/hcr_train\triplets\02029_neg_64.npy,data/hcr_train\triplets\02029_neg_128.npy,0.9049,0.6517,1.33,579.77,548.3,942.7
2030,478,Hard,finfet_10nm,data/hcr_train\triplets\02030_ref_64.npy,data/hcr_train\triplets\02030_ref_128.npy,data/hcr_train\triplets\02030_pos_64.npy,data/hcr_train\triplets\02030_pos_128.npy,data/hcr_train\triplets\02030_neg_64.npy,data/hcr_train\triplets\02030_neg_128.npy,0.6773,0.6828,1.84,59.63,920.8,796.6
2031,478,Hard,finfet_10nm,data/hcr_train\triplets\02031_ref_64.npy,data/hcr_train\triplets\02031_ref_128.npy,data/hcr_train\triplets\02031_pos_64.npy,data/hcr_train\triplets\02031_pos_128.npy,data/hcr_train\triplets\02031_neg_64.npy,data/hcr_train\triplets\02031_neg_128.npy,0.6773,0.6668,1.84,137.52,920.8,796.6
2032,478,Hard,finfet_10nm,data/hcr_train\triplets\02032_ref_64.npy,data/hcr_train\triplets\02032_ref_128.npy,data/hcr_train\triplets\02032_pos_64.npy,data/hcr_train\triplets\02032_pos_128.npy,data/hcr_train\triplets\02032_neg_64.npy,data/hcr_train\triplets\02032_neg_128.npy,0.6773,0.6443,1.84,89.62,920.8,796.6
2033,478,Hard,finfet_10nm,data/hcr_train\triplets\02033_ref_64.npy,data/hcr_train\triplets\02033_ref_128.npy,data/hcr_train\triplets\02033_pos_64.npy,data/hcr_train\triplets\02033_pos_128.npy,data/hcr_train\triplets\02033_neg_64.npy,data/hcr_train\triplets\02033_neg_128.npy,0.6773,0.6368,1.84,811.72,920.8,796.6
2034,478,Hard,finfet_10nm,data/hcr_train\triplets\02034_ref_64.npy,data/hcr_train\triplets\02034_ref_128.npy,data/hcr_train\triplets\02034_pos_64.npy,data/hcr_train\triplets\02034_pos_128.npy,data/hcr_train\triplets\02034_neg_64.npy,data/hcr_train\triplets\02034_neg_128.npy,0.6773,0.6339,1.84,152.42,920.8,796.6
2035,479,Adversarial,finfet_7nm,data/hcr_train\triplets\02035_ref_64.npy,data/hcr_train\triplets\02035_ref_128.npy,data/hcr_train\triplets\02035_pos_64.npy,data/hcr_train\triplets\02035_pos_128.npy,data/hcr_train\triplets\02035_neg_64.npy,data/hcr_train\triplets\02035_neg_128.npy,0.4575,0.4227,2.53,74.5,131.5,556.4
2036,479,Adversarial,finfet_7nm,data/hcr_train\triplets\02036_ref_64.npy,data/hcr_train\triplets\02036_ref_128.npy,data/hcr_train\triplets\02036_pos_64.npy,data/hcr_train\triplets\02036_pos_128.npy,data/hcr_train\triplets\02036_neg_64.npy,data/hcr_train\triplets\02036_neg_128.npy,0.4575,0.415,2.53,21.51,131.5,556.4
2037,479,Adversarial,finfet_7nm,data/hcr_train\triplets\02037_ref_64.npy,data/hcr_train\triplets\02037_ref_128.npy,data/hcr_train\triplets\02037_pos_64.npy,data/hcr_train\triplets\02037_pos_128.npy,data/hcr_train\triplets\02037_neg_64.npy,data/hcr_train\triplets\02037_neg_128.npy,0.4575,0.4116,2.53,16.5,131.5,556.4
2038,479,Adversarial,finfet_7nm,data/hcr_train\triplets\02038_ref_64.npy,data/hcr_train\triplets\02038_ref_128.npy,data/hcr_train\triplets\02038_pos_64.npy,data/hcr_train\triplets\02038_pos_128.npy,data/hcr_train\triplets\02038_neg_64.npy,data/hcr_train\triplets\02038_neg_128.npy,0.4575,0.4092,2.53,55.5,131.5,556.4
2039,479,Adversarial,finfet_7nm,data/hcr_train\triplets\02039_ref_64.npy,data/hcr_train\triplets\02039_ref_128.npy,data/hcr_train\triplets\02039_pos_64.npy,data/hcr_train\triplets\02039_pos_128.npy,data/hcr_train\triplets\02039_neg_64.npy,data/hcr_train\triplets\02039_neg_128.npy,0.4575,0.4092,2.53,36.5,131.5,556.4
2040,480,Easy,dram_1x,data/hcr_train\triplets\02040_ref_64.npy,data/hcr_train\triplets\02040_ref_128.npy,data/hcr_train\triplets\02040_pos_64.npy,data/hcr_train\triplets\02040_pos_128.npy,data/hcr_train\triplets\02040_neg_64.npy,data/hcr_train\triplets\02040_neg_128.npy,0.9212,0.8762,0.4,109.42,935.4,92.0
2041,480,Easy,dram_1x,data/hcr_train\triplets\02041_ref_64.npy,data/hcr_train\triplets\02041_ref_128.npy,data/hcr_train\triplets\02041_pos_64.npy,data/hcr_train\triplets\02041_pos_128.npy,data/hcr_train\triplets\02041_neg_64.npy,data/hcr_train\triplets\02041_neg_128.npy,0.9212,0.8667,0.4,865.17,935.4,92.0
2042,480,Easy,dram_1x,data/hcr_train\triplets\02042_ref_64.npy,data/hcr_train\triplets\02042_ref_128.npy,data/hcr_train\triplets\02042_pos_64.npy,data/hcr_train\triplets\02042_pos_128.npy,data/hcr_train\triplets\02042_neg_64.npy,data/hcr_train\triplets\02042_neg_128.npy,0.9212,0.864,0.4,77.0,935.4,92.0
2043,480,Easy,dram_1x,data/hcr_train\triplets\02043_ref_64.npy,data/hcr_train\triplets\02043_ref_128.npy,data/hcr_train\triplets\02043_pos_64.npy,data/hcr_train\triplets\02043_pos_128.npy,data/hcr_train\triplets\02043_neg_64.npy,data/hcr_train\triplets\02043_neg_128.npy,0.9212,0.8639,0.4,869.25,935.4,92.0
2044,480,Easy,dram_1x,data/hcr_train\triplets\02044_ref_64.npy,data/hcr_train\triplets\02044_ref_128.npy,data/hcr_train\triplets\02044_pos_64.npy,data/hcr_train\triplets\02044_pos_128.npy,data/hcr_train\triplets\02044_neg_64.npy,data/hcr_train\triplets\02044_neg_128.npy,0.9212,0.8569,0.4,64.0,935.4,92.0
2045,481,Medium,dram_dense,data/hcr_train\triplets\02045_ref_64.npy,data/hcr_train\triplets\02045_ref_128.npy,data/hcr_train\triplets\02045_pos_64.npy,data/hcr_train\triplets\02045_pos_128.npy,data/hcr_train\triplets\02045_neg_64.npy,data/hcr_train\triplets\02045_neg_128.npy,0.8806,0.8222,0.45,144.2,479.2,260.6
2046,481,Medium,dram_dense,data/hcr_train\triplets\02046_ref_64.npy,data/hcr_train\triplets\02046_ref_128.npy,data/hcr_train\triplets\02046_pos_64.npy,data/hcr_train\triplets\02046_pos_128.npy,data/hcr_train\triplets\02046_neg_64.npy,data/hcr_train\triplets\02046_neg_128.npy,0.8806,0.7961,0.45,17.8,479.2,260.6
2047,481,Medium,dram_dense,data/hcr_train\triplets\02047_ref_64.npy,data/hcr_train\triplets\02047_ref_128.npy,data/hcr_train\triplets\02047_pos_64.npy,data/hcr_train\triplets\02047_pos_128.npy,data/hcr_train\triplets\02047_neg_64.npy,data/hcr_train\triplets\02047_neg_128.npy,0.8806,0.7878,0.45,19.2,479.2,260.6
2048,481,Medium,dram_dense,data/hcr_train\triplets\02048_ref_64.npy,data/hcr_train\triplets\02048_ref_128.npy,data/hcr_train\triplets\02048_pos_64.npy,data/hcr_train\triplets\02048_pos_128.npy,data/hcr_train\triplets\02048_neg_64.npy,data/hcr_train\triplets\02048_neg_128.npy,0.8806,0.7771,0.45,126.2,479.2,260.6
2049,481,Medium,dram_dense,data/hcr_train\triplets\02049_ref_64.npy,data/hcr_train\triplets\02049_ref_128.npy,data/hcr_train\triplets\02049_pos_64.npy,data/hcr_train\triplets\02049_pos_128.npy,data/hcr_train\triplets\02049_neg_64.npy,data/hcr_train\triplets\02049_neg_128.npy,0.8806,0.759,0.45,37.2,479.2,260.6
2050,482,Hard,finfet_10nm,data/hcr_train\triplets\02050_ref_64.npy,data/hcr_train\triplets\02050_ref_128.npy,data/hcr_train\triplets\02050_pos_64.npy,data/hcr_train\triplets\02050_pos_128.npy,data/hcr_train\triplets\02050_neg_64.npy,data/hcr_train\triplets\02050_neg_128.npy,0.7216,0.6706,2.35,155.52,582.3,636.5
2051,482,Hard,finfet_10nm,data/hcr_train\triplets\02051_ref_64.npy,data/hcr_train\triplets\02051_ref_128.npy,data/hcr_train\triplets\02051_pos_64.npy,data/hcr_train\triplets\02051_pos_128.npy,data/hcr_train\triplets\02051_neg_64.npy,data/hcr_train\triplets\02051_neg_128.npy,0.7216,0.6364,2.35,616.67,582.3,636.5
2052,482,Hard,finfet_10nm,data/hcr_train\triplets\02052_ref_64.npy,data/hcr_train\triplets\02052_ref_128.npy,data/hcr_train\triplets\02052_pos_64.npy,data/hcr_train\triplets\02052_pos_128.npy,data/hcr_train\triplets\02052_neg_64.npy,data/hcr_train\triplets\02052_neg_128.npy,0.7216,0.6307,2.35,374.9,582.3,636.5
2053,482,Hard,finfet_10nm,data/hcr_train\triplets\02053_ref_64.npy,data/hcr_train\triplets\02053_ref_128.npy,data/hcr_train\triplets\02053_pos_64.npy,data/hcr_train\triplets\02053_pos_128.npy,data/hcr_train\triplets\02053_neg_64.npy,data/hcr_train\triplets\02053_neg_128.npy,0.7216,0.6199,2.35,51.55,582.3,636.5
2054,482,Hard,finfet_10nm,data/hcr_train\triplets\02054_ref_64.npy,data/hcr_train\triplets\02054_ref_128.npy,data/hcr_train\triplets\02054_pos_64.npy,data/hcr_train\triplets\02054_pos_128.npy,data/hcr_train\triplets\02054_neg_64.npy,data/hcr_train\triplets\02054_neg_128.npy,0.7216,0.6185,2.35,103.53,582.3,636.5
2055,483,Adversarial,finfet_7nm,data/hcr_train\triplets\02055_ref_64.npy,data/hcr_train\triplets\02055_ref_128.npy,data/hcr_train\triplets\02055_pos_64.npy,data/hcr_train\triplets\02055_pos_128.npy,data/hcr_train\triplets\02055_neg_64.npy,data/hcr_train\triplets\02055_neg_128.npy,0.3935,0.3582,2.01,36.26,581.0,398.8
2056,483,Adversarial,finfet_7nm,data/hcr_train\triplets\02056_ref_64.npy,data/hcr_train\triplets\02056_ref_128.npy,data/hcr_train\triplets\02056_pos_64.npy,data/hcr_train\triplets\02056_pos_128.npy,data/hcr_train\triplets\02056_neg_64.npy,data/hcr_train\triplets\02056_neg_128.npy,0.3935,0.3554,2.01,18.31,581.0,398.8
2057,483,Adversarial,finfet_7nm,data/hcr_train\triplets\02057_ref_64.npy,data/hcr_train\triplets\02057_ref_128.npy,data/hcr_train\triplets\02057_pos_64.npy,data/hcr_train\triplets\02057_pos_128.npy,data/hcr_train\triplets\02057_neg_64.npy,data/hcr_train\triplets\02057_neg_128.npy,0.3935,0.3506,2.01,54.28,581.0,398.8
2058,483,Adversarial,finfet_7nm,data/hcr_train\triplets\02058_ref_64.npy,data/hcr_train\triplets\02058_ref_128.npy,data/hcr_train\triplets\02058_pos_64.npy,data/hcr_train\triplets\02058_pos_128.npy,data/hcr_train\triplets\02058_neg_64.npy,data/hcr_train\triplets\02058_neg_128.npy,0.3935,0.3487,2.01,18.05,581.0,398.8
2059,483,Adversarial,finfet_7nm,data/hcr_train\triplets\02059_ref_64.npy,data/hcr_train\triplets\02059_ref_128.npy,data/hcr_train\triplets\02059_pos_64.npy,data/hcr_train\triplets\02059_pos_128.npy,data/hcr_train\triplets\02059_neg_64.npy,data/hcr_train\triplets\02059_neg_128.npy,0.3935,0.3459,2.01,72.23,581.0,398.8
2060,484,Easy,dram_1x,data/hcr_train\triplets\02060_ref_64.npy,data/hcr_train\triplets\02060_ref_128.npy,data/hcr_train\triplets\02060_pos_64.npy,data/hcr_train\triplets\02060_pos_128.npy,data/hcr_train\triplets\02060_neg_64.npy,data/hcr_train\triplets\02060_neg_128.npy,0.9288,0.9014,0.32,63.7,305.9,722.7
2061,484,Easy,dram_1x,data/hcr_train\triplets\02061_ref_64.npy,data/hcr_train\triplets\02061_ref_128.npy,data/hcr_train\triplets\02061_pos_64.npy,data/hcr_train\triplets\02061_pos_128.npy,data/hcr_train\triplets\02061_neg_64.npy,data/hcr_train\triplets\02061_neg_128.npy,0.9288,0.8947,0.32,31.7,305.9,722.7
2062,484,Easy,dram_1x,data/hcr_train\triplets\02062_ref_64.npy,data/hcr_train\triplets\02062_ref_128.npy,data/hcr_train\triplets\02062_pos_64.npy,data/hcr_train\triplets\02062_pos_128.npy,data/hcr_train\triplets\02062_neg_64.npy,data/hcr_train\triplets\02062_neg_128.npy,0.9288,0.8757,0.32,32.3,305.9,722.7
2063,484,Easy,dram_1x,data/hcr_train\triplets\02063_ref_64.npy,data/hcr_train\triplets\02063_ref_128.npy,data/hcr_train\triplets\02063_pos_64.npy,data/hcr_train\triplets\02063_pos_128.npy,data/hcr_train\triplets\02063_neg_64.npy,data/hcr_train\triplets\02063_neg_128.npy,0.9288,0.8614,0.32,63.3,305.9,722.7
2064,484,Easy,dram_1x,data/hcr_train\triplets\02064_ref_64.npy,data/hcr_train\triplets\02064_ref_128.npy,data/hcr_train\triplets\02064_pos_64.npy,data/hcr_train\triplets\02064_pos_128.npy,data/hcr_train\triplets\02064_neg_64.npy,data/hcr_train\triplets\02064_neg_128.npy,0.9288,0.8505,0.32,47.7,305.9,722.7
2065,485,Medium,dram_dense,data/hcr_train\triplets\02065_ref_64.npy,data/hcr_train\triplets\02065_ref_128.npy,data/hcr_train\triplets\02065_pos_64.npy,data/hcr_train\triplets\02065_pos_128.npy,data/hcr_train\triplets\02065_neg_64.npy,data/hcr_train\triplets\02065_neg_128.npy,0.9001,0.836,1.22,95.81,845.2,735.8
2066,485,Medium,dram_dense,data/hcr_train\triplets\02066_ref_64.npy,data/hcr_train\triplets\02066_ref_128.npy,data/hcr_train\triplets\02066_pos_64.npy,data/hcr_train\triplets\02066_pos_128.npy,data/hcr_train\triplets\02066_neg_64.npy,data/hcr_train\triplets\02066_neg_128.npy,0.9001,0.7817,1.22,24.23,845.2,735.8
2067,485,Medium,dram_dense,data/hcr_train\triplets\02067_ref_64.npy,data/hcr_train\triplets\02067_ref_128.npy,data/hcr_train\triplets\02067_pos_64.npy,data/hcr_train\triplets\02067_pos_128.npy,data/hcr_train\triplets\02067_neg_64.npy,data/hcr_train\triplets\02067_neg_128.npy,0.9001,0.7631,1.22,23.83,845.2,735.8
2068,485,Medium,dram_dense,data/hcr_train\triplets\02068_ref_64.npy,data/hcr_train\triplets\02068_ref_128.npy,data/hcr_train\triplets\02068_pos_64.npy,data/hcr_train\triplets\02068_pos_128.npy,data/hcr_train\triplets\02068_neg_64.npy,data/hcr_train\triplets\02068_neg_128.npy,0.9001,0.7619,1.22,71.81,845.2,735.8
2069,485,Medium,dram_dense,data/hcr_train\triplets\02069_ref_64.npy,data/hcr_train\triplets\02069_ref_128.npy,data/hcr_train\triplets\02069_pos_64.npy,data/hcr_train\triplets\02069_pos_128.npy,data/hcr_train\triplets\02069_neg_64.npy,data/hcr_train\triplets\02069_neg_128.npy,0.9001,0.7537,1.22,47.82,845.2,735.8
2070,486,Hard,finfet_10nm,data/hcr_train\triplets\02070_ref_64.npy,data/hcr_train\triplets\02070_ref_128.npy,data/hcr_train\triplets\02070_pos_64.npy,data/hcr_train\triplets\02070_pos_128.npy,data/hcr_train\triplets\02070_neg_64.npy,data/hcr_train\triplets\02070_neg_128.npy,0.7137,0.4682,1.9,93.1,296.9,845.0
2071,486,Hard,finfet_10nm,data/hcr_train\triplets\02071_ref_64.npy,data/hcr_train\triplets\02071_ref_128.npy,data/hcr_train\triplets\02071_pos_64.npy,data/hcr_train\triplets\02071_pos_128.npy,data/hcr_train\triplets\02071_neg_64.npy,data/hcr_train\triplets\02071_neg_128.npy,0.7137,0.4635,1.9,17.1,296.9,845.0
2072,486,Hard,finfet_10nm,data/hcr_train\triplets\02072_ref_64.npy,data/hcr_train\triplets\02072_ref_128.npy,data/hcr_train\triplets\02072_pos_64.npy,data/hcr_train\triplets\02072_pos_128.npy,data/hcr_train\triplets\02072_neg_64.npy,data/hcr_train\triplets\02072_neg_128.npy,0.7137,0.4474,1.9,152.1,296.9,845.0
2073,486,Hard,finfet_10nm,data/hcr_train\triplets\02073_ref_64.npy,data/hcr_train\triplets\02073_ref_128.npy,data/hcr_train\triplets\02073_pos_64.npy,data/hcr_train\triplets\02073_pos_128.npy,data/hcr_train\triplets\02073_neg_64.npy,data/hcr_train\triplets\02073_neg_128.npy,0.7137,0.4414,1.9,189.1,296.9,845.0
2074,486,Hard,finfet_10nm,data/hcr_train\triplets\02074_ref_64.npy,data/hcr_train\triplets\02074_ref_128.npy,data/hcr_train\triplets\02074_pos_64.npy,data/hcr_train\triplets\02074_pos_128.npy,data/hcr_train\triplets\02074_neg_64.npy,data/hcr_train\triplets\02074_neg_128.npy,0.7137,0.4401,1.9,170.1,296.9,845.0
2075,487,Adversarial,finfet_7nm,data/hcr_train\triplets\02075_ref_64.npy,data/hcr_train\triplets\02075_ref_128.npy,data/hcr_train\triplets\02075_pos_64.npy,data/hcr_train\triplets\02075_pos_128.npy,data/hcr_train\triplets\02075_neg_64.npy,data/hcr_train\triplets\02075_neg_128.npy,0.3893,0.3279,4.42,414.52,567.4,913.6
2076,487,Adversarial,finfet_7nm,data/hcr_train\triplets\02076_ref_64.npy,data/hcr_train\triplets\02076_ref_128.npy,data/hcr_train\triplets\02076_pos_64.npy,data/hcr_train\triplets\02076_pos_128.npy,data/hcr_train\triplets\02076_neg_64.npy,data/hcr_train\triplets\02076_neg_128.npy,0.3893,0.3029,4.42,326.88,567.4,913.6
2077,487,Adversarial,finfet_7nm,data/hcr_train\triplets\02077_ref_64.npy,data/hcr_train\triplets\02077_ref_128.npy,data/hcr_train\triplets\02077_pos_64.npy,data/hcr_train\triplets\02077_pos_128.npy,data/hcr_train\triplets\02077_neg_64.npy,data/hcr_train\triplets\02077_neg_128.npy,0.3893,0.2943,4.42,389.67,567.4,913.6
2078,487,Adversarial,finfet_7nm,data/hcr_train\triplets\02078_ref_64.npy,data/hcr_train\triplets\02078_ref_128.npy,data/hcr_train\triplets\02078_pos_64.npy,data/hcr_train\triplets\02078_pos_128.npy,data/hcr_train\triplets\02078_neg_64.npy,data/hcr_train\triplets\02078_neg_128.npy,0.3893,0.2841,4.42,36.66,567.4,913.6
2079,487,Adversarial,finfet_7nm,data/hcr_train\triplets\02079_ref_64.npy,data/hcr_train\triplets\02079_ref_128.npy,data/hcr_train\triplets\02079_pos_64.npy,data/hcr_train\triplets\02079_pos_128.npy,data/hcr_train\triplets\02079_neg_64.npy,data/hcr_train\triplets\02079_neg_128.npy,0.3893,0.2813,4.42,395.42,567.4,913.6
2080,488,Easy,dram_1x,data/hcr_train\triplets\02080_ref_64.npy,data/hcr_train\triplets\02080_ref_128.npy,data/hcr_train\triplets\02080_pos_64.npy,data/hcr_train\triplets\02080_pos_128.npy,data/hcr_train\triplets\02080_neg_64.npy,data/hcr_train\triplets\02080_neg_128.npy,0.9482,0.9,0.71,47.91,266.7,698.1
2081,488,Easy,dram_1x,data/hcr_train\triplets\02081_ref_64.npy,data/hcr_train\triplets\02081_ref_128.npy,data/hcr_train\triplets\02081_pos_64.npy,data/hcr_train\triplets\02081_pos_128.npy,data/hcr_train\triplets\02081_neg_64.npy,data/hcr_train\triplets\02081_neg_128.npy,0.9482,0.8854,0.71,95.9,266.7,698.1
2082,488,Easy,dram_1x,data/hcr_train\triplets\02082_ref_64.npy,data/hcr_train\triplets\02082_ref_128.npy,data/hcr_train\triplets\02082_pos_64.npy,data/hcr_train\triplets\02082_pos_128.npy,data/hcr_train\triplets\02082_neg_64.npy,data/hcr_train\triplets\02082_neg_128.npy,0.9482,0.8817,0.71,48.11,266.7,698.1
2083,488,Easy,dram_1x,data/hcr_train\triplets\02083_ref_64.npy,data/hcr_train\triplets\02083_ref_128.npy,data/hcr_train\triplets\02083_pos_64.npy,data/hcr_train\triplets\02083_pos_128.npy,data/hcr_train\triplets\02083_neg_64.npy,data/hcr_train\triplets\02083_neg_128.npy,0.9482,0.6998,0.71,71.9,266.7,698.1
2084,488,Easy,dram_1x,data/hcr_train\triplets\02084_ref_64.npy,data/hcr_train\triplets\02084_ref_128.npy,data/hcr_train\triplets\02084_pos_64.npy,data/hcr_train\triplets\02084_pos_128.npy,data/hcr_train\triplets\02084_neg_64.npy,data/hcr_train\triplets\02084_neg_128.npy,0.9482,0.6965,0.71,23.91,266.7,698.1
2085,489,Medium,dram_dense,data/hcr_train\triplets\02085_ref_64.npy,data/hcr_train\triplets\02085_ref_128.npy,data/hcr_train\triplets\02085_pos_64.npy,data/hcr_train\triplets\02085_pos_128.npy,data/hcr_train\triplets\02085_neg_64.npy,data/hcr_train\triplets\02085_neg_128.npy,0.8641,0.7336,1.12,20.01,950.0,836.5
2086,489,Medium,dram_dense,data/hcr_train\triplets\02086_ref_64.npy,data/hcr_train\triplets\02086_ref_128.npy,data/hcr_train\triplets\02086_pos_64.npy,data/hcr_train\triplets\02086_pos_128.npy,data/hcr_train\triplets\02086_neg_64.npy,data/hcr_train\triplets\02086_neg_128.npy,0.8641,0.7291,1.12,886.41,950.0,836.5
2087,489,Medium,dram_dense,data/hcr_train\triplets\02087_ref_64.npy,data/hcr_train\triplets\02087_ref_128.npy,data/hcr_train\triplets\02087_pos_64.npy,data/hcr_train\triplets\02087_pos_128.npy,data/hcr_train\triplets\02087_neg_64.npy,data/hcr_train\triplets\02087_neg_128.npy,0.8641,0.7271,1.12,852.59,950.0,836.5
2088,489,Medium,dram_dense,data/hcr_train\triplets\02088_ref_64.npy,data/hcr_train\triplets\02088_ref_128.npy,data/hcr_train\triplets\02088_pos_64.npy,data/hcr_train\triplets\02088_pos_128.npy,data/hcr_train\triplets\02088_neg_64.npy,data/hcr_train\triplets\02088_neg_128.npy,0.8641,0.7235,1.12,818.95,950.0,836.5
2089,489,Medium,dram_dense,data/hcr_train\triplets\02089_ref_64.npy,data/hcr_train\triplets\02089_ref_128.npy,data/hcr_train\triplets\02089_pos_64.npy,data/hcr_train\triplets\02089_pos_128.npy,data/hcr_train\triplets\02089_neg_64.npy,data/hcr_train\triplets\02089_neg_128.npy,0.8641,0.7154,1.12,920.41,950.0,836.5
2090,490,Hard,finfet_10nm,data/hcr_train\triplets\02090_ref_64.npy,data/hcr_train\triplets\02090_ref_128.npy,data/hcr_train\triplets\02090_pos_64.npy,data/hcr_train\triplets\02090_pos_128.npy,data/hcr_train\triplets\02090_neg_64.npy,data/hcr_train\triplets\02090_neg_128.npy,0.7091,0.7046,2.11,13.9,154.1,585.8
2091,490,Hard,finfet_10nm,data/hcr_train\triplets\02091_ref_64.npy,data/hcr_train\triplets\02091_ref_128.npy,data/hcr_train\triplets\02091_pos_64.npy,data/hcr_train\triplets\02091_pos_128.npy,data/hcr_train\triplets\02091_neg_64.npy,data/hcr_train\triplets\02091_neg_128.npy,0.7091,0.7014,2.11,29.9,154.1,585.8
2092,490,Hard,finfet_10nm,data/hcr_train\triplets\02092_ref_64.npy,data/hcr_train\triplets\02092_ref_128.npy,data/hcr_train\triplets\02092_pos_64.npy,data/hcr_train\triplets\02092_pos_128.npy,data/hcr_train\triplets\02092_neg_64.npy,data/hcr_train\triplets\02092_neg_128.npy,0.7091,0.6995,2.11,45.9,154.1,585.8
2093,490,Hard,finfet_10nm,data/hcr_train\triplets\02093_ref_64.npy,data/hcr_train\triplets\02093_ref_128.npy,data/hcr_train\triplets\02093_pos_64.npy,data/hcr_train\triplets\02093_pos_128.npy,data/hcr_train\triplets\02093_neg_64.npy,data/hcr_train\triplets\02093_neg_128.npy,0.7091,0.6983,2.11,18.1,154.1,585.8
2094,490,Hard,finfet_10nm,data/hcr_train\triplets\02094_ref_64.npy,data/hcr_train\triplets\02094_ref_128.npy,data/hcr_train\triplets\02094_pos_64.npy,data/hcr_train\triplets\02094_pos_128.npy,data/hcr_train\triplets\02094_neg_64.npy,data/hcr_train\triplets\02094_neg_128.npy,0.7091,0.6912,2.11,34.1,154.1,585.8
2095,492,Easy,dram_1x,data/hcr_train\triplets\02095_ref_64.npy,data/hcr_train\triplets\02095_ref_128.npy,data/hcr_train\triplets\02095_pos_64.npy,data/hcr_train\triplets\02095_pos_128.npy,data/hcr_train\triplets\02095_neg_64.npy,data/hcr_train\triplets\02095_neg_128.npy,0.9329,0.8827,0.32,461.11,621.3,931.1
2096,492,Easy,dram_1x,data/hcr_train\triplets\02096_ref_64.npy,data/hcr_train\triplets\02096_ref_128.npy,data/hcr_train\triplets\02096_pos_64.npy,data/hcr_train\triplets\02096_pos_128.npy,data/hcr_train\triplets\02096_neg_64.npy,data/hcr_train\triplets\02096_neg_128.npy,0.9329,0.882,0.32,548.1,621.3,931.1
2097,492,Easy,dram_1x,data/hcr_train\triplets\02097_ref_64.npy,data/hcr_train\triplets\02097_ref_128.npy,data/hcr_train\triplets\02097_pos_64.npy,data/hcr_train\triplets\02097_pos_128.npy,data/hcr_train\triplets\02097_neg_64.npy,data/hcr_train\triplets\02097_neg_128.npy,0.9329,0.8733,0.32,519.11,621.3,931.1
2098,492,Easy,dram_1x,data/hcr_train\triplets\02098_ref_64.npy,data/hcr_train\triplets\02098_ref_128.npy,data/hcr_train\triplets\02098_pos_64.npy,data/hcr_train\triplets\02098_pos_128.npy,data/hcr_train\triplets\02098_neg_64.npy,data/hcr_train\triplets\02098_neg_128.npy,0.9329,0.8562,0.32,432.11,621.3,931.1
2099,492,Easy,dram_1x,data/hcr_train\triplets\02099_ref_64.npy,data/hcr_train\triplets\02099_ref_128.npy,data/hcr_train\triplets\02099_pos_64.npy,data/hcr_train\triplets\02099_pos_128.npy,data/hcr_train\triplets\02099_neg_64.npy,data/hcr_train\triplets\02099_neg_128.npy,0.9329,0.8545,0.32,490.11,621.3,931.1
2100,493,Medium,dram_dense,data/hcr_train\triplets\02100_ref_64.npy,data/hcr_train\triplets\02100_ref_128.npy,data/hcr_train\triplets\02100_pos_64.npy,data/hcr_train\triplets\02100_pos_128.npy,data/hcr_train\triplets\02100_neg_64.npy,data/hcr_train\triplets\02100_neg_128.npy,0.8854,0.5322,1.3,24.1,270.3,550.1
2101,493,Medium,dram_dense,data/hcr_train\triplets\02101_ref_64.npy,data/hcr_train\triplets\02101_ref_128.npy,data/hcr_train\triplets\02101_pos_64.npy,data/hcr_train\triplets\02101_pos_128.npy,data/hcr_train\triplets\02101_neg_64.npy,data/hcr_train\triplets\02101_neg_128.npy,0.8854,0.511,1.3,145.1,270.3,550.1
2102,493,Medium,dram_dense,data/hcr_train\triplets\02102_ref_64.npy,data/hcr_train\triplets\02102_ref_128.npy,data/hcr_train\triplets\02102_pos_64.npy,data/hcr_train\triplets\02102_pos_128.npy,data/hcr_train\triplets\02102_neg_64.npy,data/hcr_train\triplets\02102_neg_128.npy,0.8854,0.5028,1.3,192.1,270.3,550.1
2103,493,Medium,dram_dense,data/hcr_train\triplets\02103_ref_64.npy,data/hcr_train\triplets\02103_ref_128.npy,data/hcr_train\triplets\02103_pos_64.npy,data/hcr_train\triplets\02103_pos_128.npy,data/hcr_train\triplets\02103_neg_64.npy,data/hcr_train\triplets\02103_neg_128.npy,0.8854,0.5027,1.3,121.1,270.3,550.1
2104,493,Medium,dram_dense,data/hcr_train\triplets\02104_ref_64.npy,data/hcr_train\triplets\02104_ref_128.npy,data/hcr_train\triplets\02104_pos_64.npy,data/hcr_train\triplets\02104_pos_128.npy,data/hcr_train\triplets\02104_neg_64.npy,data/hcr_train\triplets\02104_neg_128.npy,0.8854,0.4964,1.3,48.1,270.3,550.1
2105,494,Hard,finfet_10nm,data/hcr_train\triplets\02105_ref_64.npy,data/hcr_train\triplets\02105_ref_128.npy,data/hcr_train\triplets\02105_pos_64.npy,data/hcr_train\triplets\02105_pos_128.npy,data/hcr_train\triplets\02105_neg_64.npy,data/hcr_train\triplets\02105_neg_128.npy,0.5877,0.4961,1.63,44.73,843.6,430.7
2106,494,Hard,finfet_10nm,data/hcr_train\triplets\02106_ref_64.npy,data/hcr_train\triplets\02106_ref_128.npy,data/hcr_train\triplets\02106_pos_64.npy,data/hcr_train\triplets\02106_pos_128.npy,data/hcr_train\triplets\02106_neg_64.npy,data/hcr_train\triplets\02106_neg_128.npy,0.5877,0.4905,1.63,45.33,843.6,430.7
2107,494,Hard,finfet_10nm,data/hcr_train\triplets\02107_ref_64.npy,data/hcr_train\triplets\02107_ref_128.npy,data/hcr_train\triplets\02107_pos_64.npy,data/hcr_train\triplets\02107_pos_128.npy,data/hcr_train\triplets\02107_neg_64.npy,data/hcr_train\triplets\02107_neg_128.npy,0.5877,0.4702,1.63,75.72,843.6,430.7
2108,494,Hard,finfet_10nm,data/hcr_train\triplets\02108_ref_64.npy,data/hcr_train\triplets\02108_ref_128.npy,data/hcr_train\triplets\02108_pos_64.npy,data/hcr_train\triplets\02108_pos_128.npy,data/hcr_train\triplets\02108_neg_64.npy,data/hcr_train\triplets\02108_neg_128.npy,0.5877,0.4667,1.63,76.32,843.6,430.7
2109,494,Hard,finfet_10nm,data/hcr_train\triplets\02109_ref_64.npy,data/hcr_train\triplets\02109_ref_128.npy,data/hcr_train\triplets\02109_pos_64.npy,data/hcr_train\triplets\02109_pos_128.npy,data/hcr_train\triplets\02109_neg_64.npy,data/hcr_train\triplets\02109_neg_128.npy,0.5877,0.4411,1.63,90.71,843.6,430.7
2110,495,Adversarial,finfet_7nm,data/hcr_train\triplets\02110_ref_64.npy,data/hcr_train\triplets\02110_ref_128.npy,data/hcr_train\triplets\02110_pos_64.npy,data/hcr_train\triplets\02110_pos_128.npy,data/hcr_train\triplets\02110_neg_64.npy,data/hcr_train\triplets\02110_neg_128.npy,0.3797,0.3961,1.0,43.91,533.0,69.1
2111,495,Adversarial,finfet_7nm,data/hcr_train\triplets\02111_ref_64.npy,data/hcr_train\triplets\02111_ref_128.npy,data/hcr_train\triplets\02111_pos_64.npy,data/hcr_train\triplets\02111_pos_128.npy,data/hcr_train\triplets\02111_neg_64.npy,data/hcr_train\triplets\02111_neg_128.npy,0.3797,0.382,1.0,21.92,533.0,69.1
2112,495,Adversarial,finfet_7nm,data/hcr_train\triplets\02112_ref_64.npy,data/hcr_train\triplets\02112_ref_128.npy,data/hcr_train\triplets\02112_pos_64.npy,data/hcr_train\triplets\02112_pos_128.npy,data/hcr_train\triplets\02112_neg_64.npy,data/hcr_train\triplets\02112_neg_128.npy,0.3797,0.3734,1.0,87.9,533.0,69.1
2113,495,Adversarial,finfet_7nm,data/hcr_train\triplets\02113_ref_64.npy,data/hcr_train\triplets\02113_ref_128.npy,data/hcr_train\triplets\02113_pos_64.npy,data/hcr_train\triplets\02113_pos_128.npy,data/hcr_train\triplets\02113_neg_64.npy,data/hcr_train\triplets\02113_neg_128.npy,0.3797,0.3632,1.0,633.19,533.0,69.1
2114,495,Adversarial,finfet_7nm,data/hcr_train\triplets\02114_ref_64.npy,data/hcr_train\triplets\02114_ref_128.npy,data/hcr_train\triplets\02114_pos_64.npy,data/hcr_train\triplets\02114_pos_128.npy,data/hcr_train\triplets\02114_neg_64.npy,data/hcr_train\triplets\02114_neg_128.npy,0.3797,0.3629,1.0,65.91,533.0,69.1
2115,496,Easy,dram_1x,data/hcr_train\triplets\02115_ref_64.npy,data/hcr_train\triplets\02115_ref_128.npy,data/hcr_train\triplets\02115_pos_64.npy,data/hcr_train\triplets\02115_pos_128.npy,data/hcr_train\triplets\02115_neg_64.npy,data/hcr_train\triplets\02115_neg_128.npy,0.9396,0.8556,0.5,160.6,544.3,804.6
2116,496,Easy,dram_1x,data/hcr_train\triplets\02116_ref_64.npy,data/hcr_train\triplets\02116_ref_128.npy,data/hcr_train\triplets\02116_pos_64.npy,data/hcr_train\triplets\02116_pos_128.npy,data/hcr_train\triplets\02116_neg_64.npy,data/hcr_train\triplets\02116_neg_128.npy,0.9396,0.8404,0.5,64.6,544.3,804.6
2117,496,Easy,dram_1x,data/hcr_train\triplets\02117_ref_64.npy,data/hcr_train\triplets\02117_ref_128.npy,data/hcr_train\triplets\02117_pos_64.npy,data/hcr_train\triplets\02117_pos_128.npy,data/hcr_train\triplets\02117_neg_64.npy,data/hcr_train\triplets\02117_neg_128.npy,0.9396,0.8388,0.5,128.6,544.3,804.6
2118,496,Easy,dram_1x,data/hcr_train\triplets\02118_ref_64.npy,data/hcr_train\triplets\02118_ref_128.npy,data/hcr_train\triplets\02118_pos_64.npy,data/hcr_train\triplets\02118_pos_128.npy,data/hcr_train\triplets\02118_neg_64.npy,data/hcr_train\triplets\02118_neg_128.npy,0.9396,0.8246,0.5,96.6,544.3,804.6
2119,496,Easy,dram_1x,data/hcr_train\triplets\02119_ref_64.npy,data/hcr_train\triplets\02119_ref_128.npy,data/hcr_train\triplets\02119_pos_64.npy,data/hcr_train\triplets\02119_pos_128.npy,data/hcr_train\triplets\02119_neg_64.npy,data/hcr_train\triplets\02119_neg_128.npy,0.9396,0.8187,0.5,32.6,544.3,804.6
2120,497,Medium,dram_dense,data/hcr_train\triplets\02120_ref_64.npy,data/hcr_train\triplets\02120_ref_128.npy,data/hcr_train\triplets\02120_pos_64.npy,data/hcr_train\triplets\02120_pos_128.npy,data/hcr_train\triplets\02120_neg_64.npy,data/hcr_train\triplets\02120_neg_128.npy,0.847,0.7845,0.81,101.4,274.7,360.6
2121,497,Medium,dram_dense,data/hcr_train\triplets\02121_ref_64.npy,data/hcr_train\triplets\02121_ref_128.npy,data/hcr_train\triplets\02121_pos_64.npy,data/hcr_train\triplets\02121_pos_128.npy,data/hcr_train\triplets\02121_neg_64.npy,data/hcr_train\triplets\02121_neg_128.npy,0.847,0.7781,0.81,114.4,274.7,360.6
2122,497,Medium,dram_dense,data/hcr_train\triplets\02122_ref_64.npy,data/hcr_train\triplets\02122_ref_128.npy,data/hcr_train\triplets\02122_pos_64.npy,data/hcr_train\triplets\02122_pos_128.npy,data/hcr_train\triplets\02122_neg_64.npy,data/hcr_train\triplets\02122_neg_128.npy,0.847,0.7502,0.81,50.4,274.7,360.6
2123,497,Medium,dram_dense,data/hcr_train\triplets\02123_ref_64.npy,data/hcr_train\triplets\02123_ref_128.npy,data/hcr_train\triplets\02123_pos_64.npy,data/hcr_train\triplets\02123_pos_128.npy,data/hcr_train\triplets\02123_neg_64.npy,data/hcr_train\triplets\02123_neg_128.npy,0.847,0.693,0.81,13.42,274.7,360.6
2124,497,Medium,dram_dense,data/hcr_train\triplets\02124_ref_64.npy,data/hcr_train\triplets\02124_ref_128.npy,data/hcr_train\triplets\02124_pos_64.npy,data/hcr_train\triplets\02124_pos_128.npy,data/hcr_train\triplets\02124_neg_64.npy,data/hcr_train\triplets\02124_neg_128.npy,0.847,0.6906,0.81,13.62,274.7,360.6
2125,498,Hard,finfet_10nm,data/hcr_train\triplets\02125_ref_64.npy,data/hcr_train\triplets\02125_ref_128.npy,data/hcr_train\triplets\02125_pos_64.npy,data/hcr_train\triplets\02125_pos_128.npy,data/hcr_train\triplets\02125_neg_64.npy,data/hcr_train\triplets\02125_neg_128.npy,0.7441,0.7243,0.81,16.8,408.8,259.1
2126,498,Hard,finfet_10nm,data/hcr_train\triplets\02126_ref_64.npy,data/hcr_train\triplets\02126_ref_128.npy,data/hcr_train\triplets\02126_pos_64.npy,data/hcr_train\triplets\02126_pos_128.npy,data/hcr_train\triplets\02126_neg_64.npy,data/hcr_train\triplets\02126_neg_128.npy,0.7441,0.7095,0.81,15.2,408.8,259.1
2127,498,Hard,finfet_10nm,data/hcr_train\triplets\02127_ref_64.npy,data/hcr_train\triplets\02127_ref_128.npy,data/hcr_train\triplets\02127_pos_64.npy,data/hcr_train\triplets\02127_pos_128.npy,data/hcr_train\triplets\02127_neg_64.npy,data/hcr_train\triplets\02127_neg_128.npy,0.7441,0.7064,0.81,95.2,408.8,259.1
2128,498,Hard,finfet_10nm,data/hcr_train\triplets\02128_ref_64.npy,data/hcr_train\triplets\02128_ref_128.npy,data/hcr_train\triplets\02128_pos_64.npy,data/hcr_train\triplets\02128_pos_128.npy,data/hcr_train\triplets\02128_neg_64.npy,data/hcr_train\triplets\02128_neg_128.npy,0.7441,0.6953,0.81,79.2,408.8,259.1
2129,498,Hard,finfet_10nm,data/hcr_train\triplets\02129_ref_64.npy,data/hcr_train\triplets\02129_ref_128.npy,data/hcr_train\triplets\02129_pos_64.npy,data/hcr_train\triplets\02129_pos_128.npy,data/hcr_train\triplets\02129_neg_64.npy,data/hcr_train\triplets\02129_neg_128.npy,0.7441,0.6939,0.81,31.2,408.8,259.1
2130,499,Adversarial,finfet_7nm,data/hcr_train\triplets\02130_ref_64.npy,data/hcr_train\triplets\02130_ref_128.npy,data/hcr_train\triplets\02130_pos_64.npy,data/hcr_train\triplets\02130_pos_128.npy,data/hcr_train\triplets\02130_neg_64.npy,data/hcr_train\triplets\02130_neg_128.npy,0.3344,0.3338,4.01,52.0,406.0,846.7
2131,499,Adversarial,finfet_7nm,data/hcr_train\triplets\02131_ref_64.npy,data/hcr_train\triplets\02131_ref_128.npy,data/hcr_train\triplets\02131_pos_64.npy,data/hcr_train\triplets\02131_pos_128.npy,data/hcr_train\triplets\02131_neg_64.npy,data/hcr_train\triplets\02131_neg_128.npy,0.3344,0.3294,4.01,28.0,406.0,846.7
2132,499,Adversarial,finfet_7nm,data/hcr_train\triplets\02132_ref_64.npy,data/hcr_train\triplets\02132_ref_128.npy,data/hcr_train\triplets\02132_pos_64.npy,data/hcr_train\triplets\02132_pos_128.npy,data/hcr_train\triplets\02132_neg_64.npy,data/hcr_train\triplets\02132_neg_128.npy,0.3344,0.3273,4.01,20.0,406.0,846.7
2133,499,Adversarial,finfet_7nm,data/hcr_train\triplets\02133_ref_64.npy,data/hcr_train\triplets\02133_ref_128.npy,data/hcr_train\triplets\02133_pos_64.npy,data/hcr_train\triplets\02133_pos_128.npy,data/hcr_train\triplets\02133_neg_64.npy,data/hcr_train\triplets\02133_neg_128.npy,0.3344,0.3243,4.01,44.0,406.0,846.7
2134,499,Adversarial,finfet_7nm,data/hcr_train\triplets\02134_ref_64.npy,data/hcr_train\triplets\02134_ref_128.npy,data/hcr_train\triplets\02134_pos_64.npy,data/hcr_train\triplets\02134_pos_128.npy,data/hcr_train\triplets\02134_neg_64.npy,data/hcr_train\triplets\02134_neg_128.npy,0.3344,0.3189,4.01,91.0,406.0,846.7
2135,500,Easy,dram_1x,data/hcr_train\triplets\02135_ref_64.npy,data/hcr_train\triplets\02135_ref_128.npy,data/hcr_train\triplets\02135_pos_64.npy,data/hcr_train\triplets\02135_pos_128.npy,data/hcr_train\triplets\02135_neg_64.npy,data/hcr_train\triplets\02135_neg_128.npy,0.9127,0.8734,0.72,19.41,273.6,928.6
2136,500,Easy,dram_1x,data/hcr_train\triplets\02136_ref_64.npy,data/hcr_train\triplets\02136_ref_128.npy,data/hcr_train\triplets\02136_pos_64.npy,data/hcr_train\triplets\02136_pos_128.npy,data/hcr_train\triplets\02136_neg_64.npy,data/hcr_train\triplets\02136_neg_128.npy,0.9127,0.745,0.72,19.61,273.6,928.6
2137,500,Easy,dram_1x,data/hcr_train\triplets\02137_ref_64.npy,data/hcr_train\triplets\02137_ref_128.npy,data/hcr_train\triplets\02137_pos_64.npy,data/hcr_train\triplets\02137_pos_128.npy,data/hcr_train\triplets\02137_neg_64.npy,data/hcr_train\triplets\02137_neg_128.npy,0.9127,0.6488,0.72,38.6,273.6,928.6
2138,500,Easy,dram_1x,data/hcr_train\triplets\02138_ref_64.npy,data/hcr_train\triplets\02138_ref_128.npy,data/hcr_train\triplets\02138_pos_64.npy,data/hcr_train\triplets\02138_pos_128.npy,data/hcr_train\triplets\02138_neg_64.npy,data/hcr_train\triplets\02138_neg_128.npy,0.9127,0.5852,0.72,950.49,273.6,928.6
2139,500,Easy,dram_1x,data/hcr_train\triplets\02139_ref_64.npy,data/hcr_train\triplets\02139_ref_128.npy,data/hcr_train\triplets\02139_pos_64.npy,data/hcr_train\triplets\02139_pos_128.npy,data/hcr_train\triplets\02139_neg_64.npy,data/hcr_train\triplets\02139_neg_128.npy,0.9127,0.5829,0.72,1001.73,273.6,928.6
2140,502,Hard,finfet_10nm,data/hcr_train\triplets\02140_ref_64.npy,data/hcr_train\triplets\02140_ref_128.npy,data/hcr_train\triplets\02140_pos_64.npy,data/hcr_train\triplets\02140_pos_128.npy,data/hcr_train\triplets\02140_neg_64.npy,data/hcr_train\triplets\02140_neg_128.npy,0.5262,0.4737,3.03,157.0,625.0,884.6
2141,502,Hard,finfet_10nm,data/hcr_train\triplets\02141_ref_64.npy,data/hcr_train\triplets\02141_ref_128.npy,data/hcr_train\triplets\02141_pos_64.npy,data/hcr_train\triplets\02141_pos_128.npy,data/hcr_train\triplets\02141_neg_64.npy,data/hcr_train\triplets\02141_neg_128.npy,0.5262,0.4702,3.03,93.0,625.0,884.6
2142,502,Hard,finfet_10nm,data/hcr_train\triplets\02142_ref_64.npy,data/hcr_train\triplets\02142_ref_128.npy,data/hcr_train\triplets\02142_pos_64.npy,data/hcr_train\triplets\02142_pos_128.npy,data/hcr_train\triplets\02142_neg_64.npy,data/hcr_train\triplets\02142_neg_128.npy,0.5262,0.4675,3.03,133.0,625.0,884.6
2143,502,Hard,finfet_10nm,data/hcr_train\triplets\02143_ref_64.npy,data/hcr_train\triplets\02143_ref_128.npy,data/hcr_train\triplets\02143_pos_64.npy,data/hcr_train\triplets\02143_pos_128.npy,data/hcr_train\triplets\02143_neg_64.npy,data/hcr_train\triplets\02143_neg_128.npy,0.5262,0.4672,3.03,13.01,625.0,884.6
2144,502,Hard,finfet_10nm,data/hcr_train\triplets\02144_ref_64.npy,data/hcr_train\triplets\02144_ref_128.npy,data/hcr_train\triplets\02144_pos_64.npy,data/hcr_train\triplets\02144_pos_128.npy,data/hcr_train\triplets\02144_neg_64.npy,data/hcr_train\triplets\02144_neg_128.npy,0.5262,0.4658,3.03,53.0,625.0,884.6
2145,503,Adversarial,finfet_7nm,data/hcr_train\triplets\02145_ref_64.npy,data/hcr_train\triplets\02145_ref_128.npy,data/hcr_train\triplets\02145_pos_64.npy,data/hcr_train\triplets\02145_pos_128.npy,data/hcr_train\triplets\02145_neg_64.npy,data/hcr_train\triplets\02145_neg_128.npy,0.3528,0.3553,1.1,18.03,625.1,203.0
2146,503,Adversarial,finfet_7nm,data/hcr_train\triplets\02146_ref_64.npy,data/hcr_train\triplets\02146_ref_128.npy,data/hcr_train\triplets\02146_pos_64.npy,data/hcr_train\triplets\02146_pos_128.npy,data/hcr_train\triplets\02146_neg_64.npy,data/hcr_train\triplets\02146_neg_128.npy,0.3528,0.3352,1.1,36.02,625.1,203.0
2147,503,Adversarial,finfet_7nm,data/hcr_train\triplets\02147_ref_64.npy,data/hcr_train\triplets\02147_ref_128.npy,data/hcr_train\triplets\02147_pos_64.npy,data/hcr_train\triplets\02147_pos_128.npy,data/hcr_train\triplets\02147_neg_64.npy,data/hcr_train\triplets\02147_neg_128.npy,0.3528,0.3318,1.1,126.0,625.1,203.0
2148,503,Adversarial,finfet_7nm,data/hcr_train\triplets\02148_ref_64.npy,data/hcr_train\triplets\02148_ref_128.npy,data/hcr_train\triplets\02148_pos_64.npy,data/hcr_train\triplets\02148_pos_128.npy,data/hcr_train\triplets\02148_neg_64.npy,data/hcr_train\triplets\02148_neg_128.npy,0.3528,0.3188,1.1,144.0,625.1,203.0
2149,503,Adversarial,finfet_7nm,data/hcr_train\triplets\02149_ref_64.npy,data/hcr_train\triplets\02149_ref_128.npy,data/hcr_train\triplets\02149_pos_64.npy,data/hcr_train\triplets\02149_pos_128.npy,data/hcr_train\triplets\02149_neg_64.npy,data/hcr_train\triplets\02149_neg_128.npy,0.3528,0.3139,1.1,536.98,625.1,203.0
2150,504,Easy,dram_1x,data/hcr_train\triplets\02150_ref_64.npy,data/hcr_train\triplets\02150_ref_128.npy,data/hcr_train\triplets\02150_pos_64.npy,data/hcr_train\triplets\02150_pos_128.npy,data/hcr_train\triplets\02150_neg_64.npy,data/hcr_train\triplets\02150_neg_128.npy,0.9703,0.8799,0.14,47.9,273.1,124.1
2151,504,Easy,dram_1x,data/hcr_train\triplets\02151_ref_64.npy,data/hcr_train\triplets\02151_ref_128.npy,data/hcr_train\triplets\02151_pos_64.npy,data/hcr_train\triplets\02151_pos_128.npy,data/hcr_train\triplets\02151_neg_64.npy,data/hcr_train\triplets\02151_neg_128.npy,0.9703,0.8746,0.14,48.1,273.1,124.1
2152,504,Easy,dram_1x,data/hcr_train\triplets\02152_ref_64.npy,data/hcr_train\triplets\02152_ref_128.npy,data/hcr_train\triplets\02152_pos_64.npy,data/hcr_train\triplets\02152_pos_128.npy,data/hcr_train\triplets\02152_neg_64.npy,data/hcr_train\triplets\02152_neg_128.npy,0.9703,0.852,0.14,95.9,273.1,124.1
2153,504,Easy,dram_1x,data/hcr_train\triplets\02153_ref_64.npy,data/hcr_train\triplets\02153_ref_128.npy,data/hcr_train\triplets\02153_pos_64.npy,data/hcr_train\triplets\02153_pos_128.npy,data/hcr_train\triplets\02153_neg_64.npy,data/hcr_train\triplets\02153_neg_128.npy,0.9703,0.6367,0.14,24.1,273.1,124.1
2154,504,Easy,dram_1x,data/hcr_train\triplets\02154_ref_64.npy,data/hcr_train\triplets\02154_ref_128.npy,data/hcr_train\triplets\02154_pos_64.npy,data/hcr_train\triplets\02154_pos_128.npy,data/hcr_train\triplets\02154_neg_64.npy,data/hcr_train\triplets\02154_neg_128.npy,0.9703,0.6235,0.14,23.9,273.1,124.1
2155,505,Medium,dram_dense,data/hcr_train\triplets\02155_ref_64.npy,data/hcr_train\triplets\02155_ref_128.npy,data/hcr_train\triplets\02155_pos_64.npy,data/hcr_train\triplets\02155_pos_128.npy,data/hcr_train\triplets\02155_neg_64.npy,data/hcr_train\triplets\02155_neg_128.npy,0.8735,0.8582,0.6,95.4,677.6,470.0
2156,505,Medium,dram_dense,data/hcr_train\triplets\02156_ref_64.npy,data/hcr_train\triplets\02156_ref_128.npy,data/hcr_train\triplets\02156_pos_64.npy,data/hcr_train\triplets\02156_pos_128.npy,data/hcr_train\triplets\02156_neg_64.npy,data/hcr_train\triplets\02156_neg_128.npy,0.8735,0.8486,0.6,114.4,677.6,470.0
2157,505,Medium,dram_dense,data/hcr_train\triplets\02157_ref_64.npy,data/hcr_train\triplets\02157_ref_128.npy,data/hcr_train\triplets\02157_pos_64.npy,data/hcr_train\triplets\02157_pos_128.npy,data/hcr_train\triplets\02157_neg_64.npy,data/hcr_train\triplets\02157_neg_128.npy,0.8735,0.8448,0.6,18.4,677.6,470.0
2158,505,Medium,dram_dense,data/hcr_train\triplets\02158_ref_64.npy,data/hcr_train\triplets\02158_ref_128.npy,data/hcr_train\triplets\02158_pos_64.npy,data/hcr_train\triplets\02158_pos_128.npy,data/hcr_train\triplets\02158_neg_64.npy,data/hcr_train\triplets\02158_neg_128.npy,0.8735,0.8425,0.6,76.4,677.6,470.0
2159,505,Medium,dram_dense,data/hcr_train\triplets\02159_ref_64.npy,data/hcr_train\triplets\02159_ref_128.npy,data/hcr_train\triplets\02159_pos_64.npy,data/hcr_train\triplets\02159_pos_128.npy,data/hcr_train\triplets\02159_neg_64.npy,data/hcr_train\triplets\02159_neg_128.npy,0.8735,0.8321,0.6,19.6,677.6,470.0
2160,506,Hard,finfet_10nm,data/hcr_train\triplets\02160_ref_64.npy,data/hcr_train\triplets\02160_ref_128.npy,data/hcr_train\triplets\02160_pos_64.npy,data/hcr_train\triplets\02160_pos_128.npy,data/hcr_train\triplets\02160_neg_64.npy,data/hcr_train\triplets\02160_neg_128.npy,0.7278,0.5482,0.58,104.7,573.5,120.3
2161,506,Hard,finfet_10nm,data/hcr_train\triplets\02161_ref_64.npy,data/hcr_train\triplets\02161_ref_128.npy,data/hcr_train\triplets\02161_pos_64.npy,data/hcr_train\triplets\02161_pos_128.npy,data/hcr_train\triplets\02161_neg_64.npy,data/hcr_train\triplets\02161_neg_128.npy,0.7278,0.5426,0.58,51.7,573.5,120.3
2162,506,Hard,finfet_10nm,data/hcr_train\triplets\02162_ref_64.npy,data/hcr_train\triplets\02162_ref_128.npy,data/hcr_train\triplets\02162_pos_64.npy,data/hcr_train\triplets\02162_pos_128.npy,data/hcr_train\triplets\02162_neg_64.npy,data/hcr_train\triplets\02162_neg_128.npy,0.7278,0.5354,0.58,441.88,573.5,120.3
2163,506,Hard,finfet_10nm,data/hcr_train\triplets\02163_ref_64.npy,data/hcr_train\triplets\02163_ref_128.npy,data/hcr_train\triplets\02163_pos_64.npy,data/hcr_train\triplets\02163_pos_128.npy,data/hcr_train\triplets\02163_neg_64.npy,data/hcr_train\triplets\02163_neg_128.npy,0.7278,0.5236,0.58,404.64,573.5,120.3
2164,506,Hard,finfet_10nm,data/hcr_train\triplets\02164_ref_64.npy,data/hcr_train\triplets\02164_ref_128.npy,data/hcr_train\triplets\02164_pos_64.npy,data/hcr_train\triplets\02164_pos_128.npy,data/hcr_train\triplets\02164_neg_64.npy,data/hcr_train\triplets\02164_neg_128.npy,0.7278,0.5177,0.58,52.3,573.5,120.3
2165,507,Adversarial,finfet_7nm,data/hcr_train\triplets\02165_ref_64.npy,data/hcr_train\triplets\02165_ref_128.npy,data/hcr_train\triplets\02165_pos_64.npy,data/hcr_train\triplets\02165_pos_128.npy,data/hcr_train\triplets\02165_neg_64.npy,data/hcr_train\triplets\02165_neg_128.npy,0.4014,0.3274,0.67,584.81,850.6,70.7
2166,507,Adversarial,finfet_7nm,data/hcr_train\triplets\02166_ref_64.npy,data/hcr_train\triplets\02166_ref_128.npy,data/hcr_train\triplets\02166_pos_64.npy,data/hcr_train\triplets\02166_pos_128.npy,data/hcr_train\triplets\02166_neg_64.npy,data/hcr_train\triplets\02166_neg_128.npy,0.4014,0.3273,0.67,586.68,850.6,70.7
2167,507,Adversarial,finfet_7nm,data/hcr_train\triplets\02167_ref_64.npy,data/hcr_train\triplets\02167_ref_128.npy,data/hcr_train\triplets\02167_pos_64.npy,data/hcr_train\triplets\02167_pos_128.npy,data/hcr_train\triplets\02167_neg_64.npy,data/hcr_train\triplets\02167_neg_128.npy,0.4014,0.3247,0.67,584.62,850.6,70.7
2168,507,Adversarial,finfet_7nm,data/hcr_train\triplets\02168_ref_64.npy,data/hcr_train\triplets\02168_ref_128.npy,data/hcr_train\triplets\02168_pos_64.npy,data/hcr_train\triplets\02168_pos_128.npy,data/hcr_train\triplets\02168_neg_64.npy,data/hcr_train\triplets\02168_neg_128.npy,0.4014,0.3216,0.67,585.24,850.6,70.7
2169,507,Adversarial,finfet_7nm,data/hcr_train\triplets\02169_ref_64.npy,data/hcr_train\triplets\02169_ref_128.npy,data/hcr_train\triplets\02169_pos_64.npy,data/hcr_train\triplets\02169_pos_128.npy,data/hcr_train\triplets\02169_neg_64.npy,data/hcr_train\triplets\02169_neg_128.npy,0.4014,0.3069,0.67,22.31,850.6,70.7
2170,508,Easy,dram_1x,data/hcr_train\triplets\02170_ref_64.npy,data/hcr_train\triplets\02170_ref_128.npy,data/hcr_train\triplets\02170_pos_64.npy,data/hcr_train\triplets\02170_pos_128.npy,data/hcr_train\triplets\02170_neg_64.npy,data/hcr_train\triplets\02170_neg_128.npy,0.9301,0.4953,0.36,48.3,283.7,277.2
2171,508,Easy,dram_1x,data/hcr_train\triplets\02171_ref_64.npy,data/hcr_train\triplets\02171_ref_128.npy,data/hcr_train\triplets\02171_pos_64.npy,data/hcr_train\triplets\02171_pos_128.npy,data/hcr_train\triplets\02171_neg_64.npy,data/hcr_train\triplets\02171_neg_128.npy,0.9301,0.4952,0.36,96.3,283.7,277.2
2172,508,Easy,dram_1x,data/hcr_train\triplets\02172_ref_64.npy,data/hcr_train\triplets\02172_ref_128.npy,data/hcr_train\triplets\02172_pos_64.npy,data/hcr_train\triplets\02172_pos_128.npy,data/hcr_train\triplets\02172_neg_64.npy,data/hcr_train\triplets\02172_neg_128.npy,0.9301,0.4925,0.36,13.2,283.7,277.2
2173,508,Easy,dram_1x,data/hcr_train\triplets\02173_ref_64.npy,data/hcr_train\triplets\02173_ref_128.npy,data/hcr_train\triplets\02173_pos_64.npy,data/hcr_train\triplets\02173_pos_128.npy,data/hcr_train\triplets\02173_neg_64.npy,data/hcr_train\triplets\02173_neg_128.npy,0.9301,0.4849,0.36,144.3,283.7,277.2
2174,508,Easy,dram_1x,data/hcr_train\triplets\02174_ref_64.npy,data/hcr_train\triplets\02174_ref_128.npy,data/hcr_train\triplets\02174_pos_64.npy,data/hcr_train\triplets\02174_pos_128.npy,data/hcr_train\triplets\02174_neg_64.npy,data/hcr_train\triplets\02174_neg_128.npy,0.9301,0.4551,0.36,192.3,283.7,277.2
2175,510,Hard,finfet_10nm,data/hcr_train\triplets\02175_ref_64.npy,data/hcr_train\triplets\02175_ref_128.npy,data/hcr_train\triplets\02175_pos_64.npy,data/hcr_train\triplets\02175_pos_128.npy,data/hcr_train\triplets\02175_neg_64.npy,data/hcr_train\triplets\02175_neg_128.npy,0.7154,0.4418,1.41,45.6,878.4,571.2
2176,510,Hard,finfet_10nm,data/hcr_train\triplets\02176_ref_64.npy,data/hcr_train\triplets\02176_ref_128.npy,data/hcr_train\triplets\02176_pos_64.npy,data/hcr_train\triplets\02176_pos_128.npy,data/hcr_train\triplets\02176_neg_64.npy,data/hcr_train\triplets\02176_neg_128.npy,0.7154,0.3923,1.41,14.6,878.4,571.2
2177,510,Hard,finfet_10nm,data/hcr_train\triplets\02177_ref_64.npy,data/hcr_train\triplets\02177_ref_128.npy,data/hcr_train\triplets\02177_pos_64.npy,data/hcr_train\triplets\02177_pos_128.npy,data/hcr_train\triplets\02177_neg_64.npy,data/hcr_train\triplets\02177_neg_128.npy,0.7154,0.368,1.41,417.38,878.4,571.2
2178,510,Hard,finfet_10nm,data/hcr_train\triplets\02178_ref_64.npy,data/hcr_train\triplets\02178_ref_128.npy,data/hcr_train\triplets\02178_pos_64.npy,data/hcr_train\triplets\02178_pos_128.npy,data/hcr_train\triplets\02178_neg_64.npy,data/hcr_train\triplets\02178_neg_128.npy,0.7154,0.358,1.41,797.69,878.4,571.2
2179,510,Hard,finfet_10nm,data/hcr_train\triplets\02179_ref_64.npy,data/hcr_train\triplets\02179_ref_128.npy,data/hcr_train\triplets\02179_pos_64.npy,data/hcr_train\triplets\02179_pos_128.npy,data/hcr_train\triplets\02179_neg_64.npy,data/hcr_train\triplets\02179_neg_128.npy,0.7154,0.3543,1.41,61.6,878.4,571.2
2180,511,Adversarial,finfet_7nm,data/hcr_train\triplets\02180_ref_64.npy,data/hcr_train\triplets\02180_ref_128.npy,data/hcr_train\triplets\02180_pos_64.npy,data/hcr_train\triplets\02180_pos_128.npy,data/hcr_train\triplets\02180_neg_64.npy,data/hcr_train\triplets\02180_neg_128.npy,0.3771,0.3735,2.26,21.61,567.2,424.5
2181,511,Adversarial,finfet_7nm,data/hcr_train\triplets\02181_ref_64.npy,data/hcr_train\triplets\02181_ref_128.npy,data/hcr_train\triplets\02181_pos_64.npy,data/hcr_train\triplets\02181_pos_128.npy,data/hcr_train\triplets\02181_neg_64.npy,data/hcr_train\triplets\02181_neg_128.npy,0.3771,0.3516,2.26,43.56,567.2,424.5
2182,511,Adversarial,finfet_7nm,data/hcr_train\triplets\02182_ref_64.npy,data/hcr_train\triplets\02182_ref_128.npy,data/hcr_train\triplets\02182_pos_64.npy,data/hcr_train\triplets\02182_pos_128.npy,data/hcr_train\triplets\02182_neg_64.npy,data/hcr_train\triplets\02182_neg_128.npy,0.3771,0.3489,2.26,87.5,567.2,424.5
2183,511,Adversarial,finfet_7nm,data/hcr_train\triplets\02183_ref_64.npy,data/hcr_train\triplets\02183_ref_128.npy,data/hcr_train\triplets\02183_pos_64.npy,data/hcr_train\triplets\02183_pos_128.npy,data/hcr_train\triplets\02183_neg_64.npy,data/hcr_train\triplets\02183_neg_128.npy,0.3771,0.3478,2.26,43.52,567.2,424.5
2184,511,Adversarial,finfet_7nm,data/hcr_train\triplets\02184_ref_64.npy,data/hcr_train\triplets\02184_ref_128.npy,data/hcr_train\triplets\02184_pos_64.npy,data/hcr_train\triplets\02184_pos_128.npy,data/hcr_train\triplets\02184_neg_64.npy,data/hcr_train\triplets\02184_neg_128.npy,0.3771,0.3369,2.26,65.54,567.2,424.5
2185,512,Easy,dram_1x,data/hcr_train\triplets\02185_ref_64.npy,data/hcr_train\triplets\02185_ref_128.npy,data/hcr_train\triplets\02185_pos_64.npy,data/hcr_train\triplets\02185_pos_128.npy,data/hcr_train\triplets\02185_neg_64.npy,data/hcr_train\triplets\02185_neg_128.npy,0.9576,0.5778,0.28,13.8,564.2,569.2
2186,512,Easy,dram_1x,data/hcr_train\triplets\02186_ref_64.npy,data/hcr_train\triplets\02186_ref_128.npy,data/hcr_train\triplets\02186_pos_64.npy,data/hcr_train\triplets\02186_pos_128.npy,data/hcr_train\triplets\02186_neg_64.npy,data/hcr_train\triplets\02186_neg_128.npy,0.9576,0.5651,0.28,14.2,564.2,569.2
2187,512,Easy,dram_1x,data/hcr_train\triplets\02187_ref_64.npy,data/hcr_train\triplets\02187_ref_128.npy,data/hcr_train\triplets\02187_pos_64.npy,data/hcr_train\triplets\02187_pos_128.npy,data/hcr_train\triplets\02187_neg_64.npy,data/hcr_train\triplets\02187_neg_128.npy,0.9576,0.4535,0.28,216.2,564.2,569.2
2188,512,Easy,dram_1x,data/hcr_train\triplets\02188_ref_64.npy,data/hcr_train\triplets\02188_ref_128.npy,data/hcr_train\triplets\02188_pos_64.npy,data/hcr_train\triplets\02188_pos_128.npy,data/hcr_train\triplets\02188_neg_64.npy,data/hcr_train\triplets\02188_neg_128.npy,0.9576,0.4467,0.28,72.2,564.2,569.2
2189,512,Easy,dram_1x,data/hcr_train\triplets\02189_ref_64.npy,data/hcr_train\triplets\02189_ref_128.npy,data/hcr_train\triplets\02189_pos_64.npy,data/hcr_train\triplets\02189_pos_128.npy,data/hcr_train\triplets\02189_neg_64.npy,data/hcr_train\triplets\02189_neg_128.npy,0.9576,0.4417,0.28,19.8,564.2,569.2
2190,513,Medium,dram_dense,data/hcr_train\triplets\02190_ref_64.npy,data/hcr_train\triplets\02190_ref_128.npy,data/hcr_train\triplets\02190_pos_64.npy,data/hcr_train\triplets\02190_pos_128.npy,data/hcr_train\triplets\02190_neg_64.npy,data/hcr_train\triplets\02190_neg_128.npy,0.9056,0.8777,1.61,127.8,887.6,771.8
2191,513,Medium,dram_dense,data/hcr_train\triplets\02191_ref_64.npy,data/hcr_train\triplets\02191_ref_128.npy,data/hcr_train\triplets\02191_pos_64.npy,data/hcr_train\triplets\02191_pos_128.npy,data/hcr_train\triplets\02191_neg_64.npy,data/hcr_train\triplets\02191_neg_128.npy,0.9056,0.8534,1.61,95.8,887.6,771.8
2192,513,Medium,dram_dense,data/hcr_train\triplets\02192_ref_64.npy,data/hcr_train\triplets\02192_ref_128.npy,data/hcr_train\triplets\02192_pos_64.npy,data/hcr_train\triplets\02192_pos_128.npy,data/hcr_train\triplets\02192_neg_64.npy,data/hcr_train\triplets\02192_neg_128.npy,0.9056,0.8422,1.61,63.82,887.6,771.8
2193,513,Medium,dram_dense,data/hcr_train\triplets\02193_ref_64.npy,data/hcr_train\triplets\02193_ref_128.npy,data/hcr_train\triplets\02193_pos_64.npy,data/hcr_train\triplets\02193_pos_128.npy,data/hcr_train\triplets\02193_neg_64.npy,data/hcr_train\triplets\02193_neg_128.npy,0.9056,0.8255,1.61,31.84,887.6,771.8
2194,513,Medium,dram_dense,data/hcr_train\triplets\02194_ref_64.npy,data/hcr_train\triplets\02194_ref_128.npy,data/hcr_train\triplets\02194_pos_64.npy,data/hcr_train\triplets\02194_pos_128.npy,data/hcr_train\triplets\02194_neg_64.npy,data/hcr_train\triplets\02194_neg_128.npy,0.9056,0.8201,1.61,16.28,887.6,771.8
2195,514,Hard,finfet_10nm,data/hcr_train\triplets\02195_ref_64.npy,data/hcr_train\triplets\02195_ref_128.npy,data/hcr_train\triplets\02195_pos_64.npy,data/hcr_train\triplets\02195_pos_128.npy,data/hcr_train\triplets\02195_neg_64.npy,data/hcr_train\triplets\02195_neg_128.npy,0.5689,0.5,2.11,76.23,874.1,715.8
2196,514,Hard,finfet_10nm,data/hcr_train\triplets\02196_ref_64.npy,data/hcr_train\triplets\02196_ref_128.npy,data/hcr_train\triplets\02196_pos_64.npy,data/hcr_train\triplets\02196_pos_128.npy,data/hcr_train\triplets\02196_neg_64.npy,data/hcr_train\triplets\02196_neg_128.npy,0.5689,0.4645,2.11,45.85,874.1,715.8
2197,514,Hard,finfet_10nm,data/hcr_train\triplets\02197_ref_64.npy,data/hcr_train\triplets\02197_ref_128.npy,data/hcr_train\triplets\02197_pos_64.npy,data/hcr_train\triplets\02197_pos_128.npy,data/hcr_train\triplets\02197_neg_64.npy,data/hcr_train\triplets\02197_neg_128.npy,0.5689,0.4579,2.11,45.25,874.1,715.8
2198,514,Hard,finfet_10nm,data/hcr_train\triplets\02198_ref_64.npy,data/hcr_train\triplets\02198_ref_128.npy,data/hcr_train\triplets\02198_pos_64.npy,data/hcr_train\triplets\02198_pos_128.npy,data/hcr_train\triplets\02198_neg_64.npy,data/hcr_train\triplets\02198_neg_128.npy,0.5689,0.4267,2.11,61.24,874.1,715.8
2199,514,Hard,finfet_10nm,data/hcr_train\triplets\02199_ref_64.npy,data/hcr_train\triplets\02199_ref_128.npy,data/hcr_train\triplets\02199_pos_64.npy,data/hcr_train\triplets\02199_pos_128.npy,data/hcr_train\triplets\02199_neg_64.npy,data/hcr_train\triplets\02199_neg_128.npy,0.5689,0.4235,2.11,60.84,874.1,715.8
2200,515,Adversarial,finfet_7nm,data/hcr_train\triplets\02200_ref_64.npy,data/hcr_train\triplets\02200_ref_128.npy,data/hcr_train\triplets\02200_pos_64.npy,data/hcr_train\triplets\02200_pos_128.npy,data/hcr_train\triplets\02200_neg_64.npy,data/hcr_train\triplets\02200_neg_128.npy,0.4242,0.3675,4.43,29.83,877.4,920.5
2201,515,Adversarial,finfet_7nm,data/hcr_train\triplets\02201_ref_64.npy,data/hcr_train\triplets\02201_ref_128.npy,data/hcr_train\triplets\02201_pos_64.npy,data/hcr_train\triplets\02201_pos_128.npy,data/hcr_train\triplets\02201_neg_64.npy,data/hcr_train\triplets\02201_neg_128.npy,0.4242,0.3456,4.43,655.75,877.4,920.5
2202,515,Adversarial,finfet_7nm,data/hcr_train\triplets\02202_ref_64.npy,data/hcr_train\triplets\02202_ref_128.npy,data/hcr_train\triplets\02202_pos_64.npy,data/hcr_train\triplets\02202_pos_128.npy,data/hcr_train\triplets\02202_neg_64.npy,data/hcr_train\triplets\02202_neg_128.npy,0.4242,0.3443,4.43,15.91,877.4,920.5
2203,515,Adversarial,finfet_7nm,data/hcr_train\triplets\02203_ref_64.npy,data/hcr_train\triplets\02203_ref_128.npy,data/hcr_train\triplets\02203_pos_64.npy,data/hcr_train\triplets\02203_pos_128.npy,data/hcr_train\triplets\02203_neg_64.npy,data/hcr_train\triplets\02203_neg_128.npy,0.4242,0.3376,4.43,15.91,877.4,920.5
2204,515,Adversarial,finfet_7nm,data/hcr_train\triplets\02204_ref_64.npy,data/hcr_train\triplets\02204_ref_128.npy,data/hcr_train\triplets\02204_pos_64.npy,data/hcr_train\triplets\02204_pos_128.npy,data/hcr_train\triplets\02204_neg_64.npy,data/hcr_train\triplets\02204_neg_128.npy,0.4242,0.3345,4.43,19.85,877.4,920.5
2205,516,Easy,dram_1x,data/hcr_train\triplets\02205_ref_64.npy,data/hcr_train\triplets\02205_ref_128.npy,data/hcr_train\triplets\02205_pos_64.npy,data/hcr_train\triplets\02205_pos_128.npy,data/hcr_train\triplets\02205_neg_64.npy,data/hcr_train\triplets\02205_neg_128.npy,0.9331,0.7677,0.58,18.5,931.5,843.3
2206,516,Easy,dram_1x,data/hcr_train\triplets\02206_ref_64.npy,data/hcr_train\triplets\02206_ref_128.npy,data/hcr_train\triplets\02206_pos_64.npy,data/hcr_train\triplets\02206_pos_128.npy,data/hcr_train\triplets\02206_neg_64.npy,data/hcr_train\triplets\02206_neg_128.npy,0.9331,0.7494,0.58,759.5,931.5,843.3
2207,516,Easy,dram_1x,data/hcr_train\triplets\02207_ref_64.npy,data/hcr_train\triplets\02207_ref_128.npy,data/hcr_train\triplets\02207_pos_64.npy,data/hcr_train\triplets\02207_pos_128.npy,data/hcr_train\triplets\02207_neg_64.npy,data/hcr_train\triplets\02207_neg_128.npy,0.9331,0.746,0.58,817.5,931.5,843.3
2208,516,Easy,dram_1x,data/hcr_train\triplets\02208_ref_64.npy,data/hcr_train\triplets\02208_ref_128.npy,data/hcr_train\triplets\02208_pos_64.npy,data/hcr_train\triplets\02208_pos_128.npy,data/hcr_train\triplets\02208_neg_64.npy,data/hcr_train\triplets\02208_neg_128.npy,0.9331,0.7441,0.58,875.5,931.5,843.3
2209,516,Easy,dram_1x,data/hcr_train\triplets\02209_ref_64.npy,data/hcr_train\triplets\02209_ref_128.npy,data/hcr_train\triplets\02209_pos_64.npy,data/hcr_train\triplets\02209_pos_128.npy,data/hcr_train\triplets\02209_neg_64.npy,data/hcr_train\triplets\02209_neg_128.npy,0.9331,0.741,0.58,778.5,931.5,843.3
2210,517,Medium,dram_dense,data/hcr_train\triplets\02210_ref_64.npy,data/hcr_train\triplets\02210_ref_128.npy,data/hcr_train\triplets\02210_pos_64.npy,data/hcr_train\triplets\02210_pos_128.npy,data/hcr_train\triplets\02210_neg_64.npy,data/hcr_train\triplets\02210_neg_128.npy,0.9156,0.8827,0.51,24.11,559.5,132.9
2211,517,Medium,dram_dense,data/hcr_train\triplets\02211_ref_64.npy,data/hcr_train\triplets\02211_ref_128.npy,data/hcr_train\triplets\02211_pos_64.npy,data/hcr_train\triplets\02211_pos_128.npy,data/hcr_train\triplets\02211_neg_64.npy,data/hcr_train\triplets\02211_neg_128.npy,0.9156,0.8818,0.51,23.91,559.5,132.9
2212,517,Medium,dram_dense,data/hcr_train\triplets\02212_ref_64.npy,data/hcr_train\triplets\02212_ref_128.npy,data/hcr_train\triplets\02212_pos_64.npy,data/hcr_train\triplets\02212_pos_128.npy,data/hcr_train\triplets\02212_neg_64.npy,data/hcr_train\triplets\02212_neg_128.npy,0.9156,0.8721,0.51,47.9,559.5,132.9
2213,517,Medium,dram_dense,data/hcr_train\triplets\02213_ref_64.npy,data/hcr_train\triplets\02213_ref_128.npy,data/hcr_train\triplets\02213_pos_64.npy,data/hcr_train\triplets\02213_pos_128.npy,data/hcr_train\triplets\02213_neg_64.npy,data/hcr_train\triplets\02213_neg_128.npy,0.9156,0.8527,0.51,48.1,559.5,132.9
2214,517,Medium,dram_dense,data/hcr_train\triplets\02214_ref_64.npy,data/hcr_train\triplets\02214_ref_128.npy,data/hcr_train\triplets\02214_pos_64.npy,data/hcr_train\triplets\02214_pos_128.npy,data/hcr_train\triplets\02214_neg_64.npy,data/hcr_train\triplets\02214_neg_128.npy,0.9156,0.851,0.51,71.9,559.5,132.9
2215,518,Hard,finfet_10nm,data/hcr_train\triplets\02215_ref_64.npy,data/hcr_train\triplets\02215_ref_128.npy,data/hcr_train\triplets\02215_pos_64.npy,data/hcr_train\triplets\02215_pos_128.npy,data/hcr_train\triplets\02215_neg_64.npy,data/hcr_train\triplets\02215_neg_128.npy,0.5595,0.5595,0.92,40.9,173.9,324.8
2216,518,Hard,finfet_10nm,data/hcr_train\triplets\02216_ref_64.npy,data/hcr_train\triplets\02216_ref_128.npy,data/hcr_train\triplets\02216_pos_64.npy,data/hcr_train\triplets\02216_pos_128.npy,data/hcr_train\triplets\02216_neg_64.npy,data/hcr_train\triplets\02216_neg_128.npy,0.5595,0.5594,0.92,24.9,173.9,324.8
2217,518,Hard,finfet_10nm,data/hcr_train\triplets\02217_ref_64.npy,data/hcr_train\triplets\02217_ref_128.npy,data/hcr_train\triplets\02217_pos_64.npy,data/hcr_train\triplets\02217_pos_128.npy,data/hcr_train\triplets\02217_neg_64.npy,data/hcr_train\triplets\02217_neg_128.npy,0.5595,0.5512,0.92,56.9,173.9,324.8
2218,518,Hard,finfet_10nm,data/hcr_train\triplets\02218_ref_64.npy,data/hcr_train\triplets\02218_ref_128.npy,data/hcr_train\triplets\02218_pos_64.npy,data/hcr_train\triplets\02218_pos_128.npy,data/hcr_train\triplets\02218_neg_64.npy,data/hcr_train\triplets\02218_neg_128.npy,0.5595,0.5398,0.92,72.9,173.9,324.8
2219,518,Hard,finfet_10nm,data/hcr_train\triplets\02219_ref_64.npy,data/hcr_train\triplets\02219_ref_128.npy,data/hcr_train\triplets\02219_pos_64.npy,data/hcr_train\triplets\02219_pos_128.npy,data/hcr_train\triplets\02219_neg_64.npy,data/hcr_train\triplets\02219_neg_128.npy,0.5595,0.5355,0.92,15.1,173.9,324.8
2220,519,Adversarial,finfet_7nm,data/hcr_train\triplets\02220_ref_64.npy,data/hcr_train\triplets\02220_ref_128.npy,data/hcr_train\triplets\02220_pos_64.npy,data/hcr_train\triplets\02220_pos_128.npy,data/hcr_train\triplets\02220_neg_64.npy,data/hcr_train\triplets\02220_neg_128.npy,0.3944,0.3244,3.7,144.15,570.7,801.1
2221,519,Adversarial,finfet_7nm,data/hcr_train\triplets\02221_ref_64.npy,data/hcr_train\triplets\02221_ref_128.npy,data/hcr_train\triplets\02221_pos_64.npy,data/hcr_train\triplets\02221_pos_128.npy,data/hcr_train\triplets\02221_neg_64.npy,data/hcr_train\triplets\02221_neg_128.npy,0.3944,0.3052,3.7,466.91,570.7,801.1
2222,519,Adversarial,finfet_7nm,data/hcr_train\triplets\02222_ref_64.npy,data/hcr_train\triplets\02222_ref_128.npy,data/hcr_train\triplets\02222_pos_64.npy,data/hcr_train\triplets\02222_pos_128.npy,data/hcr_train\triplets\02222_neg_64.npy,data/hcr_train\triplets\02222_neg_128.npy,0.3944,0.304,3.7,581.11,570.7,801.1
2223,519,Adversarial,finfet_7nm,data/hcr_train\triplets\02223_ref_64.npy,data/hcr_train\triplets\02223_ref_128.npy,data/hcr_train\triplets\02223_pos_64.npy,data/hcr_train\triplets\02223_pos_128.npy,data/hcr_train\triplets\02223_neg_64.npy,data/hcr_train\triplets\02223_neg_128.npy,0.3944,0.2983,3.7,526.39,570.7,801.1
2224,519,Adversarial,finfet_7nm,data/hcr_train\triplets\02224_ref_64.npy,data/hcr_train\triplets\02224_ref_128.npy,data/hcr_train\triplets\02224_pos_64.npy,data/hcr_train\triplets\02224_pos_128.npy,data/hcr_train\triplets\02224_neg_64.npy,data/hcr_train\triplets\02224_neg_128.npy,0.3944,0.2964,3.7,107.16,570.7,801.1
2225,520,Easy,dram_1x,data/hcr_train\triplets\02225_ref_64.npy,data/hcr_train\triplets\02225_ref_128.npy,data/hcr_train\triplets\02225_pos_64.npy,data/hcr_train\triplets\02225_pos_128.npy,data/hcr_train\triplets\02225_neg_64.npy,data/hcr_train\triplets\02225_neg_128.npy,0.9164,0.9173,0.63,19.6,668.6,284.8
2226,520,Easy,dram_1x,data/hcr_train\triplets\02226_ref_64.npy,data/hcr_train\triplets\02226_ref_128.npy,data/hcr_train\triplets\02226_pos_64.npy,data/hcr_train\triplets\02226_pos_128.npy,data/hcr_train\triplets\02226_neg_64.npy,data/hcr_train\triplets\02226_neg_128.npy,0.9164,0.9171,0.63,38.4,668.6,284.8
2227,520,Easy,dram_1x,data/hcr_train\triplets\02227_ref_64.npy,data/hcr_train\triplets\02227_ref_128.npy,data/hcr_train\triplets\02227_pos_64.npy,data/hcr_train\triplets\02227_pos_128.npy,data/hcr_train\triplets\02227_neg_64.npy,data/hcr_train\triplets\02227_neg_128.npy,0.9164,0.9081,0.63,57.4,668.6,284.8
2228,520,Easy,dram_1x,data/hcr_train\triplets\02228_ref_64.npy,data/hcr_train\triplets\02228_ref_128.npy,data/hcr_train\triplets\02228_pos_64.npy,data/hcr_train\triplets\02228_pos_128.npy,data/hcr_train\triplets\02228_neg_64.npy,data/hcr_train\triplets\02228_neg_128.npy,0.9164,0.9068,0.63,19.4,668.6,284.8
2229,520,Easy,dram_1x,data/hcr_train\triplets\02229_ref_64.npy,data/hcr_train\triplets\02229_ref_128.npy,data/hcr_train\triplets\02229_pos_64.npy,data/hcr_train\triplets\02229_pos_128.npy,data/hcr_train\triplets\02229_neg_64.npy,data/hcr_train\triplets\02229_neg_128.npy,0.9164,0.8984,0.63,76.4,668.6,284.8
2230,521,Medium,dram_dense,data/hcr_train\triplets\02230_ref_64.npy,data/hcr_train\triplets\02230_ref_128.npy,data/hcr_train\triplets\02230_pos_64.npy,data/hcr_train\triplets\02230_pos_128.npy,data/hcr_train\triplets\02230_neg_64.npy,data/hcr_train\triplets\02230_neg_128.npy,0.9219,0.8002,1.02,107.0,624.0,583.8
2231,521,Medium,dram_dense,data/hcr_train\triplets\02231_ref_64.npy,data/hcr_train\triplets\02231_ref_128.npy,data/hcr_train\triplets\02231_pos_64.npy,data/hcr_train\triplets\02231_pos_128.npy,data/hcr_train\triplets\02231_neg_64.npy,data/hcr_train\triplets\02231_neg_128.npy,0.9219,0.7735,1.02,53.0,624.0,583.8
2232,521,Medium,dram_dense,data/hcr_train\triplets\02232_ref_64.npy,data/hcr_train\triplets\02232_ref_128.npy,data/hcr_train\triplets\02232_pos_64.npy,data/hcr_train\triplets\02232_pos_128.npy,data/hcr_train\triplets\02232_neg_64.npy,data/hcr_train\triplets\02232_neg_128.npy,0.9219,0.7306,1.02,161.0,624.0,583.8
2233,521,Medium,dram_dense,data/hcr_train\triplets\02233_ref_64.npy,data/hcr_train\triplets\02233_ref_128.npy,data/hcr_train\triplets\02233_pos_64.npy,data/hcr_train\triplets\02233_pos_128.npy,data/hcr_train\triplets\02233_neg_64.npy,data/hcr_train\triplets\02233_neg_128.npy,0.9219,0.7119,1.02,72.0,624.0,583.8
2234,521,Medium,dram_dense,data/hcr_train\triplets\02234_ref_64.npy,data/hcr_train\triplets\02234_ref_128.npy,data/hcr_train\triplets\02234_pos_64.npy,data/hcr_train\triplets\02234_pos_128.npy,data/hcr_train\triplets\02234_neg_64.npy,data/hcr_train\triplets\02234_neg_128.npy,0.9219,0.7025,1.02,410.27,624.0,583.8
2235,522,Hard,finfet_10nm,data/hcr_train\triplets\02235_ref_64.npy,data/hcr_train\triplets\02235_ref_128.npy,data/hcr_train\triplets\02235_pos_64.npy,data/hcr_train\triplets\02235_pos_128.npy,data/hcr_train\triplets\02235_neg_64.npy,data/hcr_train\triplets\02235_neg_128.npy,0.7195,0.7129,1.3,17.3,726.3,527.1
2236,522,Hard,finfet_10nm,data/hcr_train\triplets\02236_ref_64.npy,data/hcr_train\triplets\02236_ref_128.npy,data/hcr_train\triplets\02236_pos_64.npy,data/hcr_train\triplets\02236_pos_128.npy,data/hcr_train\triplets\02236_neg_64.npy,data/hcr_train\triplets\02236_neg_128.npy,0.7195,0.7116,1.3,82.3,726.3,527.1
2237,522,Hard,finfet_10nm,data/hcr_train\triplets\02237_ref_64.npy,data/hcr_train\triplets\02237_ref_128.npy,data/hcr_train\triplets\02237_pos_64.npy,data/hcr_train\triplets\02237_pos_128.npy,data/hcr_train\triplets\02237_neg_64.npy,data/hcr_train\triplets\02237_neg_128.npy,0.7195,0.7084,1.3,14.7,726.3,527.1
2238,522,Hard,finfet_10nm,data/hcr_train\triplets\02238_ref_64.npy,data/hcr_train\triplets\02238_ref_128.npy,data/hcr_train\triplets\02238_pos_64.npy,data/hcr_train\triplets\02238_pos_128.npy,data/hcr_train\triplets\02238_neg_64.npy,data/hcr_train\triplets\02238_neg_128.npy,0.7195,0.7073,1.3,46.7,726.3,527.1
2239,522,Hard,finfet_10nm,data/hcr_train\triplets\02239_ref_64.npy,data/hcr_train\triplets\02239_ref_128.npy,data/hcr_train\triplets\02239_pos_64.npy,data/hcr_train\triplets\02239_pos_128.npy,data/hcr_train\triplets\02239_neg_64.npy,data/hcr_train\triplets\02239_neg_128.npy,0.7195,0.7063,1.3,62.7,726.3,527.1
2240,524,Easy,dram_1x,data/hcr_train\triplets\02240_ref_64.npy,data/hcr_train\triplets\02240_ref_128.npy,data/hcr_train\triplets\02240_pos_64.npy,data/hcr_train\triplets\02240_pos_128.npy,data/hcr_train\triplets\02240_neg_64.npy,data/hcr_train\triplets\02240_neg_128.npy,0.9057,0.9057,0.89,108.8,467.8,630.4
2241,524,Easy,dram_1x,data/hcr_train\triplets\02241_ref_64.npy,data/hcr_train\triplets\02241_ref_128.npy,data/hcr_train\triplets\02241_pos_64.npy,data/hcr_train\triplets\02241_pos_128.npy,data/hcr_train\triplets\02241_neg_64.npy,data/hcr_train\triplets\02241_neg_128.npy,0.9057,0.8921,0.89,72.8,467.8,630.4
2242,524,Easy,dram_1x,data/hcr_train\triplets\02242_ref_64.npy,data/hcr_train\triplets\02242_ref_128.npy,data/hcr_train\triplets\02242_pos_64.npy,data/hcr_train\triplets\02242_pos_128.npy,data/hcr_train\triplets\02242_neg_64.npy,data/hcr_train\triplets\02242_neg_128.npy,0.9057,0.8838,0.89,297.65,467.8,630.4
2243,524,Easy,dram_1x,data/hcr_train\triplets\02243_ref_64.npy,data/hcr_train\triplets\02243_ref_128.npy,data/hcr_train\triplets\02243_pos_64.npy,data/hcr_train\triplets\02243_pos_128.npy,data/hcr_train\triplets\02243_neg_64.npy,data/hcr_train\triplets\02243_neg_128.npy,0.9057,0.8831,0.89,36.8,467.8,630.4
2244,524,Easy,dram_1x,data/hcr_train\triplets\02244_ref_64.npy,data/hcr_train\triplets\02244_ref_128.npy,data/hcr_train\triplets\02244_pos_64.npy,data/hcr_train\triplets\02244_pos_128.npy,data/hcr_train\triplets\02244_neg_64.npy,data/hcr_train\triplets\02244_neg_128.npy,0.9057,0.8819,0.89,35.2,467.8,630.4
2245,525,Medium,dram_dense,data/hcr_train\triplets\02245_ref_64.npy,data/hcr_train\triplets\02245_ref_128.npy,data/hcr_train\triplets\02245_pos_64.npy,data/hcr_train\triplets\02245_pos_128.npy,data/hcr_train\triplets\02245_neg_64.npy,data/hcr_train\triplets\02245_neg_128.npy,0.8633,0.8359,0.22,57.2,857.9,141.2
2246,525,Medium,dram_dense,data/hcr_train\triplets\02246_ref_64.npy,data/hcr_train\triplets\02246_ref_128.npy,data/hcr_train\triplets\02246_pos_64.npy,data/hcr_train\triplets\02246_pos_128.npy,data/hcr_train\triplets\02246_neg_64.npy,data/hcr_train\triplets\02246_neg_128.npy,0.8633,0.8256,0.22,86.2,857.9,141.2
2247,525,Medium,dram_dense,data/hcr_train\triplets\02247_ref_64.npy,data/hcr_train\triplets\02247_ref_128.npy,data/hcr_train\triplets\02247_pos_64.npy,data/hcr_train\triplets\02247_pos_128.npy,data/hcr_train\triplets\02247_neg_64.npy,data/hcr_train\triplets\02247_neg_128.npy,0.8633,0.805,0.22,28.8,857.9,141.2
2248,525,Medium,dram_dense,data/hcr_train\triplets\02248_ref_64.npy,data/hcr_train\triplets\02248_ref_128.npy,data/hcr_train\triplets\02248_pos_64.npy,data/hcr_train\triplets\02248_pos_128.npy,data/hcr_train\triplets\02248_neg_64.npy,data/hcr_train\triplets\02248_neg_128.npy,0.8633,0.8015,0.22,14.2,857.9,141.2
2249,525,Medium,dram_dense,data/hcr_train\triplets\02249_ref_64.npy,data/hcr_train\triplets\02249_ref_128.npy,data/hcr_train\triplets\02249_pos_64.npy,data/hcr_train\triplets\02249_pos_128.npy,data/hcr_train\triplets\02249_neg_64.npy,data/hcr_train\triplets\02249_neg_128.npy,0.8633,0.7988,0.22,43.2,857.9,141.2
2250,526,Hard,finfet_10nm,data/hcr_train\triplets\02250_ref_64.npy,data/hcr_train\triplets\02250_ref_128.npy,data/hcr_train\triplets\02250_pos_64.npy,data/hcr_train\triplets\02250_pos_128.npy,data/hcr_train\triplets\02250_neg_64.npy,data/hcr_train\triplets\02250_neg_128.npy,0.6036,0.5852,2.41,15.39,307.4,710.8
2251,526,Hard,finfet_10nm,data/hcr_train\triplets\02251_ref_64.npy,data/hcr_train\triplets\02251_ref_128.npy,data/hcr_train\triplets\02251_pos_64.npy,data/hcr_train\triplets\02251_pos_128.npy,data/hcr_train\triplets\02251_neg_64.npy,data/hcr_train\triplets\02251_neg_128.npy,0.6036,0.5636,2.41,30.3,307.4,710.8
2252,526,Hard,finfet_10nm,data/hcr_train\triplets\02252_ref_64.npy,data/hcr_train\triplets\02252_ref_128.npy,data/hcr_train\triplets\02252_pos_64.npy,data/hcr_train\triplets\02252_pos_128.npy,data/hcr_train\triplets\02252_neg_64.npy,data/hcr_train\triplets\02252_neg_128.npy,0.6036,0.5564,2.41,30.89,307.4,710.8
2253,526,Hard,finfet_10nm,data/hcr_train\triplets\02253_ref_64.npy,data/hcr_train\triplets\02253_ref_128.npy,data/hcr_train\triplets\02253_pos_64.npy,data/hcr_train\triplets\02253_pos_128.npy,data/hcr_train\triplets\02253_neg_64.npy,data/hcr_train\triplets\02253_neg_128.npy,0.6036,0.5552,2.41,45.86,307.4,710.8
2254,526,Hard,finfet_10nm,data/hcr_train\triplets\02254_ref_64.npy,data/hcr_train\triplets\02254_ref_128.npy,data/hcr_train\triplets\02254_pos_64.npy,data/hcr_train\triplets\02254_pos_128.npy,data/hcr_train\triplets\02254_neg_64.npy,data/hcr_train\triplets\02254_neg_128.npy,0.6036,0.55,2.41,76.24,307.4,710.8
2255,527,Adversarial,finfet_7nm,data/hcr_train\triplets\02255_ref_64.npy,data/hcr_train\triplets\02255_ref_128.npy,data/hcr_train\triplets\02255_pos_64.npy,data/hcr_train\triplets\02255_pos_128.npy,data/hcr_train\triplets\02255_neg_64.npy,data/hcr_train\triplets\02255_neg_128.npy,0.4356,0.4214,0.28,52.21,293.2,123.8
2256,527,Adversarial,finfet_7nm,data/hcr_train\triplets\02256_ref_64.npy,data/hcr_train\triplets\02256_ref_128.npy,data/hcr_train\triplets\02256_pos_64.npy,data/hcr_train\triplets\02256_pos_128.npy,data/hcr_train\triplets\02256_neg_64.npy,data/hcr_train\triplets\02256_neg_128.npy,0.4356,0.3975,0.28,104.21,293.2,123.8
2257,527,Adversarial,finfet_7nm,data/hcr_train\triplets\02257_ref_64.npy,data/hcr_train\triplets\02257_ref_128.npy,data/hcr_train\triplets\02257_pos_64.npy,data/hcr_train\triplets\02257_pos_128.npy,data/hcr_train\triplets\02257_neg_64.npy,data/hcr_train\triplets\02257_neg_128.npy,0.4356,0.3846,0.28,869.63,293.2,123.8
2258,527,Adversarial,finfet_7nm,data/hcr_train\triplets\02258_ref_64.npy,data/hcr_train\triplets\02258_ref_128.npy,data/hcr_train\triplets\02258_pos_64.npy,data/hcr_train\triplets\02258_pos_128.npy,data/hcr_train\triplets\02258_neg_64.npy,data/hcr_train\triplets\02258_neg_128.npy,0.4356,0.3802,0.28,79.24,293.2,123.8
2259,527,Adversarial,finfet_7nm,data/hcr_train\triplets\02259_ref_64.npy,data/hcr_train\triplets\02259_ref_128.npy,data/hcr_train\triplets\02259_pos_64.npy,data/hcr_train\triplets\02259_pos_128.npy,data/hcr_train\triplets\02259_neg_64.npy,data/hcr_train\triplets\02259_neg_128.npy,0.4356,0.3726,0.28,826.21,293.2,123.8
2260,528,Easy,dram_1x,data/hcr_train\triplets\02260_ref_64.npy,data/hcr_train\triplets\02260_ref_128.npy,data/hcr_train\triplets\02260_pos_64.npy,data/hcr_train\triplets\02260_pos_128.npy,data/hcr_train\triplets\02260_neg_64.npy,data/hcr_train\triplets\02260_neg_128.npy,0.9631,0.9413,0.22,72.2,188.2,70.9
2261,528,Easy,dram_1x,data/hcr_train\triplets\02261_ref_64.npy,data/hcr_train\triplets\02261_ref_128.npy,data/hcr_train\triplets\02261_pos_64.npy,data/hcr_train\triplets\02261_pos_128.npy,data/hcr_train\triplets\02261_neg_64.npy,data/hcr_train\triplets\02261_neg_128.npy,0.9631,0.9352,0.22,36.2,188.2,70.9
2262,528,Easy,dram_1x,data/hcr_train\triplets\02262_ref_64.npy,data/hcr_train\triplets\02262_ref_128.npy,data/hcr_train\triplets\02262_pos_64.npy,data/hcr_train\triplets\02262_pos_128.npy,data/hcr_train\triplets\02262_neg_64.npy,data/hcr_train\triplets\02262_neg_128.npy,0.9631,0.927,0.22,21.75,188.2,70.9
2263,528,Easy,dram_1x,data/hcr_train\triplets\02263_ref_64.npy,data/hcr_train\triplets\02263_ref_128.npy,data/hcr_train\triplets\02263_pos_64.npy,data/hcr_train\triplets\02263_pos_128.npy,data/hcr_train\triplets\02263_neg_64.npy,data/hcr_train\triplets\02263_neg_128.npy,0.9631,0.9247,0.22,21.86,188.2,70.9
2264,528,Easy,dram_1x,data/hcr_train\triplets\02264_ref_64.npy,data/hcr_train\triplets\02264_ref_128.npy,data/hcr_train\triplets\02264_pos_64.npy,data/hcr_train\triplets\02264_pos_128.npy,data/hcr_train\triplets\02264_neg_64.npy,data/hcr_train\triplets\02264_neg_128.npy,0.9631,0.9215,0.22,108.2,188.2,70.9
2265,529,Medium,dram_dense,data/hcr_train\triplets\02265_ref_64.npy,data/hcr_train\triplets\02265_ref_128.npy,data/hcr_train\triplets\02265_pos_64.npy,data/hcr_train\triplets\02265_pos_128.npy,data/hcr_train\triplets\02265_neg_64.npy,data/hcr_train\triplets\02265_neg_128.npy,0.8306,0.8283,1.41,96.4,793.4,630.8
2266,529,Medium,dram_dense,data/hcr_train\triplets\02266_ref_64.npy,data/hcr_train\triplets\02266_ref_128.npy,data/hcr_train\triplets\02266_pos_64.npy,data/hcr_train\triplets\02266_pos_128.npy,data/hcr_train\triplets\02266_neg_64.npy,data/hcr_train\triplets\02266_neg_128.npy,0.8306,0.8254,1.41,58.4,793.4,630.8
2267,529,Medium,dram_dense,data/hcr_train\triplets\02267_ref_64.npy,data/hcr_train\triplets\02267_ref_128.npy,data/hcr_train\triplets\02267_pos_64.npy,data/hcr_train\triplets\02267_pos_128.npy,data/hcr_train\triplets\02267_neg_64.npy,data/hcr_train\triplets\02267_neg_128.npy,0.8306,0.8245,1.41,77.4,793.4,630.8
2268,529,Medium,dram_dense,data/hcr_train\triplets\02268_ref_64.npy,data/hcr_train\triplets\02268_ref_128.npy,data/hcr_train\triplets\02268_pos_64.npy,data/hcr_train\triplets\02268_pos_128.npy,data/hcr_train\triplets\02268_neg_64.npy,data/hcr_train\triplets\02268_neg_128.npy,0.8306,0.8216,1.41,39.4,793.4,630.8
2269,529,Medium,dram_dense,data/hcr_train\triplets\02269_ref_64.npy,data/hcr_train\triplets\02269_ref_128.npy,data/hcr_train\triplets\02269_pos_64.npy,data/hcr_train\triplets\02269_pos_128.npy,data/hcr_train\triplets\02269_neg_64.npy,data/hcr_train\triplets\02269_neg_128.npy,0.8306,0.8186,1.41,20.4,793.4,630.8
2270,531,Adversarial,finfet_7nm,data/hcr_train\triplets\02270_ref_64.npy,data/hcr_train\triplets\02270_ref_128.npy,data/hcr_train\triplets\02270_pos_64.npy,data/hcr_train\triplets\02270_pos_128.npy,data/hcr_train\triplets\02270_neg_64.npy,data/hcr_train\triplets\02270_neg_128.npy,0.4457,0.4717,4.1,36.33,892.1,716.8
2271,531,Adversarial,finfet_7nm,data/hcr_train\triplets\02271_ref_64.npy,data/hcr_train\triplets\02271_ref_128.npy,data/hcr_train\triplets\02271_pos_64.npy,data/hcr_train\triplets\02271_pos_128.npy,data/hcr_train\triplets\02271_neg_64.npy,data/hcr_train\triplets\02271_neg_128.npy,0.4457,0.461,4.1,596.63,892.1,716.8
2272,531,Adversarial,finfet_7nm,data/hcr_train\triplets\02272_ref_64.npy,data/hcr_train\triplets\02272_ref_128.npy,data/hcr_train\triplets\02272_pos_64.npy,data/hcr_train\triplets\02272_pos_128.npy,data/hcr_train\triplets\02272_neg_64.npy,data/hcr_train\triplets\02272_neg_128.npy,0.4457,0.456,4.1,72.27,892.1,716.8
2273,531,Adversarial,finfet_7nm,data/hcr_train\triplets\02273_ref_64.npy,data/hcr_train\triplets\02273_ref_128.npy,data/hcr_train\triplets\02273_pos_64.npy,data/hcr_train\triplets\02273_pos_128.npy,data/hcr_train\triplets\02273_neg_64.npy,data/hcr_train\triplets\02273_neg_128.npy,0.4457,0.4471,4.1,628.3,892.1,716.8
2274,531,Adversarial,finfet_7nm,data/hcr_train\triplets\02274_ref_64.npy,data/hcr_train\triplets\02274_ref_128.npy,data/hcr_train\triplets\02274_pos_64.npy,data/hcr_train\triplets\02274_pos_128.npy,data/hcr_train\triplets\02274_neg_64.npy,data/hcr_train\triplets\02274_neg_128.npy,0.4457,0.4344,4.1,659.98,892.1,716.8
2275,532,Easy,dram_1x,data/hcr_train\triplets\02275_ref_64.npy,data/hcr_train\triplets\02275_ref_128.npy,data/hcr_train\triplets\02275_pos_64.npy,data/hcr_train\triplets\02275_pos_128.npy,data/hcr_train\triplets\02275_neg_64.npy,data/hcr_train\triplets\02275_neg_128.npy,0.8209,0.8571,0.41,825.55,225.9,813.4
2276,532,Easy,dram_1x,data/hcr_train\triplets\02276_ref_64.npy,data/hcr_train\triplets\02276_ref_128.npy,data/hcr_train\triplets\02276_pos_64.npy,data/hcr_train\triplets\02276_pos_128.npy,data/hcr_train\triplets\02276_neg_64.npy,data/hcr_train\triplets\02276_neg_128.npy,0.8209,0.8359,0.41,580.41,225.9,813.4
2277,532,Easy,dram_1x,data/hcr_train\triplets\02277_ref_64.npy,data/hcr_train\triplets\02277_ref_128.npy,data/hcr_train\triplets\02277_pos_64.npy,data/hcr_train\triplets\02277_pos_128.npy,data/hcr_train\triplets\02277_neg_64.npy,data/hcr_train\triplets\02277_neg_128.npy,0.8209,0.765,0.41,835.48,225.9,813.4
2278,532,Easy,dram_1x,data/hcr_train\triplets\02278_ref_64.npy,data/hcr_train\triplets\02278_ref_128.npy,data/hcr_train\triplets\02278_pos_64.npy,data/hcr_train\triplets\02278_pos_128.npy,data/hcr_train\triplets\02278_neg_64.npy,data/hcr_train\triplets\02278_neg_128.npy,0.8209,0.7417,0.41,757.73,225.9,813.4
2279,532,Easy,dram_1x,data/hcr_train\triplets\02279_ref_64.npy,data/hcr_train\triplets\02279_ref_128.npy,data/hcr_train\triplets\02279_pos_64.npy,data/hcr_train\triplets\02279_pos_128.npy,data/hcr_train\triplets\02279_neg_64.npy,data/hcr_train\triplets\02279_neg_128.npy,0.8209,0.7413,0.41,805.36,225.9,813.4
2280,533,Medium,dram_dense,data/hcr_train\triplets\02280_ref_64.npy,data/hcr_train\triplets\02280_ref_128.npy,data/hcr_train\triplets\02280_pos_64.npy,data/hcr_train\triplets\02280_pos_128.npy,data/hcr_train\triplets\02280_neg_64.npy,data/hcr_train\triplets\02280_neg_128.npy,0.8519,0.4951,0.3,18.7,277.0,266.3
2281,533,Medium,dram_dense,data/hcr_train\triplets\02281_ref_64.npy,data/hcr_train\triplets\02281_ref_128.npy,data/hcr_train\triplets\02281_pos_64.npy,data/hcr_train\triplets\02281_pos_128.npy,data/hcr_train\triplets\02281_neg_64.npy,data/hcr_train\triplets\02281_neg_128.npy,0.8519,0.4767,0.3,14.0,277.0,266.3
2282,533,Medium,dram_dense,data/hcr_train\triplets\02282_ref_64.npy,data/hcr_train\triplets\02282_ref_128.npy,data/hcr_train\triplets\02282_pos_64.npy,data/hcr_train\triplets\02282_pos_128.npy,data/hcr_train\triplets\02282_neg_64.npy,data/hcr_train\triplets\02282_neg_128.npy,0.8519,0.4667,0.3,14.3,277.0,266.3
2283,533,Medium,dram_dense,data/hcr_train\triplets\02283_ref_64.npy,data/hcr_train\triplets\02283_ref_128.npy,data/hcr_train\triplets\02283_pos_64.npy,data/hcr_train\triplets\02283_pos_128.npy,data/hcr_train\triplets\02283_neg_64.npy,data/hcr_train\triplets\02283_neg_128.npy,0.8519,0.4383,0.3,143.3,277.0,266.3
2284,533,Medium,dram_dense,data/hcr_train\triplets\02284_ref_64.npy,data/hcr_train\triplets\02284_ref_128.npy,data/hcr_train\triplets\02284_pos_64.npy,data/hcr_train\triplets\02284_pos_128.npy,data/hcr_train\triplets\02284_neg_64.npy,data/hcr_train\triplets\02284_neg_128.npy,0.8519,0.429,0.3,95.3,277.0,266.3
2285,535,Adversarial,finfet_7nm,data/hcr_train\triplets\02285_ref_64.npy,data/hcr_train\triplets\02285_ref_128.npy,data/hcr_train\triplets\02285_pos_64.npy,data/hcr_train\triplets\02285_pos_128.npy,data/hcr_train\triplets\02285_neg_64.npy,data/hcr_train\triplets\02285_neg_128.npy,0.4683,0.4727,0.89,55.2,637.8,299.6
2286,535,Adversarial,finfet_7nm,data/hcr_train\triplets\02286_ref_64.npy,data/hcr_train\triplets\02286_ref_128.npy,data/hcr_train\triplets\02286_pos_64.npy,data/hcr_train\triplets\02286_pos_128.npy,data/hcr_train\triplets\02286_neg_64.npy,data/hcr_train\triplets\02286_neg_128.npy,0.4683,0.4717,0.89,27.2,637.8,299.6
2287,535,Adversarial,finfet_7nm,data/hcr_train\triplets\02287_ref_64.npy,data/hcr_train\triplets\02287_ref_128.npy,data/hcr_train\triplets\02287_pos_64.npy,data/hcr_train\triplets\02287_pos_128.npy,data/hcr_train\triplets\02287_neg_64.npy,data/hcr_train\triplets\02287_neg_128.npy,0.4683,0.4658,0.89,83.2,637.8,299.6
2288,535,Adversarial,finfet_7nm,data/hcr_train\triplets\02288_ref_64.npy,data/hcr_train\triplets\02288_ref_128.npy,data/hcr_train\triplets\02288_pos_64.npy,data/hcr_train\triplets\02288_pos_128.npy,data/hcr_train\triplets\02288_neg_64.npy,data/hcr_train\triplets\02288_neg_128.npy,0.4683,0.4533,0.89,111.2,637.8,299.6
2289,535,Adversarial,finfet_7nm,data/hcr_train\triplets\02289_ref_64.npy,data/hcr_train\triplets\02289_ref_128.npy,data/hcr_train\triplets\02289_pos_64.npy,data/hcr_train\triplets\02289_pos_128.npy,data/hcr_train\triplets\02289_neg_64.npy,data/hcr_train\triplets\02289_neg_128.npy,0.4683,0.4533,0.89,139.2,637.8,299.6
2290,536,Easy,dram_1x,data/hcr_train\triplets\02290_ref_64.npy,data/hcr_train\triplets\02290_ref_128.npy,data/hcr_train\triplets\02290_pos_64.npy,data/hcr_train\triplets\02290_pos_128.npy,data/hcr_train\triplets\02290_neg_64.npy,data/hcr_train\triplets\02290_neg_128.npy,0.9641,0.8407,0.51,96.1,274.5,806.1
2291,536,Easy,dram_1x,data/hcr_train\triplets\02291_ref_64.npy,data/hcr_train\triplets\02291_ref_128.npy,data/hcr_train\triplets\02291_pos_64.npy,data/hcr_train\triplets\02291_pos_128.npy,data/hcr_train\triplets\02291_neg_64.npy,data/hcr_train\triplets\02291_neg_128.npy,0.9641,0.8162,0.51,48.1,274.5,806.1
2292,536,Easy,dram_1x,data/hcr_train\triplets\02292_ref_64.npy,data/hcr_train\triplets\02292_ref_128.npy,data/hcr_train\triplets\02292_pos_64.npy,data/hcr_train\triplets\02292_pos_128.npy,data/hcr_train\triplets\02292_neg_64.npy,data/hcr_train\triplets\02292_neg_128.npy,0.9641,0.7899,0.51,144.1,274.5,806.1
2293,536,Easy,dram_1x,data/hcr_train\triplets\02293_ref_64.npy,data/hcr_train\triplets\02293_ref_128.npy,data/hcr_train\triplets\02293_pos_64.npy,data/hcr_train\triplets\02293_pos_128.npy,data/hcr_train\triplets\02293_neg_64.npy,data/hcr_train\triplets\02293_neg_128.npy,0.9641,0.6659,0.51,192.1,274.5,806.1
2294,536,Easy,dram_1x,data/hcr_train\triplets\02294_ref_64.npy,data/hcr_train\triplets\02294_ref_128.npy,data/hcr_train\triplets\02294_pos_64.npy,data/hcr_train\triplets\02294_pos_128.npy,data/hcr_train\triplets\02294_neg_64.npy,data/hcr_train\triplets\02294_neg_128.npy,0.9641,0.6167,0.51,120.1,274.5,806.1
2295,537,Medium,dram_dense,data/hcr_train\triplets\02295_ref_64.npy,data/hcr_train\triplets\02295_ref_128.npy,data/hcr_train\triplets\02295_pos_64.npy,data/hcr_train\triplets\02295_pos_128.npy,data/hcr_train\triplets\02295_neg_64.npy,data/hcr_train\triplets\02295_neg_128.npy,0.916,0.8859,0.91,71.1,682.9,832.9
2296,537,Medium,dram_dense,data/hcr_train\triplets\02296_ref_64.npy,data/hcr_train\triplets\02296_ref_128.npy,data/hcr_train\triplets\02296_pos_64.npy,data/hcr_train\triplets\02296_pos_128.npy,data/hcr_train\triplets\02296_neg_64.npy,data/hcr_train\triplets\02296_neg_128.npy,0.916,0.8414,0.91,36.9,682.9,832.9
2297,537,Medium,dram_dense,data/hcr_train\triplets\02297_ref_64.npy,data/hcr_train\triplets\02297_ref_128.npy,data/hcr_train\triplets\02297_pos_64.npy,data/hcr_train\triplets\02297_pos_128.npy,data/hcr_train\triplets\02297_neg_64.npy,data/hcr_train\triplets\02297_neg_128.npy,0.916,0.825,0.91,35.1,682.9,832.9
2298,537,Medium,dram_dense,data/hcr_train\triplets\02298_ref_64.npy,data/hcr_train\triplets\02298_ref_128.npy,data/hcr_train\triplets\02298_pos_64.npy,data/hcr_train\triplets\02298_pos_128.npy,data/hcr_train\triplets\02298_neg_64.npy,data/hcr_train\triplets\02298_neg_128.npy,0.916,0.8235,0.91,106.1,682.9,832.9
2299,537,Medium,dram_dense,data/hcr_train\triplets\02299_ref_64.npy,data/hcr_train\triplets\02299_ref_128.npy,data/hcr_train\triplets\02299_pos_64.npy,data/hcr_train\triplets\02299_pos_128.npy,data/hcr_train\triplets\02299_neg_64.npy,data/hcr_train\triplets\02299_neg_128.npy,0.916,0.8023,0.91,88.1,682.9,832.9
2300,538,Hard,finfet_10nm,data/hcr_train\triplets\02300_ref_64.npy,data/hcr_train\triplets\02300_ref_128.npy,data/hcr_train\triplets\02300_pos_64.npy,data/hcr_train\triplets\02300_pos_128.npy,data/hcr_train\triplets\02300_neg_64.npy,data/hcr_train\triplets\02300_neg_128.npy,0.7128,0.6346,2.8,417.87,820.8,840.1
2301,538,Hard,finfet_10nm,data/hcr_train\triplets\02301_ref_64.npy,data/hcr_train\triplets\02301_ref_128.npy,data/hcr_train\triplets\02301_pos_64.npy,data/hcr_train\triplets\02301_pos_128.npy,data/hcr_train\triplets\02301_neg_64.npy,data/hcr_train\triplets\02301_neg_128.npy,0.7128,0.6289,2.8,832.19,820.8,840.1
2302,538,Hard,finfet_10nm,data/hcr_train\triplets\02302_ref_64.npy,data/hcr_train\triplets\02302_ref_128.npy,data/hcr_train\triplets\02302_pos_64.npy,data/hcr_train\triplets\02302_pos_128.npy,data/hcr_train\triplets\02302_neg_64.npy,data/hcr_train\triplets\02302_neg_128.npy,0.7128,0.6067,2.8,21.8,820.8,840.1
2303,538,Hard,finfet_10nm,data/hcr_train\triplets\02303_ref_64.npy,data/hcr_train\triplets\02303_ref_128.npy,data/hcr_train\triplets\02303_pos_64.npy,data/hcr_train\triplets\02303_pos_128.npy,data/hcr_train\triplets\02303_neg_64.npy,data/hcr_train\triplets\02303_neg_128.npy,0.7128,0.5839,2.8,97.8,820.8,840.1
2304,538,Hard,finfet_10nm,data/hcr_train\triplets\02304_ref_64.npy,data/hcr_train\triplets\02304_ref_128.npy,data/hcr_train\triplets\02304_pos_64.npy,data/hcr_train\triplets\02304_pos_128.npy,data/hcr_train\triplets\02304_neg_64.npy,data/hcr_train\triplets\02304_neg_128.npy,0.7128,0.5657,2.8,155.8,820.8,840.1
2305,539,Adversarial,finfet_7nm,data/hcr_train\triplets\02305_ref_64.npy,data/hcr_train\triplets\02305_ref_128.npy,data/hcr_train\triplets\02305_pos_64.npy,data/hcr_train\triplets\02305_pos_128.npy,data/hcr_train\triplets\02305_neg_64.npy,data/hcr_train\triplets\02305_neg_128.npy,0.399,0.4121,1.4,55.6,690.4,258.0
2306,539,Adversarial,finfet_7nm,data/hcr_train\triplets\02306_ref_64.npy,data/hcr_train\triplets\02306_ref_128.npy,data/hcr_train\triplets\02306_pos_64.npy,data/hcr_train\triplets\02306_pos_128.npy,data/hcr_train\triplets\02306_neg_64.npy,data/hcr_train\triplets\02306_neg_128.npy,0.399,0.4066,1.4,40.4,690.4,258.0
2307,539,Adversarial,finfet_7nm,data/hcr_train\triplets\02307_ref_64.npy,data/hcr_train\triplets\02307_ref_128.npy,data/hcr_train\triplets\02307_pos_64.npy,data/hcr_train\triplets\02307_pos_128.npy,data/hcr_train\triplets\02307_neg_64.npy,data/hcr_train\triplets\02307_neg_128.npy,0.399,0.4015,1.4,94.6,690.4,258.0
2308,539,Adversarial,finfet_7nm,data/hcr_train\triplets\02308_ref_64.npy,data/hcr_train\triplets\02308_ref_128.npy,data/hcr_train\triplets\02308_pos_64.npy,data/hcr_train\triplets\02308_pos_128.npy,data/hcr_train\triplets\02308_neg_64.npy,data/hcr_train\triplets\02308_neg_128.npy,0.399,0.3781,1.4,16.6,690.4,258.0
2309,539,Adversarial,finfet_7nm,data/hcr_train\triplets\02309_ref_64.npy,data/hcr_train\triplets\02309_ref_128.npy,data/hcr_train\triplets\02309_pos_64.npy,data/hcr_train\triplets\02309_pos_128.npy,data/hcr_train\triplets\02309_neg_64.npy,data/hcr_train\triplets\02309_neg_128.npy,0.399,0.3688,1.4,36.6,690.4,258.0
2310,540,Easy,dram_1x,data/hcr_train\triplets\02310_ref_64.npy,data/hcr_train\triplets\02310_ref_128.npy,data/hcr_train\triplets\02310_pos_64.npy,data/hcr_train\triplets\02310_pos_128.npy,data/hcr_train\triplets\02310_neg_64.npy,data/hcr_train\triplets\02310_neg_128.npy,0.9313,0.5701,0.36,13.3,878.8,263.3
2311,540,Easy,dram_1x,data/hcr_train\triplets\02311_ref_64.npy,data/hcr_train\triplets\02311_ref_128.npy,data/hcr_train\triplets\02311_pos_64.npy,data/hcr_train\triplets\02311_pos_128.npy,data/hcr_train\triplets\02311_neg_64.npy,data/hcr_train\triplets\02311_neg_128.npy,0.9313,0.5654,0.36,19.2,878.8,263.3
2312,540,Easy,dram_1x,data/hcr_train\triplets\02312_ref_64.npy,data/hcr_train\triplets\02312_ref_128.npy,data/hcr_train\triplets\02312_pos_64.npy,data/hcr_train\triplets\02312_pos_128.npy,data/hcr_train\triplets\02312_neg_64.npy,data/hcr_train\triplets\02312_neg_128.npy,0.9313,0.5627,0.36,48.2,878.8,263.3
2313,540,Easy,dram_1x,data/hcr_train\triplets\02313_ref_64.npy,data/hcr_train\triplets\02313_ref_128.npy,data/hcr_train\triplets\02313_pos_64.npy,data/hcr_train\triplets\02313_pos_128.npy,data/hcr_train\triplets\02313_neg_64.npy,data/hcr_train\triplets\02313_neg_128.npy,0.9313,0.5344,0.36,12.7,878.8,263.3
2314,540,Easy,dram_1x,data/hcr_train\triplets\02314_ref_64.npy,data/hcr_train\triplets\02314_ref_128.npy,data/hcr_train\triplets\02314_pos_64.npy,data/hcr_train\triplets\02314_pos_128.npy,data/hcr_train\triplets\02314_neg_64.npy,data/hcr_train\triplets\02314_neg_128.npy,0.9313,0.5016,0.36,64.3,878.8,263.3
2315,541,Medium,dram_dense,data/hcr_train\triplets\02315_ref_64.npy,data/hcr_train\triplets\02315_ref_128.npy,data/hcr_train\triplets\02315_pos_64.npy,data/hcr_train\triplets\02315_pos_128.npy,data/hcr_train\triplets\02315_neg_64.npy,data/hcr_train\triplets\02315_neg_128.npy,0.8283,0.7195,1.53,19.36,875.5,931.3
2316,541,Medium,dram_dense,data/hcr_train\triplets\02316_ref_64.npy,data/hcr_train\triplets\02316_ref_128.npy,data/hcr_train\triplets\02316_pos_64.npy,data/hcr_train\triplets\02316_pos_128.npy,data/hcr_train\triplets\02316_neg_64.npy,data/hcr_train\triplets\02316_neg_128.npy,0.8283,0.7086,1.53,18.76,875.5,931.3
2317,541,Medium,dram_dense,data/hcr_train\triplets\02317_ref_64.npy,data/hcr_train\triplets\02317_ref_128.npy,data/hcr_train\triplets\02317_pos_64.npy,data/hcr_train\triplets\02317_pos_128.npy,data/hcr_train\triplets\02317_neg_64.npy,data/hcr_train\triplets\02317_neg_128.npy,0.8283,0.6325,1.53,583.57,875.5,931.3
2318,541,Medium,dram_dense,data/hcr_train\triplets\02318_ref_64.npy,data/hcr_train\triplets\02318_ref_128.npy,data/hcr_train\triplets\02318_pos_64.npy,data/hcr_train\triplets\02318_pos_128.npy,data/hcr_train\triplets\02318_neg_64.npy,data/hcr_train\triplets\02318_neg_128.npy,0.8283,0.6063,1.53,583.58,875.5,931.3
2319,541,Medium,dram_dense,data/hcr_train\triplets\02319_ref_64.npy,data/hcr_train\triplets\02319_ref_128.npy,data/hcr_train\triplets\02319_pos_64.npy,data/hcr_train\triplets\02319_pos_128.npy,data/hcr_train\triplets\02319_neg_64.npy,data/hcr_train\triplets\02319_neg_128.npy,0.8283,0.5991,1.53,38.33,875.5,931.3
2320,542,Hard,finfet_10nm,data/hcr_train\triplets\02320_ref_64.npy,data/hcr_train\triplets\02320_ref_128.npy,data/hcr_train\triplets\02320_pos_64.npy,data/hcr_train\triplets\02320_pos_128.npy,data/hcr_train\triplets\02320_neg_64.npy,data/hcr_train\triplets\02320_neg_128.npy,0.7699,0.7614,2.8,53.2,96.8,834.9
2321,542,Hard,finfet_10nm,data/hcr_train\triplets\02321_ref_64.npy,data/hcr_train\triplets\02321_ref_128.npy,data/hcr_train\triplets\02321_pos_64.npy,data/hcr_train\triplets\02321_pos_128.npy,data/hcr_train\triplets\02321_neg_64.npy,data/hcr_train\triplets\02321_neg_128.npy,0.7699,0.7431,2.8,109.2,96.8,834.9
2322,542,Hard,finfet_10nm,data/hcr_train\triplets\02322_ref_64.npy,data/hcr_train\triplets\02322_ref_128.npy,data/hcr_train\triplets\02322_pos_64.npy,data/hcr_train\triplets\02322_pos_128.npy,data/hcr_train\triplets\02322_neg_64.npy,data/hcr_train\triplets\02322_neg_128.npy,0.7699,0.7416,2.8,25.2,96.8,834.9
2323,542,Hard,finfet_10nm,data/hcr_train\triplets\02323_ref_64.npy,data/hcr_train\triplets\02323_ref_128.npy,data/hcr_train\triplets\02323_pos_64.npy,data/hcr_train\triplets\02323_pos_128.npy,data/hcr_train\triplets\02323_neg_64.npy,data/hcr_train\triplets\02323_neg_128.npy,0.7699,0.7382,2.8,30.8,96.8,834.9
2324,542,Hard,finfet_10nm,data/hcr_train\triplets\02324_ref_64.npy,data/hcr_train\triplets\02324_ref_128.npy,data/hcr_train\triplets\02324_pos_64.npy,data/hcr_train\triplets\02324_pos_128.npy,data/hcr_train\triplets\02324_neg_64.npy,data/hcr_train\triplets\02324_neg_128.npy,0.7699,0.735,2.8,82.2,96.8,834.9
2325,543,Adversarial,finfet_7nm,data/hcr_train\triplets\02325_ref_64.npy,data/hcr_train\triplets\02325_ref_128.npy,data/hcr_train\triplets\02325_pos_64.npy,data/hcr_train\triplets\02325_pos_128.npy,data/hcr_train\triplets\02325_neg_64.npy,data/hcr_train\triplets\02325_neg_128.npy,0.4083,0.2695,2.22,15.2,559.2,593.3
2326,543,Adversarial,finfet_7nm,data/hcr_train\triplets\02326_ref_64.npy,data/hcr_train\triplets\02326_ref_128.npy,data/hcr_train\triplets\02326_pos_64.npy,data/hcr_train\triplets\02326_pos_128.npy,data/hcr_train\triplets\02326_neg_64.npy,data/hcr_train\triplets\02326_neg_128.npy,0.4083,0.2539,2.22,10.8,559.2,593.3
2327,543,Adversarial,finfet_7nm,data/hcr_train\triplets\02327_ref_64.npy,data/hcr_train\triplets\02327_ref_128.npy,data/hcr_train\triplets\02327_pos_64.npy,data/hcr_train\triplets\02327_pos_128.npy,data/hcr_train\triplets\02327_neg_64.npy,data/hcr_train\triplets\02327_neg_128.npy,0.4083,0.2445,2.22,99.2,559.2,593.3
2328,543,Adversarial,finfet_7nm,data/hcr_train\triplets\02328_ref_64.npy,data/hcr_train\triplets\02328_ref_128.npy,data/hcr_train\triplets\02328_pos_64.npy,data/hcr_train\triplets\02328_pos_128.npy,data/hcr_train\triplets\02328_neg_64.npy,data/hcr_train\triplets\02328_neg_128.npy,0.4083,0.2427,2.22,158.2,559.2,593.3
2329,543,Adversarial,finfet_7nm,data/hcr_train\triplets\02329_ref_64.npy,data/hcr_train\triplets\02329_ref_128.npy,data/hcr_train\triplets\02329_pos_64.npy,data/hcr_train\triplets\02329_pos_128.npy,data/hcr_train\triplets\02329_neg_64.npy,data/hcr_train\triplets\02329_neg_128.npy,0.4083,0.2358,2.22,171.2,559.2,593.3
2330,544,Easy,dram_1x,data/hcr_train\triplets\02330_ref_64.npy,data/hcr_train\triplets\02330_ref_128.npy,data/hcr_train\triplets\02330_pos_64.npy,data/hcr_train\triplets\02330_pos_128.npy,data/hcr_train\triplets\02330_neg_64.npy,data/hcr_train\triplets\02330_neg_128.npy,0.9169,0.9004,0.45,18.8,404.2,527.6
2331,544,Easy,dram_1x,data/hcr_train\triplets\02331_ref_64.npy,data/hcr_train\triplets\02331_ref_128.npy,data/hcr_train\triplets\02331_pos_64.npy,data/hcr_train\triplets\02331_pos_128.npy,data/hcr_train\triplets\02331_neg_64.npy,data/hcr_train\triplets\02331_neg_128.npy,0.9169,0.9001,0.45,58.2,404.2,527.6
2332,544,Easy,dram_1x,data/hcr_train\triplets\02332_ref_64.npy,data/hcr_train\triplets\02332_ref_128.npy,data/hcr_train\triplets\02332_pos_64.npy,data/hcr_train\triplets\02332_pos_128.npy,data/hcr_train\triplets\02332_neg_64.npy,data/hcr_train\triplets\02332_neg_128.npy,0.9169,0.8937,0.45,76.8,404.2,527.6
2333,544,Easy,dram_1x,data/hcr_train\triplets\02333_ref_64.npy,data/hcr_train\triplets\02333_ref_128.npy,data/hcr_train\triplets\02333_pos_64.npy,data/hcr_train\triplets\02333_pos_128.npy,data/hcr_train\triplets\02333_neg_64.npy,data/hcr_train\triplets\02333_neg_128.npy,0.9169,0.8927,0.45,95.8,404.2,527.6
2334,544,Easy,dram_1x,data/hcr_train\triplets\02334_ref_64.npy,data/hcr_train\triplets\02334_ref_128.npy,data/hcr_train\triplets\02334_pos_64.npy,data/hcr_train\triplets\02334_pos_128.npy,data/hcr_train\triplets\02334_neg_64.npy,data/hcr_train\triplets\02334_neg_128.npy,0.9169,0.8888,0.45,19.2,404.2,527.6
2335,545,Medium,dram_dense,data/hcr_train\triplets\02335_ref_64.npy,data/hcr_train\triplets\02335_ref_128.npy,data/hcr_train\triplets\02335_pos_64.npy,data/hcr_train\triplets\02335_pos_128.npy,data/hcr_train\triplets\02335_neg_64.npy,data/hcr_train\triplets\02335_neg_128.npy,0.8767,0.5456,0.51,658.72,851.5,550.1
2336,545,Medium,dram_dense,data/hcr_train\triplets\02336_ref_64.npy,data/hcr_train\triplets\02336_ref_128.npy,data/hcr_train\triplets\02336_pos_64.npy,data/hcr_train\triplets\02336_pos_128.npy,data/hcr_train\triplets\02336_neg_64.npy,data/hcr_train\triplets\02336_neg_128.npy,0.8767,0.5382,0.51,48.1,851.5,550.1
2337,545,Medium,dram_dense,data/hcr_train\triplets\02337_ref_64.npy,data/hcr_train\triplets\02337_ref_128.npy,data/hcr_train\triplets\02337_pos_64.npy,data/hcr_train\triplets\02337_pos_128.npy,data/hcr_train\triplets\02337_neg_64.npy,data/hcr_train\triplets\02337_neg_128.npy,0.8767,0.5314,0.51,14.11,851.5,550.1
2338,545,Medium,dram_dense,data/hcr_train\triplets\02338_ref_64.npy,data/hcr_train\triplets\02338_ref_128.npy,data/hcr_train\triplets\02338_pos_64.npy,data/hcr_train\triplets\02338_pos_128.npy,data/hcr_train\triplets\02338_neg_64.npy,data/hcr_train\triplets\02338_neg_128.npy,0.8767,0.524,0.51,96.1,851.5,550.1
2339,545,Medium,dram_dense,data/hcr_train\triplets\02339_ref_64.npy,data/hcr_train\triplets\02339_ref_128.npy,data/hcr_train\triplets\02339_pos_64.npy,data/hcr_train\triplets\02339_pos_128.npy,data/hcr_train\triplets\02339_neg_64.npy,data/hcr_train\triplets\02339_neg_128.npy,0.8767,0.5084,0.51,143.1,851.5,550.1
2340,546,Hard,finfet_10nm,data/hcr_train\triplets\02340_ref_64.npy,data/hcr_train\triplets\02340_ref_128.npy,data/hcr_train\triplets\02340_pos_64.npy,data/hcr_train\triplets\02340_pos_128.npy,data/hcr_train\triplets\02340_neg_64.npy,data/hcr_train\triplets\02340_neg_128.npy,0.5648,0.5087,2.06,593.63,950.0,591.5
2341,546,Hard,finfet_10nm,data/hcr_train\triplets\02341_ref_64.npy,data/hcr_train\triplets\02341_ref_128.npy,data/hcr_train\triplets\02341_pos_64.npy,data/hcr_train\triplets\02341_pos_128.npy,data/hcr_train\triplets\02341_neg_64.npy,data/hcr_train\triplets\02341_neg_128.npy,0.5648,0.5078,2.06,607.59,950.0,591.5
2342,546,Hard,finfet_10nm,data/hcr_train\triplets\02342_ref_64.npy,data/hcr_train\triplets\02342_ref_128.npy,data/hcr_train\triplets\02342_pos_64.npy,data/hcr_train\triplets\02342_pos_128.npy,data/hcr_train\triplets\02342_neg_64.npy,data/hcr_train\triplets\02342_neg_128.npy,0.5648,0.5033,2.06,579.78,950.0,591.5
2343,546,Hard,finfet_10nm,data/hcr_train\triplets\02343_ref_64.npy,data/hcr_train\triplets\02343_ref_128.npy,data/hcr_train\triplets\02343_pos_64.npy,data/hcr_train\triplets\02343_pos_128.npy,data/hcr_train\triplets\02343_neg_64.npy,data/hcr_train\triplets\02343_neg_128.npy,0.5648,0.5019,2.06,538.93,950.0,591.5
2344,546,Hard,finfet_10nm,data/hcr_train\triplets\02344_ref_64.npy,data/hcr_train\triplets\02344_ref_128.npy,data/hcr_train\triplets\02344_pos_64.npy,data/hcr_train\triplets\02344_pos_128.npy,data/hcr_train\triplets\02344_neg_64.npy,data/hcr_train\triplets\02344_neg_128.npy,0.5648,0.4994,2.06,559.21,950.0,591.5
2345,547,Adversarial,finfet_7nm,data/hcr_train\triplets\02345_ref_64.npy,data/hcr_train\triplets\02345_ref_128.npy,data/hcr_train\triplets\02345_pos_64.npy,data/hcr_train\triplets\02345_pos_128.npy,data/hcr_train\triplets\02345_neg_64.npy,data/hcr_train\triplets\02345_neg_128.npy,0.4448,0.4144,1.81,29.85,604.8,383.8
2346,547,Adversarial,finfet_7nm,data/hcr_train\triplets\02346_ref_64.npy,data/hcr_train\triplets\02346_ref_128.npy,data/hcr_train\triplets\02346_pos_64.npy,data/hcr_train\triplets\02346_pos_128.npy,data/hcr_train\triplets\02346_neg_64.npy,data/hcr_train\triplets\02346_neg_128.npy,0.4448,0.3969,1.81,30.25,604.8,383.8
2347,547,Adversarial,finfet_7nm,data/hcr_train\triplets\02347_ref_64.npy,data/hcr_train\triplets\02347_ref_128.npy,data/hcr_train\triplets\02347_pos_64.npy,data/hcr_train\triplets\02347_pos_128.npy,data/hcr_train\triplets\02347_neg_64.npy,data/hcr_train\triplets\02347_neg_128.npy,0.4448,0.3941,1.81,16.05,604.8,383.8
2348,547,Adversarial,finfet_7nm,data/hcr_train\triplets\02348_ref_64.npy,data/hcr_train\triplets\02348_ref_128.npy,data/hcr_train\triplets\02348_pos_64.npy,data/hcr_train\triplets\02348_pos_128.npy,data/hcr_train\triplets\02348_neg_64.npy,data/hcr_train\triplets\02348_neg_128.npy,0.4448,0.3856,1.81,16.42,604.8,383.8
2349,547,Adversarial,finfet_7nm,data/hcr_train\triplets\02349_ref_64.npy,data/hcr_train\triplets\02349_ref_128.npy,data/hcr_train\triplets\02349_pos_64.npy,data/hcr_train\triplets\02349_pos_128.npy,data/hcr_train\triplets\02349_neg_64.npy,data/hcr_train\triplets\02349_neg_128.npy,0.4448,0.3835,1.81,450.72,604.8,383.8
2350,548,Easy,dram_1x,data/hcr_train\triplets\02350_ref_64.npy,data/hcr_train\triplets\02350_ref_128.npy,data/hcr_train\triplets\02350_pos_64.npy,data/hcr_train\triplets\02350_pos_128.npy,data/hcr_train\triplets\02350_neg_64.npy,data/hcr_train\triplets\02350_neg_128.npy,0.9105,0.885,0.42,19.3,296.3,406.3
2351,548,Easy,dram_1x,data/hcr_train\triplets\02351_ref_64.npy,data/hcr_train\triplets\02351_ref_128.npy,data/hcr_train\triplets\02351_pos_64.npy,data/hcr_train\triplets\02351_pos_128.npy,data/hcr_train\triplets\02351_neg_64.npy,data/hcr_train\triplets\02351_neg_128.npy,0.9105,0.8783,0.42,38.3,296.3,406.3
2352,548,Easy,dram_1x,data/hcr_train\triplets\02352_ref_64.npy,data/hcr_train\triplets\02352_ref_128.npy,data/hcr_train\triplets\02352_pos_64.npy,data/hcr_train\triplets\02352_pos_128.npy,data/hcr_train\triplets\02352_neg_64.npy,data/hcr_train\triplets\02352_neg_128.npy,0.9105,0.8631,0.42,76.7,296.3,406.3
2353,548,Easy,dram_1x,data/hcr_train\triplets\02353_ref_64.npy,data/hcr_train\triplets\02353_ref_128.npy,data/hcr_train\triplets\02353_pos_64.npy,data/hcr_train\triplets\02353_pos_128.npy,data/hcr_train\triplets\02353_neg_64.npy,data/hcr_train\triplets\02353_neg_128.npy,0.9105,0.8525,0.42,95.7,296.3,406.3
2354,548,Easy,dram_1x,data/hcr_train\triplets\02354_ref_64.npy,data/hcr_train\triplets\02354_ref_128.npy,data/hcr_train\triplets\02354_pos_64.npy,data/hcr_train\triplets\02354_pos_128.npy,data/hcr_train\triplets\02354_neg_64.npy,data/hcr_train\triplets\02354_neg_128.npy,0.9105,0.851,0.42,57.3,296.3,406.3
2355,549,Medium,dram_dense,data/hcr_train\triplets\02355_ref_64.npy,data/hcr_train\triplets\02355_ref_128.npy,data/hcr_train\triplets\02355_pos_64.npy,data/hcr_train\triplets\02355_pos_128.npy,data/hcr_train\triplets\02355_neg_64.npy,data/hcr_train\triplets\02355_neg_128.npy,0.9016,0.8451,1.43,63.72,511.4,728.3
2356,549,Medium,dram_dense,data/hcr_train\triplets\02356_ref_64.npy,data/hcr_train\triplets\02356_ref_128.npy,data/hcr_train\triplets\02356_pos_64.npy,data/hcr_train\triplets\02356_pos_128.npy,data/hcr_train\triplets\02356_neg_64.npy,data/hcr_train\triplets\02356_neg_128.npy,0.9016,0.8371,1.43,64.32,511.4,728.3
2357,549,Medium,dram_dense,data/hcr_train\triplets\02357_ref_64.npy,data/hcr_train\triplets\02357_ref_128.npy,data/hcr_train\triplets\02357_pos_64.npy,data/hcr_train\triplets\02357_pos_128.npy,data/hcr_train\triplets\02357_neg_64.npy,data/hcr_train\triplets\02357_neg_128.npy,0.9016,0.834,1.43,96.31,511.4,728.3
2358,549,Medium,dram_dense,data/hcr_train\triplets\02358_ref_64.npy,data/hcr_train\triplets\02358_ref_128.npy,data/hcr_train\triplets\02358_pos_64.npy,data/hcr_train\triplets\02358_pos_128.npy,data/hcr_train\triplets\02358_neg_64.npy,data/hcr_train\triplets\02358_neg_128.npy,0.9016,0.8267,1.43,32.33,511.4,728.3
2359,549,Medium,dram_dense,data/hcr_train\triplets\02359_ref_64.npy,data/hcr_train\triplets\02359_ref_128.npy,data/hcr_train\triplets\02359_pos_64.npy,data/hcr_train\triplets\02359_pos_128.npy,data/hcr_train\triplets\02359_neg_64.npy,data/hcr_train\triplets\02359_neg_128.npy,0.9016,0.814,1.43,80.31,511.4,728.3
2360,550,Hard,finfet_10nm,data/hcr_train\triplets\02360_ref_64.npy,data/hcr_train\triplets\02360_ref_128.npy,data/hcr_train\triplets\02360_pos_64.npy,data/hcr_train\triplets\02360_pos_128.npy,data/hcr_train\triplets\02360_neg_64.npy,data/hcr_train\triplets\02360_neg_128.npy,0.501,0.4962,1.12,17.1,151.1,216.8
2361,550,Hard,finfet_10nm,data/hcr_train\triplets\02361_ref_64.npy,data/hcr_train\triplets\02361_ref_128.npy,data/hcr_train\triplets\02361_pos_64.npy,data/hcr_train\triplets\02361_pos_128.npy,data/hcr_train\triplets\02361_neg_64.npy,data/hcr_train\triplets\02361_neg_128.npy,0.501,0.4937,1.12,800.88,151.1,216.8
2362,550,Hard,finfet_10nm,data/hcr_train\triplets\02362_ref_64.npy,data/hcr_train\triplets\02362_ref_128.npy,data/hcr_train\triplets\02362_pos_64.npy,data/hcr_train\triplets\02362_pos_128.npy,data/hcr_train\triplets\02362_neg_64.npy,data/hcr_train\triplets\02362_neg_128.npy,0.501,0.4884,1.12,97.1,151.1,216.8
2363,550,Hard,finfet_10nm,data/hcr_train\triplets\02363_ref_64.npy,data/hcr_train\triplets\02363_ref_128.npy,data/hcr_train\triplets\02363_pos_64.npy,data/hcr_train\triplets\02363_pos_128.npy,data/hcr_train\triplets\02363_neg_64.npy,data/hcr_train\triplets\02363_neg_128.npy,0.501,0.4884,1.12,784.63,151.1,216.8
2364,550,Hard,finfet_10nm,data/hcr_train\triplets\02364_ref_64.npy,data/hcr_train\triplets\02364_ref_128.npy,data/hcr_train\triplets\02364_pos_64.npy,data/hcr_train\triplets\02364_pos_128.npy,data/hcr_train\triplets\02364_neg_64.npy,data/hcr_train\triplets\02364_neg_128.npy,0.501,0.4872,1.12,811.93,151.1,216.8
2365,551,Adversarial,finfet_7nm,data/hcr_train\triplets\02365_ref_64.npy,data/hcr_train\triplets\02365_ref_128.npy,data/hcr_train\triplets\02365_pos_64.npy,data/hcr_train\triplets\02365_pos_128.npy,data/hcr_train\triplets\02365_neg_64.npy,data/hcr_train\triplets\02365_neg_128.npy,0.4721,0.4748,2.21,298.04,327.2,436.2
2366,551,Adversarial,finfet_7nm,data/hcr_train\triplets\02366_ref_64.npy,data/hcr_train\triplets\02366_ref_128.npy,data/hcr_train\triplets\02366_pos_64.npy,data/hcr_train\triplets\02366_pos_128.npy,data/hcr_train\triplets\02366_neg_64.npy,data/hcr_train\triplets\02366_neg_128.npy,0.4721,0.4611,2.21,377.67,327.2,436.2
2367,551,Adversarial,finfet_7nm,data/hcr_train\triplets\02367_ref_64.npy,data/hcr_train\triplets\02367_ref_128.npy,data/hcr_train\triplets\02367_pos_64.npy,data/hcr_train\triplets\02367_pos_128.npy,data/hcr_train\triplets\02367_neg_64.npy,data/hcr_train\triplets\02367_neg_128.npy,0.4721,0.4534,2.21,358.01,327.2,436.2
2368,551,Adversarial,finfet_7nm,data/hcr_train\triplets\02368_ref_64.npy,data/hcr_train\triplets\02368_ref_128.npy,data/hcr_train\triplets\02368_pos_64.npy,data/hcr_train\triplets\02368_pos_128.npy,data/hcr_train\triplets\02368_neg_64.npy,data/hcr_train\triplets\02368_neg_128.npy,0.4721,0.4519,2.21,302.06,327.2,436.2
2369,551,Adversarial,finfet_7nm,data/hcr_train\triplets\02369_ref_64.npy,data/hcr_train\triplets\02369_ref_128.npy,data/hcr_train\triplets\02369_pos_64.npy,data/hcr_train\triplets\02369_pos_128.npy,data/hcr_train\triplets\02369_neg_64.npy,data/hcr_train\triplets\02369_neg_128.npy,0.4721,0.4508,2.21,171.65,327.2,436.2
2370,552,Easy,dram_1x,data/hcr_train\triplets\02370_ref_64.npy,data/hcr_train\triplets\02370_ref_128.npy,data/hcr_train\triplets\02370_pos_64.npy,data/hcr_train\triplets\02370_pos_128.npy,data/hcr_train\triplets\02370_neg_64.npy,data/hcr_train\triplets\02370_neg_128.npy,0.8407,0.8213,0.67,114.6,800.6,229.7
2371,552,Easy,dram_1x,data/hcr_train\triplets\02371_ref_64.npy,data/hcr_train\triplets\02371_ref_128.npy,data/hcr_train\triplets\02371_pos_64.npy,data/hcr_train\triplets\02371_pos_128.npy,data/hcr_train\triplets\02371_neg_64.npy,data/hcr_train\triplets\02371_neg_128.npy,0.8407,0.8207,0.67,14.6,800.6,229.7
2372,552,Easy,dram_1x,data/hcr_train\triplets\02372_ref_64.npy,data/hcr_train\triplets\02372_ref_128.npy,data/hcr_train\triplets\02372_pos_64.npy,data/hcr_train\triplets\02372_pos_128.npy,data/hcr_train\triplets\02372_neg_64.npy,data/hcr_train\triplets\02372_neg_128.npy,0.8407,0.8188,0.67,71.6,800.6,229.7
2373,552,Easy,dram_1x,data/hcr_train\triplets\02373_ref_64.npy,data/hcr_train\triplets\02373_ref_128.npy,data/hcr_train\triplets\02373_pos_64.npy,data/hcr_train\triplets\02373_pos_128.npy,data/hcr_train\triplets\02373_neg_64.npy,data/hcr_train\triplets\02373_neg_128.npy,0.8407,0.8182,0.67,100.6,800.6,229.7
2374,552,Easy,dram_1x,data/hcr_train\triplets\02374_ref_64.npy,data/hcr_train\triplets\02374_ref_128.npy,data/hcr_train\triplets\02374_pos_64.npy,data/hcr_train\triplets\02374_pos_128.npy,data/hcr_train\triplets\02374_neg_64.npy,data/hcr_train\triplets\02374_neg_128.npy,0.8407,0.8179,0.67,28.6,800.6,229.7
2375,553,Medium,dram_dense,data/hcr_train\triplets\02375_ref_64.npy,data/hcr_train\triplets\02375_ref_128.npy,data/hcr_train\triplets\02375_pos_64.npy,data/hcr_train\triplets\02375_pos_128.npy,data/hcr_train\triplets\02375_neg_64.npy,data/hcr_train\triplets\02375_neg_128.npy,0.9011,0.871,0.51,71.5,400.5,266.9
2376,553,Medium,dram_dense,data/hcr_train\triplets\02376_ref_64.npy,data/hcr_train\triplets\02376_ref_128.npy,data/hcr_train\triplets\02376_pos_64.npy,data/hcr_train\triplets\02376_pos_128.npy,data/hcr_train\triplets\02376_neg_64.npy,data/hcr_train\triplets\02376_neg_128.npy,0.9011,0.8557,0.51,35.5,400.5,266.9
2377,553,Medium,dram_dense,data/hcr_train\triplets\02377_ref_64.npy,data/hcr_train\triplets\02377_ref_128.npy,data/hcr_train\triplets\02377_pos_64.npy,data/hcr_train\triplets\02377_pos_128.npy,data/hcr_train\triplets\02377_neg_64.npy,data/hcr_train\triplets\02377_neg_128.npy,0.9011,0.8425,0.51,36.5,400.5,266.9
2378,553,Medium,dram_dense,data/hcr_train\triplets\02378_ref_64.npy,data/hcr_train\triplets\02378_ref_128.npy,data/hcr_train\triplets\02378_pos_64.npy,data/hcr_train\triplets\02378_pos_128.npy,data/hcr_train\triplets\02378_neg_64.npy,data/hcr_train\triplets\02378_neg_128.npy,0.9011,0.7894,0.51,72.5,400.5,266.9
2379,553,Medium,dram_dense,data/hcr_train\triplets\02379_ref_64.npy,data/hcr_train\triplets\02379_ref_128.npy,data/hcr_train\triplets\02379_pos_64.npy,data/hcr_train\triplets\02379_pos_128.npy,data/hcr_train\triplets\02379_neg_64.npy,data/hcr_train\triplets\02379_neg_128.npy,0.9011,0.7608,0.51,107.5,400.5,266.9
2380,554,Hard,finfet_10nm,data/hcr_train\triplets\02380_ref_64.npy,data/hcr_train\triplets\02380_ref_128.npy,data/hcr_train\triplets\02380_pos_64.npy,data/hcr_train\triplets\02380_pos_128.npy,data/hcr_train\triplets\02380_neg_64.npy,data/hcr_train\triplets\02380_neg_128.npy,0.769,0.7666,0.28,84.2,757.2,129.2
2381,554,Hard,finfet_10nm,data/hcr_train\triplets\02381_ref_64.npy,data/hcr_train\triplets\02381_ref_128.npy,data/hcr_train\triplets\02381_pos_64.npy,data/hcr_train\triplets\02381_pos_128.npy,data/hcr_train\triplets\02381_neg_64.npy,data/hcr_train\triplets\02381_neg_128.npy,0.769,0.7651,0.28,28.2,757.2,129.2
2382,554,Hard,finfet_10nm,data/hcr_train\triplets\02382_ref_64.npy,data/hcr_train\triplets\02382_ref_128.npy,data/hcr_train\triplets\02382_pos_64.npy,data/hcr_train\triplets\02382_pos_128.npy,data/hcr_train\triplets\02382_neg_64.npy,data/hcr_train\triplets\02382_neg_128.npy,0.769,0.763,0.28,56.2,757.2,129.2
2383,554,Hard,finfet_10nm,data/hcr_train\triplets\02383_ref_64.npy,data/hcr_train\triplets\02383_ref_128.npy,data/hcr_train\triplets\02383_pos_64.npy,data/hcr_train\triplets\02383_pos_128.npy,data/hcr_train\triplets\02383_neg_64.npy,data/hcr_train\triplets\02383_neg_128.npy,0.769,0.7628,0.28,27.8,757.2,129.2
2384,554,Hard,finfet_10nm,data/hcr_train\triplets\02384_ref_64.npy,data/hcr_train\triplets\02384_ref_128.npy,data/hcr_train\triplets\02384_pos_64.npy,data/hcr_train\triplets\02384_pos_128.npy,data/hcr_train\triplets\02384_neg_64.npy,data/hcr_train\triplets\02384_neg_128.npy,0.769,0.7622,0.28,577.27,757.2,129.2
2385,555,Adversarial,finfet_7nm,data/hcr_train\triplets\02385_ref_64.npy,data/hcr_train\triplets\02385_ref_128.npy,data/hcr_train\triplets\02385_pos_64.npy,data/hcr_train\triplets\02385_pos_128.npy,data/hcr_train\triplets\02385_neg_64.npy,data/hcr_train\triplets\02385_neg_128.npy,0.3822,0.3619,1.73,52.73,275.7,435.7
2386,555,Adversarial,finfet_7nm,data/hcr_train\triplets\02386_ref_64.npy,data/hcr_train\triplets\02386_ref_128.npy,data/hcr_train\triplets\02386_pos_64.npy,data/hcr_train\triplets\02386_pos_128.npy,data/hcr_train\triplets\02386_neg_64.npy,data/hcr_train\triplets\02386_neg_128.npy,0.3822,0.3567,1.73,686.8,275.7,435.7
2387,555,Adversarial,finfet_7nm,data/hcr_train\triplets\02387_ref_64.npy,data/hcr_train\triplets\02387_ref_128.npy,data/hcr_train\triplets\02387_pos_64.npy,data/hcr_train\triplets\02387_pos_128.npy,data/hcr_train\triplets\02387_neg_64.npy,data/hcr_train\triplets\02387_neg_128.npy,0.3822,0.3252,1.73,52.37,275.7,435.7
2388,555,Adversarial,finfet_7nm,data/hcr_train\triplets\02388_ref_64.npy,data/hcr_train\triplets\02388_ref_128.npy,data/hcr_train\triplets\02388_pos_64.npy,data/hcr_train\triplets\02388_pos_128.npy,data/hcr_train\triplets\02388_neg_64.npy,data/hcr_train\triplets\02388_neg_128.npy,0.3822,0.3238,1.73,661.64,275.7,435.7
2389,555,Adversarial,finfet_7nm,data/hcr_train\triplets\02389_ref_64.npy,data/hcr_train\triplets\02389_ref_128.npy,data/hcr_train\triplets\02389_pos_64.npy,data/hcr_train\triplets\02389_pos_128.npy,data/hcr_train\triplets\02389_neg_64.npy,data/hcr_train\triplets\02389_neg_128.npy,0.3822,0.3202,1.73,105.71,275.7,435.7
2390,556,Easy,dram_1x,data/hcr_train\triplets\02390_ref_64.npy,data/hcr_train\triplets\02390_ref_128.npy,data/hcr_train\triplets\02390_pos_64.npy,data/hcr_train\triplets\02390_pos_128.npy,data/hcr_train\triplets\02390_neg_64.npy,data/hcr_train\triplets\02390_neg_128.npy,0.8153,0.8553,0.64,86.5,257.6,149.5
2391,556,Easy,dram_1x,data/hcr_train\triplets\02391_ref_64.npy,data/hcr_train\triplets\02391_ref_128.npy,data/hcr_train\triplets\02391_pos_64.npy,data/hcr_train\triplets\02391_pos_128.npy,data/hcr_train\triplets\02391_neg_64.npy,data/hcr_train\triplets\02391_neg_128.npy,0.8153,0.8455,0.64,57.5,257.6,149.5
2392,556,Easy,dram_1x,data/hcr_train\triplets\02392_ref_64.npy,data/hcr_train\triplets\02392_ref_128.npy,data/hcr_train\triplets\02392_pos_64.npy,data/hcr_train\triplets\02392_pos_128.npy,data/hcr_train\triplets\02392_neg_64.npy,data/hcr_train\triplets\02392_neg_128.npy,0.8153,0.8414,0.64,28.5,257.6,149.5
2393,556,Easy,dram_1x,data/hcr_train\triplets\02393_ref_64.npy,data/hcr_train\triplets\02393_ref_128.npy,data/hcr_train\triplets\02393_pos_64.npy,data/hcr_train\triplets\02393_pos_128.npy,data/hcr_train\triplets\02393_neg_64.npy,data/hcr_train\triplets\02393_neg_128.npy,0.8153,0.83,0.64,14.51,257.6,149.5
2394,556,Easy,dram_1x,data/hcr_train\triplets\02394_ref_64.npy,data/hcr_train\triplets\02394_ref_128.npy,data/hcr_train\triplets\02394_pos_64.npy,data/hcr_train\triplets\02394_pos_128.npy,data/hcr_train\triplets\02394_neg_64.npy,data/hcr_train\triplets\02394_neg_128.npy,0.8153,0.8264,0.64,28.5,257.6,149.5
2395,557,Medium,dram_dense,data/hcr_train\triplets\02395_ref_64.npy,data/hcr_train\triplets\02395_ref_128.npy,data/hcr_train\triplets\02395_pos_64.npy,data/hcr_train\triplets\02395_pos_128.npy,data/hcr_train\triplets\02395_neg_64.npy,data/hcr_train\triplets\02395_neg_128.npy,0.899,0.8799,0.57,28.74,479.4,88.4
2396,557,Medium,dram_dense,data/hcr_train\triplets\02396_ref_64.npy,data/hcr_train\triplets\02396_ref_128.npy,data/hcr_train\triplets\02396_pos_64.npy,data/hcr_train\triplets\02396_pos_128.npy,data/hcr_train\triplets\02396_neg_64.npy,data/hcr_train\triplets\02396_neg_128.npy,0.899,0.8763,0.57,29.4,479.4,88.4
2397,557,Medium,dram_dense,data/hcr_train\triplets\02397_ref_64.npy,data/hcr_train\triplets\02397_ref_128.npy,data/hcr_train\triplets\02397_pos_64.npy,data/hcr_train\triplets\02397_pos_128.npy,data/hcr_train\triplets\02397_neg_64.npy,data/hcr_train\triplets\02397_neg_128.npy,0.899,0.8762,0.57,32.4,479.4,88.4
2398,557,Medium,dram_dense,data/hcr_train\triplets\02398_ref_64.npy,data/hcr_train\triplets\02398_ref_128.npy,data/hcr_train\triplets\02398_pos_64.npy,data/hcr_train\triplets\02398_pos_128.npy,data/hcr_train\triplets\02398_neg_64.npy,data/hcr_train\triplets\02398_neg_128.npy,0.899,0.8736,0.57,74.23,479.4,88.4
2399,557,Medium,dram_dense,data/hcr_train\triplets\02399_ref_64.npy,data/hcr_train\triplets\02399_ref_128.npy,data/hcr_train\triplets\02399_pos_64.npy,data/hcr_train\triplets\02399_pos_128.npy,data/hcr_train\triplets\02399_neg_64.npy,data/hcr_train\triplets\02399_neg_128.npy,0.899,0.8733,0.57,190.73,479.4,88.4
2400,558,Hard,finfet_10nm,data/hcr_train\triplets\02400_ref_64.npy,data/hcr_train\triplets\02400_ref_128.npy,data/hcr_train\triplets\02400_pos_64.npy,data/hcr_train\triplets\02400_pos_128.npy,data/hcr_train\triplets\02400_neg_64.npy,data/hcr_train\triplets\02400_neg_128.npy,0.6456,0.3954,0.5,22.4,275.3,269.4
2401,558,Hard,finfet_10nm,data/hcr_train\triplets\02401_ref_64.npy,data/hcr_train\triplets\02401_ref_128.npy,data/hcr_train\triplets\02401_pos_64.npy,data/hcr_train\triplets\02401_pos_128.npy,data/hcr_train\triplets\02401_neg_64.npy,data/hcr_train\triplets\02401_neg_128.npy,0.6456,0.3839,0.5,13.31,275.3,269.4
2402,558,Hard,finfet_10nm,data/hcr_train\triplets\02402_ref_64.npy,data/hcr_train\triplets\02402_ref_128.npy,data/hcr_train\triplets\02402_pos_64.npy,data/hcr_train\triplets\02402_pos_128.npy,data/hcr_train\triplets\02402_neg_64.npy,data/hcr_train\triplets\02402_neg_128.npy,0.6456,0.3784,0.5,198.4,275.3,269.4
2403,558,Hard,finfet_10nm,data/hcr_train\triplets\02403_ref_64.npy,data/hcr_train\triplets\02403_ref_128.npy,data/hcr_train\triplets\02403_pos_64.npy,data/hcr_train\triplets\02403_pos_128.npy,data/hcr_train\triplets\02403_neg_64.npy,data/hcr_train\triplets\02403_neg_128.npy,0.6456,0.3573,0.5,17.7,275.3,269.4
2404,558,Hard,finfet_10nm,data/hcr_train\triplets\02404_ref_64.npy,data/hcr_train\triplets\02404_ref_128.npy,data/hcr_train\triplets\02404_pos_64.npy,data/hcr_train\triplets\02404_pos_128.npy,data/hcr_train\triplets\02404_neg_64.npy,data/hcr_train\triplets\02404_neg_128.npy,0.6456,0.3539,0.5,176.4,275.3,269.4
2405,559,Adversarial,finfet_7nm,data/hcr_train\triplets\02405_ref_64.npy,data/hcr_train\triplets\02405_ref_128.npy,data/hcr_train\triplets\02405_pos_64.npy,data/hcr_train\triplets\02405_pos_128.npy,data/hcr_train\triplets\02405_neg_64.npy,data/hcr_train\triplets\02405_neg_128.npy,0.3483,0.293,2.93,91.42,849.9,410.6
2406,559,Adversarial,finfet_7nm,data/hcr_train\triplets\02406_ref_64.npy,data/hcr_train\triplets\02406_ref_128.npy,data/hcr_train\triplets\02406_pos_64.npy,data/hcr_train\triplets\02406_pos_128.npy,data/hcr_train\triplets\02406_neg_64.npy,data/hcr_train\triplets\02406_neg_128.npy,0.3483,0.2856,2.93,468.35,849.9,410.6
2407,559,Adversarial,finfet_7nm,data/hcr_train\triplets\02407_ref_64.npy,data/hcr_train\triplets\02407_ref_128.npy,data/hcr_train\triplets\02407_pos_64.npy,data/hcr_train\triplets\02407_pos_128.npy,data/hcr_train\triplets\02407_neg_64.npy,data/hcr_train\triplets\02407_neg_128.npy,0.3483,0.2794,2.93,90.6,849.9,410.6
2408,559,Adversarial,finfet_7nm,data/hcr_train\triplets\02408_ref_64.npy,data/hcr_train\triplets\02408_ref_128.npy,data/hcr_train\triplets\02408_pos_64.npy,data/hcr_train\triplets\02408_pos_128.npy,data/hcr_train\triplets\02408_neg_64.npy,data/hcr_train\triplets\02408_neg_128.npy,0.3483,0.2786,2.93,441.17,849.9,410.6
2409,559,Adversarial,finfet_7nm,data/hcr_train\triplets\02409_ref_64.npy,data/hcr_train\triplets\02409_ref_128.npy,data/hcr_train\triplets\02409_pos_64.npy,data/hcr_train\triplets\02409_pos_128.npy,data/hcr_train\triplets\02409_neg_64.npy,data/hcr_train\triplets\02409_neg_128.npy,0.3483,0.2716,2.93,53.63,849.9,410.6
2410,562,Hard,finfet_10nm,data/hcr_train\triplets\02410_ref_64.npy,data/hcr_train\triplets\02410_ref_128.npy,data/hcr_train\triplets\02410_pos_64.npy,data/hcr_train\triplets\02410_pos_128.npy,data/hcr_train\triplets\02410_neg_64.npy,data/hcr_train\triplets\02410_neg_128.npy,0.6738,0.6698,0.86,18.31,924.7,223.5
2411,562,Hard,finfet_10nm,data/hcr_train\triplets\02411_ref_64.npy,data/hcr_train\triplets\02411_ref_128.npy,data/hcr_train\triplets\02411_pos_64.npy,data/hcr_train\triplets\02411_pos_128.npy,data/hcr_train\triplets\02411_neg_64.npy,data/hcr_train\triplets\02411_neg_128.npy,0.6738,0.6159,0.86,125.84,924.7,223.5
2412,562,Hard,finfet_10nm,data/hcr_train\triplets\02412_ref_64.npy,data/hcr_train\triplets\02412_ref_128.npy,data/hcr_train\triplets\02412_pos_64.npy,data/hcr_train\triplets\02412_pos_128.npy,data/hcr_train\triplets\02412_neg_64.npy,data/hcr_train\triplets\02412_neg_128.npy,0.6738,0.606,0.86,90.98,924.7,223.5
2413,562,Hard,finfet_10nm,data/hcr_train\triplets\02413_ref_64.npy,data/hcr_train\triplets\02413_ref_128.npy,data/hcr_train\triplets\02413_pos_64.npy,data/hcr_train\triplets\02413_pos_128.npy,data/hcr_train\triplets\02413_neg_64.npy,data/hcr_train\triplets\02413_neg_128.npy,0.6738,0.6039,0.86,161.77,924.7,223.5
2414,562,Hard,finfet_10nm,data/hcr_train\triplets\02414_ref_64.npy,data/hcr_train\triplets\02414_ref_128.npy,data/hcr_train\triplets\02414_pos_64.npy,data/hcr_train\triplets\02414_pos_128.npy,data/hcr_train\triplets\02414_neg_64.npy,data/hcr_train\triplets\02414_neg_128.npy,0.6738,0.5836,0.86,55.29,924.7,223.5
2415,563,Adversarial,finfet_7nm,data/hcr_train\triplets\02415_ref_64.npy,data/hcr_train\triplets\02415_ref_128.npy,data/hcr_train\triplets\02415_pos_64.npy,data/hcr_train\triplets\02415_pos_128.npy,data/hcr_train\triplets\02415_neg_64.npy,data/hcr_train\triplets\02415_neg_128.npy,0.5138,0.5151,3.51,132.03,482.5,736.3
2416,563,Adversarial,finfet_7nm,data/hcr_train\triplets\02416_ref_64.npy,data/hcr_train\triplets\02416_ref_128.npy,data/hcr_train\triplets\02416_pos_64.npy,data/hcr_train\triplets\02416_pos_128.npy,data/hcr_train\triplets\02416_neg_64.npy,data/hcr_train\triplets\02416_neg_128.npy,0.5138,0.5147,3.51,115.5,482.5,736.3
2417,563,Adversarial,finfet_7nm,data/hcr_train\triplets\02417_ref_64.npy,data/hcr_train\triplets\02417_ref_128.npy,data/hcr_train\triplets\02417_pos_64.npy,data/hcr_train\triplets\02417_pos_128.npy,data/hcr_train\triplets\02417_neg_64.npy,data/hcr_train\triplets\02417_neg_128.npy,0.5138,0.5142,3.51,77.86,482.5,736.3
2418,563,Adversarial,finfet_7nm,data/hcr_train\triplets\02418_ref_64.npy,data/hcr_train\triplets\02418_ref_128.npy,data/hcr_train\triplets\02418_pos_64.npy,data/hcr_train\triplets\02418_pos_128.npy,data/hcr_train\triplets\02418_neg_64.npy,data/hcr_train\triplets\02418_neg_128.npy,0.5138,0.513,3.51,59.5,482.5,736.3
2419,563,Adversarial,finfet_7nm,data/hcr_train\triplets\02419_ref_64.npy,data/hcr_train\triplets\02419_ref_128.npy,data/hcr_train\triplets\02419_pos_64.npy,data/hcr_train\triplets\02419_pos_128.npy,data/hcr_train\triplets\02419_neg_64.npy,data/hcr_train\triplets\02419_neg_128.npy,0.5138,0.5117,3.51,104.7,482.5,736.3
2420,564,Easy,dram_1x,data/hcr_train\triplets\02420_ref_64.npy,data/hcr_train\triplets\02420_ref_128.npy,data/hcr_train\triplets\02420_pos_64.npy,data/hcr_train\triplets\02420_pos_128.npy,data/hcr_train\triplets\02420_neg_64.npy,data/hcr_train\triplets\02420_neg_128.npy,0.8776,0.896,0.3,14.3,679.7,91.0
2421,564,Easy,dram_1x,data/hcr_train\triplets\02421_ref_64.npy,data/hcr_train\triplets\02421_ref_128.npy,data/hcr_train\triplets\02421_pos_64.npy,data/hcr_train\triplets\02421_pos_128.npy,data/hcr_train\triplets\02421_neg_64.npy,data/hcr_train\triplets\02421_neg_128.npy,0.8776,0.8924,0.3,28.3,679.7,91.0
2422,564,Easy,dram_1x,data/hcr_train\triplets\02422_ref_64.npy,data/hcr_train\triplets\02422_ref_128.npy,data/hcr_train\triplets\02422_pos_64.npy,data/hcr_train\triplets\02422_pos_128.npy,data/hcr_train\triplets\02422_neg_64.npy,data/hcr_train\triplets\02422_neg_128.npy,0.8776,0.8818,0.3,28.7,679.7,91.0
2423,564,Easy,dram_1x,data/hcr_train\triplets\02423_ref_64.npy,data/hcr_train\triplets\02423_ref_128.npy,data/hcr_train\triplets\02423_pos_64.npy,data/hcr_train\triplets\02423_pos_128.npy,data/hcr_train\triplets\02423_neg_64.npy,data/hcr_train\triplets\02423_neg_128.npy,0.8776,0.8803,0.3,42.7,679.7,91.0
2424,564,Easy,dram_1x,data/hcr_train\triplets\02424_ref_64.npy,data/hcr_train\triplets\02424_ref_128.npy,data/hcr_train\triplets\02424_pos_64.npy,data/hcr_train\triplets\02424_pos_128.npy,data/hcr_train\triplets\02424_neg_64.npy,data/hcr_train\triplets\02424_neg_128.npy,0.8776,0.8543,0.3,68.51,679.7,91.0
2425,565,Medium,dram_dense,data/hcr_train\triplets\02425_ref_64.npy,data/hcr_train\triplets\02425_ref_128.npy,data/hcr_train\triplets\02425_pos_64.npy,data/hcr_train\triplets\02425_pos_128.npy,data/hcr_train\triplets\02425_neg_64.npy,data/hcr_train\triplets\02425_neg_128.npy,0.8951,0.7321,0.82,17.2,925.8,845.2
2426,565,Medium,dram_dense,data/hcr_train\triplets\02426_ref_64.npy,data/hcr_train\triplets\02426_ref_128.npy,data/hcr_train\triplets\02426_pos_64.npy,data/hcr_train\triplets\02426_pos_128.npy,data/hcr_train\triplets\02426_neg_64.npy,data/hcr_train\triplets\02426_neg_128.npy,0.8951,0.6942,0.82,742.91,925.8,845.2
2427,565,Medium,dram_dense,data/hcr_train\triplets\02427_ref_64.npy,data/hcr_train\triplets\02427_ref_128.npy,data/hcr_train\triplets\02427_pos_64.npy,data/hcr_train\triplets\02427_pos_128.npy,data/hcr_train\triplets\02427_neg_64.npy,data/hcr_train\triplets\02427_neg_128.npy,0.8951,0.6909,0.82,813.39,925.8,845.2
2428,565,Medium,dram_dense,data/hcr_train\triplets\02428_ref_64.npy,data/hcr_train\triplets\02428_ref_128.npy,data/hcr_train\triplets\02428_pos_64.npy,data/hcr_train\triplets\02428_pos_128.npy,data/hcr_train\triplets\02428_neg_64.npy,data/hcr_train\triplets\02428_neg_128.npy,0.8951,0.6811,0.82,765.43,925.8,845.2
2429,565,Medium,dram_dense,data/hcr_train\triplets\02429_ref_64.npy,data/hcr_train\triplets\02429_ref_128.npy,data/hcr_train\triplets\02429_pos_64.npy,data/hcr_train\triplets\02429_pos_128.npy,data/hcr_train\triplets\02429_neg_64.npy,data/hcr_train\triplets\02429_neg_128.npy,0.8951,0.6787,0.82,788.95,925.8,845.2
2430,567,Adversarial,finfet_7nm,data/hcr_train\triplets\02430_ref_64.npy,data/hcr_train\triplets\02430_ref_128.npy,data/hcr_train\triplets\02430_pos_64.npy,data/hcr_train\triplets\02430_pos_128.npy,data/hcr_train\triplets\02430_neg_64.npy,data/hcr_train\triplets\02430_neg_128.npy,0.4144,0.2781,3.11,80.9,582.1,845.8
2431,567,Adversarial,finfet_7nm,data/hcr_train\triplets\02431_ref_64.npy,data/hcr_train\triplets\02431_ref_128.npy,data/hcr_train\triplets\02431_pos_64.npy,data/hcr_train\triplets\02431_pos_128.npy,data/hcr_train\triplets\02431_neg_64.npy,data/hcr_train\triplets\02431_neg_128.npy,0.4144,0.2776,3.11,192.9,582.1,845.8
2432,567,Adversarial,finfet_7nm,data/hcr_train\triplets\02432_ref_64.npy,data/hcr_train\triplets\02432_ref_128.npy,data/hcr_train\triplets\02432_pos_64.npy,data/hcr_train\triplets\02432_pos_128.npy,data/hcr_train\triplets\02432_neg_64.npy,data/hcr_train\triplets\02432_neg_128.npy,0.4144,0.2734,3.11,108.9,582.1,845.8
2433,567,Adversarial,finfet_7nm,data/hcr_train\triplets\02433_ref_64.npy,data/hcr_train\triplets\02433_ref_128.npy,data/hcr_train\triplets\02433_pos_64.npy,data/hcr_train\triplets\02433_pos_128.npy,data/hcr_train\triplets\02433_neg_64.npy,data/hcr_train\triplets\02433_neg_128.npy,0.4144,0.2641,3.11,136.9,582.1,845.8
2434,567,Adversarial,finfet_7nm,data/hcr_train\triplets\02434_ref_64.npy,data/hcr_train\triplets\02434_ref_128.npy,data/hcr_train\triplets\02434_pos_64.npy,data/hcr_train\triplets\02434_pos_128.npy,data/hcr_train\triplets\02434_neg_64.npy,data/hcr_train\triplets\02434_neg_128.npy,0.4144,0.2617,3.11,163.9,582.1,845.8
2435,568,Easy,dram_1x,data/hcr_train\triplets\02435_ref_64.npy,data/hcr_train\triplets\02435_ref_128.npy,data/hcr_train\triplets\02435_pos_64.npy,data/hcr_train\triplets\02435_pos_128.npy,data/hcr_train\triplets\02435_neg_64.npy,data/hcr_train\triplets\02435_neg_128.npy,0.9426,0.8946,0.51,63.9,260.5,426.1
2436,568,Easy,dram_1x,data/hcr_train\triplets\02436_ref_64.npy,data/hcr_train\triplets\02436_ref_128.npy,data/hcr_train\triplets\02436_pos_64.npy,data/hcr_train\triplets\02436_pos_128.npy,data/hcr_train\triplets\02436_neg_64.npy,data/hcr_train\triplets\02436_neg_128.npy,0.9426,0.871,0.51,64.1,260.5,426.1
2437,568,Easy,dram_1x,data/hcr_train\triplets\02437_ref_64.npy,data/hcr_train\triplets\02437_ref_128.npy,data/hcr_train\triplets\02437_pos_64.npy,data/hcr_train\triplets\02437_pos_128.npy,data/hcr_train\triplets\02437_neg_64.npy,data/hcr_train\triplets\02437_neg_128.npy,0.9426,0.86,0.51,51.1,260.5,426.1
2438,568,Easy,dram_1x,data/hcr_train\triplets\02438_ref_64.npy,data/hcr_train\triplets\02438_ref_128.npy,data/hcr_train\triplets\02438_pos_64.npy,data/hcr_train\triplets\02438_pos_128.npy,data/hcr_train\triplets\02438_neg_64.npy,data/hcr_train\triplets\02438_neg_128.npy,0.9426,0.8206,0.51,50.9,260.5,426.1
2439,568,Easy,dram_1x,data/hcr_train\triplets\02439_ref_64.npy,data/hcr_train\triplets\02439_ref_128.npy,data/hcr_train\triplets\02439_pos_64.npy,data/hcr_train\triplets\02439_pos_128.npy,data/hcr_train\triplets\02439_neg_64.npy,data/hcr_train\triplets\02439_neg_128.npy,0.9426,0.8191,0.51,13.11,260.5,426.1
2440,569,Medium,dram_dense,data/hcr_train\triplets\02440_ref_64.npy,data/hcr_train\triplets\02440_ref_128.npy,data/hcr_train\triplets\02440_pos_64.npy,data/hcr_train\triplets\02440_pos_128.npy,data/hcr_train\triplets\02440_neg_64.npy,data/hcr_train\triplets\02440_neg_128.npy,0.8688,0.859,0.94,612.75,680.8,637.5
2441,569,Medium,dram_dense,data/hcr_train\triplets\02441_ref_64.npy,data/hcr_train\triplets\02441_ref_128.npy,data/hcr_train\triplets\02441_pos_64.npy,data/hcr_train\triplets\02441_pos_128.npy,data/hcr_train\triplets\02441_neg_64.npy,data/hcr_train\triplets\02441_neg_128.npy,0.8688,0.8546,0.94,594.94,680.8,637.5
2442,569,Medium,dram_dense,data/hcr_train\triplets\02442_ref_64.npy,data/hcr_train\triplets\02442_ref_128.npy,data/hcr_train\triplets\02442_pos_64.npy,data/hcr_train\triplets\02442_pos_128.npy,data/hcr_train\triplets\02442_neg_64.npy,data/hcr_train\triplets\02442_neg_128.npy,0.8688,0.8522,0.94,35.2,680.8,637.5
2443,569,Medium,dram_dense,data/hcr_train\triplets\02443_ref_64.npy,data/hcr_train\triplets\02443_ref_128.npy,data/hcr_train\triplets\02443_pos_64.npy,data/hcr_train\triplets\02443_pos_128.npy,data/hcr_train\triplets\02443_neg_64.npy,data/hcr_train\triplets\02443_neg_128.npy,0.8688,0.8516,0.94,578.39,680.8,637.5
2444,569,Medium,dram_dense,data/hcr_train\triplets\02444_ref_64.npy,data/hcr_train\triplets\02444_ref_128.npy,data/hcr_train\triplets\02444_pos_64.npy,data/hcr_train\triplets\02444_pos_128.npy,data/hcr_train\triplets\02444_neg_64.npy,data/hcr_train\triplets\02444_neg_128.npy,0.8688,0.85,0.94,514.0,680.8,637.5
2445,570,Hard,finfet_10nm,data/hcr_train\triplets\02445_ref_64.npy,data/hcr_train\triplets\02445_ref_128.npy,data/hcr_train\triplets\02445_pos_64.npy,data/hcr_train\triplets\02445_pos_128.npy,data/hcr_train\triplets\02445_neg_64.npy,data/hcr_train\triplets\02445_neg_128.npy,0.7124,0.5474,2.55,180.51,259.5,810.5
2446,570,Hard,finfet_10nm,data/hcr_train\triplets\02446_ref_64.npy,data/hcr_train\triplets\02446_ref_128.npy,data/hcr_train\triplets\02446_pos_64.npy,data/hcr_train\triplets\02446_pos_128.npy,data/hcr_train\triplets\02446_neg_64.npy,data/hcr_train\triplets\02446_neg_128.npy,0.7124,0.5469,2.55,108.51,259.5,810.5
2447,570,Hard,finfet_10nm,data/hcr_train\triplets\02447_ref_64.npy,data/hcr_train\triplets\02447_ref_128.npy,data/hcr_train\triplets\02447_pos_64.npy,data/hcr_train\triplets\02447_pos_128.npy,data/hcr_train\triplets\02447_neg_64.npy,data/hcr_train\triplets\02447_neg_128.npy,0.7124,0.5421,2.55,824.51,259.5,810.5
2448,570,Hard,finfet_10nm,data/hcr_train\triplets\02448_ref_64.npy,data/hcr_train\triplets\02448_ref_128.npy,data/hcr_train\triplets\02448_pos_64.npy,data/hcr_train\triplets\02448_pos_128.npy,data/hcr_train\triplets\02448_neg_64.npy,data/hcr_train\triplets\02448_neg_128.npy,0.7124,0.5346,2.55,36.59,259.5,810.5
2449,570,Hard,finfet_10nm,data/hcr_train\triplets\02449_ref_64.npy,data/hcr_train\triplets\02449_ref_128.npy,data/hcr_train\triplets\02449_pos_64.npy,data/hcr_train\triplets\02449_pos_128.npy,data/hcr_train\triplets\02449_neg_64.npy,data/hcr_train\triplets\02449_neg_128.npy,0.7124,0.525,2.55,414.47,259.5,810.5
2450,572,Easy,dram_1x,data/hcr_train\triplets\02450_ref_64.npy,data/hcr_train\triplets\02450_ref_128.npy,data/hcr_train\triplets\02450_pos_64.npy,data/hcr_train\triplets\02450_pos_128.npy,data/hcr_train\triplets\02450_neg_64.npy,data/hcr_train\triplets\02450_neg_128.npy,0.945,0.9059,0.5,48.3,237.4,415.3
2451,572,Easy,dram_1x,data/hcr_train\triplets\02451_ref_64.npy,data/hcr_train\triplets\02451_ref_128.npy,data/hcr_train\triplets\02451_pos_64.npy,data/hcr_train\triplets\02451_pos_128.npy,data/hcr_train\triplets\02451_neg_64.npy,data/hcr_train\triplets\02451_neg_128.npy,0.945,0.9007,0.5,72.7,237.4,415.3
2452,572,Easy,dram_1x,data/hcr_train\triplets\02452_ref_64.npy,data/hcr_train\triplets\02452_ref_128.npy,data/hcr_train\triplets\02452_pos_64.npy,data/hcr_train\triplets\02452_pos_128.npy,data/hcr_train\triplets\02452_neg_64.npy,data/hcr_train\triplets\02452_neg_128.npy,0.945,0.896,0.5,24.3,237.4,415.3
2453,572,Easy,dram_1x,data/hcr_train\triplets\02453_ref_64.npy,data/hcr_train\triplets\02453_ref_128.npy,data/hcr_train\triplets\02453_pos_64.npy,data/hcr_train\triplets\02453_pos_128.npy,data/hcr_train\triplets\02453_neg_64.npy,data/hcr_train\triplets\02453_neg_128.npy,0.945,0.8863,0.5,23.7,237.4,415.3
2454,572,Easy,dram_1x,data/hcr_train\triplets\02454_ref_64.npy,data/hcr_train\triplets\02454_ref_128.npy,data/hcr_train\triplets\02454_pos_64.npy,data/hcr_train\triplets\02454_pos_128.npy,data/hcr_train\triplets\02454_neg_64.npy,data/hcr_train\triplets\02454_neg_128.npy,0.945,0.8823,0.5,72.3,237.4,415.3
2455,573,Medium,dram_dense,data/hcr_train\triplets\02455_ref_64.npy,data/hcr_train\triplets\02455_ref_128.npy,data/hcr_train\triplets\02455_pos_64.npy,data/hcr_train\triplets\02455_pos_128.npy,data/hcr_train\triplets\02455_neg_64.npy,data/hcr_train\triplets\02455_neg_128.npy,0.8721,0.8802,0.86,85.67,370.7,789.5
2456,573,Medium,dram_dense,data/hcr_train\triplets\02456_ref_64.npy,data/hcr_train\triplets\02456_ref_128.npy,data/hcr_train\triplets\02456_pos_64.npy,data/hcr_train\triplets\02456_pos_128.npy,data/hcr_train\triplets\02456_neg_64.npy,data/hcr_train\triplets\02456_neg_128.npy,0.8721,0.8792,0.86,128.41,370.7,789.5
2457,573,Medium,dram_dense,data/hcr_train\triplets\02457_ref_64.npy,data/hcr_train\triplets\02457_ref_128.npy,data/hcr_train\triplets\02457_pos_64.npy,data/hcr_train\triplets\02457_pos_128.npy,data/hcr_train\triplets\02457_neg_64.npy,data/hcr_train\triplets\02457_neg_128.npy,0.8721,0.8672,0.86,31.51,370.7,789.5
2458,573,Medium,dram_dense,data/hcr_train\triplets\02458_ref_64.npy,data/hcr_train\triplets\02458_ref_128.npy,data/hcr_train\triplets\02458_pos_64.npy,data/hcr_train\triplets\02458_pos_128.npy,data/hcr_train\triplets\02458_neg_64.npy,data/hcr_train\triplets\02458_neg_128.npy,0.8721,0.8664,0.86,54.01,370.7,789.5
2459,573,Medium,dram_dense,data/hcr_train\triplets\02459_ref_64.npy,data/hcr_train\triplets\02459_ref_128.npy,data/hcr_train\triplets\02459_pos_64.npy,data/hcr_train\triplets\02459_pos_128.npy,data/hcr_train\triplets\02459_neg_64.npy,data/hcr_train\triplets\02459_neg_128.npy,0.8721,0.8633,0.86,95.3,370.7,789.5
2460,574,Hard,finfet_10nm,data/hcr_train\triplets\02460_ref_64.npy,data/hcr_train\triplets\02460_ref_128.npy,data/hcr_train\triplets\02460_pos_64.npy,data/hcr_train\triplets\02460_pos_128.npy,data/hcr_train\triplets\02460_neg_64.npy,data/hcr_train\triplets\02460_neg_128.npy,0.6994,0.6504,2.9,30.14,588.9,950.0
2461,574,Hard,finfet_10nm,data/hcr_train\triplets\02461_ref_64.npy,data/hcr_train\triplets\02461_ref_128.npy,data/hcr_train\triplets\02461_pos_64.npy,data/hcr_train\triplets\02461_pos_128.npy,data/hcr_train\triplets\02461_neg_64.npy,data/hcr_train\triplets\02461_neg_128.npy,0.6994,0.6293,2.9,371.79,588.9,950.0
2462,574,Hard,finfet_10nm,data/hcr_train\triplets\02462_ref_64.npy,data/hcr_train\triplets\02462_ref_128.npy,data/hcr_train\triplets\02462_pos_64.npy,data/hcr_train\triplets\02462_pos_128.npy,data/hcr_train\triplets\02462_neg_64.npy,data/hcr_train\triplets\02462_neg_128.npy,0.6994,0.6247,2.9,336.23,588.9,950.0
2463,574,Hard,finfet_10nm,data/hcr_train\triplets\02463_ref_64.npy,data/hcr_train\triplets\02463_ref_128.npy,data/hcr_train\triplets\02463_pos_64.npy,data/hcr_train\triplets\02463_pos_128.npy,data/hcr_train\triplets\02463_neg_64.npy,data/hcr_train\triplets\02463_neg_128.npy,0.6994,0.615,2.9,353.59,588.9,950.0
2464,574,Hard,finfet_10nm,data/hcr_train\triplets\02464_ref_64.npy,data/hcr_train\triplets\02464_ref_128.npy,data/hcr_train\triplets\02464_pos_64.npy,data/hcr_train\triplets\02464_pos_128.npy,data/hcr_train\triplets\02464_neg_64.npy,data/hcr_train\triplets\02464_neg_128.npy,0.6994,0.599,2.9,412.34,588.9,950.0
2465,576,Easy,dram_1x,data/hcr_train\triplets\02465_ref_64.npy,data/hcr_train\triplets\02465_ref_128.npy,data/hcr_train\triplets\02465_pos_64.npy,data/hcr_train\triplets\02465_pos_128.npy,data/hcr_train\triplets\02465_neg_64.npy,data/hcr_train\triplets\02465_neg_128.npy,0.8849,0.5925,0.81,14.42,585.7,870.6
2466,576,Easy,dram_1x,data/hcr_train\triplets\02466_ref_64.npy,data/hcr_train\triplets\02466_ref_128.npy,data/hcr_train\triplets\02466_pos_64.npy,data/hcr_train\triplets\02466_pos_128.npy,data/hcr_train\triplets\02466_neg_64.npy,data/hcr_train\triplets\02466_neg_128.npy,0.8849,0.546,0.81,57.3,585.7,870.6
2467,576,Easy,dram_1x,data/hcr_train\triplets\02467_ref_64.npy,data/hcr_train\triplets\02467_ref_128.npy,data/hcr_train\triplets\02467_pos_64.npy,data/hcr_train\triplets\02467_pos_128.npy,data/hcr_train\triplets\02467_neg_64.npy,data/hcr_train\triplets\02467_neg_128.npy,0.8849,0.5279,0.81,86.3,585.7,870.6
2468,576,Easy,dram_1x,data/hcr_train\triplets\02468_ref_64.npy,data/hcr_train\triplets\02468_ref_128.npy,data/hcr_train\triplets\02468_pos_64.npy,data/hcr_train\triplets\02468_pos_128.npy,data/hcr_train\triplets\02468_neg_64.npy,data/hcr_train\triplets\02468_neg_128.npy,0.8849,0.5236,0.81,201.3,585.7,870.6
2469,576,Easy,dram_1x,data/hcr_train\triplets\02469_ref_64.npy,data/hcr_train\triplets\02469_ref_128.npy,data/hcr_train\triplets\02469_pos_64.npy,data/hcr_train\triplets\02469_pos_128.npy,data/hcr_train\triplets\02469_neg_64.npy,data/hcr_train\triplets\02469_neg_128.npy,0.8849,0.5219,0.81,13.62,585.7,870.6
2470,577,Medium,dram_dense,data/hcr_train\triplets\02470_ref_64.npy,data/hcr_train\triplets\02470_ref_128.npy,data/hcr_train\triplets\02470_pos_64.npy,data/hcr_train\triplets\02470_pos_128.npy,data/hcr_train\triplets\02470_neg_64.npy,data/hcr_train\triplets\02470_neg_128.npy,0.9131,0.9003,1.51,145.5,487.5,797.8
2471,577,Medium,dram_dense,data/hcr_train\triplets\02471_ref_64.npy,data/hcr_train\triplets\02471_ref_128.npy,data/hcr_train\triplets\02471_pos_64.npy,data/hcr_train\triplets\02471_pos_128.npy,data/hcr_train\triplets\02471_neg_64.npy,data/hcr_train\triplets\02471_neg_128.npy,0.9131,0.8891,1.51,49.5,487.5,797.8
2472,577,Medium,dram_dense,data/hcr_train\triplets\02472_ref_64.npy,data/hcr_train\triplets\02472_ref_128.npy,data/hcr_train\triplets\02472_pos_64.npy,data/hcr_train\triplets\02472_pos_128.npy,data/hcr_train\triplets\02472_neg_64.npy,data/hcr_train\triplets\02472_neg_128.npy,0.9131,0.8874,1.51,97.5,487.5,797.8
2473,577,Medium,dram_dense,data/hcr_train\triplets\02473_ref_64.npy,data/hcr_train\triplets\02473_ref_128.npy,data/hcr_train\triplets\02473_pos_64.npy,data/hcr_train\triplets\02473_pos_128.npy,data/hcr_train\triplets\02473_neg_64.npy,data/hcr_train\triplets\02473_neg_128.npy,0.9131,0.8612,1.51,31.84,487.5,797.8
2474,577,Medium,dram_dense,data/hcr_train\triplets\02474_ref_64.npy,data/hcr_train\triplets\02474_ref_128.npy,data/hcr_train\triplets\02474_pos_64.npy,data/hcr_train\triplets\02474_pos_128.npy,data/hcr_train\triplets\02474_neg_64.npy,data/hcr_train\triplets\02474_neg_128.npy,0.9131,0.8598,1.51,148.93,487.5,797.8
2475,578,Hard,finfet_10nm,data/hcr_train\triplets\02475_ref_64.npy,data/hcr_train\triplets\02475_ref_128.npy,data/hcr_train\triplets\02475_pos_64.npy,data/hcr_train\triplets\02475_pos_128.npy,data/hcr_train\triplets\02475_neg_64.npy,data/hcr_train\triplets\02475_neg_128.npy,0.7382,0.7509,1.8,72.02,539.8,667.0
2476,578,Hard,finfet_10nm,data/hcr_train\triplets\02476_ref_64.npy,data/hcr_train\triplets\02476_ref_128.npy,data/hcr_train\triplets\02476_pos_64.npy,data/hcr_train\triplets\02476_pos_128.npy,data/hcr_train\triplets\02476_neg_64.npy,data/hcr_train\triplets\02476_neg_128.npy,0.7382,0.7379,1.8,36.04,539.8,667.0
2477,578,Hard,finfet_10nm,data/hcr_train\triplets\02477_ref_64.npy,data/hcr_train\triplets\02477_ref_128.npy,data/hcr_train\triplets\02477_pos_64.npy,data/hcr_train\triplets\02477_pos_128.npy,data/hcr_train\triplets\02477_neg_64.npy,data/hcr_train\triplets\02477_neg_128.npy,0.7382,0.7117,1.8,108.04,539.8,667.0
2478,578,Hard,finfet_10nm,data/hcr_train\triplets\02478_ref_64.npy,data/hcr_train\triplets\02478_ref_128.npy,data/hcr_train\triplets\02478_pos_64.npy,data/hcr_train\triplets\02478_pos_128.npy,data/hcr_train\triplets\02478_neg_64.npy,data/hcr_train\triplets\02478_neg_128.npy,0.7382,0.6896,1.8,36.04,539.8,667.0
2479,578,Hard,finfet_10nm,data/hcr_train\triplets\02479_ref_64.npy,data/hcr_train\triplets\02479_ref_128.npy,data/hcr_train\triplets\02479_pos_64.npy,data/hcr_train\triplets\02479_pos_128.npy,data/hcr_train\triplets\02479_neg_64.npy,data/hcr_train\triplets\02479_neg_128.npy,0.7382,0.6883,1.8,345.08,539.8,667.0
2480,580,Easy,dram_1x,data/hcr_train\triplets\02480_ref_64.npy,data/hcr_train\triplets\02480_ref_128.npy,data/hcr_train\triplets\02480_pos_64.npy,data/hcr_train\triplets\02480_pos_128.npy,data/hcr_train\triplets\02480_neg_64.npy,data/hcr_train\triplets\02480_neg_128.npy,0.9233,0.8968,0.81,72.7,446.7,871.6
2481,580,Easy,dram_1x,data/hcr_train\triplets\02481_ref_64.npy,data/hcr_train\triplets\02481_ref_128.npy,data/hcr_train\triplets\02481_pos_64.npy,data/hcr_train\triplets\02481_pos_128.npy,data/hcr_train\triplets\02481_neg_64.npy,data/hcr_train\triplets\02481_neg_128.npy,0.9233,0.7805,0.81,72.3,446.7,871.6
2482,580,Easy,dram_1x,data/hcr_train\triplets\02482_ref_64.npy,data/hcr_train\triplets\02482_ref_128.npy,data/hcr_train\triplets\02482_pos_64.npy,data/hcr_train\triplets\02482_pos_128.npy,data/hcr_train\triplets\02482_neg_64.npy,data/hcr_train\triplets\02482_neg_128.npy,0.9233,0.7273,0.81,90.7,446.7,871.6
2483,580,Easy,dram_1x,data/hcr_train\triplets\02483_ref_64.npy,data/hcr_train\triplets\02483_ref_128.npy,data/hcr_train\triplets\02483_pos_64.npy,data/hcr_train\triplets\02483_pos_128.npy,data/hcr_train\triplets\02483_neg_64.npy,data/hcr_train\triplets\02483_neg_128.npy,0.9233,0.7097,0.81,36.7,446.7,871.6
2484,580,Easy,dram_1x,data/hcr_train\triplets\02484_ref_64.npy,data/hcr_train\triplets\02484_ref_128.npy,data/hcr_train\triplets\02484_pos_64.npy,data/hcr_train\triplets\02484_pos_128.npy,data/hcr_train\triplets\02484_neg_64.npy,data/hcr_train\triplets\02484_neg_128.npy,0.9233,0.7082,0.81,18.7,446.7,871.6
2485,581,Medium,dram_dense,data/hcr_train\triplets\02485_ref_64.npy,data/hcr_train\triplets\02485_ref_128.npy,data/hcr_train\triplets\02485_pos_64.npy,data/hcr_train\triplets\02485_pos_128.npy,data/hcr_train\triplets\02485_neg_64.npy,data/hcr_train\triplets\02485_neg_128.npy,0.8756,0.8356,0.86,95.5,293.7,738.5
2486,581,Medium,dram_dense,data/hcr_train\triplets\02486_ref_64.npy,data/hcr_train\triplets\02486_ref_128.npy,data/hcr_train\triplets\02486_pos_64.npy,data/hcr_train\triplets\02486_pos_128.npy,data/hcr_train\triplets\02486_neg_64.npy,data/hcr_train\triplets\02486_neg_128.npy,0.8756,0.7887,0.86,47.51,293.7,738.5
2487,581,Medium,dram_dense,data/hcr_train\triplets\02487_ref_64.npy,data/hcr_train\triplets\02487_ref_128.npy,data/hcr_train\triplets\02487_pos_64.npy,data/hcr_train\triplets\02487_pos_128.npy,data/hcr_train\triplets\02487_neg_64.npy,data/hcr_train\triplets\02487_neg_128.npy,0.8756,0.7668,0.86,47.51,293.7,738.5
2488,581,Medium,dram_dense,data/hcr_train\triplets\02488_ref_64.npy,data/hcr_train\triplets\02488_ref_128.npy,data/hcr_train\triplets\02488_pos_64.npy,data/hcr_train\triplets\02488_pos_128.npy,data/hcr_train\triplets\02488_neg_64.npy,data/hcr_train\triplets\02488_neg_128.npy,0.8756,0.7317,0.86,31.51,293.7,738.5
2489,581,Medium,dram_dense,data/hcr_train\triplets\02489_ref_64.npy,data/hcr_train\triplets\02489_ref_128.npy,data/hcr_train\triplets\02489_pos_64.npy,data/hcr_train\triplets\02489_pos_128.npy,data/hcr_train\triplets\02489_neg_64.npy,data/hcr_train\triplets\02489_neg_128.npy,0.8756,0.7176,0.86,32.51,293.7,738.5
2490,582,Hard,finfet_10nm,data/hcr_train\triplets\02490_ref_64.npy,data/hcr_train\triplets\02490_ref_128.npy,data/hcr_train\triplets\02490_pos_64.npy,data/hcr_train\triplets\02490_pos_128.npy,data/hcr_train\triplets\02490_neg_64.npy,data/hcr_train\triplets\02490_neg_128.npy,0.6417,0.6234,0.51,48.5,694.5,252.9
2491,582,Hard,finfet_10nm,data/hcr_train\triplets\02491_ref_64.npy,data/hcr_train\triplets\02491_ref_128.npy,data/hcr_train\triplets\02491_pos_64.npy,data/hcr_train\triplets\02491_pos_128.npy,data/hcr_train\triplets\02491_neg_64.npy,data/hcr_train\triplets\02491_neg_128.npy,0.6417,0.6202,0.51,95.5,694.5,252.9
2492,582,Hard,finfet_10nm,data/hcr_train\triplets\02492_ref_64.npy,data/hcr_train\triplets\02492_ref_128.npy,data/hcr_train\triplets\02492_pos_64.npy,data/hcr_train\triplets\02492_pos_128.npy,data/hcr_train\triplets\02492_neg_64.npy,data/hcr_train\triplets\02492_neg_128.npy,0.6417,0.6192,0.51,47.5,694.5,252.9
2493,582,Hard,finfet_10nm,data/hcr_train\triplets\02493_ref_64.npy,data/hcr_train\triplets\02493_ref_128.npy,data/hcr_train\triplets\02493_pos_64.npy,data/hcr_train\triplets\02493_pos_128.npy,data/hcr_train\triplets\02493_neg_64.npy,data/hcr_train\triplets\02493_neg_128.npy,0.6417,0.5572,0.51,29.5,694.5,252.9
2494,582,Hard,finfet_10nm,data/hcr_train\triplets\02494_ref_64.npy,data/hcr_train\triplets\02494_ref_128.npy,data/hcr_train\triplets\02494_pos_64.npy,data/hcr_train\triplets\02494_pos_128.npy,data/hcr_train\triplets\02494_neg_64.npy,data/hcr_train\triplets\02494_neg_128.npy,0.6417,0.5479,0.51,18.5,694.5,252.9
2495,583,Adversarial,finfet_7nm,data/hcr_train\triplets\02495_ref_64.npy,data/hcr_train\triplets\02495_ref_128.npy,data/hcr_train\triplets\02495_pos_64.npy,data/hcr_train\triplets\02495_pos_128.npy,data/hcr_train\triplets\02495_neg_64.npy,data/hcr_train\triplets\02495_neg_128.npy,0.4532,0.4067,3.21,52.3,877.2,693.8
2496,583,Adversarial,finfet_7nm,data/hcr_train\triplets\02496_ref_64.npy,data/hcr_train\triplets\02496_ref_128.npy,data/hcr_train\triplets\02496_pos_64.npy,data/hcr_train\triplets\02496_pos_128.npy,data/hcr_train\triplets\02496_neg_64.npy,data/hcr_train\triplets\02496_neg_128.npy,0.4532,0.3955,3.21,51.85,877.2,693.8
2497,583,Adversarial,finfet_7nm,data/hcr_train\triplets\02497_ref_64.npy,data/hcr_train\triplets\02497_ref_128.npy,data/hcr_train\triplets\02497_pos_64.npy,data/hcr_train\triplets\02497_pos_128.npy,data/hcr_train\triplets\02497_neg_64.npy,data/hcr_train\triplets\02497_neg_128.npy,0.4532,0.3844,3.21,104.25,877.2,693.8
2498,583,Adversarial,finfet_7nm,data/hcr_train\triplets\02498_ref_64.npy,data/hcr_train\triplets\02498_ref_128.npy,data/hcr_train\triplets\02498_pos_64.npy,data/hcr_train\triplets\02498_pos_128.npy,data/hcr_train\triplets\02498_neg_64.npy,data/hcr_train\triplets\02498_neg_128.npy,0.4532,0.3717,3.21,633.93,877.2,693.8
2499,583,Adversarial,finfet_7nm,data/hcr_train\triplets\02499_ref_64.npy,data/hcr_train\triplets\02499_ref_128.npy,data/hcr_train\triplets\02499_pos_64.npy,data/hcr_train\triplets\02499_pos_128.npy,data/hcr_train\triplets\02499_neg_64.npy,data/hcr_train\triplets\02499_neg_128.npy,0.4532,0.3615,3.21,631.73,877.2,693.8
2500,585,Medium,dram_dense,data/hcr_train\triplets\02500_ref_64.npy,data/hcr_train\triplets\02500_ref_128.npy,data/hcr_train\triplets\02500_pos_64.npy,data/hcr_train\triplets\02500_pos_128.npy,data/hcr_train\triplets\02500_neg_64.npy,data/hcr_train\triplets\02500_neg_128.npy,0.9116,0.5954,1.5,23.5,839.5,878.0
2501,585,Medium,dram_dense,data/hcr_train\triplets\02501_ref_64.npy,data/hcr_train\triplets\02501_ref_128.npy,data/hcr_train\triplets\02501_pos_64.npy,data/hcr_train\triplets\02501_pos_128.npy,data/hcr_train\triplets\02501_neg_64.npy,data/hcr_train\triplets\02501_neg_128.npy,0.9116,0.5858,1.5,14.08,839.5,878.0
2502,585,Medium,dram_dense,data/hcr_train\triplets\02502_ref_64.npy,data/hcr_train\triplets\02502_ref_128.npy,data/hcr_train\triplets\02502_pos_64.npy,data/hcr_train\triplets\02502_pos_128.npy,data/hcr_train\triplets\02502_neg_64.npy,data/hcr_train\triplets\02502_neg_128.npy,0.9116,0.5623,1.5,120.5,839.5,878.0
2503,585,Medium,dram_dense,data/hcr_train\triplets\02503_ref_64.npy,data/hcr_train\triplets\02503_ref_128.npy,data/hcr_train\triplets\02503_pos_64.npy,data/hcr_train\triplets\02503_pos_128.npy,data/hcr_train\triplets\02503_neg_64.npy,data/hcr_train\triplets\02503_neg_128.npy,0.9116,0.5607,1.5,98.5,839.5,878.0
2504,585,Medium,dram_dense,data/hcr_train\triplets\02504_ref_64.npy,data/hcr_train\triplets\02504_ref_128.npy,data/hcr_train\triplets\02504_pos_64.npy,data/hcr_train\triplets\02504_pos_128.npy,data/hcr_train\triplets\02504_neg_64.npy,data/hcr_train\triplets\02504_neg_128.npy,0.9116,0.5567,1.5,196.5,839.5,878.0
2505,586,Hard,finfet_10nm,data/hcr_train\triplets\02505_ref_64.npy,data/hcr_train\triplets\02505_ref_128.npy,data/hcr_train\triplets\02505_pos_64.npy,data/hcr_train\triplets\02505_pos_128.npy,data/hcr_train\triplets\02505_neg_64.npy,data/hcr_train\triplets\02505_neg_128.npy,0.6034,0.3932,1.92,179.7,293.9,543.7
2506,586,Hard,finfet_10nm,data/hcr_train\triplets\02506_ref_64.npy,data/hcr_train\triplets\02506_ref_128.npy,data/hcr_train\triplets\02506_pos_64.npy,data/hcr_train\triplets\02506_pos_128.npy,data/hcr_train\triplets\02506_neg_64.npy,data/hcr_train\triplets\02506_neg_128.npy,0.6034,0.3834,1.92,107.72,293.9,543.7
2507,586,Hard,finfet_10nm,data/hcr_train\triplets\02507_ref_64.npy,data/hcr_train\triplets\02507_ref_128.npy,data/hcr_train\triplets\02507_pos_64.npy,data/hcr_train\triplets\02507_pos_128.npy,data/hcr_train\triplets\02507_neg_64.npy,data/hcr_train\triplets\02507_neg_128.npy,0.6034,0.3818,1.92,295.11,293.9,543.7
2508,586,Hard,finfet_10nm,data/hcr_train\triplets\02508_ref_64.npy,data/hcr_train\triplets\02508_ref_128.npy,data/hcr_train\triplets\02508_pos_64.npy,data/hcr_train\triplets\02508_pos_128.npy,data/hcr_train\triplets\02508_neg_64.npy,data/hcr_train\triplets\02508_neg_128.npy,0.6034,0.3691,1.92,53.73,293.9,543.7
2509,586,Hard,finfet_10nm,data/hcr_train\triplets\02509_ref_64.npy,data/hcr_train\triplets\02509_ref_128.npy,data/hcr_train\triplets\02509_pos_64.npy,data/hcr_train\triplets\02509_pos_128.npy,data/hcr_train\triplets\02509_neg_64.npy,data/hcr_train\triplets\02509_neg_128.npy,0.6034,0.3679,1.92,125.71,293.9,543.7
2510,588,Easy,dram_1x,data/hcr_train\triplets\02510_ref_64.npy,data/hcr_train\triplets\02510_ref_128.npy,data/hcr_train\triplets\02510_pos_64.npy,data/hcr_train\triplets\02510_pos_128.npy,data/hcr_train\triplets\02510_neg_64.npy,data/hcr_train\triplets\02510_neg_128.npy,0.8887,0.8744,0.67,14.31,295.6,376.7
2511,588,Easy,dram_1x,data/hcr_train\triplets\02511_ref_64.npy,data/hcr_train\triplets\02511_ref_128.npy,data/hcr_train\triplets\02511_pos_64.npy,data/hcr_train\triplets\02511_pos_128.npy,data/hcr_train\triplets\02511_neg_64.npy,data/hcr_train\triplets\02511_neg_128.npy,0.8887,0.8737,0.67,28.71,295.6,376.7
2512,588,Easy,dram_1x,data/hcr_train\triplets\02512_ref_64.npy,data/hcr_train\triplets\02512_ref_128.npy,data/hcr_train\triplets\02512_pos_64.npy,data/hcr_train\triplets\02512_pos_128.npy,data/hcr_train\triplets\02512_neg_64.npy,data/hcr_train\triplets\02512_neg_128.npy,0.8887,0.8546,0.67,101.3,295.6,376.7
2513,588,Easy,dram_1x,data/hcr_train\triplets\02513_ref_64.npy,data/hcr_train\triplets\02513_ref_128.npy,data/hcr_train\triplets\02513_pos_64.npy,data/hcr_train\triplets\02513_pos_128.npy,data/hcr_train\triplets\02513_neg_64.npy,data/hcr_train\triplets\02513_neg_128.npy,0.8887,0.8437,0.67,14.71,295.6,376.7
2514,588,Easy,dram_1x,data/hcr_train\triplets\02514_ref_64.npy,data/hcr_train\triplets\02514_ref_128.npy,data/hcr_train\triplets\02514_pos_64.npy,data/hcr_train\triplets\02514_pos_128.npy,data/hcr_train\triplets\02514_neg_64.npy,data/hcr_train\triplets\02514_neg_128.npy,0.8887,0.8322,0.67,115.3,295.6,376.7
2515,589,Medium,dram_dense,data/hcr_train\triplets\02515_ref_64.npy,data/hcr_train\triplets\02515_ref_128.npy,data/hcr_train\triplets\02515_pos_64.npy,data/hcr_train\triplets\02515_pos_128.npy,data/hcr_train\triplets\02515_neg_64.npy,data/hcr_train\triplets\02515_neg_128.npy,0.8138,0.8024,0.54,95.5,561.8,148.5
2516,589,Medium,dram_dense,data/hcr_train\triplets\02516_ref_64.npy,data/hcr_train\triplets\02516_ref_128.npy,data/hcr_train\triplets\02516_pos_64.npy,data/hcr_train\triplets\02516_pos_128.npy,data/hcr_train\triplets\02516_neg_64.npy,data/hcr_train\triplets\02516_neg_128.npy,0.8138,0.7888,0.54,47.51,561.8,148.5
2517,589,Medium,dram_dense,data/hcr_train\triplets\02517_ref_64.npy,data/hcr_train\triplets\02517_ref_128.npy,data/hcr_train\triplets\02517_pos_64.npy,data/hcr_train\triplets\02517_pos_128.npy,data/hcr_train\triplets\02517_neg_64.npy,data/hcr_train\triplets\02517_neg_128.npy,0.8138,0.776,0.54,47.5,561.8,148.5
2518,589,Medium,dram_dense,data/hcr_train\triplets\02518_ref_64.npy,data/hcr_train\triplets\02518_ref_128.npy,data/hcr_train\triplets\02518_pos_64.npy,data/hcr_train\triplets\02518_pos_128.npy,data/hcr_train\triplets\02518_neg_64.npy,data/hcr_train\triplets\02518_neg_128.npy,0.8138,0.752,0.54,33.5,561.8,148.5
2519,589,Medium,dram_dense,data/hcr_train\triplets\02519_ref_64.npy,data/hcr_train\triplets\02519_ref_128.npy,data/hcr_train\triplets\02519_pos_64.npy,data/hcr_train\triplets\02519_pos_128.npy,data/hcr_train\triplets\02519_neg_64.npy,data/hcr_train\triplets\02519_neg_128.npy,0.8138,0.7495,0.54,81.5,561.8,148.5
2520,590,Hard,finfet_10nm,data/hcr_train\triplets\02520_ref_64.npy,data/hcr_train\triplets\02520_ref_128.npy,data/hcr_train\triplets\02520_pos_64.npy,data/hcr_train\triplets\02520_pos_128.npy,data/hcr_train\triplets\02520_neg_64.npy,data/hcr_train\triplets\02520_neg_128.npy,0.7254,0.698,2.72,31.7,112.7,841.7
2521,590,Hard,finfet_10nm,data/hcr_train\triplets\02521_ref_64.npy,data/hcr_train\triplets\02521_ref_128.npy,data/hcr_train\triplets\02521_pos_64.npy,data/hcr_train\triplets\02521_pos_128.npy,data/hcr_train\triplets\02521_neg_64.npy,data/hcr_train\triplets\02521_neg_128.npy,0.7254,0.6976,2.72,26.3,112.7,841.7
2522,590,Hard,finfet_10nm,data/hcr_train\triplets\02522_ref_64.npy,data/hcr_train\triplets\02522_ref_128.npy,data/hcr_train\triplets\02522_pos_64.npy,data/hcr_train\triplets\02522_pos_128.npy,data/hcr_train\triplets\02522_neg_64.npy,data/hcr_train\triplets\02522_neg_128.npy,0.7254,0.6801,2.72,93.3,112.7,841.7
2523,590,Hard,finfet_10nm,data/hcr_train\triplets\02523_ref_64.npy,data/hcr_train\triplets\02523_ref_128.npy,data/hcr_train\triplets\02523_pos_64.npy,data/hcr_train\triplets\02523_pos_128.npy,data/hcr_train\triplets\02523_neg_64.npy,data/hcr_train\triplets\02523_neg_128.npy,0.7254,0.6664,2.72,55.3,112.7,841.7
2524,590,Hard,finfet_10nm,data/hcr_train\triplets\02524_ref_64.npy,data/hcr_train\triplets\02524_ref_128.npy,data/hcr_train\triplets\02524_pos_64.npy,data/hcr_train\triplets\02524_pos_128.npy,data/hcr_train\triplets\02524_neg_64.npy,data/hcr_train\triplets\02524_neg_128.npy,0.7254,0.6655,2.72,60.7,112.7,841.7
2525,592,Easy,dram_1x,data/hcr_train\triplets\02525_ref_64.npy,data/hcr_train\triplets\02525_ref_128.npy,data/hcr_train\triplets\02525_pos_64.npy,data/hcr_train\triplets\02525_pos_128.npy,data/hcr_train\triplets\02525_neg_64.npy,data/hcr_train\triplets\02525_neg_128.npy,0.8993,0.8927,0.36,296.12,648.7,76.8
2526,592,Easy,dram_1x,data/hcr_train\triplets\02526_ref_64.npy,data/hcr_train\triplets\02526_ref_128.npy,data/hcr_train\triplets\02526_pos_64.npy,data/hcr_train\triplets\02526_pos_128.npy,data/hcr_train\triplets\02526_neg_64.npy,data/hcr_train\triplets\02526_neg_128.npy,0.8993,0.8927,0.36,98.56,648.7,76.8
2527,592,Easy,dram_1x,data/hcr_train\triplets\02527_ref_64.npy,data/hcr_train\triplets\02527_ref_128.npy,data/hcr_train\triplets\02527_pos_64.npy,data/hcr_train\triplets\02527_pos_128.npy,data/hcr_train\triplets\02527_neg_64.npy,data/hcr_train\triplets\02527_neg_128.npy,0.8993,0.8856,0.36,100.69,648.7,76.8
2528,592,Easy,dram_1x,data/hcr_train\triplets\02528_ref_64.npy,data/hcr_train\triplets\02528_ref_128.npy,data/hcr_train\triplets\02528_pos_64.npy,data/hcr_train\triplets\02528_pos_128.npy,data/hcr_train\triplets\02528_neg_64.npy,data/hcr_train\triplets\02528_neg_128.npy,0.8993,0.8789,0.36,120.52,648.7,76.8
2529,592,Easy,dram_1x,data/hcr_train\triplets\02529_ref_64.npy,data/hcr_train\triplets\02529_ref_128.npy,data/hcr_train\triplets\02529_pos_64.npy,data/hcr_train\triplets\02529_pos_128.npy,data/hcr_train\triplets\02529_neg_64.npy,data/hcr_train\triplets\02529_neg_128.npy,0.8993,0.8777,0.36,76.64,648.7,76.8
2530,593,Medium,dram_dense,data/hcr_train\triplets\02530_ref_64.npy,data/hcr_train\triplets\02530_ref_128.npy,data/hcr_train\triplets\02530_pos_64.npy,data/hcr_train\triplets\02530_pos_128.npy,data/hcr_train\triplets\02530_neg_64.npy,data/hcr_train\triplets\02530_neg_128.npy,0.8759,0.5973,0.1,72.1,860.0,251.1
2531,593,Medium,dram_dense,data/hcr_train\triplets\02531_ref_64.npy,data/hcr_train\triplets\02531_ref_128.npy,data/hcr_train\triplets\02531_pos_64.npy,data/hcr_train\triplets\02531_pos_128.npy,data/hcr_train\triplets\02531_neg_64.npy,data/hcr_train\triplets\02531_neg_128.npy,0.8759,0.5962,0.1,144.1,860.0,251.1
2532,593,Medium,dram_dense,data/hcr_train\triplets\02532_ref_64.npy,data/hcr_train\triplets\02532_ref_128.npy,data/hcr_train\triplets\02532_pos_64.npy,data/hcr_train\triplets\02532_pos_128.npy,data/hcr_train\triplets\02532_neg_64.npy,data/hcr_train\triplets\02532_neg_128.npy,0.8759,0.5711,0.1,108.1,860.0,251.1
2533,593,Medium,dram_dense,data/hcr_train\triplets\02533_ref_64.npy,data/hcr_train\triplets\02533_ref_128.npy,data/hcr_train\triplets\02533_pos_64.npy,data/hcr_train\triplets\02533_pos_128.npy,data/hcr_train\triplets\02533_neg_64.npy,data/hcr_train\triplets\02533_neg_128.npy,0.8759,0.5679,0.1,36.1,860.0,251.1
2534,593,Medium,dram_dense,data/hcr_train\triplets\02534_ref_64.npy,data/hcr_train\triplets\02534_ref_128.npy,data/hcr_train\triplets\02534_pos_64.npy,data/hcr_train\triplets\02534_pos_128.npy,data/hcr_train\triplets\02534_neg_64.npy,data/hcr_train\triplets\02534_neg_128.npy,0.8759,0.5579,0.1,180.1,860.0,251.1
2535,595,Adversarial,finfet_7nm,data/hcr_train\triplets\02535_ref_64.npy,data/hcr_train\triplets\02535_ref_128.npy,data/hcr_train\triplets\02535_pos_64.npy,data/hcr_train\triplets\02535_pos_128.npy,data/hcr_train\triplets\02535_neg_64.npy,data/hcr_train\triplets\02535_neg_128.npy,0.4835,0.3887,4.6,200.8,548.6,900.8
2536,595,Adversarial,finfet_7nm,data/hcr_train\triplets\02536_ref_64.npy,data/hcr_train\triplets\02536_ref_128.npy,data/hcr_train\triplets\02536_pos_64.npy,data/hcr_train\triplets\02536_pos_128.npy,data/hcr_train\triplets\02536_neg_64.npy,data/hcr_train\triplets\02536_neg_128.npy,0.4835,0.3864,4.6,252.8,548.6,900.8
2537,595,Adversarial,finfet_7nm,data/hcr_train\triplets\02537_ref_64.npy,data/hcr_train\triplets\02537_ref_128.npy,data/hcr_train\triplets\02537_pos_64.npy,data/hcr_train\triplets\02537_pos_128.npy,data/hcr_train\triplets\02537_neg_64.npy,data/hcr_train\triplets\02537_neg_128.npy,0.4835,0.3409,4.6,304.8,548.6,900.8
2538,595,Adversarial,finfet_7nm,data/hcr_train\triplets\02538_ref_64.npy,data/hcr_train\triplets\02538_ref_128.npy,data/hcr_train\triplets\02538_pos_64.npy,data/hcr_train\triplets\02538_pos_128.npy,data/hcr_train\triplets\02538_neg_64.npy,data/hcr_train\triplets\02538_neg_128.npy,0.4835,0.3295,4.6,279.18,548.6,900.8
2539,595,Adversarial,finfet_7nm,data/hcr_train\triplets\02539_ref_64.npy,data/hcr_train\triplets\02539_ref_128.npy,data/hcr_train\triplets\02539_pos_64.npy,data/hcr_train\triplets\02539_pos_128.npy,data/hcr_train\triplets\02539_neg_64.npy,data/hcr_train\triplets\02539_neg_128.npy,0.4835,0.3185,4.6,171.6,548.6,900.8
2540,596,Easy,dram_1x,data/hcr_train\triplets\02540_ref_64.npy,data/hcr_train\triplets\02540_ref_128.npy,data/hcr_train\triplets\02540_pos_64.npy,data/hcr_train\triplets\02540_pos_128.npy,data/hcr_train\triplets\02540_neg_64.npy,data/hcr_train\triplets\02540_neg_128.npy,0.9289,0.559,0.8,48.01,850.8,843.0
2541,596,Easy,dram_1x,data/hcr_train\triplets\02541_ref_64.npy,data/hcr_train\triplets\02541_ref_128.npy,data/hcr_train\triplets\02541_pos_64.npy,data/hcr_train\triplets\02541_pos_128.npy,data/hcr_train\triplets\02541_neg_64.npy,data/hcr_train\triplets\02541_neg_128.npy,0.9289,0.5544,0.8,24.01,850.8,843.0
2542,596,Easy,dram_1x,data/hcr_train\triplets\02542_ref_64.npy,data/hcr_train\triplets\02542_ref_128.npy,data/hcr_train\triplets\02542_pos_64.npy,data/hcr_train\triplets\02542_pos_128.npy,data/hcr_train\triplets\02542_neg_64.npy,data/hcr_train\triplets\02542_neg_128.npy,0.9289,0.5465,0.8,581.01,850.8,843.0
2543,596,Easy,dram_1x,data/hcr_train\triplets\02543_ref_64.npy,data/hcr_train\triplets\02543_ref_128.npy,data/hcr_train\triplets\02543_pos_64.npy,data/hcr_train\triplets\02543_pos_128.npy,data/hcr_train\triplets\02543_neg_64.npy,data/hcr_train\triplets\02543_neg_128.npy,0.9289,0.5451,0.8,96.0,850.8,843.0
2544,596,Easy,dram_1x,data/hcr_train\triplets\02544_ref_64.npy,data/hcr_train\triplets\02544_ref_128.npy,data/hcr_train\triplets\02544_pos_64.npy,data/hcr_train\triplets\02544_pos_128.npy,data/hcr_train\triplets\02544_neg_64.npy,data/hcr_train\triplets\02544_neg_128.npy,0.9289,0.5409,0.8,143.0,850.8,843.0
2545,597,Medium,dram_dense,data/hcr_train\triplets\02545_ref_64.npy,data/hcr_train\triplets\02545_ref_128.npy,data/hcr_train\triplets\02545_pos_64.npy,data/hcr_train\triplets\02545_pos_128.npy,data/hcr_train\triplets\02545_neg_64.npy,data/hcr_train\triplets\02545_neg_128.npy,0.8567,0.8441,0.64,43.5,109.5,322.4
2546,597,Medium,dram_dense,data/hcr_train\triplets\02546_ref_64.npy,data/hcr_train\triplets\02546_ref_128.npy,data/hcr_train\triplets\02546_pos_64.npy,data/hcr_train\triplets\02546_pos_128.npy,data/hcr_train\triplets\02546_neg_64.npy,data/hcr_train\triplets\02546_neg_128.npy,0.8567,0.8333,0.64,64.5,109.5,322.4
2547,597,Medium,dram_dense,data/hcr_train\triplets\02547_ref_64.npy,data/hcr_train\triplets\02547_ref_128.npy,data/hcr_train\triplets\02547_pos_64.npy,data/hcr_train\triplets\02547_pos_128.npy,data/hcr_train\triplets\02547_neg_64.npy,data/hcr_train\triplets\02547_neg_128.npy,0.8567,0.8313,0.64,644.46,109.5,322.4
2548,597,Medium,dram_dense,data/hcr_train\triplets\02548_ref_64.npy,data/hcr_train\triplets\02548_ref_128.npy,data/hcr_train\triplets\02548_pos_64.npy,data/hcr_train\triplets\02548_pos_128.npy,data/hcr_train\triplets\02548_neg_64.npy,data/hcr_train\triplets\02548_neg_128.npy,0.8567,0.8294,0.64,663.98,109.5,322.4
2549,597,Medium,dram_dense,data/hcr_train\triplets\02549_ref_64.npy,data/hcr_train\triplets\02549_ref_128.npy,data/hcr_train\triplets\02549_pos_64.npy,data/hcr_train\triplets\02549_pos_128.npy,data/hcr_train\triplets\02549_neg_64.npy,data/hcr_train\triplets\02549_neg_128.npy,0.8567,0.8237,0.64,42.5,109.5,322.4
2550,598,Hard,finfet_10nm,data/hcr_train\triplets\02550_ref_64.npy,data/hcr_train\triplets\02550_ref_128.npy,data/hcr_train\triplets\02550_pos_64.npy,data/hcr_train\triplets\02550_pos_128.npy,data/hcr_train\triplets\02550_neg_64.npy,data/hcr_train\triplets\02550_neg_128.npy,0.7361,0.442,1.65,288.44,262.6,558.4
2551,598,Hard,finfet_10nm,data/hcr_train\triplets\02551_ref_64.npy,data/hcr_train\triplets\02551_ref_128.npy,data/hcr_train\triplets\02551_pos_64.npy,data/hcr_train\triplets\02551_pos_128.npy,data/hcr_train\triplets\02551_neg_64.npy,data/hcr_train\triplets\02551_neg_128.npy,0.7361,0.4069,1.65,59.6,262.6,558.4
2552,598,Hard,finfet_10nm,data/hcr_train\triplets\02552_ref_64.npy,data/hcr_train\triplets\02552_ref_128.npy,data/hcr_train\triplets\02552_pos_64.npy,data/hcr_train\triplets\02552_pos_128.npy,data/hcr_train\triplets\02552_neg_64.npy,data/hcr_train\triplets\02552_neg_128.npy,0.7361,0.405,1.65,107.41,262.6,558.4
2553,598,Hard,finfet_10nm,data/hcr_train\triplets\02553_ref_64.npy,data/hcr_train\triplets\02553_ref_128.npy,data/hcr_train\triplets\02553_pos_64.npy,data/hcr_train\triplets\02553_pos_128.npy,data/hcr_train\triplets\02553_neg_64.npy,data/hcr_train\triplets\02553_neg_128.npy,0.7361,0.3975,1.65,179.41,262.6,558.4
2554,598,Hard,finfet_10nm,data/hcr_train\triplets\02554_ref_64.npy,data/hcr_train\triplets\02554_ref_128.npy,data/hcr_train\triplets\02554_pos_64.npy,data/hcr_train\triplets\02554_pos_128.npy,data/hcr_train\triplets\02554_neg_64.npy,data/hcr_train\triplets\02554_neg_128.npy,0.7361,0.3966,1.65,36.44,262.6,558.4
