pair_id,rank,cx,cy,gterr,corr_score,psr,context_combined,grad_ncc,phase_penalty,neigh_cons,family,dist_to_center,v25
v00000,1,301.0,504.0,0.840013553340837,0.9585546851158142,0.0,0.9533171909274314,0.8541409373283386,0.0,0.0,187,199.04019694524018,0.48787426782300897
v00000,2,413.0,510.0,112.86865945259186,0.587615966796875,0.0,0.5560559959833871,0.46800485253334045,0.05,0.0,187,87.5728268357257,0.3990017858322296
v00000,3,569.0,517.0,269.020352035512,0.5722231864929199,0.0,0.542585102949033,0.4382757842540741,0.05885254915624212,0.0,187,71.06335201775947,0.3517388344767296
v00000,4,369.0,508.0,68.82852816602393,0.5846083164215088,0.0,0.5542746342033713,0.45841503143310547,0.05,0.0,187,131.24404748406687,0.3121986665985412
v00000,5,624.0,520.0,324.10168215370726,0.6980311870574951,0.0,0.7586140769141267,0.3861081302165985,0.05,0.0,187,125.60254774486066,0.30512563488177225
v00000,6,491.0,514.0,190.9702401347258,0.5728117823600769,0.0,0.546846955653016,0.46141281723976135,0.05,0.0,187,16.64331697709324,0.2993564374011771
v00000,7,469.0,512.0,168.89543356840394,0.5795523524284363,0.0,0.5508403735594054,0.44048094749450684,0.05,0.0,187,33.24154027718932,0.28097350134747756
v00000,8,424.0,510.0,123.85207191145133,0.5852000117301941,0.0,0.5550804306341647,0.4650499224662781,0.05,0.0,187,76.6550715869472,0.2687429838267025
v00000,9,358.0,507.0,57.78740105830428,0.5834718346595764,0.0,0.5639938669294425,0.4168395698070526,0.05,0.0,187,142.1724305201258,0.2572534505202072
v00000,10,525.0,515.0,224.97551380580694,0.5777735114097595,0.0,0.554949623275673,0.4456561505794525,0.05,0.0,187,29.154759474226502,0.23593558545756782
v00000,11,503.0,514.0,202.95319118857142,0.5757399201393127,0.0,0.5521267022170173,0.42963743209838867,0.05,0.0,187,14.317821063276353,0.23593558545756782
v00000,12,514.0,515.0,213.99060816319175,0.5778287649154663,0.0,0.5549953662235534,0.45293301343917847,0.05,0.0,187,20.518284528683193,0.23593558545756782
v00000,13,536.0,516.0,236.01263606132335,0.5810468792915344,0.0,0.5531678991461115,0.46851393580436707,0.05,0.0,187,39.395431207184416,0.22091787435273244
v00000,14,547.0,516.0,246.99790649061953,0.5773259997367859,0.0,0.5520944661675733,0.45480892062187195,0.05,0.0,187,49.64876634922564,0.22091787435273244
v00000,15,391.0,509.0,90.84795147972876,0.5918212532997131,0.0,0.5619323350129519,0.4873373508453369,0.05,0.0,187,109.37092849564732,0.20047980843250404
v00000,16,380.0,508.0,79.80831861175443,0.5951976180076599,0.0,0.5642551597344252,0.47765058279037476,0.05,0.0,187,120.26637102698326,0.19958083593423126
v00000,17,436.0,511.0,135.88849124029227,0.587113618850708,0.0,0.5598187653738207,0.4598149061203003,0.05,0.0,187,64.93843238021688,0.18108489987263715
v00000,18,447.0,511.0,146.87301822219473,0.5827319025993347,0.0,0.55669929184599,0.4354986548423767,0.05,0.0,187,54.12947441089743,0.151016297393935
v00000,19,480.0,513.0,179.93234853323898,0.5872944593429565,0.0,0.5577384458218329,0.474380224943161,0.05,0.0,187,23.853720883753127,0.14533579872864588
v00000,20,402.0,509.0,101.83001383775468,0.5909398198127747,0.0,0.5598271171133367,0.47546276450157166,0.05,0.0,187,98.41239759298622,0.14453420573207754
v00001,1,469.5,653.5,,0.3990107774734497,0.0,0.49885481910797236,0.12249687314033508,0.05,0.38486088812351227,177,156.50079872000654,0.48634375601878754
v00001,2,496.5,650.5,,0.40065279603004456,0.0,0.4694423258994034,0.09154409915208817,0.05,0.3585938513278961,177,150.54069217324596,0.48304179227137994
v00001,3,487.5,651.5,,0.3996436297893524,0.0,0.49868505469385227,0.10145344585180283,0.05885254915624212,0.38135792315006256,177,152.01480191086657,0.4109381370121425
v00001,4,460.5,654.5,,0.3968055248260498,0.0,0.48496669687722216,0.13422615826129913,0.05,0.3818961977958679,177,159.46943280767007,0.3605298787209606
v00001,5,478.5,652.5,,0.3992588222026825,0.0,0.4783665230716012,0.11312256753444672,0.05,0.38785944879055023,177,154.00811666921973,0.34875845580724046
v00001,6,435.5,313.5,,0.41026994585990906,0.0,0.49293275901467837,0.1564076840877533,0.05,0.37902744114398956,177,197.3385415979352,0.1692386596291924
v00001,7,441.5,655.5,,0.39550504088401794,0.0,0.4958096196511751,0.10286436229944229,0.05,0.3871835023164749,177,166.14000120380402,0.1615698938693246
v00001,8,502.5,650.5,,0.3956988751888275,0.0,0.48007608111371897,0.11337636411190033,0.0875,0.35158146917819977,177,150.52076268741132,0.15265254841880696
v00001,9,451.5,654.5,,0.39578941464424133,0.0,0.47696868959324934,0.09194187819957733,0.05,0.3872673064470291,177,161.93362837903683,0.14796063968044046
v00001,10,432.5,656.5,,0.3960641622543335,0.0,0.47663325233662235,0.11093750596046448,0.05,0.3853502422571182,177,170.43620507392203,0.12922747428293507
v00001,11,423.5,657.5,,0.39546042680740356,0.0,0.49695551192518533,0.12071618437767029,0.05,0.3830561488866806,177,175.0956881250935,0.09334221496797102
v00001,12,518.5,649.5,,0.3538224697113037,0.0,0.48523880847239864,0.12480031698942184,0.11020817282989959,0.3369237184524536,177,150.6403000528079,0.08806100359433178
v00001,13,414.5,658.5,,0.39542898535728455,0.0,0.4827182758810529,0.13019491732120514,0.05,0.38034968078136444,177,180.09025515002193,0.05014368310741234
v00001,14,387.5,660.5,,0.39363014698028564,0.0,0.4867632934069053,0.1066693514585495,0.05,0.38175591826438904,177,196.0012755060538,0.049225968043596253
v00001,15,445.5,649.5,,0.2604568600654602,0.0,0.3360972128281138,0.04213519021868706,0.11020817282989959,0.2606864497065544,177,159.12416535523445,0.04108525152352416
v00001,16,472.5,647.5,,0.27533698081970215,0.0,0.35044286058455154,0.05683903396129608,0.11020817282989959,0.2743069678544998,177,150.0416608812366,0.03937662572437744
v00001,17,490.5,645.5,,0.25571396946907043,0.0,0.3272508045568321,0.03950956463813782,0.11020817282989959,0.24996379017829895,177,145.80980762623616,0.03508297207241652
v00001,18,504.5,644.5,,0.2656192481517792,0.0,0.3063573844405504,0.04293864592909813,0.11020817282989959,0.22838619351387024,177,144.57005222382676,0.031289955410591624
v00001,19,405.5,658.5,,0.3957836925983429,0.0,0.476662632142077,0.08870962262153625,0.05885254915624212,0.38537998497486115,177,184.53319484580544,0.029453716016200816
v00001,20,503.5,301.5,,0.26020941138267517,0.0,0.32586396701474846,0.13554009795188904,0.14270509831248424,0.24535837024450302,177,198.53085402526227,0.029288583293741247
v00002,1,479.0,609.0,315.3185905464199,0.6839218735694885,0.0,0.7560093989983059,0.23762094974517822,0.05,0.28269413113594055,191,111.00450441310929,0.7316067732659923
v00002,2,505.0,295.0,0.3607683292086509,0.9007675051689148,0.0,0.9074757134675894,0.7490360140800476,0.0,0.37621767818927765,191,205.0609665440988,0.4277232071783126
v00002,3,619.0,620.0,344.7451106928324,0.4223206639289856,0.0,0.48968241495608866,0.047708719968795776,0.1340990257669732,0.3397158086299896,191,169.0,0.05316955432855218
v00002,4,495.0,418.0,123.65039997222969,0.40887731313705444,0.0,0.452736933864371,-0.020907530561089516,0.09358541225631423,0.019533205777406693,191,82.15229759416349,0.04988694064319828
v00002,5,443.0,606.0,317.33199802388594,0.3358787000179291,0.0,0.4346734247218701,0.10444695502519608,0.09358541225631423,0.27774472534656525,191,120.3536455617361,0.04386826341430849
v00002,6,428.0,605.0,319.61808859773015,0.3870924115180969,0.0,0.48188149835915706,0.1463741511106491,0.05,0.32315224409103394,191,127.31457104353767,0.035636266467755924
v00002,7,452.0,291.0,52.88723769510378,0.5843561887741089,0.0,0.6299988508224,0.546961784362793,0.05,0.41206595301628113,191,214.44113411377026,0.0313365699137054
v00002,8,412.0,603.0,321.9174250318224,0.45679450035095215,0.0,0.5160135325579442,0.1214456632733345,0.125,0.33303749561309814,191,135.47324459095236,0.026567267656949813
v00002,9,556.0,615.0,324.33885804281283,0.42756032943725586,0.0,0.4973666447447531,0.07431840151548386,0.09358541225631423,0.31960493326187134,191,127.91012469699183,0.025617767181755177
v00002,10,449.0,606.0,316.2191245674359,0.33411189913749695,0.0,0.41008757525777884,0.1162203922867775,0.16249999999999998,0.3093663305044174,191,117.63077828527702,0.024433957599893065
v00002,11,640.0,622.0,354.10949367391635,0.4222024977207184,0.0,0.4911521605885228,0.060097601264715195,0.1340990257669732,0.34238573908805847,191,185.69868066305693,0.02168736239690457
v00002,12,539.0,614.0,321.0963113585956,0.37043285369873047,0.0,0.4611802037428716,0.035387225449085236,0.05885254915624212,0.299149289727211,191,120.48651376813922,0.02089345225664253
v00002,13,481.0,576.0,282.2663696932684,0.33839404582977295,0.0,0.4120104782585746,-0.07618624716997147,0.05,0.02098366871359758,191,78.33900688673555,0.014548251730797972
v00002,14,422.0,604.0,320.1456774758132,0.4449414610862732,0.0,0.5009871149285446,0.09048210829496384,0.16249999999999998,0.32563774287700653,191,130.0,0.014280638568267851
v00002,15,564.0,300.0,59.47829981577655,0.5147717595100403,0.0,0.5825717961769243,0.45963478088378906,0.05,0.4036004990339279,191,209.990475974507,0.014277132287152232
v00002,16,473.0,608.0,314.87036347005045,0.36896926164627075,0.0,0.3976769910777982,0.10420466214418411,0.16249999999999998,0.16970185935497284,191,111.32385189167684,0.013146922403602962
v00002,17,501.0,350.0,55.392423145309294,0.3435855507850647,0.0,0.43642237675317097,0.20172609388828278,0.11020817282989959,0.0005662785843014717,191,150.00333329629711,0.011970381379494311
v00002,18,497.0,389.0,94.58346181626523,0.40907323360443115,0.0,0.4518340781941802,-0.02281109057366848,0.05885254915624212,0.020234166004229337,191,111.04053313993049,0.010920087011624266
v00002,19,406.0,603.0,323.697220820252,0.4431428015232086,0.0,0.4815835377616438,0.07872726768255234,0.1662132317597294,0.3424971252679825,191,139.44532978913278,0.010569599653900412
v00002,20,484.0,294.0,20.76819612913721,0.4929102957248688,0.0,0.4785232663356195,0.48825183510780334,0.05,0.5608863830566406,191,206.6204249342257,0.010431876812698923
v00003,1,434.5,360.5,0.5546353654333762,0.9659868478775024,0.0,0.9356686673933632,0.8946037888526917,0.0,0.0,199,154.11197227989783,0.9537934013285162
v00003,2,647.5,563.5,294.7958006469548,0.7756551504135132,0.0,0.8190849193891361,0.43749967217445374,0.05,0.0,199,160.58798211572372,0.8383309446552396
v00003,3,569.5,564.5,245.16110945812966,0.5493587851524353,0.0,0.4935990771705376,0.33750540018081665,0.05,0.0,199,94.81824718903002,0.761275447263786
v00003,4,561.5,357.5,127.43953470174407,0.6379489898681641,0.0,0.5657826986905711,0.47810837626457214,0.05,0.0,199,155.20470353697402,0.7591973392281015
v00003,5,548.5,357.5,114.44261576720153,0.629215657711029,0.0,0.5593418087206242,0.4561542272567749,0.05,0.0,199,150.52740614253605,0.7591973392281015
v00003,6,519.5,566.5,223.34773755578829,0.5344593524932861,0.0,0.4857094704880422,0.3353295922279358,0.05,0.0,199,69.3000721500346,0.7330440452707881
v00003,7,506.5,566.5,218.70639947182977,0.5296692848205566,0.0,0.4845280437349865,0.31769394874572754,0.05,0.0,199,66.81691402631522,0.7303294681594064
v00003,8,536.5,358.5,102.42536866065535,0.628795862197876,0.0,0.5497937936073174,0.4715787470340729,0.05,0.0,199,146.13178983369772,0.7282592724885705
v00003,9,511.5,358.5,77.42955227648619,0.6237465143203735,0.0,0.5615745050829529,0.4570787847042084,0.05,0.0,199,141.9665453548828,0.7067209396956518
v00003,10,498.5,359.5,64.41548404062164,0.6052126884460449,0.0,0.5537831674697997,0.44578108191490173,0.05,0.0,199,140.5080068892873,0.7067209396956518
v00003,11,556.5,565.5,239.085734850893,0.5427370667457581,0.0,0.4955019334054452,0.32729530334472656,0.05,0.0,199,86.50144507463445,0.680007651431371
v00003,12,544.5,565.5,233.16966082879472,0.5439624786376953,0.0,0.493084923371456,0.34261760115623474,0.05,0.0,199,79.1864887465027,0.6237372770275811
v00003,13,573.5,357.5,139.4372004996277,0.6352918744087219,0.0,0.5541087789616617,0.48109593987464905,0.05885254915624212,0.0,199,160.33870399875383,0.49242191406656044
v00003,14,523.5,358.5,89.4272522440081,0.6361838579177856,0.0,0.5566505176259355,0.4749521315097809,0.05885254915624212,0.0,199,143.4381399767858,0.47675183891732537
v00003,15,441.5,568.5,208.50265970188343,0.6151803731918335,0.0,0.6846273874021461,0.20018205046653748,0.05,0.0,199,90.08051953669006,0.3178039440041049
v00003,16,409.5,361.5,24.625774316003096,0.5220291018486023,0.0,0.5048897750020797,0.48408472537994385,0.05,0.0,199,165.44636593168192,0.2676152139069599
v00003,17,396.5,361.5,37.61257847190234,0.545045793056488,0.0,0.5632799943730442,0.5147262811660767,0.05,0.0,199,172.90026026585386,0.2603308550998335
v00003,18,531.5,565.5,227.30237136831076,0.5357912182807922,0.0,0.4729973096625013,0.3196791112422943,0.05,0.0,199,72.6808090213641,0.23238385973317077
v00003,19,598.5,356.5,164.45246043431288,0.5518732666969299,0.0,0.5402118683602166,0.38391727209091187,0.05,0.0,199,174.0531528010912,0.2162639910442793
v00003,20,383.5,361.5,50.606159288640995,0.6515543460845947,0.0,0.5955733334457733,0.5039939284324646,0.05,0.0,199,180.98204330816912,0.1552756798862575
v00004,1,577.0,445.0,285.75119830882954,0.530652642250061,0.0,0.4917168495908075,0.46304604411125183,0.05,0.0,194,94.62557793746889,0.4752189572822673
v00004,2,351.0,454.0,59.57208988327919,0.5108872652053833,0.0,0.569313469569913,0.3709345757961273,0.05,0.0,194,155.93909067324972,0.4530381077556407
v00004,3,420.0,451.0,128.63692914166563,0.5711506605148315,0.0,0.5906407834131281,0.3729567527770996,0.05,0.0,194,93.81364506296512,0.450272972290342
v00004,4,582.0,363.0,305.1440661203491,0.5319945216178894,0.0,0.5842699484616534,0.3815855085849762,0.05,0.0,194,159.66527487215245,0.44303544564717773
v00004,5,361.0,454.0,69.56564828645531,0.5813810229301453,0.0,0.587460372781035,0.3684747815132141,0.05,0.0,194,146.4137971640651,0.3744863953964687
v00004,6,381.0,453.0,89.5884533759287,0.5763161182403564,0.0,0.5881766347201218,0.37907901406288147,0.05,0.0,194,127.94530081249565,0.3611076722116395
v00004,7,371.0,453.0,79.59613966668007,0.5733320713043213,0.0,0.5909776587943502,0.37261518836021423,0.05,0.0,194,137.2953021774598,0.3611076722116395
v00004,8,587.0,444.0,295.78355830447174,0.8475028872489929,0.0,0.8555958812312159,0.5659488439559937,0.05,0.0,194,103.46496991735899,0.350922321467218
v00004,9,391.0,453.0,99.5823102099176,0.5613278150558472,0.0,0.5724017409363887,0.3667004108428955,0.05885254915624212,0.0,194,118.70130580579136,0.30999309903933214
v00004,10,583.0,390.0,298.97358101482484,0.5017865896224976,0.0,0.569602620091511,0.36135461926460266,0.05,0.0,194,137.80058055030102,0.2876150941420117
v00004,11,459.0,450.0,167.64607839086287,0.5738837122917175,0.0,0.5841152550191382,0.36748015880584717,0.05885254915624212,0.0,194,64.66065264130884,0.285953266252981
v00004,12,439.0,450.0,147.662170317684,0.560512363910675,0.0,0.579021649514088,0.3578185737133026,0.05885254915624212,0.0,194,78.87331614684399,0.28444572507539645
v00004,13,430.0,451.0,138.62901957184584,0.5727884769439697,0.0,0.5870582418637257,0.37956833839416504,0.05,0.0,194,85.44588931013593,0.2678479587089669
v00004,14,449.0,450.0,157.6536142033605,0.5758475065231323,0.0,0.5892772199947939,0.3735274374485016,0.05,0.0,194,71.42128534267638,0.2678479587089669
v00004,15,410.0,452.0,118.60562174987773,0.5724362134933472,0.0,0.584074809675509,0.36585646867752075,0.05,0.0,194,102.0,0.24972373309712
v00004,16,527.0,447.0,235.71121885248994,0.5187894105911255,0.0,0.5768167391748871,0.34185338020324707,0.05,0.0,194,59.481089431852205,0.2365628426406286
v00004,17,478.0,449.0,186.67047062609058,0.5721455812454224,0.0,0.5828026015569132,0.37113720178604126,0.05,0.0,194,55.54277630799526,0.2153480179889245
v00004,18,488.0,448.0,196.70289939929452,0.5661733746528625,0.0,0.5837667704877249,0.3622538149356842,0.05,0.0,194,53.36665625650534,0.2153480179889245
v00004,19,292.0,457.0,0.8682024984942619,0.9085199236869812,0.0,0.9312970040637732,0.7397720813751221,0.0,0.0,194,212.3982109152523,0.20300134451207288
v00004,20,498.0,448.0,206.69440282828728,0.579833984375,0.0,0.5938734492508737,0.3772582709789276,0.05,0.0,194,52.03844732503075,0.2016459740121236
v00005,1,402.0,386.0,79.2466097484057,0.6397932171821594,0.0,0.6261981253476332,0.44496750831604004,0.05,0.0,200,150.33296378372907,0.478269801055629
v00005,2,386.0,387.0,63.241028060373814,0.5961232781410217,0.0,0.606417205563144,0.4576846659183502,0.05,0.0,200,160.51479682571323,0.478269801055629
v00005,3,604.0,384.0,281.25639714181165,0.6301648020744324,0.0,0.6213160743032762,0.443411648273468,0.05,0.0,200,155.79473675320358,0.478269801055629
v00005,4,589.0,384.0,266.2572644442674,0.6365041136741638,0.0,0.6240297755371442,0.4468206465244293,0.05,0.0,200,146.2087548678259,0.4284721042735662
v00005,5,558.0,385.0,235.2490239703737,0.6405417919158936,0.0,0.617475748479114,0.4654010832309723,0.05,0.0,200,128.79829191413992,0.41359252889310544
v00005,6,620.0,384.0,297.255568495019,0.5090500116348267,0.0,0.5819421199140313,0.37084531784057617,0.05,0.0,200,166.90116836020053,0.41229311271603003
v00005,7,433.0,386.0,110.24503294284303,0.6427401304244995,0.0,0.6261461700787665,0.47124162316322327,0.05,0.0,200,132.23085872821065,0.3907784135927143
v00005,8,418.0,386.0,95.24566774778049,0.6393635272979736,0.0,0.6242364563550328,0.4554485082626343,0.05,0.0,200,140.42791745233566,0.3907784135927143
v00005,9,449.0,386.0,126.2445220858039,0.643358588218689,0.0,0.6224455965949932,0.4617873430252075,0.05,0.0,200,124.88794977899188,0.3745442498687243
v00005,10,542.0,385.0,219.24960937458698,0.6445242166519165,0.0,0.6241415444390448,0.47654980421066284,0.05,0.0,200,122.42957159118053,0.3745442498687243
v00005,11,511.0,385.0,188.25102676733675,0.6415498852729797,0.0,0.6261058799466115,0.4625577926635742,0.05,0.0,200,115.52488909321661,0.23378087240817544
v00005,12,480.0,386.0,157.24382814160137,0.6410644054412842,0.0,0.6150378997475625,0.4552338421344757,0.05,0.0,200,115.7410903698423,0.23378087240817544
v00005,13,464.0,386.0,141.24414827001146,0.6411889791488647,0.0,0.6188527845045082,0.4695291221141815,0.05,0.0,200,119.54915307102765,0.23378087240817544
v00005,14,527.0,385.0,204.25024148593073,0.6382591128349304,0.0,0.6208025598371006,0.45968368649482727,0.05,0.0,200,118.12705024675762,0.23378087240817544
v00005,15,495.0,385.0,172.2519579303877,0.6348786354064941,0.0,0.6252893210109647,0.4496007263660431,0.05,0.0,200,115.10864433221339,0.220401586519693
v00005,16,573.0,385.0,250.24854313833958,0.639661967754364,0.0,0.6136329034901,0.46585118770599365,0.11020817282989959,0.0,200,136.2130683891968,0.19736522890865482
v00005,17,323.0,387.0,0.2477134868844995,0.9763107299804688,0.0,0.9793682092306881,0.9130234718322754,0.0,0.0,200,209.99523804124703,0.12003210711693914
v00005,18,370.0,387.0,47.24103684328388,0.49761533737182617,0.0,0.5609385336148635,0.4884166121482849,0.05,0.0,200,172.246915792417,0.10952641164213568
v00005,19,354.0,387.0,31.24105462246787,0.5298930406570435,0.0,0.4972036880003913,0.5499827265739441,0.05,0.0,200,184.6212338816963,0.05819054886662342
v00005,20,339.0,387.0,16.24110310527176,0.5341786742210388,0.0,0.43027893285516106,0.6316508054733276,0.05,0.0,200,196.69773765857096,0.05460932449501508
v00006,1,448.5,566.5,0.44364696505829,0.9671661853790283,0.0,0.9429410344113203,0.8997350931167603,0.0,0.0,188,84.11004696229814,0.9428455941110265
v00006,2,552.5,564.5,104.43331748516768,0.6174746155738831,0.0,0.5823934565575594,0.5101507306098938,0.05,0.0,188,83.16549765377466,0.5693485466289254
v00006,3,444.5,384.5,181.8837407243725,0.5960924625396729,0.0,0.5842543317580204,0.42668357491493225,0.05,0.0,188,128.14249880504127,0.5162414463682461
v00006,4,591.5,563.5,143.44524178350838,0.6132462024688721,0.0,0.5735339892697489,0.496908038854599,0.05,0.0,188,111.37549102024197,0.45832423009459816
v00006,5,539.5,564.5,91.4356434940175,0.6145544648170471,0.0,0.5788665278859128,0.49869757890701294,0.05,0.0,188,75.63398706930634,0.448360445358948
v00006,6,618.5,563.5,170.44076127876036,0.6077298521995544,0.0,0.5813229263645441,0.5366193056106567,0.05,0.0,188,134.44143706461932,0.4264391512315251
v00006,7,369.5,568.5,78.6124909191805,0.5568851232528687,0.0,0.5657971854111625,0.48735418915748596,0.05,0.0,188,147.3855488167005,0.3684296825649193
v00006,8,445.5,444.5,121.87582063590868,0.661889910697937,0.0,0.6170123817362555,0.5673195719718933,0.05,0.0,188,77.78495998584816,0.3364770230730669
v00006,9,513.5,565.5,65.4224595348301,0.6196048259735107,0.0,0.5794739065407579,0.5196382403373718,0.05,0.0,188,66.87675231349083,0.3302276697445387
v00006,10,500.5,565.5,52.42382389518831,0.6283223032951355,0.0,0.5851858313588058,0.5187770128250122,0.05,0.0,188,65.50190836914601,0.3302276697445387
v00006,11,578.5,563.5,130.44806050891066,0.6100252270698547,0.0,0.5702328278634492,0.47836071252822876,0.05,0.0,188,100.96781665461525,0.3053495961277599
v00006,12,565.5,564.5,117.4315064228957,0.6141969561576843,0.0,0.5767486066273896,0.49996650218963623,0.05,0.0,188,91.92660115548709,0.28804866163280063
v00006,13,630.5,562.5,182.45754843168456,0.5714539289474487,0.0,0.5633419737207339,0.4185715913772583,0.05,0.0,188,144.6945057699151,0.2745232529526105
v00006,14,356.5,568.5,91.60831200674681,0.5547634363174438,0.0,0.5619533160402286,0.486661434173584,0.05,0.0,188,159.01100590839616,0.27304237434878503
v00006,15,444.5,414.5,151.8907121587727,0.6478552222251892,0.0,0.6016815668750205,0.5521503686904907,0.05,0.0,188,101.93380204819204,0.2425596081299261
v00006,16,487.5,565.5,39.42608796217237,0.5428962707519531,0.0,0.5486810741881142,0.49959421157836914,0.05,0.0,188,66.68208155119335,0.21972896159506397
v00006,17,526.5,565.5,78.4215474941629,0.617387056350708,0.0,0.5835026962311909,0.49948278069496155,0.05,0.0,188,70.657625207758,0.17481159995289774
v00006,18,446.5,505.5,60.869033847010904,0.6519644856452942,0.0,0.6018057401037736,0.5525499582290649,0.05,0.0,188,53.781967238099426,0.16249087284657052
v00006,19,446.5,475.5,90.86223627701544,0.6541931629180908,0.0,0.6053662631890055,0.5546446442604065,0.05,0.0,188,58.8430114796991,0.16249087284657052
v00006,20,343.5,569.5,104.63051676704868,0.5495859980583191,0.0,0.5661195538182353,0.4652250111103058,0.05,0.0,188,171.23813827532697,0.09486815810315816
v00007,1,668.0,468.0,,0.3167712390422821,0.0,0.2963463485636764,0.1370379477739334,0.05885254915624212,0.17566335387527943,131,171.0204666114556,0.472824623736841
v00007,2,434.0,441.0,,0.19536641240119934,0.0,0.2162646671018544,0.06679970771074295,0.11020817282989959,0.10166120529174805,131,88.52683209061533,0.1815406980415593
v00007,3,609.0,464.0,,0.19237752258777618,0.0,0.2482787753462316,0.07147630304098129,0.16249999999999998,0.10687738284468651,131,114.79111463872106,0.09668980628507724
v00007,4,570.0,462.0,,0.18751981854438782,0.0,0.2381194173617175,0.06326132267713547,0.16249999999999998,0.11226110719144344,131,79.64923100695951,0.09063306898002756
v00007,5,433.0,453.0,,0.19251525402069092,0.0,0.24690970989880726,0.055887963622808456,0.16249999999999998,0.11682969145476818,131,81.8413098624405,0.06716421328350416
v00007,6,576.0,462.0,,0.1962001919746399,0.0,0.24896586023161632,0.062445420771837234,0.05,0.11020236648619175,131,84.970583144992,0.060632111982582226
v00007,7,444.0,441.0,,0.19265182316303253,0.0,0.21734585505764087,0.08540181815624237,0.1662132317597294,0.10668433457612991,131,81.34494452638098,0.05587235275584874
v00007,8,615.0,464.0,,0.18717502057552338,0.0,0.24861869095852218,0.05533485859632492,0.12961646096066226,0.10262536257505417,131,120.50311199301038,0.043793925578204725
v00007,9,622.0,465.0,,0.18532419204711914,0.0,0.24416486950867106,0.0651937872171402,0.17694368026754387,0.11724046058952808,131,126.92123541787639,0.03890529057512365
v00007,10,404.0,451.0,,0.20576691627502441,0.0,0.2485253586507608,0.07855059206485748,0.16249999999999998,0.10443982295691967,131,107.78218776773832,0.02817835519504879
v00007,11,590.0,463.0,,0.19030381739139557,0.0,0.242339093406773,0.06199059262871742,0.16249999999999998,0.11047895811498165,131,97.30878685915265,0.024528375157664286
v00007,12,423.0,452.0,,0.18999868631362915,0.0,0.24682322517648536,0.05441223829984665,0.1662132317597294,0.11055906116962433,131,90.7358804442873,0.023172340422380103
v00007,13,439.0,453.0,,0.1892496943473816,0.0,0.24477323636270598,0.03884714096784592,0.12961646096066226,0.11411588825285435,131,77.00649323271382,0.022168112265365476
v00007,14,420.0,440.0,,0.19301103055477142,0.0,0.21195607356817125,0.06482110917568207,0.05,0.10185486450791359,131,100.0,0.01918351100478783
v00007,15,447.0,454.0,,0.1907568722963333,0.0,0.24333455427912803,0.06285984814167023,0.125,0.11811464466154575,131,70.178344238091,0.018500368178163456
v00007,16,562.0,461.0,,0.191900834441185,0.0,0.24811775955069038,0.056290965527296066,0.14270509831248424,0.10967042297124863,131,73.24616030891995,0.018146871555385816
v00007,17,662.0,455.0,,0.19689415395259857,0.0,0.19825596630412654,0.07687593996524811,0.0875,0.10283383214846253,131,168.13387523042465,0.015048202958398454
v00007,18,656.0,467.0,,0.24810218811035156,0.0,0.30949001451489644,0.1495804637670517,0.09358541225631423,0.14757332066074014,131,159.45218719101973,0.014920973442316951
v00007,19,584.0,462.0,,0.18626171350479126,0.0,0.24495490998537825,0.043323814868927,0.05,0.10423808358609676,131,92.19544457292888,0.014432886870966907
v00007,20,467.0,443.0,,0.1919851005077362,0.0,0.21046580454747488,0.06524568796157837,0.0875,0.10226882249116898,131,65.86349520030045,0.014135706230567105
v00008,1,450.0,475.0,0.48300745268048617,0.9778844118118286,0.0,0.9774907701117959,0.9402514100074768,0.0,0.525371640920639,198,55.90169943749474,0.9824020580107173
v00008,2,336.0,473.0,113.67885523634433,0.6911109089851379,0.0,0.6654560423278777,0.6410634517669678,0.05,0.6703780591487885,198,166.20770138594662,0.6679174310918029
v00008,3,644.0,480.0,194.4067455904693,0.6421343684196472,0.0,0.6127466668510784,0.5005165338516235,0.05,0.6176644861698151,198,145.38225476308997,0.5627232074517031
v00008,4,587.0,479.0,137.4019910587203,0.6291334629058838,0.0,0.5926189789519001,0.4541075527667999,0.05,0.6131762266159058,198,89.49860334105779,0.5519803988290285
v00008,5,656.0,480.0,206.40246533475576,0.6392046809196472,0.0,0.629517105162926,0.532253623008728,0.05,0.5941373705863953,198,157.2768260107,0.5494332385458169
v00008,6,576.0,478.0,126.37752541206166,0.6393449306488037,0.0,0.6173297985057057,0.5289056301116943,0.05,0.6280356049537659,198,79.12016177940993,0.5396342418835685
v00008,7,565.0,478.0,115.38175857208826,0.6395590305328369,0.0,0.6267963797125056,0.5388904809951782,0.05,0.626256138086319,198,68.62215385719105,0.5396342418835685
v00008,8,370.0,473.0,79.6839665755325,0.6906223893165588,0.0,0.6629608121085162,0.6277205944061279,0.05,0.6655966341495514,198,132.7742444904131,0.5161787557982755
v00008,9,610.0,479.0,160.3921158604028,0.6439639925956726,0.0,0.6167072285962046,0.5179219245910645,0.05,0.6307155787944794,198,111.9866063420086,0.49809022204986747
v00008,10,359.0,473.0,90.6818935131041,0.6941755414009094,0.0,0.67634965601049,0.6718824505805969,0.05,0.6717714667320251,198,143.56183336806478,0.49738844210011696
v00008,11,622.0,479.0,172.38800943036748,0.632375180721283,0.0,0.6270221534065987,0.5339085459709167,0.05,0.6212173402309418,198,123.79418403139947,0.4797808984342443
v00008,12,382.0,474.0,67.67000069405874,0.6786046624183655,0.0,0.668824086779792,0.6471701264381409,0.05,0.6305110454559326,198,120.83045973594572,0.47463538756970164
v00008,13,633.0,480.0,183.4111610916545,0.6368305683135986,0.0,0.6169978299420905,0.5125126838684082,0.05,0.6251945793628693,198,134.4953530795767,0.47283586517849574
v00008,14,347.0,473.0,102.6801385173119,0.6867132782936096,0.0,0.654754990598106,0.5997503399848938,0.05,0.6647574007511139,198,155.36408851468863,0.45329876402841845
v00008,15,325.0,472.0,124.69504364737745,0.6841629147529602,0.0,0.6677115103605955,0.6478222012519836,0.05,0.6638148128986359,198,177.22584461641028,0.4329881117890066
v00008,16,542.0,478.0,92.39386628944284,0.6381599307060242,0.0,0.613197867577887,0.5071741938591003,0.05,0.5724211037158966,198,47.41307836451879,0.3898166402496168
v00008,17,599.0,479.0,149.39645950318985,0.6423182487487793,0.0,0.625689391592945,0.5300597548484802,0.05,0.6268186867237091,198,101.20276676059801,0.3828329366118184
v00008,18,531.0,477.0,81.36705912276219,0.6322497725486755,0.0,0.6211979224972957,0.5327632427215576,0.05,0.5105507671833038,198,38.600518131237564,0.3274280091168046
v00008,19,393.0,474.0,56.67060712593909,0.6967342495918274,0.0,0.6773640456695269,0.6706424951553345,0.05,0.5716572105884552,198,110.11357772772621,0.3163926008829388
v00008,20,667.0,480.0,217.39895679223872,0.6465559005737305,0.0,0.6272353326040268,0.5352808237075806,0.05,0.5072715878486633,198,168.19334112859522,0.30288922120945283
v00009,1,574.5,539.5,,0.788664698600769,0.0,0.7425727105296203,0.2744877338409424,0.05,0.1861132299527526,196,84.32378075015374,0.9501027016411451
v00009,2,582.5,643.5,,0.783431351184845,0.0,0.7272850237519504,0.2656995356082916,0.05885254915624212,0.13106031343340874,196,165.5249225947561,0.8162703265098831
v00009,3,575.5,556.5,,0.7788469791412354,0.0,0.7597237479705132,0.2806861698627472,0.05,0.1481905560940504,196,94.30005302225445,0.7946884580825655
v00009,4,578.5,591.5,,0.7945625185966492,0.0,0.7399309825463992,0.27517905831336975,0.05885254915624212,0.1389870122075081,196,120.55911413078648,0.7716492150178684
v00009,5,579.5,608.5,,0.7864483594894409,0.0,0.7544160946544544,0.29106858372688293,0.09358541225631423,0.13786699622869492,196,134.5083640522031,0.42215554925064214
v00009,6,398.5,639.5,,0.7034707069396973,0.0,0.7013400396184909,0.23490773141384125,0.05885254915624212,0.20005473494529724,196,172.51811499086116,0.12106655309692319
v00009,7,584.5,678.5,,0.7680904865264893,0.0,0.7420796214201135,0.24614004790782928,0.05885254915624212,0.12253716215491295,196,197.49050610092627,0.09968346349290877
v00009,8,577.5,574.5,,0.7834282517433167,0.0,0.7023366325785317,0.2627241611480713,0.09358541225631423,0.15216162987053394,196,107.50116278440899,0.07821385813767183
v00009,9,581.5,626.5,,0.7715269327163696,0.0,0.681985619766138,0.24933373928070068,0.09358541225631423,0.129503826610744,196,150.48089579744,0.07169029869496421
v00009,10,418.5,585.5,,0.6986177563667297,0.0,0.6945061702083799,0.2247648388147354,0.05,0.20943628624081612,196,118.12070097997217,0.025625660765944695
v00009,11,410.5,638.5,,0.7002274394035339,0.0,0.6995529108421512,0.23472799360752106,0.12961646096066226,0.19880832731723785,196,164.9014857422455,0.02019414267062421
v00009,12,564.5,346.5,,0.716596245765686,0.0,0.7165008585044483,0.21211795508861542,0.12961646096066226,0.1471511535346508,196,166.5007507490582,0.018906887450249273
v00009,13,562.5,312.5,,0.7084184288978577,0.0,0.6738023089632998,0.21629734337329865,0.08106601717798213,0.1453383006155491,196,197.64235376052372,0.01744977321504263
v00009,14,394.5,587.5,,0.7008534669876099,0.0,0.7038576788725195,0.22111152112483978,0.09358541225631423,0.20981816947460175,196,137.06385373248486,0.01508407792995447
v00009,15,406.5,586.5,,0.7007473111152649,0.0,0.7074454665856524,0.22019244730472565,0.05885254915624212,0.21072186902165413,196,127.37542934176905,0.012091387278847074
v00009,16,434.5,636.5,,0.681715190410614,0.0,0.6721689879918467,0.23374131321907043,0.05,0.18217691406607628,196,151.40178334484702,0.012084138413860128
v00009,17,398.5,377.5,,0.6608476042747498,0.0,0.6754540175141464,0.200288787484169,0.11020817282989959,0.19908295199275017,196,159.08645448308917,0.010588954469341062
v00009,18,336.5,609.5,,0.6942448616027832,0.0,0.6928753895186306,0.21783843636512756,0.05,0.2043253779411316,196,196.78033438329146,0.009020099806806361
v00009,19,384.5,605.5,,0.6840894222259521,0.0,0.655453480909584,0.21491241455078125,0.11020817282989959,0.19674035347998142,196,156.43049574811172,0.008954492661011027
v00009,20,422.5,637.5,,0.6956920623779297,0.0,0.6840097417718551,0.23662084341049194,0.05,0.19424773380160332,196,157.83694117664598,0.008930527805781964
v00010,1,520.5,598.5,0.9219291419720573,0.9699941873550415,0.0,0.9544588930593427,0.9033891558647156,0.0,0.45023755729198456,196,100.6106356206937,0.9872585249922952
v00010,2,527.5,598.5,7.806254116615716,0.6994298100471497,0.0,0.6658298422576199,0.518993079662323,0.05,0.47463954985141754,196,102.26680790950698,0.334666156516101
v00010,3,512.5,598.5,7.223458545172917,0.7147922515869141,0.0,0.6532113851293817,0.6271251440048218,0.05,0.48281343281269073,196,99.28997935340706,0.32399608747795633
v00010,4,512.5,445.5,152.69827831783653,0.6075853705406189,0.0,0.555406235283372,0.5269799828529358,0.05,0.06417291797697544,196,55.915114235777075,0.323793635073011
v00010,5,514.5,489.5,108.65294735305498,0.6049091219902039,0.0,0.5401779946295304,0.5148612856864929,0.05,0.06334096007049084,196,17.902513789968157,0.30412691979232936
v00010,6,400.5,603.5,119.33354670939794,0.5889284610748291,0.0,0.5743010490476779,0.38451504707336426,0.05,0.5477505922317505,196,143.57054015361228,0.3038051056017956
v00010,7,392.5,604.5,127.37255455396298,0.5918762683868408,0.0,0.5725731403873986,0.40722644329071045,0.05,0.5521559715270996,196,149.92164620227462,0.3023138629422064
v00010,8,408.5,603.5,111.34256585076996,0.5937073826789856,0.0,0.5668194656471125,0.41898033022880554,0.05,0.5503103733062744,196,138.14666119743902,0.2940774275057753
v00010,9,384.5,604.5,135.36283113769926,0.5951022505760193,0.0,0.570394179449609,0.3920160233974457,0.05885254915624212,0.5527941882610321,196,155.75782484356927,0.25363186286801065
v00010,10,508.5,358.5,239.79013855876173,0.6031549572944641,0.0,0.5579869197075988,0.5325855612754822,0.05,0.060604073107242584,196,141.75507045605107,0.2352532285841752
v00010,11,510.5,402.5,195.74475552950176,0.5998163223266602,0.0,0.5619185305694174,0.5206468105316162,0.05,0.05866888351738453,196,98.06375477208692,0.2211820889422563
v00010,12,423.5,602.5,96.31190132514874,0.5915595293045044,0.0,0.5624959642332422,0.36919158697128296,0.05,0.5480218827724457,196,127.90035183688902,0.15254016078767585
v00010,13,511.5,423.5,174.7209627308479,0.5988801717758179,0.0,0.528564815732587,0.5190562009811401,0.05,0.058721126057207584,196,77.359550153811,0.11471227115251856
v00010,14,507.5,336.5,261.81283613756034,0.5996478199958801,0.0,0.5089504882375466,0.5229665637016296,0.05,0.06012576352804899,196,163.67192795345204,0.0985729049436112
v00010,15,509.5,380.5,217.76744461389833,0.6047869920730591,0.0,0.5244662343964361,0.5341354012489319,0.05,0.061456553637981415,196,119.87702031665619,0.09532630279525382
v00010,16,515.5,510.5,87.62915307587802,0.6006203293800354,0.0,0.5257918809232942,0.5071128606796265,0.05,0.062558114528656,196,18.721645226849056,0.09495879420464484
v00010,17,513.5,467.5,130.67560439832909,0.606188952922821,0.0,0.5289340121713426,0.5249254703521729,0.05,0.06299823895096779,196,35.19232870953555,0.09197079813110762
v00010,18,440.5,602.5,79.33416342813341,0.5838773250579834,0.0,0.5744896931971355,0.41985276341438293,0.05885254915624212,0.4770240932703018,196,118.5179311328037,0.08702699777891638
v00010,19,431.5,602.5,88.32131077409444,0.5885540246963501,0.0,0.570092314993915,0.3778124749660492,0.05,0.522968202829361,196,123.28219660599822,0.06379455766641343
v00010,20,608.5,594.5,88.86203925092447,0.5807788968086243,0.0,0.5565165918183239,0.3896513879299164,0.05,0.5413792431354523,196,143.88363353766127,0.05012764140994938
v00011,1,431.5,479.5,,0.4688582718372345,0.0,0.45296342418652746,0.23130770027637482,0.05,0.4007795751094818,200,71.50174823037545,0.8423683838567563
v00011,2,422.5,445.5,,0.2176976054906845,0.0,0.326586465125022,0.036784328520298004,0.09358541225631423,0.20844296365976334,200,94.74439297393805,0.20732269956716556
v00011,3,427.5,438.5,,0.3745306730270386,0.0,0.44615547733819816,0.09648250788450241,0.05,0.344304159283638,200,95.07102608050468,0.1596022371725365
v00011,4,436.5,563.5,,0.4583246111869812,0.0,0.40828420701048973,0.23448900878429413,0.16249999999999998,0.36866430938243866,200,89.80256121069154,0.08681326550579255
v00011,5,440.5,628.5,,0.3480071723461151,0.0,0.3220297770167644,0.06755547970533371,0.125,0.299468532204628,200,141.60685011679342,0.08416368641144578
v00011,6,426.5,396.5,,0.46211227774620056,0.0,0.4201467803218096,0.21998301148414612,0.16249999999999998,0.3666195422410965,200,126.94290054981413,0.05593275741783508
v00011,7,433.5,507.5,,0.46852877736091614,0.0,0.45993481832113925,0.22668255865573883,0.12961646096066226,0.4016324579715729,200,66.9215959164155,0.0545232436425741
v00011,8,423.5,382.5,,0.32459014654159546,0.0,0.44188795538810927,0.11178003251552582,0.12961646096066226,0.31798771023750305,200,140.20877290669083,0.0494884727878049
v00011,9,421.5,353.5,,0.33876848220825195,0.0,0.3764391569546498,0.11828973889350891,0.05,0.3105749934911728,200,166.2061972370465,0.049386572262775985
v00011,10,444.5,702.5,,0.5301095843315125,0.0,0.5883082163275994,0.21098752319812775,0.05,0.4048004746437073,200,209.967854682568,0.04634819735531821
v00011,11,419.5,389.5,,0.20699726045131683,0.0,0.3236598641899384,0.016434354707598686,0.09358541225631423,0.2045714035630226,200,136.7132034589198,0.04101149619918444
v00011,12,436.5,577.5,,0.3139224946498871,0.0,0.441813841897314,0.08680000901222229,0.16249999999999998,0.2999231517314911,200,100.19231507456048,0.037956843291881835
v00011,13,442.5,665.5,,0.3568822741508484,0.0,0.3976530153854059,0.02529899962246418,0.05,0.33013254404067993,200,175.2041666171213,0.03688174372858001
v00011,14,429.5,451.5,,0.46724843978881836,0.0,0.4449889994629572,0.2331322580575943,0.16249999999999998,0.3991381376981735,200,85.57160744078611,0.03648157133359624
v00011,15,428.5,564.5,,0.21564966440200806,0.0,0.33335412806637715,0.14831769466400146,0.11020817282989959,0.17443326115608215,200,96.29382119326245,0.032852507715684515
v00011,16,422.5,453.5,,0.2064557820558548,0.0,0.34869374616899484,0.1560673862695694,0.09358541225631423,0.18992219865322113,200,90.37975437010216,0.032508313268588496
v00011,17,427.5,423.5,,0.4626753330230713,0.0,0.4335920044574425,0.23185887932777405,0.19366069605669878,0.3911423087120056,200,105.39686902370488,0.031719197409029745
v00011,18,423.5,360.5,,0.34615516662597656,0.0,0.33447002984285645,0.045501697808504105,0.05,0.31593891978263855,200,159.0990257669732,0.03131660613764079
v00011,19,437.5,569.5,,0.3846953511238098,0.0,0.4075019831114894,0.10371123254299164,0.05,0.32201987504959106,200,93.46924627919067,0.029963325670152485
v00011,20,441.5,650.5,,0.3811732530593872,0.0,0.3543884730365292,0.10767041891813278,0.05885254915624212,0.34863872826099396,200,161.46981141996793,0.02981936835021169
v00012,1,545.5,601.5,1.0731835520096447,0.9642982482910156,0.0,0.9462976172937542,0.8796185851097107,0.0,0.0,200,111.23174007449492,0.9347100244196402
v00012,2,544.5,464.5,136.02782559628073,0.5667948126792908,0.0,0.5358693820913085,0.4685392677783966,0.05,0.0,200,56.925389765903226,0.6133841079992314
v00012,3,543.5,346.5,254.03143801071238,0.6245466470718384,0.0,0.5721695453708217,0.5037776231765747,0.05,0.0,200,159.54466459270895,0.49593811033260765
v00012,4,544.5,515.5,85.02848727942879,0.5778287053108215,0.0,0.5418556893142519,0.430140882730484,0.05,0.0,200,47.12218161333365,0.4585670158368031
v00012,5,544.5,481.5,119.02798315512804,0.5692138075828552,0.0,0.5381398221620066,0.4557149112224579,0.05,0.0,200,48.19232304008596,0.45744792024674835
v00012,6,630.5,601.5,85.45770807409784,0.5664137005805969,0.0,0.5525826577404499,0.4780588150024414,0.05,0.0,200,165.325436639375,0.43630417442547675
v00012,7,544.5,498.5,102.02819321884866,0.5724215507507324,0.0,0.5424662846904021,0.4375649094581604,0.05,0.0,200,44.52527372178637,0.36162591397459404
v00012,8,544.5,532.5,68.02892830666417,0.601759135723114,0.0,0.5632619271895244,0.42758142948150635,0.05,0.0,200,55.10444628158421,0.3595975104522366
v00012,9,370.5,601.5,174.5505479068637,0.5791307687759399,0.0,0.5586623168746094,0.43094247579574585,0.05,0.0,200,164.53722982960423,0.3351588311806359
v00012,10,475.5,601.5,69.55464429925803,0.5877903699874878,0.0,0.5779494120719658,0.5475012063980103,0.05,0.0,200,104.41503723123408,0.3296308206703443
v00012,11,487.5,601.5,57.556064121840805,0.6002010703086853,0.0,0.5857447209976848,0.5453718304634094,0.05,0.0,200,102.26680790950698,0.3296308206703443
v00012,12,382.5,601.5,162.55074822401605,0.582604169845581,0.0,0.563915668933775,0.5092411637306213,0.05,0.0,200,155.26912120573104,0.317720858736546
v00012,13,544.5,431.5,169.02761021960342,0.5842352509498596,0.0,0.5453175359232176,0.508592963218689,0.05,0.0,200,81.68537200747757,0.3081304927584234
v00012,14,533.5,601.5,11.588776869677053,0.5604071617126465,0.0,0.5321850126959329,0.5959489345550537,0.05,0.0,200,106.88545270522083,0.30772789905976733
v00012,15,544.5,447.5,153.02770304401392,0.5775658488273621,0.0,0.5419153031742566,0.48731327056884766,0.05,0.0,200,68.82223477917583,0.3046212949081048
v00012,16,405.5,601.5,139.5512284584278,0.5871961116790771,0.0,0.5695076777159495,0.47914746403694153,0.05,0.0,200,138.68128929311266,0.29150047379597394
v00012,17,543.5,363.5,237.03177621432042,0.6130828857421875,0.0,0.5650489678098278,0.48589757084846497,0.05,0.0,200,143.26374279628465,0.27464905767721715
v00012,18,498.5,601.5,46.55800854488048,0.5378860235214233,0.0,0.5600729726444598,0.48989784717559814,0.05,0.0,200,101.5110831387391,0.2733287793438731
v00012,19,544.5,380.5,220.02740443857073,0.6030578017234802,0.0,0.5493836294742692,0.5748365521430969,0.05,0.0,200,127.51666557748442,0.26238036384154745
v00012,20,394.5,601.5,150.5509804743516,0.578760027885437,0.0,0.5652215494082653,0.5552423596382141,0.05,0.0,200,146.39842895331904,0.25281301565432074
v00013,1,476.0,413.0,0.16302005232031247,0.9360255002975464,0.0,0.9510614580941927,0.7718300223350525,0.05,0.0,194,90.24965373894794,0.7810613054476916
v00013,2,400.0,419.0,76.12196413561233,0.5953564643859863,0.0,0.5429551481369377,0.46048644185066223,0.05,0.0,194,128.68954891520912,0.7205086198393224
v00013,3,388.0,420.0,88.16351695825077,0.5989267826080322,0.0,0.5431659541374848,0.48495596647262573,0.05,0.0,194,137.63720427268203,0.7010029077534521
v00013,4,375.0,421.0,101.20183439660127,0.5953842401504517,0.0,0.5413997494797276,0.45403602719306946,0.05,0.0,194,147.87156589419075,0.6545957127093027
v00013,5,363.0,422.0,113.24338207516335,0.5964388251304626,0.0,0.5381616114564602,0.49326440691947937,0.05,0.0,194,157.64834283937145,0.6015931488870739
v00013,6,413.0,418.0,63.08365763867939,0.5989463329315186,0.0,0.5419379153842625,0.49281424283981323,0.05,0.0,194,119.55333537798099,0.520344342081218
v00013,7,425.0,417.0,51.042095984489016,0.5834013223648071,0.0,0.5412924074377203,0.421796053647995,0.05,0.0,194,111.8659912573969,0.47109924548513266
v00013,8,350.0,423.0,126.28170551038168,0.5938116312026978,0.0,0.539536825607294,0.46010124683380127,0.05,0.0,194,168.60901518009052,0.3187486810792784
v00013,9,492.0,619.0,206.73625405775724,0.5694383978843689,0.0,0.6279842723250229,0.44887521862983704,0.05,0.0,194,119.26860441876563,0.24778674529617523
v00013,10,629.0,402.0,153.5103668903329,0.5513435006141663,0.0,0.4913129841369355,0.3230394721031189,0.05,0.0,194,162.00308639035245,0.2086979647573522
v00013,11,490.0,590.0,177.66880580068923,0.5661200881004333,0.0,0.6145495884953176,0.44586145877838135,0.05,0.0,194,90.55385138137417,0.1889892936425359
v00013,12,488.0,560.0,147.60527510671272,0.5655186772346497,0.0,0.6148353491299188,0.4499385952949524,0.05,0.0,194,61.18823416311342,0.17677484795162476
v00013,13,483.0,502.0,89.3908391791481,0.5604667067527771,0.0,0.616388098819989,0.4653790593147278,0.05,0.0,194,17.11724276862369,0.13878037392402054
v00013,14,481.0,472.0,59.32819577433348,0.5655290484428406,0.0,0.6228322814134603,0.45456570386886597,0.05,0.0,194,33.83784863137726,0.13727246298797152
v00013,15,486.0,531.0,118.53962650581376,0.5602942705154419,0.0,0.5958177494897506,0.4284820556640625,0.05,0.0,194,34.0147027033899,0.13696441082553232
v00013,16,338.0,424.0,138.32324983600944,0.5929221510887146,0.0,0.5372324906480953,0.48636242747306824,0.05,0.0,194,178.94133116750865,0.08152871760721589
v00013,17,325.0,425.0,151.3615770530435,0.5905387997627258,0.0,0.5309696282974449,0.45856988430023193,0.05,0.0,194,190.3943276465977,0.062163256079336614
v00013,18,642.0,401.0,166.5485730350617,0.5453346967697144,0.0,0.48708976597969045,0.33845254778862,0.05,0.0,194,173.1040149736568,0.04956582758652113
v00013,19,604.0,404.0,128.4316573286286,0.5465268492698669,0.0,0.4827473118022455,0.3108110725879669,0.05,0.0,194,141.53444810363305,0.04572619887208323
v00013,20,579.0,406.0,103.35351211038713,0.5458130240440369,0.0,0.4817973762903379,0.3172897696495056,0.05,0.0,194,122.78843593759146,0.040662768598175685
v00014,1,582.0,370.0,77.27203348889263,0.4974417984485626,0.0,0.5502827336980156,0.4543658196926117,0.05,0.0,167,153.7010084547268,0.678785866634838
v00014,2,593.0,371.0,66.23396310750277,0.49820637702941895,0.0,0.5456879854131182,0.42731907963752747,0.05,0.0,167,159.02829936838285,0.6703041295666761
v00014,3,604.0,372.0,55.19880957360885,0.4586150050163269,0.0,0.5314129202279234,0.4057542383670807,0.05,0.0,167,164.92422502470643,0.6521814503887152
v00014,4,515.0,366.0,144.39120792292104,0.5006877183914185,0.0,0.5528471610519528,0.423618346452713,0.05,0.0,167,134.8369385591352,0.6453900985582439
v00014,5,571.0,369.0,88.31192699794887,0.4964945614337921,0.0,0.5503039673329551,0.4635442793369293,0.05,0.0,167,149.00335566691106,0.6334591765540201
v00014,6,549.0,368.0,110.33244126080957,0.49978357553482056,0.0,0.5356046432774237,0.48342347145080566,0.05,0.0,167,140.80127840328723,0.6293900891801404
v00014,7,538.0,367.0,121.37247169417167,0.49619367718696594,0.0,0.5347294702706958,0.48096033930778503,0.05,0.0,167,138.32208789632983,0.6293900891801404
v00014,8,560.0,369.0,99.29359649034518,0.4973302483558655,0.0,0.5352088546094693,0.4713602662086487,0.05,0.0,167,144.08677940741129,0.6293900891801404
v00014,9,493.0,364.0,166.4718580019014,0.4982529282569885,0.0,0.5518004313953925,0.4432929456233978,0.05,0.0,167,136.1800279042415,0.6293900891801404
v00014,10,482.0,364.0,177.45168739829347,0.4799632728099823,0.0,0.5343545677888065,0.40666714310646057,0.05,0.0,167,137.18600511714013,0.626660702578757
v00014,11,421.0,359.0,238.64409732542475,0.5761286616325378,0.0,0.6572366564722453,0.3230418264865875,0.05885254915624212,0.0,167,161.62301816263673,0.2799247110609491
v00014,12,638.0,374.0,21.150301356560213,0.46742603182792664,0.0,0.457124349494074,0.4178875982761383,0.05,0.0,167,186.86893802876924,0.17629801383119048
v00014,13,396.0,600.0,346.6117934262252,0.44644081592559814,0.0,0.4471156729694441,0.38285714387893677,0.05,0.0,167,144.27751037497146,0.089458598038016
v00014,14,414.0,360.0,245.56923264578992,0.5191100835800171,0.0,0.5619728532449069,0.30505675077438354,0.16249999999999998,0.0,167,164.30459518832697,0.06904551798273105
v00014,15,406.0,601.0,339.7484347975285,0.6109539866447449,0.0,0.6539702453137455,0.2525039613246918,0.05885254915624212,0.0,167,137.97463535012514,0.06253130988795609
v00014,16,651.0,504.0,129.85207288592207,0.4355027675628662,0.0,0.48902393555508517,0.4077944755554199,0.05,0.0,167,151.0529708413575,0.042339131452674164
v00014,17,650.0,520.0,145.88329150935186,0.43707960844039917,0.0,0.4899711116890967,0.3897049129009247,0.05,0.0,167,151.32745950421557,0.03997722410565267
v00014,18,660.0,375.0,1.0412026672875168,0.8655363917350769,0.0,0.9030284707001932,0.6592572331428528,0.05,0.0,167,203.03940504246953,0.03653287237762001
v00014,19,504.0,365.0,155.43117517416744,0.5026664137840271,0.0,0.5538037801472694,0.44232460856437683,0.17694368026754387,0.0,167,135.05924625881784,0.0361711739838114
v00014,20,526.0,367.0,133.35213397189304,0.493427574634552,0.0,0.538661750190183,0.38784438371658325,0.1662132317597294,0.0,167,135.51752654177244,0.03489239817870978
v00015,1,468.0,636.0,2.7062468132674327,0.5580855011940002,0.0,0.5996522166039191,0.2534329295158386,0.05,0.0,167,139.71399357258383,0.6984331380742016
v00015,2,498.0,317.0,319.5558985683397,0.7025761604309082,0.0,0.7366536435550373,0.33726394176483154,0.05,0.0,167,183.0109286354233,0.1851116291031351
v00015,3,474.0,636.0,3.4215247812498206,0.6426763534545898,0.0,0.6668975157090631,0.3356176018714905,0.16249999999999998,0.0,167,138.4629914453678,0.11036093528365043
v00015,4,400.0,631.0,70.77054021157608,0.4114692509174347,0.0,0.41797222810312223,0.22973810136318207,0.05,0.0,167,164.80594649465777,0.09128305764716474
v00015,5,393.0,630.0,77.82107584619304,0.41232797503471375,0.0,0.4218494787308389,0.245711550116539,0.05,0.0,167,168.37161280928564,0.0706759553259962
v00015,6,438.0,312.0,325.02455596441047,0.4250454306602478,0.0,0.45279287083049435,0.19092406332492828,0.05,0.0,167,197.9595918363139,0.04038906949376363
v00015,7,518.0,640.0,47.589841939058594,0.33615773916244507,0.0,0.41311266350329723,0.12453803420066833,0.11020817282989959,0.0,167,141.1523999087511,0.01619876867661507
v00015,8,349.0,627.0,121.92321176816844,0.40940287709236145,0.0,0.4129557398083141,0.22828719019889832,0.05,0.0,167,197.3068675946177,0.015157225909468606
v00015,9,364.0,628.0,106.88995819937534,0.4104585349559784,0.0,0.4157469101603455,0.23088626563549042,0.05,0.0,167,186.76188047886004,0.01491042829119671
v00015,10,479.0,571.0,64.92320767084863,0.33846721053123474,0.0,0.3315136531322259,0.12243029475212097,0.0875,0.0,167,74.04052944165107,0.0142913093578413
v00015,11,466.0,694.0,58.800915108864835,0.34526652097702026,0.0,0.38856243656733414,0.17419567704200745,0.16249999999999998,0.0,167,196.95684806576287,0.012386463135712306
v00015,12,493.0,383.0,253.3710563449152,0.34517902135849,0.0,0.34148575598274616,0.1057366281747818,0.11020817282989959,0.0,167,117.2092146548214,0.011523778787572905
v00015,13,622.0,648.0,151.8902684958279,0.3936235308647156,0.0,0.41001215830174786,0.21838168799877167,0.11020817282989959,0.0,167,191.80198122021577,0.008555761232368524
v00015,14,478.0,577.0,58.84477937799835,0.37402039766311646,0.0,0.3741885987873532,0.2371712625026703,0.05,0.0,167,80.0812087820857,0.007634081729354912
v00015,15,511.0,639.0,40.527071690478735,0.3558156490325928,0.0,0.39618301317094723,0.1403433382511139,0.2,0.0,167,139.43457247038842,0.007370285916241111
v00015,16,479.0,563.0,72.86381356044572,0.3509014844894409,0.0,0.34653674754992125,0.0972493588924408,0.09358541225631423,0.0,167,66.40783086353596,0.007327881987023047
v00015,17,504.0,638.0,33.467805781464456,0.36356449127197266,0.0,0.35150373521562706,0.15523692965507507,0.05,0.0,167,138.05795884337854,0.007306175789648716
v00015,18,541.0,641.0,70.58916865782116,0.37445488572120667,0.0,0.42968260554797877,0.20817333459854126,0.05,0.0,167,146.84004903295286,0.006981037780901601
v00015,19,527.0,319.0,321.36370204460513,0.3374086022377014,0.0,0.32009615233020333,0.1414405107498169,0.05,0.0,167,183.0027322200409,0.006716188321017009
v00015,20,490.0,423.0,213.26307346053775,0.3387836515903473,0.0,0.3391496644343298,0.09330181777477264,0.2,0.0,167,77.64663547121665,0.006533686622042757
v00016,1,539.5,590.5,0.9153918355408733,0.9408020973205566,0.0,0.9343472688835442,0.8150784969329834,0.05,0.38298097252845764,169,98.74462010661644,0.9126992268909286
v00016,2,546.5,417.5,173.10355635562615,0.653122067451477,0.0,0.5889319932248516,0.5409533381462097,0.05,0.2034066878259182,169,94.70216470598758,0.521489269653525
v00016,3,542.5,512.5,78.02078297206437,0.6450492739677429,0.0,0.5677231611142504,0.5496760010719299,0.05,0.18703310191631317,169,44.30011286667337,0.4757194663386285
v00016,4,474.5,588.5,64.11671601364621,0.5398576259613037,0.0,0.5357725637868419,0.5385196208953857,0.05,0.11827771365642548,169,92.10048859805251,0.47305828915282244
v00016,5,484.5,588.5,54.12204371402585,0.5442570447921753,0.0,0.5632829973664722,0.42359495162963867,0.05,0.11436026357114315,169,89.8470923291344,0.4281864896348933
v00016,6,540.5,559.5,30.981702542909527,0.543231725692749,0.0,0.5413980078276548,0.5388764142990112,0.05,0.2836887091398239,169,71.97569034055873,0.42485312799940256
v00016,7,398.5,584.5,140.21302573977823,0.5458180904388428,0.0,0.563169103206496,0.41769054532051086,0.05,0.10204065591096878,169,132.07005716664167,0.41547120100511764
v00016,8,547.5,386.5,204.11729268538272,0.6661179065704346,0.0,0.6455955814401964,0.5389243960380554,0.05,0.22757091373205185,169,123.03861182571916,0.4126166459480803
v00016,9,546.5,402.5,188.08912897968958,0.6581438183784485,0.0,0.6160743008785983,0.49828848242759705,0.05,0.28931480646133423,169,108.02083132433299,0.3753795279847142
v00016,10,544.5,464.5,126.0613522847062,0.6471490263938904,0.0,0.5852587370931591,0.5276474356651306,0.05,0.21520160883665085,169,56.925389765903226,0.37399001715431945
v00016,11,544.5,449.5,141.0466013671427,0.6566615700721741,0.0,0.6297415602414191,0.4947749376296997,0.05,0.21065115928649902,169,67.30898899849856,0.3727285763127594
v00016,12,545.5,433.5,157.07479902929543,0.6661348938941956,0.0,0.6535272898419731,0.5394098162651062,0.05,0.22091694921255112,169,80.57605103254937,0.3714775971802193
v00016,13,366.5,583.5,172.2270663088561,0.5620055198669434,0.0,0.5757405636617696,0.5062564015388489,0.05,0.11435555294156075,169,157.46269399448238,0.36992373682979707
v00016,14,409.5,585.5,129.18170878144755,0.5591843128204346,0.0,0.5855665636736895,0.4909193515777588,0.05,0.113266721367836,169,124.5010040120159,0.27917296332229485
v00016,15,547.5,370.5,220.10314325729482,0.53587406873703,0.0,0.5761396921677101,0.34597209095954895,0.05,0.43588416278362274,169,137.93657962991543,0.27366692407362964
v00016,16,542.5,496.5,94.00408009286097,0.6596101522445679,0.0,0.622438183619747,0.49011465907096863,0.05,0.20938271284103394,169,42.64387412044079,0.2736534036338133
v00016,17,540.5,543.5,46.9615842044152,0.6010291576385498,0.0,0.6210157010406365,0.4678986072540283,0.05,0.19862885773181915,169,59.434838268476845,0.2736534036338133
v00016,18,543.5,480.5,110.03233982323975,0.6581947803497314,0.0,0.6449785638577348,0.5273311734199524,0.05,0.2165651097893715,169,47.67074574621211,0.2725904447436699
v00016,19,463.5,587.5,75.14474017377091,0.5468263030052185,0.0,0.5895436184038256,0.5219173431396484,0.05,0.11265454813838005,169,94.80770010922109,0.26732648564115546
v00016,20,388.5,584.5,150.20469447955128,0.5514323115348816,0.0,0.5438557627226865,0.565528929233551,0.05,0.12171823903918266,169,139.90175123993265,0.2624299430026384
v00017,1,380.0,504.0,0.8322941971246174,0.9808104634284973,0.0,0.9568439462328204,0.9674991369247437,0.0,0.0,200,120.06664815842908,0.9347100244196402
v00017,2,583.0,457.0,208.771948783212,0.5971924662590027,0.0,0.5478834599517473,0.5072647929191589,0.05,0.0,200,93.47726996441435,0.5656701833778479
v00017,3,584.0,632.0,241.63177438783944,0.6480401754379272,0.0,0.6086225656903885,0.5817574262619019,0.05,0.0,200,156.46085772486356,0.4431027280382778
v00017,4,584.0,616.0,233.50817391104857,0.6470677256584167,0.0,0.6062059978266436,0.5773175954818726,0.05,0.0,200,143.22011031974526,0.3992625209325173
v00017,5,584.0,600.0,226.22603778683228,0.6437662243843079,0.0,0.6069405682199627,0.5747313499450684,0.05,0.0,200,130.59862173851607,0.3992625209325173
v00017,6,583.0,504.0,203.55595664573622,0.8154910206794739,0.0,0.8405783883237026,0.6196765899658203,0.05,0.0,200,83.09632964216891,0.35656767107198983
v00017,7,380.0,409.0,94.38140968845566,0.6405971646308899,0.0,0.5991639512670328,0.6329054832458496,0.05,0.0,200,150.60212481900777,0.28551596620353786
v00017,8,583.0,425.0,218.12389226688038,0.5904567837715149,0.0,0.5447780755791618,0.49086305499076843,0.05,0.0,200,111.8659912573969,0.27518829834267866
v00017,9,583.0,362.0,247.83640648599157,0.5888885259628296,0.0,0.540748507150467,0.5089805126190186,0.05,0.0,200,161.0372627685903,0.2576804725792802
v00017,10,380.0,393.0,110.3811731421481,0.6360132098197937,0.0,0.5996972897666772,0.6176028251647949,0.05,0.0,200,160.77624202599088,0.25577522792543045
v00017,11,380.0,441.0,62.38224680040453,0.6339690089225769,0.0,0.5926825558438797,0.6336337327957153,0.05,0.0,200,133.71985641631537,0.24308141914581585
v00017,12,583.0,394.0,231.0813246477874,0.5932080149650574,0.0,0.5413798803001804,0.5092838406562805,0.05,0.0,200,134.6291201783626,0.2399029068652133
v00017,13,583.0,378.0,239.07055755661943,0.5962591767311096,0.0,0.5413748267098459,0.5078378319740295,0.05,0.0,200,147.5567687366459,0.23685995595717368
v00017,14,380.0,425.0,78.38174280611108,0.6392925977706909,0.0,0.6003643275707359,0.6361691355705261,0.05,0.0,200,141.50971698084905,0.22304588416717894
v00017,15,380.0,456.0,47.383028417365466,0.6328991651535034,0.0,0.6042345068736396,0.6115297079086304,0.05,0.0,200,127.81236246936366,0.22304588416717894
v00017,16,334.0,504.0,45.44922036972497,0.625159740447998,0.0,0.6000283320984049,0.5783992409706116,0.05,0.0,200,166.04818577750254,0.21856104763020387
v00017,17,584.0,569.0,214.82263939364435,0.6425498723983765,0.0,0.5960173492409658,0.570521891117096,0.05,0.0,200,108.70602559196064,0.19786818639036727
v00017,18,583.0,410.0,223.95183792842457,0.5881600379943848,0.0,0.535345591824449,0.5025875568389893,0.05,0.0,200,122.42957159118053,0.19348280336671667
v00017,19,584.0,584.0,219.86899067896326,0.6324785947799683,0.0,0.5983743568840888,0.5554391741752625,0.05,0.0,200,118.79393923933998,0.18162601818847413
v00017,20,328.0,504.0,51.4487268176942,0.643269419670105,0.0,0.6176419169649313,0.6221153140068054,0.05,0.0,200,172.04650534085255,0.16907796981985698
v00018,1,457.0,415.0,,0.7578340172767639,0.0,0.8864651910294317,0.685427725315094,0.05,0.4973588101565838,192,95.25754563287887,0.1509173955936288
v00018,2,442.0,414.0,,0.7575579881668091,0.0,0.8848638638313105,0.686163067817688,0.05,0.5022051446139812,192,103.73041983911952,0.0959939813336613
v00018,3,407.0,482.0,,0.7564423084259033,0.0,0.8935971915721366,0.7071946859359741,0.05,0.5187003463506699,192,94.72592042308166,0.0746873546513564
v00018,4,397.0,411.0,,0.7548398375511169,0.0,0.8728557624079973,0.6739493608474731,0.05,0.49779799580574036,192,136.12494260788506,0.0649203298099617
v00018,5,367.0,408.0,,0.7602697610855103,0.0,0.8896930628035766,0.6935389041900635,0.05,0.4950989820063114,192,161.7188919081503,0.06464904030708776
v00018,6,347.0,478.0,,0.7570207118988037,0.0,0.878674005133024,0.6946732997894287,0.05,0.5192988738417625,192,154.5736070614903,0.057094325654131875
v00018,7,402.0,553.0,,0.7440034747123718,0.0,0.8677753127282746,0.6753900647163391,0.05,0.5114956721663475,192,111.4136436887332,0.05697772275322005
v00018,8,392.0,481.0,,0.759354829788208,0.0,0.8910550738286896,0.7105839848518372,0.05,0.5196049213409424,192,109.65856099730654,0.047034739378480635
v00018,9,362.0,479.0,,0.7580641508102417,0.0,0.8829119170724926,0.7047877907752991,0.05,0.5198429152369499,192,139.5886814895821,0.04061374001449923
v00018,10,377.0,480.0,,0.7593879699707031,0.0,0.8886150661948741,0.7069370150566101,0.05,0.5202044621109962,192,124.61540835707277,0.027238363036984008
v00018,11,437.0,484.0,,0.7529585957527161,0.0,0.8924072676143787,0.7003437876701355,0.05,0.516772910952568,192,65.0,0.024176893609163867
v00018,12,352.0,407.0,,0.7619510889053345,0.0,0.8886743882971326,0.6961550116539001,0.05,0.4968523420393467,192,174.79416466232504,0.023515256860664566
v00018,13,628.0,641.0,,0.751803994178772,0.0,0.8723929125254657,0.6720178723335266,0.05,0.5045193135738373,192,190.4337155022713,0.019676765086659474
v00018,14,427.0,413.0,,0.7551396489143372,0.0,0.8810584851407738,0.6826348304748535,0.05,0.501420646905899,192,113.56936206565572,0.019281810492519882
v00018,15,417.0,554.0,,0.74570232629776,0.0,0.8736053395452134,0.6771386861801147,0.05,0.5136192217469215,192,99.02019995940222,0.01807539350499268
v00018,16,412.0,412.0,,0.7555407285690308,0.0,0.8776863788244265,0.6751976609230042,0.05,0.49974552541971207,192,124.45079348883236,0.01666553521435224
v00018,17,442.0,626.0,,0.7498152256011963,0.0,0.8950121775356954,0.6984977126121521,0.05,0.5102479234337807,192,138.70832707519762,0.01580403893484197
v00018,18,422.0,483.0,,0.7546301484107971,0.0,0.8935762955866033,0.7005111575126648,0.05,0.5175826400518417,192,79.83107164506812,0.015210871224173254
v00018,19,317.0,476.0,,0.7541041970252991,0.0,0.8684878118806736,0.6809895038604736,0.05,0.5200587064027786,192,184.5670609832643,0.014003414998106568
v00018,20,633.0,570.0,,0.7475286722183228,0.0,0.886371994634972,0.7035551071166992,0.05,0.49899815022945404,192,150.29637387508723,0.013503080322563634
v00019,1,550.5,311.5,1.1636525431417135,0.9360003471374512,0.0,0.9178923641396373,0.7735169529914856,0.05,0.0,197,195.14738020275854,0.4212045742671955
v00019,2,539.5,651.5,340.80923284407766,0.7553838491439819,0.0,0.7837761119023452,0.3099985420703888,0.05,0.0,197,156.56468311851177,0.3783088106813691
v00019,3,453.5,308.5,96.0709507757647,0.6336467862129211,0.0,0.5974212745818372,0.5042632818222046,0.05,0.0,197,197.0647101842438,0.22799104065312986
v00019,4,445.5,308.5,104.0687621179072,0.6265398263931274,0.0,0.5974835925850293,0.49391597509384155,0.05,0.0,197,199.10424405320947,0.22799104065312986
v00019,5,557.5,311.5,7.984947067531416,0.6356194615364075,0.0,0.613175980547803,0.5263840556144714,0.05,0.0,197,197.07485887347477,0.19661025997251408
v00019,6,469.5,308.5,80.0766398606429,0.5598544478416443,0.0,0.5651830647751436,0.43570858240127563,0.05,0.0,197,193.91364057229188,0.11421034659859935
v00019,7,542.5,311.5,7.073454109224898,0.6701527833938599,0.0,0.6050440888754643,0.5605236291885376,0.125,0.0,197,193.23172617352463,0.027781647406465312
v00019,8,437.5,307.5,112.09221396036286,0.6202084422111511,0.0,0.5971676084137094,0.4750543534755707,0.05,0.0,197,202.39194648009095,0.02621829738520388
v00019,9,429.5,307.5,120.08890080407062,0.6237977147102356,0.0,0.5892139582630511,0.4868955910205841,0.05,0.0,197,205.00365850393987,0.02621829738520388
v00019,10,545.5,427.5,116.73125983963293,0.4750264286994934,0.0,0.4869125111087633,0.13562175631523132,0.1340990257669732,0.0,197,85.5949764881094,0.020199090607001563
v00019,11,461.5,308.5,88.07353698566475,0.6272403001785278,0.0,0.5920394666882813,0.4817214906215668,0.2,0.0,197,195.33176904948155,0.019687223283495186
v00019,12,406.5,306.5,143.10826548971988,0.6221809387207031,0.0,0.5809484564724625,0.5168035626411438,0.05,0.0,197,214.90579331418687,0.01868422920946295
v00019,13,548.5,361.5,50.671966651067045,0.38595256209373474,0.0,0.3942414281887531,0.13537654280662537,0.16249999999999998,0.0,197,146.746379853133,0.016249107078069314
v00019,14,541.5,563.5,252.78920997991435,0.473248153924942,0.0,0.5166643865503899,0.10839730501174927,0.05,0.0,197,75.85842075867386,0.014833064871858204
v00019,15,598.5,313.5,49.02979767957588,0.5444831848144531,0.0,0.5354851224753049,0.48317545652389526,0.05,0.0,197,210.91348937419815,0.014093313633780068
v00019,16,533.5,651.5,341.0387704369026,0.6051226854324341,0.0,0.6282152907030119,0.11949187517166138,0.1662132317597294,0.0,197,155.15959525598151,0.014085478220513934
v00019,17,537.5,645.5,334.87784071829185,0.5549880266189575,0.0,0.6494048654451905,0.0762876346707344,0.1662132317597294,0.0,197,150.25478361769385,0.013528870273384246
v00019,18,545.5,437.5,126.72573481289162,0.46595752239227295,0.0,0.47784562672882436,0.14883854985237122,0.14270509831248424,0.0,197,77.3078262532326,0.011884256364436527
v00019,19,546.5,387.5,76.72159216964874,0.38342466950416565,0.0,0.4870745221572267,0.08512845635414124,0.05885254915624212,0.0,197,121.73126139164088,0.010058037019527219
v00019,20,414.5,307.5,135.08374613436638,0.6234601140022278,0.0,0.5616600481580489,0.5242733955383301,0.05,0.0,197,210.63356807498656,0.009857266033216953
v00020,1,674.5,505.5,0.164916504257384,0.9383176565170288,0.0,0.9204526447928987,0.8175902366638184,0.0,0.0,185,174.58665470189868,0.7918534983621306
v00020,2,611.5,510.5,63.03318661239129,0.5378462076187134,0.0,0.5793755248603263,0.47789353132247925,0.05,0.0,185,111.99330337122841,0.5043437365123413
v00020,3,434.5,524.5,240.5859938367229,0.5599534511566162,0.0,0.5788462056124292,0.509554922580719,0.05,0.0,185,69.93210993527937,0.37376046170123906
v00020,4,560.5,514.5,114.18979637553142,0.5409092307090759,0.0,0.564171027174811,0.4497016370296478,0.05,0.0,185,62.213342620373645,0.35447692667158004
v00020,5,586.5,512.5,88.11305558936425,0.5401039719581604,0.0,0.5692383410521042,0.48416081070899963,0.05,0.0,185,87.39851257315539,0.3488794480370942
v00020,6,409.5,526.5,265.6658585162676,0.5608721375465393,0.0,0.5904764428611105,0.522047758102417,0.05,0.0,185,94.30005302225445,0.3299171130449563
v00020,7,396.5,527.5,278.70423013775905,0.5589752793312073,0.0,0.5735560541502525,0.49319276213645935,0.05,0.0,185,107.0910827286754,0.32034484751646
v00020,8,573.5,513.5,101.15142154606559,0.5462090373039246,0.0,0.5779952694225468,0.48029643297195435,0.05,0.0,185,74.7295122424869,0.3020051122544533
v00020,9,510.5,518.5,164.34952235357738,0.5556976199150085,0.0,0.5765368236067635,0.5085014700889587,0.05,0.0,185,21.27204738618265,0.29182813698485666
v00020,10,485.5,520.5,189.4293890837187,0.5581881403923035,0.0,0.5898719684427653,0.5177595615386963,0.05,0.0,185,25.10975905897944,0.29182813698485666
v00020,11,535.5,516.5,139.26965766837793,0.5511214137077332,0.0,0.5804410650671775,0.49651506543159485,0.05,0.0,185,39.147158262126766,0.2913781308537153
v00020,12,459.5,522.5,215.50613095599348,0.5546743869781494,0.0,0.5776339405594443,0.4799157381057739,0.05,0.0,185,46.330335634441504,0.2913781308537153
v00020,13,421.5,525.5,253.62436780778603,0.5549485087394714,0.0,0.5771990237291156,0.47486910223960876,0.05,0.0,185,82.53787009609589,0.23934129490087908
v00020,14,624.5,509.5,49.99483072295652,0.5491532683372498,0.0,0.5708632447209168,0.4835222363471985,0.05,0.0,185,124.86192373978547,0.22452498712904495
v00020,15,472.5,521.5,202.46775783844288,0.5608036518096924,0.0,0.5771110588110017,0.5124642848968506,0.05,0.0,185,34.90701935141412,0.162066371144001
v00020,16,523.5,517.5,151.31115617281353,0.5508105754852295,0.0,0.5804424764027178,0.500670313835144,0.05,0.0,185,29.300170647967224,0.162066371144001
v00020,17,497.5,519.5,177.38789421306205,0.5566878914833069,0.0,0.5753172158916445,0.4832456111907959,0.05,0.0,185,19.6596032513375,0.162066371144001
v00020,18,447.5,523.5,227.54762339982415,0.5607035160064697,0.0,0.5862422644404672,0.5138595104217529,0.05,0.0,185,57.51956188984753,0.1508224322461435
v00020,19,548.5,515.5,126.23128784723585,0.5499721765518188,0.0,0.5710167783162134,0.5022037029266357,0.05,0.0,185,50.91659847240387,0.1508224322461435
v00020,20,669.5,446.5,59.210047328421055,0.566257119178772,0.0,0.565358900163975,0.43162012100219727,0.05,0.0,185,177.74279169631606,0.07558926303727906
v00021,1,387.0,578.0,303.7148179190078,0.5619370937347412,0.0,0.5277520987874832,0.34654536843299866,0.05,0.0,200,137.3062270984095,0.35396463985681775
v00021,2,386.0,428.0,365.13340352475245,0.5558190941810608,0.0,0.5379928482068523,0.3412383496761322,0.05,0.0,200,134.8332303254654,0.33568655500780453
v00021,3,386.0,488.0,334.2590463361192,0.5489405989646912,0.0,0.5349301915877461,0.32939866185188293,0.05,0.0,200,114.6298390472568,0.3034811814451398
v00021,4,386.0,458.0,348.7488440318488,0.5533185005187988,0.0,0.535031096343339,0.3337080180644989,0.05,0.0,200,121.49074038789952,0.2765822253283656
v00021,5,387.0,518.0,320.9921851628384,0.5522715449333191,0.0,0.5198574459282507,0.33614271879196167,0.05,0.0,200,114.42464769445436,0.2410627686720889
v00021,6,387.0,548.0,311.02947895592627,0.5533580183982849,0.0,0.5223077983198168,0.3458649516105652,0.05,0.0,200,122.7721466783081,0.23706784556946958
v00021,7,387.0,639.0,297.7423552441567,0.849542498588562,0.0,0.8592411604973518,0.5358789563179016,0.05,0.0,200,179.13681921927719,0.14313090848781582
v00021,8,569.0,639.0,115.74529931150099,0.5193382501602173,0.0,0.5158414025553717,0.3116496801376343,0.05,0.0,200,155.18376203714098,0.12394622532945739
v00021,9,556.0,639.0,128.74481298054968,0.5182573795318604,0.0,0.5165000525099742,0.2721770405769348,0.05,0.0,200,149.85659811966906,0.11049255111337458
v00021,10,492.0,639.0,192.74337520894582,0.5179994702339172,0.0,0.5212106987955343,0.2814536690711975,0.05,0.0,200,139.2300254973761,0.10286161913657792
v00021,11,505.0,639.0,179.7435843924581,0.521507203578949,0.0,0.5227125689839003,0.3166957497596741,0.05,0.0,200,139.0898989862312,0.1013391710631496
v00021,12,582.0,639.0,102.74590870697087,0.5201960206031799,0.0,0.5145985438437365,0.34652504324913025,0.05,0.0,200,161.38463371709216,0.09179131011740851
v00021,13,518.0,639.0,166.74382619323853,0.5209131836891174,0.0,0.5206105530827586,0.3516814410686493,0.05,0.0,200,140.1606221447379,0.08898635209692686
v00021,14,467.0,639.0,217.74304313665897,0.5168673396110535,0.0,0.5196667327315456,0.3888622224330902,0.05,0.0,200,142.86357128393507,0.08204444798210586
v00021,15,531.0,639.0,153.74410888509902,0.5207787156105042,0.0,0.5160351796331468,0.3872978389263153,0.05,0.0,200,142.414886862294,0.08204444798210586
v00021,16,454.0,639.0,230.74289889637058,0.516565203666687,0.0,0.5238960500805838,0.3438962399959564,0.05,0.0,200,146.4137971640651,0.08191740943230022
v00021,17,384.0,341.0,422.6353489165603,0.750250518321991,0.0,0.8036737986084928,0.3263954222202301,0.05,0.0,200,196.81717404738845,0.07147196871687594
v00021,18,685.0,548.0,89.94447699372938,0.5925429463386536,0.0,0.565345365918032,0.46954628825187683,0.05,0.0,200,191.12561314486345,0.06634007117160078
v00021,19,684.0,428.0,209.94540845574647,0.5986800789833069,0.0,0.5950721302540788,0.41664913296699524,0.05,0.0,200,197.5854245636555,0.06594659183590341
v00021,20,684.0,518.0,119.94638828907473,0.5920402407646179,0.0,0.5940630315994709,0.37248390913009644,0.05,0.0,200,184.87833837418594,0.06498663126166711
v00022,1,533.5,464.5,0.45675974232108213,0.9576550722122192,0.0,0.911646663891613,0.913287341594696,0.0,0.0,186,48.81085944746312,0.90990967922162
v00022,2,535.5,483.5,19.527281542711023,0.5427958965301514,0.0,0.47200415829439146,0.591027021408081,0.05,0.0,186,39.147158262126766,0.54830754632041
v00022,3,373.5,476.5,160.26140022329642,0.5573785305023193,0.0,0.5403387751587314,0.5389936566352844,0.05,0.0,186,128.6642918606402,0.4957449854893627
v00022,4,624.5,457.5,91.45749455607822,0.5528466701507568,0.0,0.5398799452581442,0.5802335739135742,0.05,0.0,186,131.55417135157668,0.4957449854893627
v00022,5,652.5,455.5,119.52882333026933,0.5614154934883118,0.0,0.5321983737010041,0.5508385300636292,0.05,0.0,186,158.86000125897016,0.48922958048712656
v00022,6,631.5,457.5,98.44054381358845,0.5491304397583008,0.0,0.5637328649397861,0.5697333216667175,0.05,0.0,186,138.19732269476134,0.45291811758710426
v00022,7,659.5,455.5,126.51168705917524,0.5511654019355774,0.0,0.5663514727902256,0.5296466946601868,0.05,0.0,186,165.5913645091434,0.42788867952847864
v00022,8,414.5,473.5,119.15232961300283,0.5546746850013733,0.0,0.5571786521152553,0.4122168719768524,0.05,0.0,186,89.51256894984078,0.4028546689300056
v00022,9,610.5,458.5,77.42183259490339,0.5446935296058655,0.0,0.5358327118940948,0.5915961861610413,0.05,0.0,186,118.03601145413208,0.39999745859614366
v00022,10,442.5,471.5,91.08207259636407,0.5639612674713135,0.0,0.5473634449965569,0.4393332898616791,0.05,0.0,186,64.17554051194271,0.393472493917947
v00022,11,645.5,456.5,112.47610330393232,0.550198495388031,0.0,0.48648078453905763,0.5496644377708435,0.05,0.0,186,151.8634254848744,0.3677793661015538
v00022,12,456.5,470.5,77.04723938319377,0.5637434720993042,0.0,0.4820169090857064,0.4570411145687103,0.05,0.0,186,52.55949010407159,0.3315109823643203
v00022,13,449.5,470.5,84.02505424414326,0.557810366153717,0.0,0.5642956870148579,0.43399834632873535,0.05,0.0,186,58.48504082241885,0.30911410254229055
v00022,14,582.5,460.5,49.35052042389808,0.511963427066803,0.0,0.5380727060198554,0.5608758926391602,0.05,0.0,186,91.46857383823145,0.3070365881670277
v00022,15,387.5,475.5,146.22602213577935,0.5503796339035034,0.0,0.5646855344716775,0.553680956363678,0.05,0.0,186,115.13687506615767,0.3009523725251257
v00022,16,309.5,481.5,224.45640962795196,0.8109869360923767,0.0,0.866643020622346,0.5771572589874268,0.0,0.0,186,191.39618595990882,0.30030995646601777
v00022,17,638.5,456.5,105.49315834970962,0.5550925731658936,0.0,0.520368456224612,0.5666413903236389,0.05,0.0,186,145.17058930788977,0.29366754066756967
v00022,18,554.5,462.5,21.27927559542193,0.5500550270080566,0.0,0.507475265172068,0.5841256380081177,0.05,0.0,186,66.15512073906298,0.2868785461531556
v00022,19,617.5,458.5,84.40502069304405,0.544839084148407,0.0,0.487685934162038,0.5895474553108215,0.05,0.0,186,124.61340216846662,0.28492219312618156
v00022,20,526.5,465.5,6.9240766301596155,0.5804498791694641,0.0,0.5374296252710064,0.6581087708473206,0.05,0.0,186,43.502873468312416,0.2727122907819669
v00024,1,456.0,388.0,1.186818060176333,0.8698018193244934,0.0,0.9084306005814198,0.6299781799316406,0.05,0.0,182,120.33287165193059,0.6454966857151084
v00024,2,385.0,392.0,70.31238989782845,0.5124590992927551,0.0,0.5550229183835668,0.2926599383354187,0.05,0.0,182,157.76247969653622,0.6021344445983937
v00024,3,479.0,386.0,23.8822757686393,0.4988180100917816,0.0,0.4801657171810828,0.39712077379226685,0.05,0.0,182,115.91807451816995,0.5962204109613679
v00024,4,562.0,381.0,107.03163123194823,0.5200667977333069,0.0,0.5464129083297442,0.29119062423706055,0.05,0.0,182,134.18271125595876,0.5812750237659091
v00024,5,585.0,379.0,130.11043249083883,0.5103288888931274,0.0,0.5414236892815266,0.2909599840641022,0.05,0.0,182,147.87156589419075,0.5531124990042553
v00024,6,515.0,384.0,59.937505977469655,0.5497000813484192,0.0,0.5617162505844088,0.3091832995414734,0.05,0.0,182,116.96580696938743,0.533564388317635
v00024,7,574.0,380.0,119.0697304460309,0.5145902037620544,0.0,0.5458446864980953,0.2819046676158905,0.05,0.0,182,140.98226838861686,0.46799506727109164
v00024,8,609.0,378.0,154.1266866754239,0.5181180238723755,0.0,0.5468639631322066,0.28701159358024597,0.05,0.0,182,163.6001222493431,0.4559763161094204
v00024,9,539.0,382.0,84.01289110271486,0.5177006721496582,0.0,0.5458903679137953,0.2812803387641907,0.05,0.0,182,124.27791436936813,0.4334438564601472
v00024,10,373.0,393.0,82.35290856324106,0.5318513512611389,0.0,0.5549658749973501,0.28263232111930847,0.05,0.0,182,166.06625183943908,0.42127586743031636
v00024,11,527.0,383.0,71.97454582779886,0.527676522731781,0.0,0.553838406091674,0.2885907292366028,0.05,0.0,182,120.07497657713701,0.3527482583020897
v00024,12,361.0,393.0,94.32667316593478,0.5274036526679993,0.0,0.5532869900062946,0.27085962891578674,0.05,0.0,182,175.41379649275024,0.07608157226319498
v00024,13,597.0,379.0,142.08872200574396,0.5143777132034302,0.0,0.5435035331371686,0.2959801256656647,0.12961646096066226,0.0,182,155.08062419270823,0.07286871680758038
v00024,14,632.0,377.0,177.14581496123307,0.5075207948684692,0.0,0.5374108350402356,0.2970788776874542,0.05,0.0,182,180.42449944505873,0.04824850153767791
v00024,15,550.0,382.0,94.99441804576229,0.5197808146476746,0.0,0.5466154249633526,0.30189836025238037,0.1662132317597294,0.0,182,128.15615474880636,0.0346172420197936
v00024,16,644.0,376.0,189.18369481167804,0.5175029635429382,0.0,0.5485588487930809,0.2921871244907379,0.05,0.0,182,190.03157632351525,0.034521008964741015
v00024,17,432.0,389.0,23.21847614544918,0.4929443895816803,0.0,0.4168108137908588,0.3698447048664093,0.16249999999999998,0.0,182,130.17296186228538,0.032092964053952636
v00024,18,338.0,395.0,117.40769443171818,0.5294701457023621,0.0,0.5534840905742067,0.28359177708625793,0.05,0.0,182,193.05180651835403,0.02738494852789426
v00024,19,470.0,593.0,206.36007669995715,0.4348655045032501,0.0,0.4650847451848966,0.20462831854820251,0.05,0.0,182,97.71898484941399,0.018118400894310986
v00024,20,455.0,375.0,12.17605625205107,0.29364389181137085,0.0,0.2804150713239099,0.19780056178569794,0.09358541225631423,0.0,182,132.85330255586422,0.011361630083626811
v00025,1,659.0,477.0,1.1136923506696723,0.9776391983032227,0.0,0.9755520587150222,0.8599549531936646,0.05,0.5892360210418701,200,160.65490966665163,0.988343700305087
v00025,2,337.0,465.0,321.20111662644354,0.6391602754592896,0.0,0.6134246175125074,0.4709175229072571,0.05,0.3157195448875427,200,166.715326230074,0.8857150855059105
v00025,3,450.0,469.0,208.13036360429513,0.6269791722297668,0.0,0.563491988405878,0.47587230801582336,0.05,0.3129100650548935,200,58.83026432033091,0.878407056636951
v00025,4,369.0,466.0,289.1858778093115,0.6715851426124573,0.0,0.618167310019201,0.5057649612426758,0.05,0.3481844812631607,200,135.34031180694095,0.8176426052063079
v00025,5,385.0,467.0,273.1604068754862,0.6292714476585388,0.0,0.5653789661054484,0.4790061414241791,0.05,0.30766406655311584,200,119.64113005150027,0.8038683786489103
v00025,6,434.0,469.0,224.1206586011817,0.6707882881164551,0.0,0.6158622424000222,0.5522913336753845,0.05,0.34963729977607727,200,72.91776189653656,0.7904423621212939
v00025,7,594.0,475.0,64.01249831850814,0.6791864037513733,0.0,0.6233456639719928,0.5830302238464355,0.05,0.331231489777565,200,97.26767191621273,0.7809968161741933
v00025,8,466.0,470.0,192.10513843751096,0.6727848052978516,0.0,0.6171180701250232,0.555672824382782,0.05,0.35026751458644867,200,45.34313619501854,0.7706981772021545
v00025,9,562.0,473.0,96.05898198970625,0.6821984648704529,0.0,0.6220887830157866,0.556652307510376,0.05,0.3563430905342102,200,67.62396025078685,0.7437074926655173
v00025,10,401.0,468.0,257.1356526124301,0.6703894734382629,0.0,0.6172633965546451,0.5305144190788269,0.05,0.3407002389431,200,104.04326023342406,0.7221840581778611
v00025,11,498.0,471.0,160.0896586802629,0.6776260137557983,0.0,0.6200069984250975,0.5607011318206787,0.05,0.35344114899635315,200,29.068883707497267,0.6506776980310285
v00025,12,530.0,472.0,128.07424963134036,0.6810669302940369,0.0,0.6220178481786873,0.5642654895782471,0.05,0.35469451546669006,200,41.036569057366385,0.6310647379883673
v00025,13,661.0,399.0,77.57958398775598,0.7529780864715576,0.0,0.7596189141921159,0.5925059914588928,0.05,0.6891161203384399,200,190.057885919001,0.48722655606773596
v00025,14,578.0,474.0,80.0341425951316,0.6401174664497375,0.0,0.5727740830834295,0.5290504693984985,0.05885254915624212,0.3161698132753372,200,82.21921916437786,0.4641572668415469
v00025,15,660.0,437.0,39.57219684794028,0.7002955079078674,0.0,0.7383788540314824,0.5387194752693176,0.05,0.8176771700382233,200,171.95638982020995,0.29438040569882884
v00025,16,353.0,466.0,305.1758399384089,0.6316683292388916,0.0,0.5715050773037119,0.48840799927711487,0.09358541225631423,0.30870814621448517,200,150.88074761214565,0.23470396929911153
v00025,17,663.0,360.0,116.6288077079726,0.7563744187355042,0.0,0.7592554936740976,0.6060020923614502,0.05,0.7173504531383514,200,214.8697279748825,0.15981043833855543
v00025,18,653.0,477.0,5.0173020455408475,0.6981996893882751,0.0,0.7163283990358409,0.3854515552520752,0.16249999999999998,0.36245857179164886,200,154.719100307622,0.06734086848543248
v00025,19,665.0,477.0,7.021915798960559,0.6530325412750244,0.0,0.6514518456160665,0.31383103132247925,0.16249999999999998,0.3632848262786865,200,166.59531806146293,0.054449532704601886
v00025,20,546.0,473.0,112.04976295677756,0.6354427337646484,0.0,0.5694895358003638,0.5210555195808411,0.16249999999999998,0.3132588416337967,200,53.33854141237835,0.05204578528896614
v00026,1,598.5,374.5,300.2759666491932,0.8031927943229675,0.0,0.8064664293726228,0.38913342356681824,0.09358541225631423,0.4825963228940964,200,159.5383966322841,0.6183072596736885
v00026,2,592.5,374.5,294.27644197556145,0.7940888404846191,0.0,0.8009570994705779,0.3733048737049103,0.09358541225631423,0.47686317563056946,200,155.90542004689894,0.5516347566453397
v00026,3,398.5,372.5,100.26778137434447,0.6127129197120667,0.0,0.5750428089432171,0.38791367411613464,0.05,0.539537638425827,200,162.96778822822625,0.4849720758899133
v00026,4,411.5,372.5,113.26604513228158,0.6236644983291626,0.0,0.5889274227077388,0.4229845106601715,0.05,0.539490282535553,200,155.20470353697402,0.46090937103785246
v00026,5,498.5,373.5,200.27142098766956,0.625695526599884,0.0,0.5871974887054763,0.4163481295108795,0.05,0.5404908061027527,200,126.50889296804395,0.4092509724510556
v00026,6,523.5,373.5,225.26933824472846,0.6254088282585144,0.0,0.5934268502756036,0.4247886836528778,0.05,0.5361429452896118,200,128.6642918606402,0.3914395602450032
v00026,7,436.5,372.5,138.26362380867053,0.6194863319396973,0.0,0.5776642059238211,0.4193524122238159,0.05,0.5386951863765717,200,142.4377056821683,0.3898407419451483
v00026,8,448.5,372.5,150.26274774317278,0.6184414625167847,0.0,0.579299223897889,0.41022688150405884,0.05,0.5368643999099731,200,137.5081815747703,0.3898407419451483
v00026,9,461.5,372.5,163.26194399645954,0.6164668202400208,0.0,0.5904512138275446,0.4070091247558594,0.05,0.5352428555488586,200,133.1859602210383,0.36833647652532464
v00026,10,473.5,373.5,175.27409784569664,0.6208896040916443,0.0,0.5873191322434121,0.4035176634788513,0.05,0.5383147299289703,200,129.24588968319264,0.36833647652532464
v00026,11,510.5,373.5,212.27036004831945,0.6132178902626038,0.0,0.5808852502604254,0.38421639800071716,0.05,0.5419738590717316,200,126.93502274786104,0.3056807058558886
v00026,12,423.5,372.5,125.26476228585139,0.6184219717979431,0.0,0.5756219283081876,0.40029364824295044,0.05,0.5397787690162659,200,148.68927331855517,0.2557077066620099
v00026,13,592.5,671.5,420.7495366229081,0.8145365715026855,0.0,0.8458433398333323,0.5806893706321716,0.05,0.43263518810272217,200,194.85507435014364,0.2556182300561128
v00026,14,486.5,373.5,188.27261716404104,0.6155960559844971,0.0,0.5806310956881341,0.3928769528865814,0.05,0.5400266945362091,200,127.21831629132654,0.24014776406555072
v00026,15,386.5,372.5,88.26983794655187,0.6234492063522339,0.0,0.5778430167988511,0.42345723509788513,0.05,0.5283803641796112,200,170.70002929115157,0.17280563768110663
v00026,16,392.5,372.5,94.26874421791102,0.6013392806053162,0.0,0.5657420493263765,0.3470700681209564,0.05,0.5282939672470093,200,166.77080080157918,0.16527858055570144
v00026,17,504.5,373.5,206.27087508839384,0.6028452515602112,0.0,0.570762075092833,0.343498557806015,0.05,0.5265069007873535,200,126.58001422025517,0.15453678838936705
v00026,18,517.5,373.5,219.26979479149992,0.6030184626579285,0.0,0.579273040922878,0.34132450819015503,0.05,0.5278747379779816,200,127.70473757852525,0.1426234306215294
v00026,19,492.5,373.5,194.27200060510256,0.6056089997291565,0.0,0.5720900842820238,0.34446895122528076,0.05,0.5272279381752014,200,126.72213697693076,0.12436533391331593
v00026,20,442.5,372.5,144.26316755851775,0.6022631525993347,0.0,0.5657204325078194,0.35519909858703613,0.05,0.5245638787746429,200,139.86600730699365,0.10658329240605244
v00027,1,499.0,470.0,305.5398337005044,0.6525121927261353,0.0,0.7147904616180278,0.2729828357696533,0.05,0.0,197,30.01666203960727,0.3521928065485636
v00027,2,495.0,322.0,422.50163894374623,0.5467818379402161,0.0,0.5990553214985194,0.32586735486984253,0.05,0.0,197,178.07021087200408,0.09690138069130237
v00027,3,495.0,350.0,398.3952084501553,0.5529893636703491,0.0,0.6120475186954973,0.289286732673645,0.16249999999999998,0.0,197,150.08331019803634,0.05597974988713894
v00027,4,496.0,408.0,350.90427653044634,0.40716996788978577,0.0,0.5450394233771361,0.1922125369310379,0.05885254915624212,0.0,197,92.0869154657707,0.04837323193293969
v00027,5,712.0,467.0,480.25801524857985,0.7303259372711182,0.0,0.7852245078602182,0.5409464836120605,0.05,0.0,197,214.55302374937528,0.04569559781463884
v00027,6,503.0,603.0,233.2546625763026,0.5358871221542358,0.0,0.5458337766185756,0.1884506493806839,0.08106601717798213,0.0,197,103.04368005850722,0.041609666212403265
v00027,7,588.0,469.0,373.5923289149214,0.40583956241607666,0.0,0.3543194907226732,0.1912733018398285,0.12961646096066226,0.0,197,93.30058949438637,0.035048643107490327
v00027,8,496.0,378.0,375.38806110996836,0.5578767657279968,0.0,0.6085785689863216,0.3526585102081299,0.18713203435596426,0.0,197,122.06555615733703,0.02752298019554773
v00027,9,503.0,576.0,244.5421931619892,0.5415377020835876,0.0,0.5269976968955872,0.19070367515087128,0.125,0.0,197,76.05918747922567,0.025327277296992544
v00027,10,577.0,469.0,364.7676110929123,0.39780905842781067,0.0,0.3320454609657309,0.16978682577610016,0.09358541225631423,0.0,197,83.00602387778854,0.025089377422358634
v00027,11,502.0,521.0,273.6139187824841,0.5420821905136108,0.0,0.5225932064530276,0.17258238792419434,0.0875,0.0,197,21.095023109728988,0.02291568129701878
v00027,12,713.0,513.0,461.69013898548513,0.6102930307388306,0.0,0.667048436520241,0.3741505742073059,0.05,0.0,197,213.39634486091836,0.02279255745447184
v00027,13,414.0,472.0,252.09441478946255,0.4685885012149811,0.0,0.40401738390723363,0.18158133327960968,0.125,0.0,197,90.44335243676011,0.017846529967904423
v00027,14,504.0,631.0,225.36457556910634,0.407742977142334,0.0,0.4750961339425138,0.1468593180179596,0.09358541225631423,0.0,197,131.06105447462264,0.013921770391093633
v00027,15,496.0,402.0,355.7334512168697,0.50655198097229,0.0,0.6023282548687412,0.19730645418167114,0.12961646096066226,0.0,197,98.08159868191383,0.012223937598443679
v00027,16,622.0,469.0,401.5482906089582,0.39912205934524536,0.0,0.3296805406982603,0.18765458464622498,0.05,0.0,197,125.87692401707312,0.008593586067034805
v00027,17,561.0,686.0,274.6942615283437,0.3877842426300049,0.0,0.3281445805489182,0.05997570976614952,0.1340990257669732,0.0,197,195.74728606036916,0.008454984511046882
v00027,18,502.0,548.0,257.87871166231804,0.5509777069091797,0.0,0.5567643318296602,0.19002796709537506,0.1340990257669732,0.0,197,48.041648597857254,0.007952884588123843
v00027,19,501.0,687.0,214.68666709258474,0.6239244341850281,0.0,0.7019993839589902,0.3290437161922455,0.08106601717798213,0.0,197,187.00267377767625,0.007424621996816737
v00027,20,438.0,687.0,151.69211450618525,0.3821810185909271,0.0,0.32988940409592493,0.2625444233417511,0.1340990257669732,0.0,197,197.0101520226813,0.006030530862746909
v00028,1,609.0,610.0,434.35089495146144,0.7247123122215271,0.0,0.766220751456095,0.40554383397102356,0.05885254915624212,0.0,200,154.85799947048264,0.9107506353111907
v00028,2,302.0,492.0,187.04046152446816,0.5744644999504089,0.0,0.5176538968711799,0.39392292499542236,0.05,0.0,200,198.16155025635018,0.277902452892269
v00028,3,501.0,304.0,201.22569894606767,0.6257761120796204,0.0,0.6184465241475037,0.36526259779930115,0.05,0.0,200,196.0025510038071,0.27721394968831353
v00028,4,517.0,304.0,217.2255257637446,0.6308536529541016,0.0,0.6147506697631006,0.41261857748031616,0.05885254915624212,0.0,200,196.73586353280888,0.24287797116964305
v00028,5,303.0,529.0,224.0504344816287,0.5734112858772278,0.0,0.5152347225931739,0.27409595251083374,0.05,0.0,200,199.12307751739877,0.21446189925643314
v00028,6,532.0,304.0,232.2253850785901,0.5861757397651672,0.0,0.6095951498718571,0.29719430208206177,0.09358541225631423,0.0,200,198.59506539690256,0.031430349837826534
v00028,7,470.0,304.0,170.22612713026007,0.6263002753257751,0.0,0.6190539829044471,0.36143389344215393,0.1340990257669732,0.0,200,198.2826265712657,0.028079333296207182
v00028,8,455.0,304.0,155.22639571349734,0.6347315311431885,0.0,0.6164205016668549,0.4143463373184204,0.05,0.0,200,201.0994778710278,0.027733375853552105
v00028,9,486.0,304.0,186.2258883312663,0.6321977376937866,0.0,0.6130352074943046,0.4180667996406555,0.2,0.0,200,196.4993638666548,0.026283504483622502
v00028,10,424.0,305.0,124.22335070688166,0.6350017786026001,0.0,0.6153363063279368,0.413532018661499,0.05,0.0,200,209.2868844433401,0.023763557251916704
v00028,11,603.0,610.0,430.10001136074135,0.627484142780304,0.0,0.5993369309716636,0.24447570741176605,0.16249999999999998,0.0,200,150.6950563223625,0.02203209739922296
v00028,12,302.0,417.0,112.04930725672766,0.5658929347991943,0.0,0.5082050136225408,0.31940382719039917,0.05,0.0,200,214.6928037918365,0.01712941070609463
v00028,13,609.0,604.0,430.15854401126296,0.5560183525085449,0.0,0.6046893657751278,0.1227101981639862,0.12961646096066226,0.0,200,150.65523555456014,0.015759434274875184
v00028,14,608.0,567.0,404.5490205670619,0.4064890742301941,0.0,0.46409026762543804,0.13201171159744263,0.16249999999999998,0.0,200,127.09445306542689,0.015533244255722056
v00028,15,615.0,610.0,438.64265651867606,0.6331300139427185,0.0,0.6665405734975691,0.18122968077659607,0.17694368026754387,0.0,200,159.13830462839547,0.013669523103190707
v00028,16,609.0,461.0,346.35759044258896,0.387451171875,0.0,0.42714840404914445,0.18614621460437775,0.125,0.0,200,115.76700738984316,0.013433655549462931
v00028,17,608.0,449.0,340.2138736784066,0.4229763150215149,0.0,0.4653290501206837,0.11328968405723572,0.12961646096066226,0.0,200,119.4361754243663,0.013315080810769936
v00028,18,302.0,498.0,193.04005078359242,0.44455307722091675,0.0,0.4311520064344732,0.27009451389312744,0.14270509831248424,0.0,200,198.01010075246163,0.012058251319433123
v00028,19,440.0,304.0,140.22672175672892,0.6270532608032227,0.0,0.6196627274299833,0.3614616096019745,0.0875,0.0,200,204.9780476051033,0.011908572438766678
v00028,20,609.0,524.0,378.9353685383273,0.43203508853912354,0.0,0.4763328027974976,0.1369095891714096,0.14270509831248424,0.0,200,111.61093136427094,0.011546587900820561
v00029,1,392.0,472.0,0.23976588151124797,0.9743683338165283,0.0,0.9784668830429732,0.9068951606750488,0.0,0.0,173,111.57060544785082,0.9347100244196402
v00029,2,658.0,489.0,266.7717505191018,0.7953173518180847,0.0,0.8123203137502853,0.4904364347457886,0.05,0.0,173,158.38244852255568,0.732322164038112
v00029,3,561.0,483.0,169.5867691127458,0.5812414884567261,0.0,0.5351243356084618,0.4400976002216339,0.05,0.0,173,63.324560795950255,0.5263492662576366
v00029,4,579.0,484.0,187.61372456009556,0.5747677087783813,0.0,0.5325997067307049,0.4337765574455261,0.05,0.0,173,80.60397012554654,0.49738780371043206
v00029,5,543.0,482.0,151.56000419928768,0.5790133476257324,0.0,0.5306810578835364,0.41923215985298157,0.05,0.0,173,46.61544808322666,0.3924817263526753
v00029,6,386.0,585.0,113.23271520560344,0.5780849456787109,0.0,0.5522796684087863,0.41505002975463867,0.05,0.0,173,142.20056258679148,0.3797187342364599
v00029,7,396.0,405.0,67.04788629268239,0.600471556186676,0.0,0.5890091038996529,0.39936769008636475,0.05,0.0,173,140.85808461000738,0.22103297847829403
v00029,8,587.0,484.0,195.59778852420968,0.6205292344093323,0.0,0.5887924895915758,0.5131306648254395,0.05,0.0,173,88.45903006477066,0.20338209818185496
v00029,9,387.0,563.0,91.21042960421468,0.5720928907394409,0.0,0.5439767257634911,0.4648256003856659,0.05,0.0,173,129.37542270462347,0.17873878128905749
v00029,10,570.0,483.0,178.56849006580376,0.623871386051178,0.0,0.5867835718618396,0.5494242906570435,0.05,0.0,173,72.03471385380801,0.17404058008187043
v00029,11,400.0,473.0,8.295380194845553,0.6051466464996338,0.0,0.5608113275583027,0.36730343103408813,0.05,0.0,173,103.58088626768937,0.16711267387530424
v00029,12,490.0,478.0,98.41239890702454,0.5761942863464355,0.0,0.5484157254003004,0.4212333559989929,0.05,0.0,173,24.166091947189145,0.16293967718167424
v00029,13,499.0,479.0,107.45791854286811,0.6326701641082764,0.0,0.5848848962317988,0.5646774172782898,0.05,0.0,173,21.02379604162864,0.1270096900261084
v00029,14,481.0,478.0,89.43135284872984,0.6329702734947205,0.0,0.585984304641072,0.5500041246414185,0.05,0.0,173,29.068883707497267,0.1270096900261084
v00029,15,517.0,480.0,125.48482634477101,0.6268319487571716,0.0,0.58317842531685,0.5575204491615295,0.05,0.0,173,26.248809496813376,0.1270096900261084
v00029,16,508.0,480.0,116.50497095186984,0.5740333199501038,0.0,0.5225001039535722,0.4089949131011963,0.05,0.0,173,21.540659228538015,0.12260194669180347
v00029,17,446.0,476.0,54.37775515743512,0.6219955086708069,0.0,0.5782057480605445,0.530985951423645,0.05,0.0,173,59.09314681077663,0.11785584676163187
v00029,18,464.0,477.0,72.4028842047996,0.6245951056480408,0.0,0.5738412758785097,0.5457127690315247,0.05,0.0,173,42.720018726587654,0.11785584676163187
v00029,19,534.0,481.0,142.51396729428922,0.6294134259223938,0.0,0.5892742528515995,0.5437211990356445,0.05,0.0,173,38.948684188300895,0.11785584676163187
v00029,20,552.0,482.0,160.54117309640353,0.6293081045150757,0.0,0.5907027036792017,0.5570160150527954,0.05,0.0,173,55.02726596879042,0.11785584676163187
v00030,1,541.0,572.0,0.43776617308210924,0.9790820479393005,0.0,0.9757455291052632,0.9128514528274536,0.0,0.0,192,82.85529554590944,0.9347100244196402
v00030,2,543.0,648.0,76.07435070441905,0.5275302529335022,0.0,0.4950352890670764,0.4307611584663391,0.05,0.0,192,154.12008305214476,0.7811755808314412
v00030,3,447.0,574.0,93.58579667833155,0.5366482138633728,0.0,0.5495775262819314,0.27456405758857727,0.05,0.0,192,91.02197536858887,0.7404045512518606
v00030,4,542.0,626.0,54.05441453117826,0.5237279534339905,0.0,0.5323531587184971,0.4017648994922638,0.05,0.0,192,132.81566172707193,0.6511690032027591
v00030,5,635.0,571.0,94.44126531526523,0.5356228351593018,0.0,0.5273521481904404,0.39086395502090454,0.05,0.0,192,152.5319638633162,0.6248264365686372
v00030,6,603.0,571.0,62.44379024016391,0.5524128675460815,0.0,0.5273534346602676,0.5297108888626099,0.05,0.0,192,125.09996003196804,0.5712294701221412
v00030,7,556.0,572.0,15.436378782131797,0.5289220213890076,0.0,0.47453863169932825,0.5083115696907043,0.05,0.0,192,91.21403400793103,0.5079788110861297
v00030,8,621.0,571.0,80.44212279880098,0.5135985016822815,0.0,0.5055815816041582,0.24413339793682098,0.05,0.0,192,140.29255147726127,0.5043077289654316
v00030,9,460.0,574.0,80.58936739531305,0.5252726078033447,0.0,0.5311046544980154,0.19594532251358032,0.05,0.0,192,84.11896337925236,0.4937188689033667
v00030,10,526.0,573.0,14.600415896846261,0.5358113646507263,0.0,0.3839333698708061,0.4810674786567688,0.05,0.0,192,77.4919350642375,0.45738273003829333
v00030,11,385.0,575.0,155.59327118992877,0.5301409363746643,0.0,0.5419559588529482,0.23534883558750153,0.05,0.0,192,137.2953021774598,0.4144922561301521
v00030,12,398.0,575.0,142.595970619234,0.5311859250068665,0.0,0.5327700446261817,0.222018301486969,0.05,0.0,192,126.60568707605516,0.3804502106446383
v00030,13,416.0,574.0,124.58028881745095,0.5306544899940491,0.0,0.5428266387385496,0.18391269445419312,0.05885254915624212,0.0,192,111.94641575325224,0.2872631481642066
v00030,14,544.0,685.0,113.08754916972745,0.5251092910766602,0.0,0.4884916255798027,0.39359816908836365,0.05,0.0,192,190.16045856065872,0.18560286494054806
v00030,15,541.0,578.0,6.051080412020144,0.6886444091796875,0.0,0.7129907696224201,0.3837094306945801,0.11249999999999999,0.0,192,88.11923740024082,0.13603850794408934
v00030,16,354.0,576.0,186.60729813521746,0.525542676448822,0.0,0.5387076425533794,0.2555065155029297,0.125,0.0,192,164.59647626847908,0.1033376793582422
v00030,17,666.0,570.0,125.45172345011883,0.5389057397842407,0.0,0.5303999510574684,0.40202105045318604,0.05,0.0,192,180.15548839821673,0.10223447495358402
v00030,18,544.0,692.0,120.08450511189069,0.5332702398300171,0.0,0.5155726609838297,0.32212069630622864,0.05885254915624212,0.0,192,196.9771560359221,0.08039536579043584
v00030,19,541.0,566.0,5.980610695560783,0.655581533908844,0.0,0.6860338945364546,0.37993523478507996,0.16249999999999998,0.0,192,77.69813382572325,0.0765549904689201
v00030,20,547.0,572.0,6.4364353096692,0.5795537233352661,0.0,0.6017596353628787,0.3653687834739685,0.16249999999999998,0.0,192,85.98255637046388,0.07210191051158861
v00031,1,393.0,621.0,,0.47126999497413635,0.0,0.47787277312112497,0.17139632999897003,0.05885254915624212,0.33721770346164703,200,161.5239920259526,0.8880626803845052
v00031,2,393.0,631.0,,0.39593270421028137,0.0,0.4241176287375311,0.17598815262317657,0.0875,0.26788977161049843,200,169.14490828872147,0.3959007941742752
v00031,3,393.0,613.0,,0.39144769310951233,0.0,0.4340556456232474,0.18015119433403015,0.2,0.26601289212703705,200,155.62133529821674,0.0630733177288583
v00031,4,383.0,631.0,,0.38184654712677,0.0,0.31999499771882073,0.1246441900730133,0.09358541225631423,0.2679123803973198,200,175.64168070250295,0.050362230834808425
v00031,5,562.0,617.0,,0.29005753993988037,0.0,0.15074744461255873,0.1299111396074295,0.11020817282989959,0.18237463268451393,200,132.41223508422476,0.03597810352147633
v00031,6,383.0,614.0,,0.3919728398323059,0.0,0.32666283892758363,0.08857447654008865,0.16249999999999998,0.26371450163424015,200,163.35544068074378,0.0315143169366334
v00031,7,486.0,618.0,,0.29750776290893555,0.0,0.15693720363648772,0.13592886924743652,0.16249999999999998,0.18557844264432788,200,118.82760622010359,0.03124445738791037
v00031,8,510.0,618.0,,0.28895851969718933,0.0,0.15141322952848815,0.09514579176902771,0.12961646096066226,0.18698402342852205,200,118.4229707446997,0.029388500224411068
v00031,9,623.0,616.0,,0.29220518469810486,0.0,0.1502280532631672,0.1401566118001938,0.16249999999999998,0.18359417596366256,200,169.07099100673656,0.026299913164650794
v00031,10,399.0,621.0,,0.2998967170715332,0.0,0.19438503079967379,0.061041392385959625,0.17694368026754387,0.236068245023489,200,157.61345120261785,0.024374212296800327
v00031,11,380.0,455.0,,0.3174408972263336,0.0,0.32594579197597573,0.10436292737722397,0.09358541225631423,0.19554452039301395,200,128.16005617976296,0.02315446262126976
v00031,12,380.0,435.0,,0.3197591006755829,0.0,0.33041003987757744,0.08373810350894928,0.16249999999999998,0.2028341623954475,200,136.4734406395618,0.02301930020429519
v00031,13,389.0,415.0,,0.3172667324542999,0.0,0.4227377152770279,0.15732592344284058,0.11020817282989959,0.20528530969750136,200,139.8070098385628,0.022632814212085153
v00031,14,377.0,621.0,,0.3234837055206299,0.0,0.1551443495210493,0.04664132744073868,0.16249999999999998,0.24098363146185875,200,172.53985046939155,0.020049181918052328
v00031,15,434.0,619.0,,0.3048754930496216,0.0,0.16290554071143346,0.06904218345880508,0.11020817282989959,0.19620080944150686,200,136.07718398026907,0.018832134864354727
v00031,16,448.0,619.0,,0.29611316323280334,0.0,0.15483463896669764,0.12605662643909454,0.17694368026754387,0.20040932158008218,200,129.86531484580476,0.01849807740342924
v00031,17,601.0,616.0,,0.2886810898780823,0.0,0.1575048441149419,0.15131714940071106,0.16249999999999998,0.17813186952844262,200,153.8083222715858,0.018386212254424047
v00031,18,380.0,474.0,,0.3140726387500763,0.0,0.33071534095496774,0.130975604057312,0.14270509831248424,0.19847234012559056,200,122.78436382536663,0.01806583365211719
v00031,19,632.0,616.0,,0.2873414158821106,0.0,0.1506765314455445,0.10556354373693466,0.05,0.18818268183167675,200,175.72706109191037,0.017520885293293126
v00031,20,556.0,617.0,,0.28730881214141846,0.0,0.15168088975681826,0.0991869866847992,0.16249999999999998,0.18167444434948266,200,129.71121771072848,0.017227043827523453
v00032,1,336.5,502.5,81.04778582651082,0.5503149628639221,0.0,0.5722650540947813,0.2972738742828369,0.05,0.0,184,163.51911203281406,0.8235131304573354
v00032,2,645.5,564.5,305.03363515468493,0.5601664185523987,0.0,0.5251736884322558,0.4568944275379181,0.05,0.0,184,159.15558425641245,0.7961062281018351
v00032,3,510.5,573.5,169.73643309307886,0.5628961324691772,0.0,0.5301918878262321,0.4282895028591156,0.05,0.0,184,74.24621202458749,0.7747542782643415
v00032,4,611.5,567.5,270.9144704732216,0.5587930679321289,0.0,0.5154551095907011,0.3772048056125641,0.05,0.0,184,130.3399401565,0.6893935481324166
v00032,5,442.5,577.5,101.61889210112034,0.5577254891395569,0.0,0.536065346969757,0.42027604579925537,0.05,0.0,184,96.50129532809392,0.6737052082377095
v00032,6,409.5,579.5,68.55846502465171,0.570777952671051,0.0,0.5318332114560957,0.4239279627799988,0.05,0.0,184,120.45953677480252,0.6724690315104537
v00032,7,476.5,575.5,135.67766203583474,0.5614197254180908,0.0,0.5327817294474453,0.43376702070236206,0.05,0.0,184,79.07275131168764,0.653637319917574
v00032,8,544.5,571.5,203.7952047100527,0.560563862323761,0.0,0.5239745924651829,0.4212353527545929,0.05,0.0,184,84.21698166047035,0.5458241562554164
v00032,9,341.5,583.5,0.4534746236446548,0.974781334400177,0.0,0.9665244497527783,0.8926889896392822,0.0,0.0,184,179.14937901092486,0.44936741209979786
v00032,10,333.5,462.5,121.15546410363218,0.6182008981704712,0.0,0.5958846200828959,0.24611124396324158,0.05,0.0,184,170.67073562857811,0.14988075583450167
v00032,11,678.5,562.5,338.09415061636923,0.5603991746902466,0.0,0.538692798679581,0.42073532938957214,0.05,0.0,184,189.12561962885937,0.13042666342609577
v00032,12,334.5,468.5,115.10648113390094,0.5453677177429199,0.0,0.5570569515037345,0.24538490176200867,0.05,0.0,184,168.47106576501497,0.12149119074144535
v00032,13,493.5,574.5,152.70704747108337,0.5124809145927429,0.0,0.49811559236572805,0.39088988304138184,0.05,0.0,184,74.78301946297702,0.11809836120583099
v00032,14,526.5,572.5,185.76753874845426,0.5121668577194214,0.0,0.5103647780051915,0.33422961831092834,0.125,0.0,184,77.19132075563937,0.06643354609561086
v00032,15,560.5,570.5,219.8263114286129,0.5115390419960022,0.0,0.5072256844315146,0.34298208355903625,0.05,0.0,184,92.90048439055633,0.06112532440308328
v00032,16,661.5,563.5,321.06485374325644,0.5101510286331177,0.0,0.516045573757663,0.3665684163570404,0.05,0.0,184,173.53529900282535,0.03496557195986154
v00032,17,577.5,569.5,236.85569777426727,0.5608566999435425,0.0,0.5254669035185209,0.386129230260849,0.16249999999999998,0.0,184,104.09851103642166,0.02636759980336018
v00032,18,594.5,568.5,253.88508412264113,0.5102600455284119,0.0,0.5024461624156408,0.33949506282806396,0.11020817282989959,0.0,184,116.71546598459007,0.02053162662210036
v00032,19,628.5,565.5,288.00434754332423,0.5093458890914917,0.0,0.5128798583575811,0.4088848829269409,0.05,0.0,184,144.23071794870884,0.019038462514520973
v00032,20,347.5,583.5,6.446818533520139,0.6463924050331116,0.0,0.6306051888363524,0.3401593565940857,0.16249999999999998,0.0,184,173.8634521686487,0.018807138312735998
v00033,1,683.0,438.0,0.8963891512949429,0.9164278507232666,0.0,0.9347227955125483,0.7229164242744446,0.0,0.4338158518075943,198,193.2174940319846,0.46548859768337025
v00033,2,438.0,424.0,244.6308250439696,0.6673676371574402,0.0,0.632162836748251,0.5131530165672302,0.05,0.6217626929283142,198,98.08159868191383,0.4118759762942421
v00033,3,572.0,432.0,110.39515151469718,0.6634649038314819,0.0,0.6301191940351645,0.5105836391448975,0.05,0.618409276008606,198,99.03534722511958,0.4118759762942421
v00033,4,359.0,419.0,323.78697763300937,0.6439608335494995,0.0,0.6103355979428303,0.45977169275283813,0.05,0.5549469888210297,198,162.60996279441184,0.3902465977009913
v00033,5,367.0,420.0,315.74337978113755,0.6628044247627258,0.0,0.6277888422849408,0.5001013875007629,0.05,0.6091969311237335,198,155.2063143045411,0.37860375252517353
v00033,6,533.0,430.0,149.44637059982375,0.6392501592636108,0.0,0.6147241129738761,0.4574795365333557,0.05,0.5941526591777802,198,77.38862965578342,0.34533665881177966
v00033,7,501.0,428.0,181.5068340087374,0.6605846285820007,0.0,0.6259304382836295,0.4945397675037384,0.05,0.6153809726238251,198,72.00694410957877,0.3411585233684205
v00033,8,493.0,427.0,189.54908546595152,0.6604913473129272,0.0,0.6241738702049355,0.49762800335884094,0.05885254915624212,0.6185174584388733,198,73.33484846919642,0.3411585233684205
v00033,9,399.0,422.0,283.68180902060004,0.6541405916213989,0.0,0.6268793318853905,0.4924475848674774,0.05,0.6075218319892883,198,127.61269529321916,0.3304828253509646
v00033,10,596.0,433.0,86.37535169619112,0.6481119990348816,0.0,0.6210017737005442,0.4832267761230469,0.05885254915624212,0.5876511931419373,198,117.06835610018618,0.305935669907597
v00033,11,517.0,429.0,165.4765066064292,0.6538423299789429,0.0,0.6246685368899048,0.4827544093132019,0.05,0.6081579029560089,198,73.00684899377592,0.3032409734828815
v00033,12,580.0,432.0,102.40584911931764,0.6560385227203369,0.0,0.6244932696946732,0.49440494179725647,0.05,0.6140870749950409,198,104.9952379872535,0.26741967715152837
v00033,13,414.0,423.0,268.6496392311099,0.6453063488006592,0.0,0.6095671959599173,0.4575974941253662,0.05,0.6041226387023926,198,115.43396380615195,0.2665788207517514
v00033,14,603.0,434.0,79.33531883436609,0.6421088576316833,0.0,0.6087818349319816,0.447474867105484,0.05,0.5392493307590485,198,122.3315167894194,0.2525826855161199
v00033,15,454.0,425.0,228.60005251199203,0.6629289984703064,0.0,0.6320266703804707,0.5107805132865906,0.09358541225631423,0.6177880167961121,198,87.98295289429652,0.24169488117132415
v00033,16,556.0,431.0,126.4252586754747,0.6634000539779663,0.0,0.6266352970401283,0.5068690776824951,0.125,0.6195684969425201,198,88.86506625215557,0.2346535617722225
v00033,17,430.0,424.0,252.61902562118667,0.6496009230613708,0.0,0.6157967540301443,0.4681207537651062,0.05,0.609027087688446,198,103.32473082471591,0.2306868317221039
v00033,18,446.0,424.0,236.64342166557,0.6503939032554626,0.0,0.6174568126450777,0.47408509254455566,0.09358541225631423,0.6108511686325073,198,93.23089616645332,0.22207834643568503
v00033,19,304.0,416.0,378.8685677717717,0.9030892848968506,0.0,0.9174815265007639,0.6407654881477356,0.0,0.43630290031433105,198,213.24164696418944,0.20168106279953193
v00033,20,477.0,426.0,205.57994151712938,0.647049069404602,0.0,0.6098562821582769,0.4685118496417999,0.0875,0.6078440546989441,198,77.4919350642375,0.14098211921762835
v00034,1,375.5,464.5,,0.6686790585517883,0.0,0.6777142902026518,0.3906082212924957,0.05,0.6555769443511963,184,129.46234973921955,0.8290416283662386
v00034,2,380.5,530.5,,0.6839178800582886,0.0,0.6848599868089604,0.3243723511695862,0.05,0.6685362160205841,184,123.330855830972,0.8152636072638929
v00034,3,384.5,585.5,,0.6874282956123352,0.0,0.686351996546252,0.24830618500709534,0.05,0.6238772869110107,184,143.70281834396985,0.7402413455619976
v00034,4,376.5,475.5,,0.6739578247070312,0.0,0.6938989052388571,0.38620156049728394,0.05,0.6565169394016266,184,125.90671149704451,0.7336324158884108
v00034,5,382.5,563.5,,0.6841119527816772,0.0,0.6947087838274753,0.2691413462162018,0.05,0.6725228428840637,184,133.5608475564602,0.6668490374139209
v00034,6,377.5,486.5,,0.6742170453071594,0.0,0.6919576459006074,0.37972885370254517,0.05885254915624212,0.657776951789856,184,123.24163257600898,0.6156649192997043
v00034,7,379.5,519.5,,0.6830763220787048,0.0,0.7141291389527429,0.3376818597316742,0.05885254915624212,0.6693849861621857,184,122.06760421995673,0.5238129819280604
v00034,8,381.5,552.5,,0.6820011734962463,0.0,0.7075561237388008,0.2843344807624817,0.05885254915624212,0.6720854043960571,184,129.60902746336768,0.5136235777880304
v00034,9,373.5,430.5,,0.6712382435798645,0.0,0.7046507594125386,0.25144991278648376,0.05,0.6527146697044373,184,144.3346805171924,0.4971988521732691
v00034,10,679.5,576.5,,0.6252726316452026,0.0,0.6755016821905276,0.2812838554382324,0.05,0.6340175569057465,184,195.12175685965929,0.3956900272432017
v00034,11,374.5,441.5,,0.6654822826385498,0.0,0.6632902939647876,0.2331964671611786,0.05885254915624212,0.6467073857784271,184,138.46479697020467,0.368073167707845
v00034,12,374.5,452.5,,0.6637973785400391,0.0,0.6854098216659692,0.1952020823955536,0.05885254915624212,0.6531614065170288,184,134.18830053324322,0.305637115168094
v00034,13,381.5,541.5,,0.684244692325592,0.0,0.7164038771436106,0.31249842047691345,0.09358541225631423,0.6667890250682831,184,125.55676007288497,0.07568457282204323
v00034,14,673.5,498.5,,0.6998952031135559,0.0,0.7050205210485012,0.21477355062961578,0.05,0.6860692203044891,184,173.5064840286956,0.07516944698844245
v00034,15,675.5,520.5,,0.704154908657074,0.0,0.7200499025940987,0.17427369952201843,0.05,0.6886065602302551,184,176.69323699564734,0.07379759498962207
v00034,16,377.5,497.5,,0.6752572655677795,0.0,0.7077383042013763,0.3583438992500305,0.125,0.6649438440799713,184,122.52550754842846,0.0718918242510887
v00034,17,672.5,476.5,,0.7017726302146912,0.0,0.6948826231488481,0.22253023087978363,0.05,0.6860696971416473,184,174.09336575527513,0.07181964536511186
v00034,18,505.5,454.5,,0.40884020924568176,0.0,0.2977149073203603,0.1895304024219513,0.125,0.396581307053566,184,45.83121207212395,0.06479460305139438
v00034,19,552.5,573.5,,0.41262075304985046,0.0,0.3256265297958509,0.21047553420066833,0.12961646096066226,0.361783042550087,184,90.32441530394757,0.06011780609735234
v00034,20,669.5,443.5,,0.6940776705741882,0.0,0.7161084930837709,0.2759955823421478,0.05885254915624212,0.6787132322788239,184,178.66868779951344,0.05411496584101802
v00035,1,375.5,474.5,126.12818728245166,0.5420659780502319,0.0,0.508454787023665,0.34895098209381104,0.05,0.5130617618560791,187,127.0846174798508,0.7760089078213381
v00035,2,418.5,477.5,83.02419452390434,0.5403339862823486,0.0,0.5447971168953355,0.3275678753852844,0.05,0.4975159913301468,187,84.54880247525686,0.7692478500208595
v00035,3,403.5,476.5,98.05743233198557,0.5346234440803528,0.0,0.5016352060739988,0.30941909551620483,0.05,0.5087343752384186,187,99.32018928697227,0.7443177374894816
v00035,4,643.5,494.5,142.6263792981463,0.5422660708427429,0.0,0.5006204516565745,0.27077925205230713,0.05,0.4441152662038803,187,143.6053620168829,0.7414492946861151
v00035,5,501.5,483.5,0.7426068195723212,0.7148046493530273,0.0,0.7952216597299044,0.3237532079219818,0.05,0.2527027055621147,187,16.56804152578089,0.7170150688647434
v00035,6,389.5,475.5,112.0927733234822,0.541130006313324,0.0,0.5304710114232921,0.33821776509284973,0.05,0.5155821442604065,187,113.18347935984298,0.714019178709434
v00035,7,585.5,490.5,84.49751464813392,0.5347074270248413,0.0,0.49155206944148844,0.2489151507616043,0.05,0.5077404677867889,187,86.02615881230545,0.6701433869993519
v00035,8,614.5,492.5,113.56080761735164,0.5362399816513062,0.0,0.5072969771686261,0.26603543758392334,0.05885254915624212,0.5118946731090546,187,114.74537027697457,0.6125087416870196
v00035,9,332.5,471.5,169.23245072376426,0.5293388366699219,0.0,0.5327416706414734,0.3262437582015991,0.05,0.44009050726890564,187,169.90732768188664,0.583635835541106
v00035,10,628.5,493.5,127.59516930862827,0.5317619442939758,0.0,0.516776661072497,0.24898631870746613,0.05,0.5128386616706848,187,128.6642918606402,0.5584514449483879
v00035,11,432.5,478.5,68.98903594438374,0.5090115070343018,0.0,0.5150219883146526,0.2548799216747284,0.05,0.4462229907512665,187,70.84137209286675,0.5142923103726325
v00035,12,571.5,489.5,70.46530903585993,0.5341408848762512,0.0,0.5102145293543339,0.25765976309776306,0.05885254915624212,0.5125411450862885,187,72.26686654338903,0.42761697332680176
v00035,13,382.5,474.5,119.14413994577706,0.5229763388633728,0.0,0.5253538436506124,0.25465941429138184,0.05885254915624212,0.4975835233926773,187,120.23518619771835,0.3946565373174963
v00035,14,549.5,487.5,48.374985155423126,0.5247653126716614,0.0,0.5094043505561638,0.1663980633020401,0.05,0.4032436013221741,187,51.05389309347525,0.34874041912114845
v00035,15,339.5,471.5,162.24866358227115,0.5283852815628052,0.0,0.5277072753246562,0.2736723721027374,0.08106601717798213,0.4622054249048233,187,163.01073584276588,0.24791368089095303
v00035,16,578.5,490.5,77.52950100090868,0.5081522464752197,0.0,0.4771702019587096,0.16439756751060486,0.05885254915624212,0.4867646098136902,187,79.07275131168764,0.23364246928768329
v00035,17,486.5,698.5,216.2396115992171,0.5739434957504272,0.0,0.6362890305141833,0.4246169924736023,0.05,0.1360982209444046,187,198.95853839430967,0.12779483941053463
v00035,18,411.5,476.5,90.0752636877209,0.5153881907463074,0.0,0.5127504032080014,0.23082852363586426,0.08106601717798213,0.49570006132125854,187,91.56691542254768,0.08379892385513206
v00035,19,353.5,472.5,148.213019125937,0.5224295854568481,0.0,0.510001847649848,0.25880467891693115,0.09358541225631423,0.5002599507570267,187,149.05871326427047,0.07368501032041379
v00035,20,288.5,467.5,213.40379846785208,0.7201645970344543,0.0,0.7450193439399286,0.3931008577346802,0.05,0.3198026716709137,187,213.98247591800595,0.06651204513698004
v00036,1,650.0,549.0,1.1174214334989991,0.9802237153053284,0.0,0.9833494381612345,0.9117591381072998,0.0,0.7002605199813843,200,157.8005069700348,0.9867175977260315
v00036,2,650.0,428.0,120.36458532878541,0.7558867931365967,0.0,0.7278617801069119,0.3506920635700226,0.05,0.7529638409614563,200,166.38509548634457,0.9410211823428104
v00036,3,650.0,468.0,80.3663230082283,0.7538297176361084,0.0,0.7306983333748645,0.4142990708351135,0.05,0.7324095964431763,200,153.37535656030275,0.9112415348999694
v00036,4,616.0,548.0,33.08522091965553,0.5680672526359558,0.0,0.5496308618292649,0.4520729184150696,0.05,0.37020356953144073,200,125.53883861180172,0.834191837028279
v00036,5,468.0,546.0,181.09864252977593,0.6035987734794617,0.0,0.6260712133509572,0.2885252833366394,0.05,0.42813605070114136,200,56.0357029044876,0.8196743361225434
v00036,6,435.0,546.0,214.09627005126222,0.6041843891143799,0.0,0.6308759715649502,0.2976893484592438,0.05885254915624212,0.4239267110824585,200,79.63039620647382,0.807070311251126
v00036,7,501.0,547.0,148.08950541549007,0.5993574857711792,0.0,0.6332765281330154,0.36159831285476685,0.05885254915624212,0.4175856113433838,200,47.01063709417264,0.7732878247374896
v00036,8,418.0,546.0,231.09531228930268,0.6120103597640991,0.0,0.6415301581654569,0.23652616143226624,0.05,0.42859044671058655,200,94.02127418834527,0.7339220768252078
v00036,9,533.0,547.0,116.091229604946,0.6015490293502808,0.0,0.6266264722251679,0.21929161250591278,0.05,0.4202508479356766,200,57.42821606144492,0.7249441369540873
v00036,10,566.0,547.0,83.09439853234913,0.6006197333335876,0.0,0.6216639275259206,0.20640642940998077,0.05,0.4233652502298355,200,81.02468759581859,0.7030956366102619
v00036,11,651.0,388.0,160.3725488609531,0.7561646699905396,0.0,0.7373695923168697,0.3976268172264099,0.05,0.7519670128822327,200,188.0026595556563,0.6796886576444268
v00036,12,402.0,545.0,247.10610992402863,0.6013414263725281,0.0,0.6167035893403765,0.20526443421840668,0.05,0.430937260389328,200,107.83784122468327,0.6575002245114401
v00036,13,650.0,508.0,40.37150413788554,0.7089322209358215,0.0,0.6664722216206398,0.5142825245857239,0.05,0.8598999381065369,200,150.2131818450032,0.6469002906689282
v00036,14,369.0,545.0,280.1034167687384,0.6021615862846375,0.0,0.6238233065387984,0.21901114284992218,0.05,0.4277198612689972,200,138.51353724455961,0.5838361663018805
v00036,15,352.0,545.0,297.102262862047,0.6116228699684143,0.0,0.6365688421293316,0.17182213068008423,0.05,0.43171481788158417,200,154.69001260585637,0.5828920682855819
v00036,16,649.0,630.0,81.638948352955,0.7273960709571838,0.0,0.7162381465957768,0.42793455719947815,0.05,0.7219573259353638,200,197.73972792537162,0.5825851954006004
v00036,17,650.0,422.0,126.36441955905389,0.5909422636032104,0.0,0.6195324757505369,0.23369073867797852,0.05,0.5860179960727692,200,169.06803364326444,0.5715930246092766
v00036,18,450.0,546.0,199.0972509581038,0.6109753847122192,0.0,0.6338449970189974,0.13089866936206818,0.05885254915624212,0.4332913011312485,200,67.94115100585212,0.4972707210026825
v00036,19,385.0,545.0,264.10463849393756,0.6088143587112427,0.0,0.6282571427496149,0.15727731585502625,0.05,0.43603846430778503,200,123.4908903522847,0.4884915888344755
v00036,20,549.0,547.0,100.0925051124219,0.6119211912155151,0.0,0.6339025711275562,0.1584448367357254,0.05885254915624212,0.4315688908100128,200,67.89698078707183,0.46584448444829957
v00037,1,521.5,451.5,0.992534003842995,0.9801241159439087,0.0,0.9714809578478815,0.9069080352783203,0.0,0.0,198,53.051861418804144,0.9077715603699136
v00037,2,517.5,590.5,139.8768358381923,0.5670261979103088,0.0,0.5316786686469344,0.3443520963191986,0.05,0.0,198,92.17646120349815,0.6220276584191933
v00037,3,524.5,347.5,103.22666350472228,0.6481052041053772,0.0,0.6137085185724926,0.454529345035553,0.05,0.0,198,154.45549520816667,0.4644453092778334
v00037,4,650.5,454.5,129.5948566147853,0.6305011510848999,0.0,0.6354734862570115,0.4114179015159607,0.05,0.0,198,157.2275421165134,0.42046753239095475
v00037,5,523.5,381.5,69.21256456670562,0.6486543416976929,0.0,0.6225980388077968,0.4460482597351074,0.05,0.0,198,120.80769843019111,0.3764023873423125
v00037,6,635.5,454.5,114.60228152555754,0.6576293706893921,0.0,0.6401885053212322,0.5498274564743042,0.05,0.0,198,142.93530004865838,0.32863088805598245
v00037,7,593.5,453.5,72.59347041656063,0.6287046074867249,0.0,0.6475419000368448,0.4462488889694214,0.05885254915624212,0.0,198,104.42461395667212,0.3200839171788578
v00037,8,579.5,452.5,58.56685325032461,0.6540550589561462,0.0,0.651758231647879,0.4613827168941498,0.05,0.0,198,92.60939477180487,0.30231146556976074
v00037,9,564.5,452.5,43.57674115283799,0.6228983998298645,0.0,0.6430953621159519,0.5062522292137146,0.05,0.0,198,80.10305861825752,0.2833426934316007
v00037,10,349.5,446.5,171.5124723202286,0.6283430457115173,0.0,0.6232101487659074,0.3999982476234436,0.05,0.0,198,159.7263284496329,0.2753077821634636
v00037,11,607.5,453.5,86.58452295447555,0.6584641933441162,0.0,0.6565673596897832,0.5240262150764465,0.05,0.0,198,117.12600052934447,0.27472763951436885
v00037,12,664.5,455.5,143.61950601670293,0.6550402641296387,0.0,0.6370766504854104,0.5004261136054993,0.05,0.0,198,170.41273426595797,0.2552040183419886
v00037,13,363.5,446.5,157.5169699731785,0.6034036874771118,0.0,0.6036866915451757,0.3583933413028717,0.05,0.0,198,146.6100269422252,0.23796441279960734
v00037,14,621.5,453.5,100.57806561764917,0.6291197538375854,0.0,0.6462561508755726,0.450341135263443,0.05,0.0,198,130.09419664227917,0.22550829832038144
v00037,15,392.5,447.5,128.50087706762878,0.6061879396438599,0.0,0.6076782109765204,0.4268248677253723,0.05,0.0,198,119.63486114005399,0.21838955938481666
v00037,16,406.5,448.5,114.48236132533626,0.6274495124816895,0.0,0.6157991445877412,0.40209639072418213,0.05,0.0,198,106.74502330319667,0.21415126407380042
v00037,17,434.5,448.5,86.48899577919104,0.6260790228843689,0.0,0.6305627133812208,0.37928760051727295,0.05,0.0,198,83.32166584988565,0.17568447999481673
v00037,18,335.5,446.5,185.50865341881803,0.5999408960342407,0.0,0.592204625813896,0.3820304274559021,0.05,0.0,198,172.98121285272572,0.09837381217857959
v00037,19,518.5,556.5,105.86261931636385,0.5690547823905945,0.0,0.5253073535393546,0.32578665018081665,0.125,0.0,198,59.451661036509314,0.08249087261074547
v00037,20,420.5,448.5,100.48521643883187,0.6080684661865234,0.0,0.603499649779676,0.3896265923976898,0.16249999999999998,0.0,198,94.72328119316813,0.05799403165257693
v00038,1,553.5,608.5,217.4367329270613,0.6717479228973389,0.0,0.7140694735324784,0.3661735951900482,0.05,0.22517407685518265,151,120.97313751407789,0.9237168321104215
v00038,2,536.5,392.5,308.21694555362956,0.5936357975006104,0.0,0.6652356951952091,0.24193045496940613,0.05,0.1847178414463997,151,113.52752970094963,0.8446052716623325
v00038,3,536.5,399.5,302.9173512952483,0.5080064535140991,0.0,0.4922573496690733,0.21251589059829712,0.09358541225631423,0.2631690725684166,151,106.92286939658887,0.38276920886493027
v00038,4,558.5,664.5,224.71273220044816,0.47957316040992737,0.0,0.450940411533275,0.2642192542552948,0.09358541225631423,0.31935059279203415,151,174.5923824226017,0.23315826414281107
v00038,5,560.5,686.5,231.31216117087735,0.4773542582988739,0.0,0.44356414414607803,0.2467212826013565,0.05,0.4159538447856903,151,196.06759038658072,0.15302926088318067
v00038,6,330.5,542.5,85.07989988566082,0.4587458074092865,0.0,0.442856397897789,0.26434946060180664,0.05,0.4107464700937271,151,174.7469599163316,0.10679769043959336
v00038,7,327.5,496.5,131.1761434206087,0.45866426825523376,0.0,0.44655492673960173,0.25419124960899353,0.05885254915624212,0.4099758267402649,151,172.53550359273885,0.08915436615402571
v00038,8,325.5,474.5,153.26342261006863,0.45938557386398315,0.0,0.4476447906535154,0.24834351241588593,0.05885254915624212,0.3326004222035408,151,176.353338499729,0.08100599181024962
v00038,9,554.5,616.5,217.88879366644497,0.5249858498573303,0.0,0.48676107335241836,0.26198726892471313,0.16249999999999998,0.24063018709421158,151,128.61765042170535,0.06298221061592804
v00038,10,557.5,655.5,222.40885543959072,0.36503028869628906,0.0,0.4470011212789843,0.1422959268093109,0.17694368026754387,0.25176554173231125,151,165.79053048953068,0.04631118038620005
v00038,11,331.5,553.5,74.03608114176407,0.4574476480484009,0.0,0.43535837511603226,0.2677491009235382,0.11020817282989959,0.4030534625053406,151,176.78942276052604,0.04348666014054846
v00038,12,393.5,403.5,230.88996276686936,0.3644059896469116,0.0,0.4323759173000685,0.09851960092782974,0.12961646096066226,-0.06361041218042374,151,143.71673528159482,0.036554280178567135
v00038,13,326.5,485.5,142.21964933309425,0.46118757128715515,0.0,0.4231989309618823,0.24713173508644104,0.05,0.38838161528110504,151,174.1048534648015,0.02560504532553592
v00038,14,421.5,401.5,241.17254852263306,0.36243879795074463,0.0,0.44374736271276266,0.13675269484519958,0.05,-0.070966687053442,151,125.95435681229927,0.019203607060932288
v00038,15,386.5,404.5,228.29767589857548,0.3647614121437073,0.0,0.431807574236853,0.13926365971565247,0.0875,-0.07209605723619461,151,148.33239700079008,0.018897499877796937
v00038,16,486.5,396.5,275.0873799804401,0.36800941824913025,0.0,0.43208043522022793,0.14865997433662415,0.09358541225631423,-0.07461794652044773,151,104.37672154268881,0.016685538951896447
v00038,17,436.5,400.5,247.75077744095378,0.3610653579235077,0.0,0.42904629387992016,0.14689218997955322,0.05,-0.07619357854127884,151,118.03601145413208,0.015639053231108677
v00038,18,443.5,399.5,251.55276545566406,0.36186540126800537,0.0,0.433653529256086,0.10924556106328964,0.05885254915624212,-0.0662284791469574,151,115.29310473744734,0.015639053231108677
v00038,19,407.5,402.5,235.6696555216519,0.36441734433174133,0.0,0.42803914815056554,0.11895938217639923,0.0875,-0.06876134872436523,151,134.39680055715613,0.014982752480353991
v00038,20,429.5,400.5,245.0199628217762,0.35977283120155334,0.0,0.42530020555245407,0.09780669212341309,0.16249999999999998,-0.06413731351494789,151,121.94465957966344,0.013886538198059895
v00039,1,451.5,588.5,0.4361264863478803,0.9812695980072021,0.0,0.9601203567620118,0.9332711696624756,0.0,0.5872079133987427,187,100.91828377454702,0.9882204050572017
v00039,2,449.5,646.5,58.450229507812175,0.6972796320915222,0.0,0.6465141312085891,0.4714556932449341,0.05,0.6145928502082825,187,154.95967217311735,0.720375145591273
v00039,3,357.5,583.5,93.99385601772254,0.54093998670578,0.0,0.5370404188936256,0.3871210217475891,0.05,0.21231058612465858,187,165.16204164395643,0.5682871874419716
v00039,4,380.5,584.5,70.97255470865596,0.5393639206886292,0.0,0.5386394003684143,0.41623789072036743,0.05,0.2127242237329483,187,146.35743916863262,0.47965415080840546
v00039,5,458.5,444.5,143.7564030725694,0.7159703373908997,0.0,0.6825418326894728,0.4262150526046753,0.05,0.6539669036865234,187,69.3000721500346,0.4559411516058077
v00039,6,487.5,590.5,36.19877548739861,0.5520939230918884,0.0,0.5505822655576613,0.4123493731021881,0.05,0.298958420753479,187,91.35918125727704,0.42191544998187347
v00039,7,459.5,416.5,171.77201080443666,0.7128839492797852,0.0,0.6726790428433531,0.38549795746803284,0.05,0.6529904007911682,187,92.80355596635293,0.395489944977452
v00039,8,450.5,617.5,29.433140639660007,0.6525356769561768,0.0,0.651622005457366,0.4894868731498718,0.05,0.7743933796882629,187,127.5009803883876,0.364230996058686
v00039,9,453.5,559.5,28.658441011702728,0.6315130591392517,0.0,0.5565264756624662,0.41732823848724365,0.05,0.7726098299026489,187,75.51489919214617,0.3419677217990332
v00039,10,463.5,589.5,12.200704794528031,0.558525562286377,0.0,0.4937576581810616,0.44369325041770935,0.05,0.2920530438423157,187,96.65660867214409,0.33602470755822644
v00039,11,604.5,423.5,224.79249102488316,0.36792120337486267,0.0,0.3686050164872504,0.008866426534950733,0.09358541225631423,0.3512917459011078,187,129.50868696732277,0.30580937175455286
v00039,12,461.5,387.5,200.83510582243497,0.7087525725364685,0.0,0.6589911436353113,0.39273300766944885,0.05,0.6209335923194885,187,118.90542460291708,0.30165679917552124
v00039,13,475.5,589.5,24.159560335733886,0.56378573179245,0.0,0.5523921592243866,0.5311189889907837,0.05,0.29962146282196045,187,92.79277989154113,0.2979967058748147
v00039,14,457.5,473.5,114.74329168175781,0.7100152969360352,0.0,0.6610419588124361,0.3985254168510437,0.05,0.6480919718742371,187,50.08492787256461,0.2809178688287843
v00039,15,455.5,502.5,85.6790928468305,0.7114822268486023,0.0,0.6756383410890094,0.3860434591770172,0.05,0.6441927254199982,187,44.5701693961331,0.2527326741410315
v00039,16,454.5,530.5,57.66443166822451,0.7008622884750366,0.0,0.681517970571617,0.4154202342033386,0.05,0.6197726726531982,187,54.77681991499689,0.24230974756255066
v00039,17,547.5,593.5,96.27048684080683,0.5278224349021912,0.0,0.5069125649338863,0.43229028582572937,0.05,0.2984267920255661,187,104.87373360379614,0.21017149074874392
v00039,18,511.5,591.5,60.21499394744604,0.5347371697425842,0.0,0.5408289798757062,0.39795762300491333,0.05,0.28672365844249725,187,92.21984602025748,0.20617475722825404
v00039,19,447.5,674.5,86.50707174311466,0.6940386891365051,0.0,0.6700776967804402,0.4715583026409149,0.05,0.6305530071258545,187,182.22650740218887,0.15529494981520073
v00039,20,641.5,597.5,190.3510232196279,0.5219706296920776,0.0,0.5099783352887343,0.5114786028862,0.05,0.27192242443561554,187,171.83858705191915,0.1481787619525126
v00040,1,383.0,436.0,233.49440451602598,0.7803627848625183,0.0,0.8305732663021017,0.5382960438728333,0.05,0.39999477565288544,177,133.3604139165742,0.9577448706688182
v00040,2,371.0,579.0,89.99445560764867,0.704680860042572,0.0,0.677698180083051,0.40120968222618103,0.05,0.549927681684494,177,151.2679741386127,0.8944598696064793
v00040,3,374.0,549.0,120.14365770769967,0.7028213739395142,0.0,0.671936828841692,0.41476643085479736,0.05,0.5448088049888611,177,135.19245541079576,0.8640514192678542
v00040,4,376.0,519.0,150.20047982019852,0.6924354434013367,0.0,0.6669279351714612,0.39423924684524536,0.05,0.5436607450246811,177,125.44720004846661,0.851953135528697
v00040,5,379.0,489.0,180.34877483777294,0.6957778334617615,0.0,0.6673215763717306,0.415740430355072,0.05,0.4661969840526581,177,121.49897118905987,0.8447617762536377
v00040,6,622.0,389.0,381.402566385844,0.5632070899009705,0.0,0.5799467559663545,0.3198675215244293,0.05885254915624212,0.3206682428717613,177,164.93938280471406,0.8426076827342885
v00040,7,369.0,609.0,59.94427736893726,0.7003615498542786,0.0,0.6646347541982365,0.36622586846351624,0.05,0.5074166655540466,177,170.41713528867922,0.7212332337325604
v00040,8,376.0,525.0,144.22541844843172,0.5583381056785583,0.0,0.5640336698693839,0.3516715168952942,0.05,0.4063367247581482,177,126.49505919204908,0.5601225019160817
v00040,9,379.0,495.0,174.37450436888153,0.5599921941757202,0.0,0.5593085653924641,0.34014296531677246,0.05885254915624212,0.40488381683826447,177,121.10326172320876,0.5499971316013592
v00040,10,363.0,669.0,0.5687659873548636,0.8997141718864441,0.0,0.9279545256851569,0.6033136248588562,0.05,0.4435906261205673,177,217.55459085020476,0.24620182152923928
v00040,11,616.0,456.0,330.7771301107656,0.6267127990722656,0.0,0.7488944360666725,0.3684966564178467,0.125,0.3579200506210327,177,124.06449935416659,0.19432206165132843
v00040,12,386.0,382.0,287.5551853713161,0.44421690702438354,0.0,0.4993606882796471,0.11578212678432465,0.11020817282989959,0.2994811236858368,177,164.07315441594946,0.1290179571950905
v00040,13,489.0,680.0,126.91832159946324,0.5316151976585388,0.0,0.5118130133243275,0.27523547410964966,0.05,0.28746800124645233,177,180.33579788827288,0.12825380711357634
v00040,14,595.0,690.0,233.38848177891902,0.6702238321304321,0.0,0.7373426352858946,0.37954825162887573,0.05,0.3387533128261566,177,212.42645786248002,0.09338934535381793
v00040,15,366.0,640.0,28.803086757338836,0.5550944209098816,0.0,0.5035366750226341,0.23139436542987823,0.05,0.6451741755008698,177,193.7937047481161,0.04300464054293532
v00040,16,374.0,543.0,126.1178468694163,0.4440293312072754,0.0,0.5051785126294548,0.24624668061733246,0.09358541225631423,0.2991590201854706,177,133.13526955694348,0.03762009311575866
v00040,17,548.0,450.0,286.6384280907471,0.4260888397693634,0.0,0.47991469471389325,0.2246888428926468,0.05,0.1582578867673874,177,69.31089380465383,0.028018289943492487
v00040,18,335.0,432.0,238.20480106933314,0.536664605140686,0.0,0.5258868699694851,0.32053297758102417,0.11020817282989959,0.1963154450058937,177,178.4628812946827,0.027724739533166315
v00040,19,372.0,573.0,96.06261316529223,0.4549800157546997,0.0,0.5088911887697802,0.2545665502548218,0.16249999999999998,0.30030032992362976,177,147.35331689514152,0.027659728272671234
v00040,20,616.0,450.0,334.66509022589577,0.4069744348526001,0.0,0.43935680470886584,0.13651956617832184,0.125,0.27856452763080597,177,126.31706139710502,0.02719203184641392
v00041,1,389.5,521.5,3.216456891730239,0.6890771985054016,0.0,0.7316004612723526,0.38952794671058655,0.05885254915624212,0.0,168,112.57219905465115,0.7980028361381614
v00041,2,616.5,572.5,235.15163453980657,0.49041128158569336,0.0,0.4607890186912777,0.25594258308410645,0.05885254915624212,0.0,168,137.21698145637805,0.6755391537859365
v00041,3,610.5,501.5,223.6586424057812,0.6526663303375244,0.0,0.7277283595705308,0.2777829170227051,0.05,0.0,168,110.51018052650171,0.6666954440671936
v00041,4,618.5,604.5,246.30595816390235,0.49068835377693176,0.0,0.4648714798654408,0.22586621344089508,0.05,0.0,168,157.9952530932496,0.575505387253536
v00041,5,617.5,593.5,241.7536717948218,0.4847811162471771,0.0,0.4820777300902699,0.21510449051856995,0.05,0.0,168,150.16157964006638,0.4897168904686984
v00041,6,620.5,625.5,256.1798655021109,0.4916803240776062,0.0,0.4627004708133371,0.25238603353500366,0.05,0.0,168,173.98419468445977,0.2976200477027356
v00041,7,401.5,671.5,153.17688768821648,0.4818890690803528,0.0,0.4636204615611797,0.2276342660188675,0.05,0.0,168,197.7738607602127,0.06582528035538135
v00041,8,621.5,636.5,261.8394750404133,0.4865472912788391,0.0,0.4615376649190884,0.24368883669376373,0.05885254915624212,0.0,168,182.74162087493917,0.06391004163041404
v00041,9,399.5,649.5,131.0861721171584,0.48142483830451965,0.0,0.4731720979810876,0.2236173301935196,0.05885254915624212,0.0,168,180.1402231596264,0.05491698847181112
v00041,10,619.5,614.5,250.87912684781094,0.49271753430366516,0.0,0.4854383808345058,0.2467104196548462,0.12961646096066226,0.0,168,165.50075528528563,0.05237306878003241
v00041,11,400.5,660.5,142.13152965154805,0.48542216420173645,0.0,0.4515693126791259,0.23418433964252472,0.05,0.0,168,188.83987926282944,0.03915759750553017
v00041,12,611.5,507.5,224.26902555673774,0.5601124167442322,0.0,0.5742578241515806,0.23468834161758423,0.1662132317597294,0.0,168,111.751957477263,0.026293433074505206
v00041,13,571.5,504.5,184.54347325304747,0.3742275536060333,0.0,0.43447948054408725,0.08418501913547516,0.14270509831248424,0.0,168,71.64146843832837,0.023995122552472103
v00041,14,385.5,471.5,47.50516974637936,0.4713570475578308,0.0,0.46282050617076687,0.20542466640472412,0.05885254915624212,0.0,168,117.99364389660995,0.02237366959608944
v00041,15,397.5,618.5,100.03662659202193,0.48188281059265137,0.0,0.45067706122799456,0.2278227061033249,0.11020817282989959,0.0,168,156.67960939445823,0.016804095987043945
v00041,16,617.5,583.5,238.8599556801063,0.485944002866745,0.0,0.4725640537601171,0.2519126534461975,0.1662132317597294,0.0,168,144.1474939081495,0.015639779539870575
v00041,17,389.5,515.5,3.9862207252892197,0.5366563200950623,0.0,0.5845869044089305,0.19818836450576782,0.12961646096066226,0.0,168,111.58180855318666,0.010332529696500769
v00041,18,378.5,376.5,142.7475527969506,0.46793386340141296,0.0,0.4630117642953467,0.203761488199234,0.05,0.0,168,173.24693359479699,0.0077317166474705655
v00041,19,622.5,646.5,267.35673163457324,0.48894426226615906,0.0,0.4526201594517326,0.2581612467765808,0.125,0.0,168,190.96727468338653,0.006450978665824276
v00041,20,376.5,355.5,163.83334632447878,0.43330681324005127,0.0,0.4580274236815536,0.1777471899986267,0.16249999999999998,0.0,168,190.08550707510554,0.00611379513523307
v00042,1,351.0,429.0,271.7014357926567,0.6457734107971191,0.0,0.6681162553434807,0.3905225396156311,0.05,0.6449214220046997,200,165.05150711217394,0.7972938520547569
v00042,2,349.0,565.0,135.68685529701006,0.6452463865280151,0.0,0.6755743899708452,0.4169844686985016,0.05,0.6455836296081543,200,164.39586369492392,0.7850367574799838
v00042,3,350.0,484.0,216.693022891686,0.650699257850647,0.0,0.6743076895205209,0.38609641790390015,0.05,0.6454016864299774,200,150.8509197850646,0.717689929621551
v00042,4,350.0,470.0,230.69197515351874,0.6470978856086731,0.0,0.681096647317264,0.41391515731811523,0.05,0.6426496505737305,200,152.97058540778355,0.7024159791738779
v00042,5,350.0,497.0,203.69412474612872,0.6445201635360718,0.0,0.6746128042864237,0.40584835410118103,0.05,0.641303539276123,200,150.02999700059985,0.7024159791738779
v00042,6,350.0,511.0,189.6954802460947,0.651740550994873,0.0,0.6715730517024698,0.37055251002311707,0.05,0.6469852328300476,200,150.4027925272666,0.698813310377916
v00042,7,350.0,538.0,162.69875316564736,0.6432704329490662,0.0,0.6577416284260624,0.36497002840042114,0.05,0.6425404250621796,200,154.7384890710776,0.6928012029321756
v00042,8,351.0,443.0,257.7028307595712,0.6544390916824341,0.0,0.6659447866471074,0.3611085116863251,0.05,0.6494538187980652,200,159.53056133543816,0.6689551795874306
v00042,9,350.0,525.0,175.69705175529143,0.6467228531837463,0.0,0.6594087935027848,0.34953439235687256,0.05,0.6447559893131256,200,152.0690632574555,0.660870829884535
v00042,10,351.0,457.0,243.70438599089934,0.6429674625396729,0.0,0.6504770216703636,0.3335179090499878,0.05,0.6396917700767517,200,155.08062419270823,0.42586006993546344
v00042,11,351.0,416.0,284.70026330447337,0.6583721041679382,0.0,0.6736140830599204,0.37554964423179626,0.05,0.6549915075302124,200,171.04677722775136,0.3598892123360259
v00042,12,349.0,579.0,121.68813200183818,0.6647933721542358,0.0,0.6830364351607161,0.3806418776512146,0.05,0.6537987589836121,200,170.41713528867922,0.3598892123360259
v00042,13,351.0,402.0,298.69911475585496,0.6569790840148926,0.0,0.683290698112909,0.41968467831611633,0.05,0.6492999196052551,200,178.33956375409244,0.18129570125410183
v00042,14,351.0,375.0,325.6971785264215,0.6528264284133911,0.0,0.682930695103052,0.3901364505290985,0.05,0.6480003893375397,200,194.48907424325924,0.1569384196739405
v00042,15,356.0,511.0,189.87679965846797,0.35602107644081116,0.0,0.2919341179588921,0.023067284375429153,0.05,0.3528757840394974,200,144.4195277654653,0.136122032975911
v00042,16,349.0,593.0,107.68974064321004,0.6652250289916992,0.0,0.6741945525414272,0.36209070682525635,0.05,0.6293655931949615,200,177.341478509682,0.08459107766498947
v00042,17,349.0,606.0,94.69166027669246,0.660965621471405,0.0,0.6763847638950731,0.3885413706302643,0.05885254915624212,0.5670634508132935,200,184.4911922016875,0.07958125317072866
v00042,18,351.0,389.0,311.69814062611397,0.655544102191925,0.0,0.6786944704870077,0.36888712644577026,0.05,0.6516590416431427,200,185.80096878111266,0.07430746070581522
v00042,19,356.0,498.0,202.86391685656494,0.3589581847190857,0.0,0.29034655001766296,-0.013623490929603577,0.11020817282989959,0.36189137399196625,200,144.01388821915754,0.06990674467201839
v00042,20,343.0,552.0,148.73691065600218,0.34243592619895935,0.0,0.3320315061620106,0.01584773138165474,0.05,0.3471945822238922,200,165.38742394752995,0.05903513267044296
v00043,1,604.0,348.0,0.9829473079433009,0.9554014205932617,0.0,0.9232373354156831,0.8463172912597656,0.0,0.0,194,184.1738309315414,0.48502577872933617
v00043,2,445.0,357.0,158.46919072350394,0.6260883212089539,0.0,0.6475257507534709,0.52231764793396,0.05,0.0,194,153.2122710490253,0.468950420318225
v00043,3,413.0,359.0,190.53156793065492,0.6269547939300537,0.0,0.6495434147120729,0.4943525791168213,0.05,0.0,194,165.6804152578089,0.46794590729565094
v00043,4,429.0,358.0,174.5003764848031,0.6270512938499451,0.0,0.6491769716753073,0.5113805532455444,0.05,0.0,194,158.76082640248507,0.41814672101345696
v00043,5,540.0,352.0,63.34472451998816,0.6220875382423401,0.0,0.6216447717487241,0.47161737084388733,0.05,0.0,194,153.3101431738944,0.31520495629941814
v00043,6,524.0,353.0,79.37538100248048,0.6190160512924194,0.0,0.6200379666645555,0.44843143224716187,0.05,0.0,194,148.94629904767692,0.2734857498402285
v00043,7,532.0,352.0,71.32642088738253,0.5897426605224609,0.0,0.6240600247132587,0.39114248752593994,0.05,0.0,194,151.4199458459816,0.2604407392957169
v00043,8,508.0,354.0,95.40622670488906,0.6144046187400818,0.0,0.6152996969498847,0.4259242117404938,0.05,0.0,194,146.21901381147393,0.2577056916582991
v00043,9,556.0,351.0,47.31444958717623,0.6048339605331421,0.0,0.6210905161521124,0.4844400882720947,0.05,0.0,194,159.17600321656528,0.25676650396004436
v00043,10,548.0,351.0,55.295219791843564,0.6004931926727295,0.0,0.626348054995375,0.4183746874332428,0.05,0.0,194,156.54072952429985,0.25676650396004436
v00043,11,477.0,355.0,126.40684490568846,0.6195187568664551,0.0,0.6410486534975629,0.5193045139312744,0.05,0.0,194,146.81280598094978,0.2377716695868974
v00043,12,461.0,356.0,142.43801256612127,0.6244335174560547,0.0,0.6462699498694424,0.5221286416053772,0.05,0.0,194,149.18780110987626,0.2377716695868974
v00043,13,516.0,353.0,87.35762875318781,0.5890359878540039,0.0,0.6237750433090973,0.3784119784832001,0.05,0.0,194,147.8681845428556,0.22360311911882857
v00043,14,493.0,354.0,110.37569231599423,0.6152879595756531,0.0,0.635361075563774,0.5095673203468323,0.05,0.0,194,146.16771189288008,0.22341859767828634
v00043,15,529.0,660.0,321.22707913811803,0.5876943469047546,0.0,0.6179938455564542,0.3877929747104645,0.05,0.0,194,162.60688792299052,0.22275091979565326
v00043,16,397.0,360.0,206.56276373753698,0.6248801350593567,0.0,0.6489686260464367,0.4800494611263275,0.05,0.0,194,173.80736463107655,0.21416023037693024
v00043,17,482.0,663.0,338.01355638779137,0.5964611768722534,0.0,0.6061659531221999,0.38912197947502136,0.05,0.0,194,163.99085340347492,0.21110756244191226
v00043,18,453.0,357.0,150.48448496928654,0.5936017036437988,0.0,0.6093290895592137,0.42478200793266296,0.05,0.0,194,150.5257453062432,0.20857998937164332
v00043,19,437.0,358.0,166.5156965611566,0.5910797119140625,0.0,0.6065749039782091,0.4156305193901062,0.05,0.0,194,155.3479964466874,0.19632927358310584
v00043,20,469.0,356.0,134.4532752732178,0.593766450881958,0.0,0.6093861783262431,0.43506282567977905,0.05,0.0,194,147.29901561110313,0.17731898101497348
v00044,1,634.5,445.5,58.52962681292461,0.658947765827179,0.0,0.6293821261026196,0.4257443845272064,0.05,0.4460114687681198,200,145.1223621637961,0.5763331468511208
v00044,2,569.5,441.5,123.64562561625846,0.6643431782722473,0.0,0.6138479816951647,0.432096391916275,0.05,0.4732229858636856,200,90.84327162756745,0.565715296667372
v00044,3,562.5,441.5,130.63687550129433,0.6793642640113831,0.0,0.63846377879313,0.5694942474365234,0.05,0.483860619366169,200,85.60665861952562,0.5301778541364548
v00044,4,489.5,437.5,203.74551261423179,0.6882944107055664,0.0,0.6328750100552665,0.533464252948761,0.05,0.4461942985653877,200,63.37586291325744,0.4543391982868809
v00044,5,693.5,448.5,0.8288403797376548,0.9500932097434998,0.0,0.9144663291554321,0.8883789777755737,0.0,0.5424764677882195,200,200.2361106294267,0.43539858844697565
v00044,6,576.5,441.5,116.65542519459274,0.681443989276886,0.0,0.6212452862087151,0.48741957545280457,0.05,0.4876485988497734,200,96.30420551564714,0.435238247390013
v00044,7,533.5,439.5,159.70090402679682,0.6908496022224426,0.0,0.6413138501608333,0.6110875010490417,0.05,0.49272970110177994,200,69.15562160808042,0.4294486071475362
v00044,8,518.5,438.5,174.73280694248976,0.6929599642753601,0.0,0.6716068087066969,0.5457960963249207,0.05,0.4919479191303253,200,64.2222702806433,0.4070780355282206
v00044,9,525.5,439.5,167.6904764663034,0.6488296389579773,0.0,0.5984783477091539,0.35860615968704224,0.05,0.4596874266862869,200,65.65439817712138,0.402337017794381
v00044,10,496.5,437.5,196.75487644206268,0.6624278426170349,0.0,0.6194807706551589,0.4018709063529968,0.05,0.42680565267801285,200,62.59792328823697,0.3765968485179779
v00044,11,554.5,440.5,138.6773803078973,0.6599019169807434,0.0,0.6347685046100748,0.3812837600708008,0.05,0.46988072991371155,200,80.68766944211488,0.35306825490776583
v00044,12,627.5,444.5,65.56809543799307,0.6517537236213684,0.0,0.6192852942739663,0.3792293965816498,0.05,0.45615457743406296,200,139.05574421792147,0.34943853993700014
v00044,13,591.5,442.5,101.62338880546147,0.6807697415351868,0.0,0.6499956200000669,0.5521836876869202,0.05,0.4893273413181305,200,108.06710877968375,0.3355114708266528
v00044,14,649.5,445.5,43.54592469607015,0.6720035672187805,0.0,0.6087799672511007,0.49162521958351135,0.05,0.45073215663433075,200,159.12416535523445,0.30715789709055885
v00044,15,504.5,437.5,188.76642777043716,0.6842474937438965,0.0,0.6219281689479966,0.5671688318252563,0.05,0.45095450431108475,200,62.66179059043876,0.30378936363407
v00044,16,482.5,436.5,210.78826303886473,0.6068257689476013,0.0,0.6247917524108008,0.389016330242157,0.05,0.39268389344215393,200,65.86729082025464,0.2971793034449339
v00044,17,620.5,444.5,72.55982115517163,0.6721077561378479,0.0,0.6316136230472831,0.5208786129951477,0.05,0.48673753440380096,200,132.66687604673595,0.2830140438868473
v00044,18,540.5,439.5,152.71092377518855,0.6588361263275146,0.0,0.6024957435109467,0.4209081530570984,0.05,0.46751566231250763,200,72.80453282591682,0.2594217117717163
v00044,19,547.5,440.5,145.66800717990859,0.6917181611061096,0.0,0.6197332600264394,0.5353773832321167,0.05,0.49194034188985825,200,76.13474896523925,0.24535041262526772
v00044,20,605.5,443.5,87.59054013474127,0.6784310936927795,0.0,0.6085548623405722,0.47013357281684875,0.05,0.48787810653448105,200,119.67664768032233,0.2304675378864504
v00045,1,533.5,492.5,0.41745788995334004,0.9794629216194153,0.0,0.9645581338004159,0.9241564869880676,0.0,0.6152747571468353,200,34.32928778754374,0.9868558442264566
v00045,2,461.5,492.5,71.58275175215995,0.6464866399765015,0.0,0.66953098820663,0.3789040446281433,0.05,0.3822314441204071,200,39.223717314910374,0.8451350309671221
v00045,3,533.5,434.5,57.988311182930325,0.7336309552192688,0.0,0.7063821443574156,0.5272086262702942,0.05,0.6725887954235077,200,73.56969484781081,0.7744887854504966
v00045,4,437.5,492.5,95.58275144703245,0.6451249122619629,0.0,0.6696723177194687,0.319991797208786,0.05,0.38291269540786743,200,62.94839156007086,0.7309683763287981
v00045,5,366.5,493.5,166.5858317216239,0.6452305912971497,0.0,0.6541222664733477,0.3885088264942169,0.05,0.37742485105991364,200,133.65814602933858,0.6991530820440333
v00045,6,655.5,493.5,122.4214422396068,0.6068289279937744,0.0,0.6316470145024279,0.27833083271980286,0.05,0.3262561112642288,200,155.6357927984434,0.6779587080905572
v00045,7,449.5,492.5,83.58275157769258,0.6328243017196655,0.0,0.6588762387534335,0.3205738663673401,0.05,0.3704048693180084,200,51.05389309347525,0.631178190637771
v00045,8,533.5,377.5,114.98756705209168,0.7289724349975586,0.0,0.7017659728258104,0.5315843820571899,0.05,0.7278676331043243,200,126.99803148080682,0.6297265423277325
v00045,9,426.5,492.5,106.58275135310679,0.6324077248573303,0.0,0.6524812442459215,0.404112309217453,0.05,0.3711118996143341,200,73.8816621361485,0.6193508336186985
v00045,10,596.5,493.5,63.42534259573247,0.6198592185974121,0.0,0.6360523230198658,0.3625302314758301,0.05,0.3326357752084732,200,96.71866417605239,0.6074020906141335
v00045,11,414.5,492.5,118.58275127051614,0.6424667239189148,0.0,0.6567993247822389,0.4308328926563263,0.05,0.3791135400533676,200,85.8283170055198,0.6028988297351744
v00045,12,532.5,348.5,143.98798928734448,0.7312665581703186,0.0,0.7127867258312963,0.4461042881011963,0.05,0.7305201888084412,200,154.94676505174286,0.5962844182602449
v00045,13,342.5,493.5,190.58544371530323,0.6283091902732849,0.0,0.653173559142894,0.3240818977355957,0.05,0.35238315165042877,200,157.63406992144814,0.5892596340505052
v00045,14,473.5,492.5,59.58275199690298,0.6354079842567444,0.0,0.6587011563733446,0.3685912787914276,0.05,0.37064148485660553,200,27.54087870784082,0.5706729976629231
v00045,15,533.5,522.5,30.016090179486827,0.615496814250946,0.0,0.5985783620922043,0.41112688183784485,0.05,0.8197395503520966,200,40.35467754796215,0.570044257147291
v00045,16,390.5,492.5,142.58275114704065,0.644038200378418,0.0,0.6639766484289211,0.3869189918041229,0.05,0.38362009823322296,200,109.7565487795603,0.5628417792537392
v00045,17,378.5,492.5,154.5827510996807,0.6330756545066833,0.0,0.6616056802977728,0.32788407802581787,0.05,0.37234486639499664,200,121.73126139164088,0.5304790651032404
v00045,18,534.5,552.5,60.0299222651702,0.7013409733772278,0.0,0.6671778252072695,0.32557955384254456,0.05885254915624212,0.6425665318965912,200,62.821174774115775,0.5082007655788723
v00045,19,533.5,406.5,85.98782236561199,0.7289610505104065,0.0,0.6954602792818672,0.5267086029052734,0.05,0.7289757132530212,200,99.32018928697227,0.4412623139402764
v00045,20,532.5,319.5,172.98779159348695,0.7327084541320801,0.0,0.7141959053648874,0.4561528265476227,0.05,0.6185846328735352,200,183.40256268656663,0.4026149099572591
v00046,1,526.0,663.0,0.8218633597905599,0.9371998906135559,0.0,0.9160258867886356,0.8136492371559143,0.0,0.49404697120189667,195,165.0605949341029,0.992757717662412
v00046,2,522.0,490.0,172.2263358152024,0.696357011795044,0.0,0.6147884008620776,0.576016902923584,0.05,0.4445803351700306,195,24.166091947189145,0.6966835877863149
v00046,3,524.0,572.0,90.20214889674399,0.7008268237113953,0.0,0.6237494048385193,0.5856736302375793,0.05,0.44668954983353615,195,75.8946638440411,0.6341164245577511
v00046,4,520.0,426.0,236.25591121522422,0.7211309671401978,0.0,0.6719909204169892,0.5951197743415833,0.05,0.3977874480187893,195,76.6550715869472,0.6322572300365366
v00046,5,523.0,526.0,136.21301474772852,0.694504976272583,0.0,0.6281250409939192,0.5457864999771118,0.05,0.4356163404881954,195,34.713109915419565,0.5835861309097383
v00046,6,522.0,508.0,154.23155481740895,0.7227546572685242,0.0,0.6770598270653092,0.6159847974777222,0.05,0.4553023390471935,195,23.40939982143925,0.45446498879785135
v00046,7,525.0,599.0,63.188380477680695,0.6836265325546265,0.0,0.6067306786708848,0.5559003353118896,0.05,0.4081220217049122,195,102.1077861869505,0.4270639667112515
v00046,8,469.0,664.0,56.953469497131245,0.6833440065383911,0.0,0.6727728650153737,0.5712419748306274,0.05,0.37874408811330795,195,166.90416411821485,0.39538487434039954
v00046,9,524.0,581.0,81.20442439992205,0.7135897874832153,0.0,0.6540560769332363,0.6074230670928955,0.05,0.4532759487628937,195,84.48076704197234,0.3765537666333177
v00046,10,524.0,590.0,72.20726707648569,0.7023395895957947,0.0,0.6665727348011052,0.5853272676467896,0.05,0.44905782863497734,195,93.14504817756014,0.37557047271880245
v00046,11,523.0,553.0,109.22077648626083,0.6900902986526489,0.0,0.6824091542366952,0.5071101188659668,0.05,0.4235352799296379,195,57.77542730261716,0.3638542560073009
v00046,12,521.0,463.0,199.24248288587728,0.7037766575813293,0.0,0.629527565008789,0.5917158722877502,0.05,0.45040474086999893,195,42.5440947723653,0.34857091779542954
v00046,13,520.0,444.0,218.2620382411941,0.6877959966659546,0.0,0.6853631743204941,0.4957709014415741,0.05,0.4255244769155979,195,59.464274989274024,0.338841976906192
v00046,14,521.0,453.0,209.2395740435773,0.6824259161949158,0.0,0.6317935289516761,0.4902175962924957,0.05,0.417401235550642,195,51.478150704935004,0.3258118302350297
v00046,15,520.0,435.0,227.2588534263697,0.7121817469596863,0.0,0.6838532404243818,0.5684879422187805,0.05,0.41662225872278214,195,68.00735254367721,0.26538949882562146
v00046,16,525.0,608.0,54.1895036323864,0.7082661390304565,0.0,0.6428209738620564,0.5931060910224915,0.05,0.4067920707166195,195,110.85576214162258,0.25456697015207247
v00046,17,521.0,481.0,181.24852755151878,0.6960471868515015,0.0,0.6661388062645655,0.5625624656677246,0.05,0.44863951951265335,195,28.319604517012593,0.2407797555616017
v00046,18,522.0,499.0,163.228801456309,0.7209582328796387,0.0,0.6533739335117354,0.6188120245933533,0.05,0.455949604511261,195,22.02271554554524,0.22545720144457707
v00046,19,521.0,472.0,190.24536226426488,0.7102062702178955,0.0,0.6574000892770145,0.6016412377357483,0.05,0.45366954803466797,195,35.0,0.2028381312455969
v00046,20,522.0,517.0,145.23464937103577,0.7079430222511292,0.0,0.6864488497267207,0.5667182207107544,0.05,0.4458461217582226,195,27.80287754891569,0.2028381312455969
v00047,1,359.0,426.0,142.4107015419674,0.5983889102935791,0.0,0.6004936772788715,0.40136006474494934,0.05,0.0,199,159.2388143638353,0.5427554934073474
v00047,2,355.0,512.0,228.49612143787957,0.5954605937004089,0.0,0.6039595421631887,0.5030547380447388,0.05,0.0,199,145.49570440394453,0.4974765455667816
v00047,3,357.0,455.0,171.4610786253381,0.5989829301834106,0.0,0.5999916091406216,0.5343838334083557,0.05,0.0,199,149.91330828182,0.4747391795159169
v00047,4,356.0,484.0,200.47827163763822,0.5978851318359375,0.0,0.5989093359547494,0.5666643977165222,0.05,0.0,199,144.88616221019868,0.4264391512315251
v00047,5,360.0,398.0,114.39347796240733,0.6056424379348755,0.0,0.6027119941594603,0.4937370717525482,0.05,0.0,199,173.216627377397,0.21180237747389016
v00047,6,361.0,369.0,85.37699857037309,0.6078733801841736,0.0,0.6051715538065898,0.49121183156967163,0.05885254915624212,0.0,199,191.0026177831079,0.044192464167891216
v00047,7,582.0,493.0,302.79922351262354,0.3061084449291229,0.0,0.22785613194876486,0.13704413175582886,0.05885254915624212,0.0,199,82.29823813423954,0.034382344437503994
v00047,8,686.0,435.0,356.4932218101656,0.357368528842926,0.0,0.4144476028804157,0.15170714259147644,0.05,0.0,199,197.03045449879062,0.021608625952835872
v00047,9,352.0,611.0,327.5404324413002,0.6110687851905823,0.0,0.7282810099378956,0.36242520809173584,0.05,0.0,199,185.0,0.021012478978157265
v00047,10,533.0,291.0,169.93011149051247,0.6170997023582458,0.0,0.5778540462766232,0.42808324098587036,0.05,0.0,199,211.5892246783848,0.014316262947257052
v00047,11,555.0,292.0,191.9527811729636,0.6187189221382141,0.0,0.5780556576134448,0.4408200979232788,0.05,0.0,199,215.14878572745886,0.014316262947257052
v00047,12,510.0,290.0,146.90838313914946,0.620831310749054,0.0,0.5790898903146099,0.4658311605453491,0.05,0.0,199,210.23796041628637,0.014316262947257052
v00047,13,454.0,288.0,90.87524453727295,0.6464449763298035,0.0,0.6016363514912926,0.5046549439430237,0.05,0.0,199,216.9331694324314,0.014316262947257052
v00047,14,499.0,289.0,135.87645650028904,0.6441600322723389,0.0,0.5980282214168304,0.49527570605278015,0.05,0.0,199,211.00236965494014,0.014316262947257052
v00047,15,476.0,289.0,112.89790732589691,0.6413375735282898,0.0,0.5965904745007304,0.4968302845954895,0.05,0.0,199,212.3605424743495,0.014316262947257052
v00047,16,544.0,291.0,180.9204482488131,0.6493315696716309,0.0,0.6053820277909641,0.49736541509628296,0.05,0.0,199,213.58136622842358,0.014316262947257052
v00047,17,362.0,341.0,57.361064944315196,0.6282021403312683,0.0,0.605590205506821,0.5405824780464172,0.05,0.0,199,210.535032714273,0.011892704745199458
v00047,18,521.0,290.0,157.8988246945891,0.6467140316963196,0.0,0.6009368201616262,0.5199563503265381,0.05,0.0,199,211.0473880435387,0.011892704745199458
v00047,19,358.0,443.0,159.43366709637178,0.38687005639076233,0.0,0.4511489377138361,0.3317491412162781,0.05,0.0,199,153.0130713370593,0.011703193661787837
v00047,20,361.0,363.0,79.3791979817196,0.4288807511329651,0.0,0.4830546990283471,0.3955642282962799,0.05,0.0,199,195.1665955024066,0.011139614262844409
v00048,1,354.0,384.0,0.903191639135087,0.9591495990753174,0.0,0.951467880257907,0.8563409447669983,0.0,0.0,197,186.47251808242416,0.44588932177966745
v00048,2,608.0,401.0,255.1180994298149,0.6216455698013306,0.0,0.593981002821225,0.4919082224369049,0.05,0.0,197,146.50938536489735,0.30611757091718683
v00048,3,586.0,399.0,233.03271941792624,0.6208348870277405,0.0,0.5980689622267965,0.5047147274017334,0.05,0.0,197,132.6536844569347,0.290415283896171
v00048,4,597.0,400.0,244.07528856481443,0.6242972612380981,0.0,0.5971859282144366,0.5182619094848633,0.05,0.0,197,139.31618714277246,0.24739440817800695
v00048,5,575.0,399.0,222.05912474138145,0.6295259594917297,0.0,0.5914147889945818,0.5422883033752441,0.05,0.0,197,125.80143083447024,0.23406193810697987
v00048,6,553.0,397.0,199.97314455581636,0.630905032157898,0.0,0.5963771324304225,0.5499945878982544,0.05,0.0,197,115.83609109426992,0.214383345683183
v00048,7,465.0,391.0,111.76888052865806,0.624545156955719,0.0,0.5913730919706142,0.5430313348770142,0.05,0.0,197,114.48143954370944,0.20375521604400876
v00048,8,564.0,398.0,211.01601055897376,0.6341786980628967,0.0,0.5975008625413557,0.558245062828064,0.05,0.0,197,120.41594578792295,0.19883191500950287
v00048,9,421.0,388.0,67.6667917827751,0.6154734492301941,0.0,0.5843697603948057,0.49942687153816223,0.05,0.0,197,137.05838172107534,0.197606510232782
v00048,10,476.0,392.0,122.81197345256253,0.6323851346969604,0.0,0.5920047904779191,0.5603138208389282,0.05,0.0,197,110.63453348751464,0.18067510710962614
v00048,11,432.0,389.0,78.7101828155476,0.6267611980438232,0.0,0.5881930691023702,0.536088228225708,0.05,0.0,197,130.17296186228538,0.16461523569401282
v00048,12,443.0,390.0,89.75405866890038,0.6269491314888,0.0,0.5835058901718448,0.5422677993774414,0.05,0.0,197,123.89108119634763,0.15705486588185322
v00048,13,410.0,388.0,56.69921755869211,0.615740180015564,0.0,0.5707100353822299,0.48675739765167236,0.05,0.0,197,143.68020044529447,0.15685520974737988
v00048,14,542.0,397.0,189.0007013350371,0.6279080510139465,0.0,0.5797247595181305,0.5413115620613098,0.05,0.0,197,111.23398761170077,0.14698764084567534
v00048,15,454.0,391.0,100.7982599860925,0.6238483786582947,0.0,0.5770006469943973,0.5271255373954773,0.05,0.0,197,118.30891766895681,0.1455383925063461
v00048,16,520.0,395.0,166.9139561803294,0.6375355124473572,0.0,0.5974435184502673,0.5845191478729248,0.05,0.0,197,106.88779163215975,0.12416527929518999
v00048,17,531.0,396.0,177.9572053513215,0.6365499496459961,0.0,0.5918300102055082,0.5768949389457703,0.05,0.0,197,108.52188719332152,0.12416527929518999
v00048,18,487.0,393.0,133.85544065145956,0.6315252184867859,0.0,0.585708901037234,0.5661512017250061,0.05,0.0,197,107.78682665335315,0.12416527929518999
v00048,19,509.0,394.0,155.87100628110872,0.6318507790565491,0.0,0.5951833841084352,0.565945029258728,0.05,0.0,197,106.38138934982942,0.12416527929518999
v00048,20,498.0,394.0,144.89919654946294,0.6280471682548523,0.0,0.5777148561681333,0.5533033013343811,0.05,0.0,197,106.01886624558857,0.10171954273625829
v00049,1,543.0,451.0,,0.8968598246574402,0.0,0.9621413746413925,0.842515230178833,0.0,0.6211762204766273,186,65.19202405202648,0.9696181980119043
v00049,2,527.0,452.0,,0.8945407271385193,0.0,0.9594984329673216,0.8316526412963867,0.0,0.6221112944185734,186,55.072679252057455,0.9656128559120833
v00049,3,495.0,453.0,,0.8932512998580933,0.0,0.9540762424774019,0.8176883459091187,0.0,0.6117903031408787,186,47.265209192385896,0.9398065468825871
v00049,4,479.0,454.0,,0.8926963806152344,0.0,0.9575787186034266,0.8161600828170776,0.0,0.5821999683976173,186,50.566787519082126,0.9231142309202336
v00049,5,559.0,450.0,,0.8846021294593811,0.0,0.9489064675161814,0.8111994862556458,0.0,0.6108926348388195,186,77.33692520394123,0.46276373573821117
v00049,6,519.0,597.0,,0.874213457107544,0.0,0.9585776202769417,0.8221032619476318,0.0,0.6856294870376587,186,98.84331034521254,0.2745257651991259
v00049,7,607.0,448.0,,0.8804309964179993,0.0,0.9473575695097822,0.8063358664512634,0.0,0.6106540374457836,186,118.9663818059539,0.21260947703850472
v00049,8,591.0,449.0,,0.8878664374351501,0.0,0.9557061405148926,0.8236390948295593,0.05,0.6227968148887157,186,104.31682510506155,0.1555665590033284
v00049,9,575.0,450.0,,0.8816415071487427,0.0,0.9488382687001494,0.8049402236938477,0.05,0.619299940764904,186,90.13878188659973,0.15264741722599223
v00049,10,510.0,432.0,,0.8742652535438538,0.0,0.9614666979784545,0.8270903825759888,0.0,0.6429463103413582,186,68.73136110975832,0.1334223734553937
v00049,11,511.0,453.0,,0.8803147673606873,0.0,0.942927729648668,0.7855451107025146,0.05,0.6130337603390217,186,48.27007354458868,0.08217335864150738
v00049,12,550.0,575.0,,0.8614709973335266,0.0,0.9482397863010664,0.7945191860198975,0.0,0.6059088408946991,186,90.13878188659973,0.06069464663347561
v00049,13,333.0,458.0,,0.8772778511047363,0.0,0.9614688464415848,0.8247688412666321,0.0,0.62671959400177,186,172.20046457544765,0.060474459082299974
v00049,14,503.0,598.0,,0.874562680721283,0.0,0.9615788600875809,0.8265931606292725,0.05,0.6879142820835114,186,98.04590761474952,0.05482288842329579
v00049,15,536.0,617.0,,0.8740134835243225,0.0,0.9627198274370636,0.8277088403701782,0.05,0.6965101659297943,186,122.41323457861898,0.04940917235212468
v00049,16,502.0,577.0,,0.8632637858390808,0.0,0.9453160816239417,0.784014880657196,0.0,0.6065093651413918,186,77.02596964660685,0.03057839798200712
v00049,17,493.0,412.0,,0.8717103600502014,0.0,0.9561072130033297,0.8156795501708984,0.0,0.697316899895668,186,88.2779700718135,0.02656479401637368
v00049,18,521.0,638.0,,0.8739016056060791,0.0,0.9555647642795222,0.8080047369003296,0.0,0.695851594209671,186,139.5886814895821,0.023174459606833137
v00049,19,487.0,599.0,,0.863254964351654,0.0,0.9507222874536272,0.8006942868232727,0.0,0.6248157769441605,186,99.84988733093293,0.02220710948664248
v00049,20,525.0,411.0,,0.8627943396568298,0.0,0.9545364753414516,0.811919629573822,0.05,0.6958383619785309,186,92.44457799135652,0.022155289539613994
v00050,1,607.5,586.5,69.30991280991555,0.5488990545272827,0.0,0.485249169628997,0.25805750489234924,0.05,0.0,182,137.9800710247679,0.7723718225403693
v00050,2,598.5,442.5,213.5679046700537,0.47839194536209106,0.0,0.44688700785134267,0.278650164604187,0.05,0.0,182,114.05481138470222,0.7363878621126995
v00050,3,446.5,590.5,175.72783880210338,0.49866849184036255,0.0,0.5156599758858585,0.20449227094650269,0.05,0.0,182,105.130870822989,0.6280606905682562
v00050,4,596.5,419.5,236.642308405075,0.5050018429756165,0.0,0.4450214515138261,0.2877185344696045,0.05885254915624212,0.0,182,125.66821396041244,0.6216915936272631
v00050,5,521.5,660.5,88.2805627593265,0.5378378033638,0.0,0.5065223003841024,0.18361401557922363,0.05,0.0,182,161.93362837903683,0.5646860242630413
v00050,6,447.5,612.5,167.8296820379333,0.4613317549228668,0.0,0.5053988043003772,0.24743542075157166,0.05885254915624212,0.0,182,124.14709017935137,0.5592704629960811
v00050,7,450.5,662.5,159.29605922961576,0.6823190450668335,0.0,0.6869312241547783,0.3043892979621887,0.05,0.0,182,169.87201064330756,0.530537069693009
v00050,8,539.5,659.5,70.25285018950069,0.5118935108184814,0.0,0.5158735452224917,0.18535169959068298,0.05885254915624212,0.0,182,164.31828869605476,0.48037663248801576
v00050,9,436.5,426.5,287.3152008779657,0.45882248878479004,0.0,0.44436070125958105,0.1959325522184372,0.05,0.0,182,97.13135436098891,0.4667557295863712
v00050,10,601.5,494.5,161.48243401445583,0.4689520597457886,0.0,0.48306480363826226,0.16765794157981873,0.05885254915624212,0.0,182,101.64890555239639,0.2511932491301382
v00050,11,610.5,655.5,0.8899201211818812,0.7937906980514526,0.0,0.8410365257614325,0.44437190890312195,0.05,0.0,182,190.76294189385945,0.21774458863036192
v00050,12,595.5,394.5,261.65953425963704,0.4565654695034027,0.0,0.442223509614267,0.20934626460075378,0.0875,0.0,182,142.30425151765493,0.17356857542708098
v00050,13,592.5,656.5,17.16935523475012,0.486593097448349,0.0,0.4110586590579138,0.24554437398910522,0.05,0.0,182,181.7924640902367,0.09322143189600925
v00050,14,557.5,658.5,52.225167863717495,0.4624406695365906,0.0,0.4889770064850034,0.21838098764419556,0.05885254915624212,0.0,182,168.60753245332785,0.08147588396206994
v00050,15,618.5,655.5,8.850216374428898,0.4991099238395691,0.0,0.46574166568461167,0.2128410041332245,0.05,0.0,182,195.5057543910153,0.07568690561229806
v00050,16,513.5,660.5,96.27005447724261,0.49497663974761963,0.0,0.48993268529451817,0.14544375240802765,0.09358541225631423,0.0,182,161.0667563465534,0.06264112093251999
v00050,17,530.5,659.5,79.24163546513782,0.5268328189849854,0.0,0.514425397967074,0.12964916229248047,0.11020817282989959,0.0,182,162.38996274400705,0.04670415528403332
v00050,18,438.5,472.5,250.76677734158045,0.4256661534309387,0.0,0.442108821347617,0.18532794713974,0.05,0.0,182,67.36839021380874,0.03837438473199059
v00050,19,506.5,423.5,254.15174403412064,0.2968849837779999,0.0,0.16662615181287171,0.1428375542163849,0.08106601717798213,0.0,182,76.77564718060017,0.03697435080088397
v00050,20,443.5,449.5,264.8719528677072,0.30735453963279724,0.0,0.1976995814075073,0.09560465812683105,0.05885254915624212,0.0,182,75.7792847683323,0.03697435080088397
v00051,1,472.5,336.5,0.7670121238365808,0.9554281234741211,0.0,0.9279721343345961,0.8410626649856567,0.0,0.5988061279058456,192,165.79656208739672,0.992757717662412
v00051,2,453.5,335.5,18.26168786810671,0.6472923159599304,0.0,0.5374439100222757,0.577110230922699,0.05,0.537896491587162,192,170.945897874152,0.7750136347112176
v00051,3,509.5,339.5,37.884226027794966,0.5906756520271301,0.0,0.5429256985681917,0.49404430389404297,0.05,0.4515906497836113,192,160.7809068266503,0.7226927119731019
v00051,4,470.5,360.5,24.01253491364246,0.7364143133163452,0.0,0.6238713999096124,0.5380908250808716,0.05,0.5529594272375107,192,142.5850623312274,0.7211340023877113
v00051,5,491.5,338.5,19.86577619383766,0.6479918956756592,0.0,0.5138175112243452,0.5394037961959839,0.05,0.5422466173768044,192,161.72352951874382,0.688276369598279
v00051,6,469.5,385.5,49.03173050794565,0.6211610436439514,0.0,0.5729375754835085,0.37769758701324463,0.05,0.45241905748844147,192,118.49261580368626,0.6878164019333441
v00051,7,464.5,457.5,121.19688411263184,0.5661808848381042,0.0,0.5672105892123585,0.25420790910720825,0.05,0.37520158663392067,192,55.37598757584374,0.655624859193886
v00051,8,538.5,341.5,66.95230239921592,0.5640549659729004,0.0,0.5747839731233945,0.32103970646858215,0.05,0.42061223834753036,192,163.10885935472666,0.6365729451704212
v00051,9,548.5,342.5,76.99940225469997,0.6638535261154175,0.0,0.6095417255604312,0.4091895520687103,0.05,0.485820434987545,192,164.79836164234158,0.5914659941361442
v00051,10,529.5,341.5,57.98110799023367,0.5648186802864075,0.0,0.5624756315982444,0.3470391631126404,0.05,0.4551057890057564,192,161.2218967758412,0.5818117826703508
v00051,11,567.5,343.5,96.02086758297413,0.6557777523994446,0.0,0.6181982059109512,0.40342146158218384,0.05,0.5044006034731865,192,170.43620507392203,0.48236689657724297
v00051,12,466.5,433.5,97.1219398139778,0.5755119919776917,0.0,0.5662588889680706,0.21636129915714264,0.05,0.3908968083560467,192,74.46139939592862,0.360106375501565
v00051,13,467.5,409.5,73.10351648166177,0.6007866859436035,0.0,0.5753729578763285,0.3957667052745819,0.08106601717798213,0.40907034277915955,192,96.15872295325057,0.3408732763256945
v00051,14,557.5,342.5,85.97505370956166,0.6028551459312439,0.0,0.5991425186184635,0.2963462471961975,0.05,0.4479838237166405,192,167.66782637107215,0.33660165823729216
v00051,15,473.5,313.5,23.08685618988342,0.705156147480011,0.0,0.6662639786836428,0.49484118819236755,0.05,0.5410370901226997,192,188.37329959418346,0.2244274643474764
v00051,16,585.5,344.5,114.04636131560034,0.6505573987960815,0.0,0.6334858642094288,0.40129369497299194,0.05,0.5002504214644432,192,177.45562825675606,0.22127383470200354
v00051,17,396.5,331.5,75.40046657677064,0.6709641814231873,0.0,0.6327400632894258,0.4154433012008667,0.05,0.4906826317310333,192,197.7485777445694,0.21833207523245857
v00051,18,623.5,347.5,152.16350531359336,0.6518616676330566,0.0,0.6199941510281632,0.4086110591888428,0.05,0.4881623163819313,192,196.2358275137341,0.21833207523245857
v00051,19,604.5,346.5,133.1414033481471,0.6519327759742737,0.0,0.6109538142610388,0.40013885498046875,0.05,0.5008435472846031,192,185.69464181822804,0.20027069980857076
v00051,20,463.5,482.5,146.21283624304544,0.5570601224899292,0.0,0.5344932163244889,0.15499460697174072,0.05,0.36850250139832497,192,40.47838929601819,0.09351523891641542
v00052,1,642.0,584.0,0.6241837514904838,0.9209774732589722,0.0,0.9012813225157701,0.7810401916503906,0.0,0.5872015357017517,185,164.98484778912274,0.9921655821275364
v00052,2,625.0,584.0,16.86713973353692,0.6533090472221375,0.0,0.5262464084486356,0.49427756667137146,0.05,0.4815162718296051,185,150.60212481900777,0.8772892243193122
v00052,3,643.0,571.0,12.445279179776513,0.6570445895195007,0.0,0.5550784943947367,0.4781411290168762,0.05,0.4623883590102196,185,159.65587994182988,0.5742766759252039
v00052,4,452.0,580.0,189.88650933778905,0.5864330530166626,0.0,0.5686500790021536,0.2033730298280716,0.05,0.4131750538945198,185,93.29523031752481,0.509635485595581
v00052,5,644.0,495.0,88.4185996170996,0.6482642889022827,0.0,0.6055429572779157,0.268542617559433,0.05,0.4114670529961586,185,144.08677940741129,0.5040343755732453
v00052,6,651.0,584.0,9.163951479222664,0.661566972732544,0.0,0.5430263066812115,0.6564880609512329,0.05,0.4841698482632637,185,172.7917822120022,0.4883867093839379
v00052,7,643.0,520.0,63.40292449356265,0.649766743183136,0.0,0.6252778988331549,0.26468613743782043,0.05,0.49977974593639374,185,144.3918280236108,0.4734378992134314
v00052,8,644.0,483.0,100.41549339446863,0.6009703874588013,0.0,0.5936986949233052,0.2276340126991272,0.05,0.3789461553096771,185,145.0,0.30906997185340734
v00052,9,642.0,596.0,12.608213590751792,0.6600716710090637,0.0,0.6081579914052209,0.5539384484291077,0.05,0.4284941107034683,185,171.40595088852663,0.30194425491085103
v00052,10,371.0,578.0,270.9098766050619,0.594764232635498,0.0,0.6563394939492196,0.2383803129196167,0.05,0.36521240323781967,185,150.74813431681335,0.299220457436433
v00052,11,643.0,508.0,75.40128241443917,0.6394659280776978,0.0,0.6081029631200574,0.22853483259677887,0.05,0.45506300032138824,185,143.22360140703069,0.27785306743629873
v00052,12,668.0,584.0,26.150854847949272,0.5858492851257324,0.0,0.5342793914016978,0.4350740909576416,0.05,0.43595051020383835,185,187.82971010998233,0.2619553143207798
v00052,13,587.0,583.0,54.85760485117516,0.5758956670761108,0.0,0.5773501071214432,0.16225582361221313,0.05,0.4311707466840744,185,120.24142381059865,0.21397973275217955
v00052,14,507.0,582.0,134.8633901801661,0.6270514726638794,0.0,0.6518116403190621,0.24816280603408813,0.05,0.40991199016571045,185,82.29823813423954,0.21026245837930738
v00052,15,644.0,470.0,113.41287000164773,0.5863001346588135,0.0,0.5630835241261157,0.23389971256256104,0.05,0.3622603565454483,185,147.09180806557515,0.19375164002104442
v00052,16,643.0,546.0,37.41009619907785,0.5793228149414062,0.0,0.5175363385289116,0.3652471899986267,0.05,0.410577654838562,185,150.2165104108067,0.18542943942022658
v00052,17,642.0,609.0,25.607797281178723,0.6089505553245544,0.0,0.5930820845185397,0.4548313021659851,0.05,0.3923039361834526,185,179.0111728356641,0.1803748796579833
v00052,18,642.0,622.0,38.60766132826321,0.6155350208282471,0.0,0.6230300141049034,0.31765979528427124,0.05,0.39043793827295303,185,187.21111078138497,0.1686595804915567
v00052,19,509.0,443.0,193.28955949896627,0.5599614381790161,0.0,0.5441395959851715,0.17098063230514526,0.05,0.4071359410881996,185,57.706152185014034,0.15050400876075576
v00052,20,444.0,580.0,197.88528400890047,0.5872992873191833,0.0,0.5581476346568259,0.3458437919616699,0.05,0.41756200790405273,185,97.65244492586962,0.1490812177332078
v00053,1,451.5,349.5,271.7134254121208,0.7128004431724548,0.0,0.7525534338326931,0.46175527572631836,0.05,0.0,147,158.12178850493692,0.6596445075882209
v00053,2,573.5,357.5,344.4564157841696,0.6640669703483582,0.0,0.7107219970037502,0.4012436866760254,0.05,0.0,147,160.33870399875383,0.5639923313339334
v00053,3,435.5,592.5,122.10957130820313,0.6089879274368286,0.0,0.6790766500414391,0.44858652353286743,0.05,0.0,147,112.76745984547138,0.39165609883699265
v00053,4,568.5,419.5,303.108186326339,0.5428194403648376,0.0,0.5353491755878308,0.3221127688884735,0.05,0.0,147,105.7000473036791,0.3552654430573902
v00053,5,447.5,412.5,217.26424172239552,0.5595955848693848,0.0,0.5162017178440765,0.32767799496650696,0.05,0.0,147,102.04165815979276,0.3184131351321608
v00053,6,569.5,408.5,310.0293358065321,0.5577379465103149,0.0,0.5103484550709054,0.3478717505931854,0.05,0.0,147,114.902132269162,0.2630050436767121
v00053,7,556.5,601.5,243.4437013109008,0.6454835534095764,0.0,0.6563916988038832,0.35188552737236023,0.05,0.0,147,116.16582974351795,0.14772625816407142
v00053,8,564.5,478.5,271.9551524938928,0.5894768834114075,0.0,0.6370030986714965,0.4649076461791992,0.05,0.0,147,67.98896969362015,0.11861510116302833
v00053,9,314.5,584.5,1.1367982303817186,0.9555952548980713,0.0,0.7965728684601256,0.8519794344902039,0.0,0.0,147,203.83939756582876,0.10693668927337001
v00053,10,442.5,472.5,170.1435704290074,0.6222537755966187,0.0,0.6420877528023462,0.24380581080913544,0.05,0.0,147,63.73774391990981,0.07053821837489993
v00053,11,321.5,462.5,121.43357463004733,0.6385849118232727,0.0,0.7252776229007589,0.4307125210762024,0.05,0.0,147,182.3965460199288,0.06108539840527577
v00053,12,448.5,401.5,226.6260514014315,0.5468165278434753,0.0,0.4921923013245252,0.3094422519207001,0.05,0.0,147,111.15079846766734,0.044342998798028596
v00053,13,321.5,584.5,7.833544921769056,0.5531487464904785,0.0,0.42972427946585007,0.5392018556594849,0.05,0.0,147,197.49050610092627,0.03851326123704317
v00053,14,317.5,531.5,52.320908608118,0.546877920627594,0.0,0.5460683401279893,0.3678130507469177,0.05,0.0,147,185.19854211089245,0.031024787234985838
v00053,15,317.5,541.5,42.35338897647954,0.5671462416648865,0.0,0.5485858131645595,0.38686200976371765,0.05,0.0,147,187.15902329302747,0.03096067799237364
v00053,16,446.5,423.5,208.0676195101264,0.5382166504859924,0.0,0.5271163380145015,0.2777506411075592,0.0875,0.0,147,93.35148632989193,0.029711477029464143
v00053,17,566.5,450.5,285.7289600391281,0.41483867168426514,0.0,0.4259662524528996,0.25305628776550293,0.05,0.0,147,82.90054282090075,0.027982329950804248
v00053,18,568.5,429.5,297.8101823280336,0.5353294014930725,0.0,0.4887587593396744,0.32764917612075806,0.09358541225631423,0.0,147,98.2980162566875,0.021408386443042944
v00053,19,318.5,520.5,63.36476876132202,0.5615524649620056,0.0,0.5317578185341522,0.42438220977783203,0.05,0.0,147,182.6540445760783,0.018676555088956232
v00053,20,685.5,486.5,384.28252635636846,0.5427892804145813,0.0,0.6454275479544577,0.36486396193504333,0.05,0.0,147,185.9905911598756,0.01826648839949498
v00054,1,639.0,447.0,432.2170061940924,0.7421324849128723,0.0,0.7456957979085448,0.5010236501693726,0.05,0.1958785466849804,151,148.7615541731129,0.851248270173185
v00054,2,645.0,568.0,377.9832578647153,0.8004618287086487,0.0,0.780653153075813,0.44745585322380066,0.05,0.22946615144610405,151,160.15305179733542,0.8015773199897386
v00054,3,512.0,334.0,431.8632817597601,0.7471773624420166,0.0,0.7512299598287047,0.4004793167114258,0.05,0.15503986552357674,151,166.43316977093238,0.5560733931072251
v00054,4,641.0,498.0,405.39409040401415,0.5593166351318359,0.0,0.5458315447814366,0.32771769165992737,0.05,0.2099822973832488,151,141.01418368376991,0.4536802943107942
v00054,5,396.0,403.0,320.29217850081073,0.5859153866767883,0.0,0.5568587795745779,0.33749324083328247,0.05,0.3641129285097122,151,142.21462653327893,0.43847160249739975
v00054,6,642.0,508.0,401.2151261891757,0.5641128420829773,0.0,0.5258897753000225,0.340973436832428,0.05885254915624212,0.43937499821186066,151,142.22517358048822,0.4329549883756325
v00054,7,395.0,393.0,329.4690739057264,0.6002180576324463,0.0,0.5909327025893352,0.31245821714401245,0.05,0.1736884790007025,151,149.91330828182,0.39263607908988735
v00054,8,519.0,455.0,337.8552839569088,0.7244741916656494,0.0,0.7216678323638712,0.334619402885437,0.05,0.1835781829431653,151,48.84669896727925,0.2614582707411991
v00054,9,527.0,574.0,268.6232399707478,0.5638536810874939,0.0,0.6039624849627325,0.3637971580028534,0.05,0.09374393778853118,151,78.77182237323191,0.16206630133587552
v00054,10,516.0,405.0,374.7494364511042,0.5438457727432251,0.0,0.5623150493217958,0.31008878350257874,0.09358541225631423,0.20829496905207634,151,96.33794683301072,0.16096203935947423
v00054,11,400.0,462.0,266.66283962691955,0.6494573354721069,0.0,0.6549100775181892,0.3537331223487854,0.05,0.17002346459776163,151,106.97663296253066,0.1424745894086261
v00054,12,515.0,395.0,382.2563683863514,0.6055387258529663,0.0,0.5852821564586342,0.292444109916687,0.125,0.3992798663675785,151,106.06601717798213,0.10606287908743268
v00054,13,642.0,518.0,396.36635887628074,0.5275795459747314,0.0,0.542267044002277,0.3221917152404785,0.05,0.2462594285607338,151,143.13629868066312,0.09867702742547625
v00054,14,407.0,582.0,168.53811885327704,0.589877724647522,0.0,0.6060677098948082,0.19286121428012848,0.05,0.1223501618951559,12,123.98790263570072,0.0723445843053424
v00054,15,649.0,629.0,364.06301137068255,0.6065645217895508,0.0,0.5765153570668206,0.36758720874786377,0.05,0.33920736610889435,151,197.08373854785685,0.049494812508362525
v00054,16,396.0,413.0,310.83724451011267,0.5291112661361694,0.0,0.56032584139703,0.28241580724716187,0.05,0.21587840095162392,151,135.5912976558599,0.037811413955944374
v00054,17,515.0,385.0,390.44489778466516,0.5736697912216187,0.0,0.5442897577248051,0.2986909747123718,0.16249999999999998,0.16118665086105466,151,115.97413504743201,0.03477363120437767
v00054,18,392.0,342.0,377.50833975758644,0.7212817072868347,0.0,0.7280272006038935,0.371570348739624,0.05,0.16356359608471394,151,191.38442987871298,0.023369761558254487
v00054,19,454.0,338.0,401.91070192858416,0.5285301208496094,0.0,0.511065693714356,0.28337377309799194,0.05885254915624212,0.010030284523963928,151,168.40427548016706,0.02200750312282969
v00054,20,648.0,619.0,365.347324199578,0.5848251581192017,0.0,0.5786391660811487,0.3234291076660156,0.05,0.19357575033791363,151,189.90787240133042,0.021731925863972282
v00055,1,535.5,564.5,1.0293151263108782,0.9056257605552673,0.0,0.7937587386624179,0.7204278111457825,0.0,0.5606688559055328,185,73.62404498531713,0.8681467864311335
v00055,2,380.5,568.5,154.13267013502573,0.7163580060005188,0.0,0.7564490925322025,0.45778828859329224,0.05,0.38781508803367615,185,137.7406984155373,0.8205287114417378
v00055,3,621.5,562.5,86.94527286274433,0.6553875803947449,0.0,0.6201143620806588,0.44839152693748474,0.05,0.46489617973566055,185,136.63271936106665,0.5501906489553987
v00055,4,461.5,566.5,73.10942820361524,0.6590579152107239,0.0,0.6214845425042761,0.4693489074707031,0.05,0.4632892534136772,185,76.84074440035052,0.5154771714355401
v00055,5,538.5,662.5,98.51694746870973,0.6541857123374939,0.0,0.619906973082301,0.34970247745513916,0.05,0.4745384231209755,185,166.99850298730226,0.5049143879200134
v00055,6,607.5,562.5,72.94796425742514,0.6293089985847473,0.0,0.5621779642317605,0.34652143716812134,0.05,0.4363952949643135,185,124.34830115445888,0.3957667405251552
v00055,7,585.5,563.5,50.934344732610484,0.6383959054946899,0.0,0.55656918404684,0.3516843914985657,0.05885254915624212,0.41991453617811203,185,106.50117370245269,0.3807499439372226
v00055,8,490.5,565.5,44.092221538033094,0.6291103959083557,0.0,0.5745269028075266,0.4338332712650299,0.05,0.41583819687366486,185,66.18534581008095,0.33156163294927715
v00055,9,532.5,467.5,96.583678742341,0.6780694723129272,0.0,0.6303177603002673,0.4504510760307312,0.05,0.4945570081472397,185,45.96194077712559,0.32860820417556674
v00055,10,476.5,565.5,58.08656485181835,0.6330081224441528,0.0,0.5989489749129694,0.331696480512619,0.05,0.4337910935282707,185,69.58807369082723,0.3050110093927247
v00055,11,532.5,478.5,85.58652665623777,0.7017596960067749,0.0,0.6681697057008733,0.4972274899482727,0.05,0.5286107212305069,185,38.96793553679743,0.2875339955364274
v00055,12,439.5,567.5,95.13091230665982,0.6315189599990845,0.0,0.5043146160673648,0.3943626880645752,0.09358541225631423,0.4144713766872883,185,90.6449116056715,0.2706794636267997
v00055,13,483.5,565.5,51.08900574704644,0.6479489207267761,0.0,0.5959158973557593,0.43538156151771545,0.05,0.4248503968119621,185,67.54628043053148,0.26775019464131167
v00055,14,446.5,566.5,88.10250285625774,0.6501324772834778,0.0,0.5947036313520752,0.42142242193222046,0.11020817282989959,0.45550551265478134,185,85.34928236370826,0.266201753114294
v00055,15,629.5,562.5,94.94409125355033,0.6569648385047913,0.0,0.6089115505218332,0.41782212257385254,0.09358541225631423,0.4673043265938759,185,143.7932543619484,0.2517953026662797
v00055,16,537.5,640.5,76.4946622213211,0.6541167497634888,0.0,0.5741243938543821,0.3654963970184326,0.05,0.4742766097187996,185,145.41836197674624,0.24999028794100459
v00055,17,468.5,566.5,66.11373521589003,0.644716203212738,0.0,0.6161498442998788,0.4762670695781708,0.0875,0.45027413219213486,185,73.58328614570023,0.24868707894213893
v00055,18,599.5,563.5,64.93367737326214,0.6539214253425598,0.0,0.5441899892528361,0.43670275807380676,0.05,0.4649254009127617,185,118.03601145413208,0.20862980794211822
v00055,19,533.5,510.5,53.572182354789526,0.6973721385002136,0.0,0.5970631780067532,0.46744075417518616,0.05,0.5310016646981239,185,35.106979363083916,0.20686933680076017
v00055,20,532.5,489.5,74.59021444367927,0.6729745864868164,0.0,0.5734777236973922,0.4411548376083374,0.05,0.5101153254508972,185,34.15406271587613,0.20659964951122695
v00056,1,435.0,488.0,239.08904339656564,0.533019483089447,0.0,0.4803811122262037,0.34432855248451233,0.05,0.22352736024186015,170,66.09841147864296,0.840910423945344
v00056,2,336.0,480.0,338.4114943430763,0.6446413993835449,0.0,0.6938751017900853,0.3363019824028015,0.05,0.2417459972202778,170,165.21501142450705,0.6899726122357768
v00056,3,491.0,662.0,239.58513461665393,0.562320351600647,0.0,0.660089176547297,0.305534690618515,0.05,0.22044910490512848,170,162.24980739587951,0.5606694540548931
v00056,4,674.0,507.0,0.7442997816031303,0.7210109829902649,0.0,0.7973923651473891,0.4334001839160919,0.05,0.28238658234477043,170,174.14074767268,0.5418568699332165
v00056,5,444.0,488.0,230.11742859878123,0.5214843153953552,0.0,0.5089516480246915,0.3160254955291748,0.05885254915624212,0.22278650617226958,170,57.271284253105414,0.5015358541203009
v00056,6,599.0,502.0,74.50635277677468,0.5269224643707275,0.0,0.4891878831823156,0.3365447223186493,0.05,0.23553593643009663,170,99.02019995940222,0.4786026043909172
v00056,7,563.0,499.0,110.62568621204981,0.5240429043769836,0.0,0.49813068683126394,0.34560027718544006,0.05,0.23831289424560964,170,63.00793600809346,0.4452787638726111
v00056,8,508.0,494.0,165.84375883442536,0.7099924683570862,0.0,0.7152157660707035,0.4376649260520935,0.05,0.2782241851091385,170,10.0,0.42461760019427974
v00056,9,426.0,487.0,248.1397577544253,0.5422206521034241,0.0,0.49840382635244374,0.3511866629123688,0.05,0.250781049951911,170,75.13321502504735,0.41483092232122837
v00056,10,390.0,484.0,284.26428763426225,0.5425425171852112,0.0,0.5092401959204392,0.3452026844024658,0.05,0.22746192198246717,170,111.15754585272202,0.4068444313901793
v00056,11,590.0,501.0,83.55217118804998,0.5307681560516357,0.0,0.5087777050911365,0.3536009192466736,0.05,0.25481584668159485,170,90.00555538409837,0.4058976557892812
v00056,12,608.0,502.0,65.52600153166316,0.5345779061317444,0.0,0.5233656221618016,0.34220758080482483,0.05,0.22587863774970174,170,108.01851693112621,0.4008243422768646
v00056,13,417.0,486.0,257.1908009330133,0.5441805720329285,0.0,0.5087498297418022,0.35385435819625854,0.05,0.2548680664040148,170,84.17244204607586,0.36673901461613534
v00056,14,581.0,500.0,92.59985969955473,0.5324596762657166,0.0,0.5221488246210713,0.35356926918029785,0.05,0.25108522549271584,170,81.0,0.36673901461613534
v00056,15,500.0,493.0,173.8970799470096,0.5062592029571533,0.0,0.4915407066417693,0.40088406205177307,0.05,0.19134196639060974,170,7.0,0.3580141832526781
v00056,16,572.0,499.0,101.64891894416402,0.5270628333091736,0.0,0.5333509948614941,0.3423062860965729,0.0875,0.2496033707575407,170,72.00694410957877,0.31460932460661356
v00056,17,526.0,495.0,147.8203095343172,0.48358869552612305,0.0,0.5123291895091872,0.34808292984962463,0.05,0.2531342934817076,170,26.476404589747453,0.25242062203085874
v00056,18,519.0,326.0,237.59130408672019,0.6615682244300842,0.0,0.7416822444467142,0.2727876603603363,0.05,0.26560627296566963,170,175.03428235634297,0.1055797555202292
v00056,19,554.0,498.0,119.6737697075968,0.5320820808410645,0.0,0.5136687932170457,0.3566458225250244,0.08106601717798213,0.2420136220753193,170,54.037024344425184,0.08750816519447972
v00056,20,408.0,485.0,266.24213939702497,0.540918231010437,0.0,0.5172127633241643,0.3418288230895996,0.16249999999999998,0.25141393998637795,170,93.2148056909416,0.05599336966704245
v00057,1,485.5,421.5,165.80067717100238,0.6954843997955322,0.0,0.7495290930378218,0.562859296798706,0.0,0.0,169,79.82793997091494,0.8772747513715083
v00057,2,651.5,413.5,0.46705171939296497,0.840798020362854,0.0,0.8579331262195877,0.6755114197731018,0.0,0.0,169,174.45486522307138,0.7069687765582185
v00057,3,493.5,588.5,235.67698440838177,0.6447104215621948,0.0,0.6598667175792408,0.3020355701446533,0.05,0.0,169,88.73837952092657,0.4424103227628875
v00057,4,431.5,591.5,282.82496415678423,0.47373127937316895,0.0,0.4910735989668077,0.31826919317245483,0.05,0.0,169,114.30004374452356,0.4366544525169763
v00057,5,396.5,593.5,311.93528665120516,0.4730073809623718,0.0,0.48175378479011366,0.30670738220214844,0.05,0.0,169,139.4793891583986,0.3924974588513829
v00057,6,327.5,596.5,371.8726763193055,0.7249289155006409,0.0,0.7662127613996389,0.37814342975616455,0.0,0.0,169,197.65753211046626,0.36462770739255335
v00057,7,319.5,429.5,331.99323933390167,0.6975359916687012,0.0,0.7023688795525646,0.4055667519569397,0.05,0.0,169,193.7795138811118,0.1808615726894085
v00057,8,648.5,344.5,68.81451491296914,0.49278566241264343,0.0,0.44316031593458105,0.35037845373153687,0.05,0.0,169,215.01744115303762,0.03834718271897407
v00057,9,655.5,499.5,86.34685118924138,0.37052685022354126,0.0,0.38328294220069686,0.011749801225960255,0.05,0.0,169,155.50080385644313,0.03736747691157919
v00057,10,655.5,489.5,76.36156937409488,0.38399484753608704,0.0,0.4110252341320595,0.046197544783353806,0.05,0.0,169,155.8540984382509,0.032530005579217626
v00057,11,654.5,479.5,66.32188162290961,0.3656715154647827,0.0,0.39346222064971986,0.004243286792188883,0.05,0.0,169,155.8540984382509,0.032530005579217626
v00057,12,471.5,422.5,179.83332122322795,0.3698608875274658,0.0,0.34557570889514755,0.2994447350502014,0.09358541225631423,0.0,169,82.57420904858853,0.02747520548322829
v00057,13,660.5,580.5,167.49866396190578,0.6110361814498901,0.0,0.6430409220393366,0.23131737112998962,0.05,0.0,169,179.55639782530724,0.025266878497521832
v00057,14,416.5,592.5,295.2292522089416,0.4774114489555359,0.0,0.4546093218920728,0.32202523946762085,0.16249999999999998,0.0,169,124.61340216846662,0.02352132434277887
v00057,15,656.5,519.5,106.37182633851293,0.37519970536231995,0.0,0.39915999869547913,0.033516090363264084,0.05,0.0,169,157.7101772239192,0.02186762130388892
v00057,16,656.5,509.5,96.3860778617351,0.38601669669151306,0.0,0.35879781484041573,0.06104502081871033,0.16249999999999998,0.0,169,156.7880735260179,0.02145772353828779
v00057,17,597.5,583.5,178.4721657212461,0.3698212504386902,0.0,0.39700708396651907,0.09494364261627197,0.05,0.0,169,128.36860987017036,0.019710803740729588
v00057,18,496.5,421.5,154.81521577385053,0.36510488390922546,0.0,0.36248545691330736,0.2989942729473114,0.09358541225631423,0.0,169,78.57798673928977,0.017165505957398425
v00057,19,654.5,470.5,57.33560405440214,0.37961646914482117,0.0,0.3670385988197542,0.16943387687206268,0.16249999999999998,0.0,169,157.29113134566742,0.017107265398640832
v00057,20,676.5,412.5,25.415462817658817,0.42403098940849304,0.0,0.4307763603490248,0.4319753050804138,0.125,0.0,169,196.99873096037953,0.016055629421227114
v00058,1,605.0,504.0,302.12605415536336,0.6960532665252686,0.0,0.7399762930779799,0.334719717502594,0.05,0.2039182409644127,166,105.07616285342742,0.6749241814775865
v00058,2,390.0,516.0,214.82447246163275,0.583582878112793,0.0,0.6568927908523767,0.1472681760787964,0.05,0.15716177970170975,166,111.15754585272202,0.35722898444922496
v00058,3,673.0,501.0,353.80063067549963,0.5172351598739624,0.0,0.5170159406188396,0.24606820940971375,0.05,0.49876850843429565,166,173.0028901492689,0.13190031288464646
v00058,4,666.0,501.0,348.0438106353113,0.524766206741333,0.0,0.5257593508393315,0.24575409293174744,0.11020817282989959,0.49192674458026886,166,166.00301202086666,0.040031089990970145
v00058,5,513.0,296.0,132.20847445891056,0.5795028209686279,0.0,0.596621526150894,0.40483659505844116,0.05,0.5537578165531158,166,204.41379601191306,0.03961923604658466
v00058,6,520.0,295.0,139.24514182427268,0.5664860606193542,0.0,0.6021301158795167,0.40578263998031616,0.05,0.5157717615365982,166,205.9732992404598,0.03961923604658466
v00058,7,499.0,296.0,118.22138735899983,0.5731571912765503,0.0,0.6143342397038511,0.4067980945110321,0.05,0.5621490776538849,166,204.00245096566854,0.03924772278558368
v00058,8,451.0,299.0,70.13943483419493,0.5870548486709595,0.0,0.6020040664053892,0.42549002170562744,0.05,0.5743431746959686,166,206.8864422817503,0.035568570632879805
v00058,9,465.0,298.0,84.16686560994503,0.5857843160629272,0.0,0.6026544013941038,0.4291113317012787,0.05,0.5709485113620758,166,205.00975586542216,0.035568570632879805
v00058,10,437.0,299.0,56.14940809300271,0.5819974541664124,0.0,0.6170292723898151,0.42300280928611755,0.05,0.5430229157209396,166,210.6418761785035,0.03382359151384873
v00058,11,430.0,300.0,49.118501873379095,0.5833095908164978,0.0,0.6136242782375657,0.4317503273487091,0.05,0.4999830424785614,166,211.8962010041709,0.03382359151384873
v00058,12,485.0,297.0,104.19105278930823,0.5658578276634216,0.0,0.6127458579446745,0.4037816524505615,0.05,0.5569300949573517,166,203.55343278854326,0.033611578902001664
v00058,13,693.0,500.0,369.9467535755965,0.5092213153839111,0.0,0.5292948811385829,0.23878352344036102,0.05,0.4867008179426193,166,193.0,0.03345308979552143
v00058,14,444.0,299.0,63.14386885539575,0.5888945460319519,0.0,0.6146934518216915,0.4326247572898865,0.05,0.5775184035301208,166,208.65521800328887,0.030346748365694516
v00058,15,659.0,501.0,342.3333199919569,0.5174192786216736,0.0,0.5236789526617028,0.22845123708248138,0.08106601717798213,0.450113445520401,166,159.00314462299164,0.02553536490207337
v00058,16,506.0,296.0,125.21457013430803,0.5758129954338074,0.0,0.6067467393027502,0.4156416356563568,0.05885254915624212,0.5615328550338745,166,204.08821622033938,0.021142177068983088
v00058,17,472.0,298.0,91.16168828754438,0.5789482593536377,0.0,0.5854824078913283,0.41597774624824524,0.05,0.5652853548526764,166,203.93136100168604,0.020500189264786993
v00058,18,527.0,295.0,146.2381676119291,0.5507363677024841,0.0,0.5917183056583645,0.39840295910835266,0.05,0.49538470804691315,166,206.77040407176264,0.017507213974816607
v00058,19,680.0,500.0,359.0473716228691,0.510730504989624,0.0,0.5134898519960345,0.22125966846942902,0.05,0.48663486540317535,166,180.0,0.016718674314799245
v00058,20,424.0,300.0,43.121154428952295,0.5291922092437744,0.0,0.5697166069856943,0.42936059832572937,0.05,0.48498791456222534,166,213.95326592506132,0.016272190833496875
v00059,1,376.5,532.5,136.57040695882324,0.5131214261054993,0.0,0.4808959838820146,0.37392064929008484,0.05,0.10776207596063614,175,127.70473757852525,0.8092605807867217
v00059,2,484.5,676.5,116.92814481729796,0.49603334069252014,0.0,0.45297021768012163,0.39657843112945557,0.05,0.19162766635417938,175,177.1792877285604,0.6401802567091566
v00059,3,374.5,563.5,105.50597308238812,0.5005412697792053,0.0,0.49074188832103294,0.30458560585975647,0.05,0.1202501580119133,175,140.65027550630677,0.6309989122014628
v00059,4,375.5,547.5,121.53718723082935,0.5052229762077332,0.0,0.4929089309168537,0.37010669708251953,0.05,0.09830387495458126,175,133.25351777720542,0.551666127621048
v00059,5,378.5,502.5,166.63688790520683,0.49575725197792053,0.0,0.4783592561404405,0.3700641095638275,0.05,0.11332370899617672,175,121.5257174428524,0.538650705744795
v00059,6,374.5,578.5,90.54098602850941,0.49557799100875854,0.0,0.44888859704262707,0.35866519808769226,0.05,0.1073404848575592,175,148.02871343087463,0.5220789030636823
v00059,7,494.5,676.5,126.90811939791557,0.4955522418022156,0.0,0.47128174979402665,0.359516978263855,0.05,0.2055698037147522,175,176.58567325805342,0.48412983444286145
v00059,8,377.5,517.5,151.6036418883647,0.5160162448883057,0.0,0.48888457713709166,0.37798455357551575,0.05,0.11650917865335941,175,123.74368670764582,0.43330759788495227
v00059,9,373.5,593.5,75.50815832807606,0.5063275694847107,0.0,0.4535747650974452,0.3764626383781433,0.05,0.1060261195525527,175,157.303846106826,0.3169455081820587
v00059,10,546.5,680.5,179.05699628427305,0.4943563640117645,0.0,0.45619558335491495,0.3779889941215515,0.05,0.2921738550066948,175,186.3934011707496,0.2657512329272756
v00059,11,515.5,678.5,147.99256563888804,0.5000168681144714,0.0,0.45426198009107377,0.4004514813423157,0.05,0.19666092842817307,175,179.17170535550528,0.20782981306843049
v00059,12,382.5,441.5,227.7678521332704,0.5113959312438965,0.0,0.5173940814028166,0.2638656198978424,0.125,0.20364739745855331,175,131.25738074485565,0.14409649211693676
v00059,13,368.5,669.5,0.9755729137362719,0.797703742980957,0.0,0.8183139629973666,0.5082744359970093,0.0,0.23078154772520065,175,214.52855287816584,0.14020609166491385
v00059,14,600.5,683.5,233.13822157321178,0.6294859647750854,0.0,0.6693371643189082,0.4658229351043701,0.05,0.18900121748447418,175,209.21878500746533,0.05664623337058059
v00059,15,504.5,677.5,136.95094428594885,0.49404412508010864,0.0,0.46161158449404394,0.3827117383480072,0.0875,0.19036134332418442,175,177.55703309077904,0.024568871035363014
v00059,16,473.5,675.5,105.88650861581695,0.5018144845962524,0.0,0.47322801147507926,0.3754243850708008,0.125,0.1892862543463707,175,177.48943630537565,0.018695907401883
v00059,17,379.5,489.5,179.67432174254378,0.43041864037513733,0.0,0.4570320704271934,0.26123979687690735,0.05,0.12741942703723907,175,120.95660378830087,0.014956715061419022
v00059,18,619.5,378.5,384.20150007490105,0.3799068331718445,0.0,0.363791700083402,0.10209561884403229,0.11020817282989959,0.05643553286790848,175,170.41860227099622,0.009930578981067808
v00059,19,536.5,679.5,169.01336499415868,0.502415657043457,0.0,0.44626087892056454,0.3986442983150482,0.2,0.14969940669834614,175,183.17341510164624,0.009474134649107313
v00059,20,611.5,489.5,302.5286620594764,0.34225887060165405,0.0,0.3933612584108713,0.10969380289316177,0.12961646096066226,0.07374167814850807,175,111.99330337122841,0.008839532620025879
v00060,1,467.0,429.0,172.76933530804757,0.7266294956207275,0.0,0.7633985645285574,0.4596169888973236,0.05,0.36141325533390045,175,78.29431652425353,0.9120123953303186
v00060,2,641.0,440.0,347.11489353582306,0.6043239831924438,0.0,0.6793306930089338,0.33202993869781494,0.05,0.21204742789268494,175,153.2351134694656,0.8696464625709556
v00060,3,355.0,421.0,60.48446947070387,0.5227590799331665,0.0,0.5702118502396966,0.2929428815841675,0.05,0.4960418939590454,175,165.12419568312816,0.8043138202288881
v00060,4,491.0,430.0,196.78193684836052,0.48106512427330017,0.0,0.48217700902685146,0.279556542634964,0.05,0.41875433921813965,175,70.57619995437555,0.7921528536416851
v00060,5,565.0,435.0,270.9506175478912,0.5797322988510132,0.0,0.5895252392005788,0.36106666922569275,0.05,0.5310527235269547,175,91.92388155425118,0.747454551348015
v00060,6,553.0,434.0,258.91076418843676,0.5694056153297424,0.0,0.5794618618783038,0.35083264112472534,0.05,0.5461097359657288,175,84.64632301523794,0.7413876283617022
v00060,7,528.0,433.0,233.89996477795245,0.5551823973655701,0.0,0.5749786011490279,0.3559326231479645,0.05,0.5151900351047516,175,72.61542535852834,0.7260815906566975
v00060,8,504.0,431.0,209.81965315298945,0.4976375997066498,0.0,0.5237491343289891,0.35414940118789673,0.05,0.4652726948261261,175,69.1158447825099,0.6306900239054424
v00060,9,404.0,424.0,109.57585505279903,0.5105504989624023,0.0,0.577101986568624,0.26971253752708435,0.05,0.48152777552604675,175,122.44182292011173,0.5936848440905863
v00060,10,379.0,423.0,84.56522761182107,0.5645621418952942,0.0,0.5794801908093795,0.2958461344242096,0.05,0.5440059304237366,175,143.42245291445826,0.5891782186967116
v00060,11,516.0,432.0,221.85973088008578,0.5042582154273987,0.0,0.5516949332137993,0.34718820452690125,0.05,0.5007675886154175,175,69.85699678629192,0.5841392356161673
v00060,12,589.0,437.0,295.03075064045476,0.4594590663909912,0.0,0.5357749890140165,0.265131413936615,0.05,0.45117315649986267,175,109.04127658827184,0.46444010092067656
v00060,13,457.0,603.0,246.8958490430388,0.5515632033348083,0.0,0.6163910102064085,0.18298031389713287,0.05,0.18759356439113617,175,111.61541112229978,0.4632158518732553
v00060,14,540.0,434.0,245.94033191014174,0.5798592567443848,0.0,0.5793931332271195,0.35659515857696533,0.08106601717798213,0.5327644944190979,175,77.17512552629896,0.3772018707297809
v00060,15,367.0,422.0,72.52464673540855,0.5695415139198303,0.0,0.586091040188945,0.30660444498062134,0.09358541225631423,0.5255628824234009,175,154.18495387034366,0.1913750300364063
v00060,16,545.0,609.0,315.50519136208914,0.4571976363658905,0.0,0.4670679698397514,0.12652723491191864,0.05,0.44302986562252045,175,117.92370414806346,0.18907575321675812
v00060,17,319.0,419.0,24.434202733088078,0.46619918942451477,0.0,0.4748196389659983,0.3284967839717865,0.05,0.4163111001253128,175,198.29775591266787,0.15963549364826116
v00060,18,630.0,614.0,388.9387657765408,0.5602564811706543,0.0,0.6386076676283496,0.2668111026287079,0.05,0.16860416531562805,175,172.90459797240788,0.12835602585027958
v00060,19,343.0,420.0,48.44499675104964,0.45946070551872253,0.0,0.5401719025716029,0.28677526116371155,0.05,0.4725693464279175,175,176.207264322445,0.09811171765352092
v00060,20,331.0,419.0,36.406927544986715,0.4531007707118988,0.0,0.5002878249538063,0.29046526551246643,0.05,0.4467746317386627,175,187.40864441108366,0.07401749333000733
v00061,1,519.0,665.0,0.9126105463625825,0.9708679914474487,0.0,0.9642703866713558,0.9104365706443787,0.0,0.6215803623199463,181,166.0903368652132,0.9928162371534327
v00061,2,521.0,629.0,35.271683772403854,0.7628921866416931,0.0,0.7922342461734593,0.3834690749645233,0.05,0.678144782781601,181,130.6981254647518,0.9153172032163536
v00061,3,524.0,595.0,69.40051524915648,0.7908633351325989,0.0,0.7987766557430385,0.46346497535705566,0.05,0.587113082408905,181,97.98469268207153,0.8648304563857522
v00061,4,339.0,542.0,217.20911678447146,0.6901764869689941,0.0,0.6800373447096453,0.2341046929359436,0.05,0.47517527639865875,181,166.388100536066,0.8396036089634732
v00061,5,527.0,560.0,104.52822000245094,0.8005866408348083,0.0,0.8034406101536193,0.47424575686454773,0.05,0.5169748365879059,181,65.79513659838392,0.8191368801620709
v00061,6,490.0,662.0,28.66574855882042,0.6156920194625854,0.0,0.6180660795402347,0.45704928040504456,0.05,0.4538666307926178,181,162.30834852218786,0.7167606313183387
v00061,7,462.0,660.0,56.73690038032528,0.6328797340393066,0.0,0.683920196079358,0.416814386844635,0.05,0.49787208437919617,181,164.4506004853737,0.6637177583402941
v00061,8,433.0,658.0,85.80554019333891,0.6313073039054871,0.0,0.6817826562386697,0.3456319272518158,0.05,0.48798181116580963,181,171.618763542918,0.32288146647603705
v00061,9,529.0,526.0,138.58085277686465,0.6012076139450073,0.0,0.7058471728478533,0.30327045917510986,0.05,0.5312665849924088,181,38.948684188300895,0.29552481783953005
v00061,10,548.0,667.0,29.551954163905755,0.6315011382102966,0.0,0.580654134411688,0.5355516076087952,0.05,0.4076194316148758,181,173.761330565808,0.26648851361972153
v00061,11,504.0,664.0,14.583290401975749,0.6158329248428345,0.0,0.541498013668555,0.4114534556865692,0.05885254915624212,0.4042719751596451,181,164.04877323527901,0.23315509943037652
v00061,12,405.0,655.0,113.95314331568295,0.6341196894645691,0.0,0.6838739511241261,0.33293241262435913,0.05,0.5051527172327042,181,181.79658962697843,0.18393357692131063
v00061,13,446.0,658.0,72.84543172913949,0.5757834911346436,0.0,0.6016698305436554,0.051747601479291916,0.05,0.4606325626373291,181,166.97305171793442,0.15181808170333005
v00061,14,337.0,577.0,201.42968752267743,0.6908532381057739,0.0,0.688770931324024,0.30102047324180603,0.05885254915624212,0.5223865509033203,181,180.2720166858961,0.10687894535879143
v00061,15,594.0,671.0,75.72488318901367,0.6040197610855103,0.0,0.6679451611203,0.276215136051178,0.05,0.4640282988548279,181,195.13328778042973,0.08002388924264232
v00061,16,509.0,593.0,71.8306928625352,0.5225334763526917,0.0,0.4621456350415701,0.11081717908382416,0.12961646096066226,0.40096861124038696,181,93.43446901438462,0.04976069213186996
v00061,17,517.0,700.0,35.84621959429814,0.7677516937255859,0.0,0.730022775299862,0.4195094406604767,0.1340990257669732,0.6977765262126923,181,200.7211996775627,0.03487302751313995
v00061,18,417.0,413.0,270.95144340406586,0.5635796785354614,0.0,0.611168162482351,0.11675041913986206,0.09358541225631423,0.4312950074672699,181,120.24142381059865,0.034423900365869904
v00061,19,434.0,380.0,296.50859879823037,0.5096920132637024,0.0,0.531522120061754,0.07626685500144958,0.05,0.42598970234394073,181,136.95254652615992,0.033619410102139244
v00061,20,334.0,612.0,191.81814761760967,0.6780799031257629,0.0,0.6777017954094692,0.30364790558815,0.05885254915624212,0.4997660219669342,181,200.24984394500785,0.03212270201485034
v00062,1,349.0,504.0,193.52267440177496,0.4627408981323242,0.0,0.47213363377590545,0.30097275972366333,0.05,0.0,200,151.0529708413575,0.7304658896352275
v00062,2,483.0,635.0,150.4022420360324,0.4242100417613983,0.0,0.4534471136994964,0.3062031865119934,0.05,0.0,200,136.06616037795732,0.647634854823162
v00062,3,486.0,337.0,386.66015404057384,0.4037328064441681,0.0,0.43067565187450635,0.2859371304512024,0.05,0.0,200,163.6001222493431,0.5678054842497607
v00062,4,483.0,564.0,191.1470045519311,0.4624628722667694,0.0,0.5366525264020184,0.2816827893257141,0.05,0.0,200,66.21933252457322,0.5040943453352047
v00062,5,349.0,426.0,271.51685446447607,0.45533353090286255,0.0,0.5283911498102468,0.4854622781276703,0.05,0.0,200,168.15766411317682,0.3539243355941655
v00062,6,349.0,476.0,221.52011364985566,0.4599517583847046,0.0,0.47924182544797955,0.2933152914047241,0.0875,0.0,200,152.8953890737062,0.21631246722714154
v00062,7,347.0,612.0,85.50615902498426,0.5892764925956726,0.0,0.5858976769740398,0.4293404817581177,0.05,0.0,200,189.61276328348785,0.13481435017289906
v00062,8,621.0,390.0,412.39890965667865,0.4111337959766388,0.0,0.4502793320734021,0.24884064495563507,0.0875,0.0,200,163.52675622050356,0.12990211350574868
v00062,9,621.0,362.0,433.6784476197163,0.45503321290016174,0.0,0.45775266597619346,0.27130717039108276,0.05,0.0,200,183.53473785635242,0.11881041995476767
v00062,10,486.0,365.0,360.6964644668017,0.4573892652988434,0.0,0.4282347986025363,0.26248452067375183,0.125,0.0,200,135.72398461583714,0.11604930137559342
v00062,11,591.0,502.0,313.2863073709486,0.2773943245410919,0.0,0.2806162426874841,0.13695746660232544,0.05885254915624212,0.0,200,91.02197536858887,0.04381213499839429
v00062,12,563.0,564.0,254.6079382397736,0.3861035108566284,0.0,0.31585529065819173,0.3031650185585022,0.05,0.0,200,89.80534505250787,0.03711726790249233
v00062,13,673.0,565.0,352.6403714475679,0.42075514793395996,0.0,0.3727861980293038,0.21072359383106232,0.05,0.0,200,184.808008484481,0.03544359704224813
v00062,14,347.0,640.0,57.50798194491202,0.601891279220581,0.0,0.5985652894517788,0.4431634843349457,0.05,0.0,200,207.38611332488009,0.03452329598277642
v00062,15,443.0,427.0,287.30093394409164,0.32609376311302185,0.0,0.34860479942784417,0.30841705203056335,0.05,0.0,200,92.61749294814668,0.026531636221933313
v00062,16,483.0,606.0,164.5812093874377,0.3885246515274048,0.0,0.44323751561816604,0.23191316425800323,0.05885254915624212,0.0,200,107.35455276791944,0.026482079306255724
v00062,17,561.0,440.0,335.3305839466922,0.29576796293258667,0.0,0.29907413663415067,0.12222015857696533,0.05,0.0,200,85.56284240252891,0.019478384216599236
v00062,18,455.0,427.0,291.56308129627314,0.30786287784576416,0.0,0.3383764881726613,0.22357992827892303,0.05,0.0,200,85.75546629807339,0.011851012278496761
v00062,19,696.0,565.0,374.0548605799946,0.4181579351425171,0.0,0.36255345134121103,0.272361159324646,0.05,0.0,200,206.49697334343668,0.010517414678267894
v00062,20,551.0,564.0,244.47085406010777,0.3567003309726715,0.0,0.2835776443009642,0.28169265389442444,0.05,0.0,200,81.83520025025906,0.009956238574506499
v00063,1,642.0,397.0,0.7090052530868253,0.9369703531265259,0.0,0.9182971980843628,0.8560153245925903,0.0,0.0,200,175.4223474931287,0.7980121797813782
v00063,2,579.0,397.0,62.71371525029991,0.45418378710746765,0.0,0.48697877332004746,0.3952244520187378,0.05,0.0,200,129.80754985747168,0.602543458460195
v00063,3,615.0,397.0,26.718214748109624,0.48742708563804626,0.0,0.4847579447679977,0.5330615043640137,0.05,0.0,200,154.38264151127873,0.6015090969232104
v00063,4,588.0,397.0,53.71427473403416,0.4587670564651489,0.0,0.49168063512395854,0.4397501051425934,0.05,0.0,200,135.47324459095236,0.5978452656341521
v00063,5,597.0,397.0,44.71505943092216,0.4548936188220978,0.0,0.49663047127169246,0.47854727506637573,0.05,0.0,200,141.48498153514387,0.5093944602319149
v00063,6,624.0,397.0,17.72219594276351,0.5816838145256042,0.0,0.5148522082912866,0.6052761077880859,0.05,0.0,200,161.19863522995473,0.485036257654993
v00063,7,368.0,399.0,273.7231766156424,0.4980504512786865,0.0,0.5195325830308744,0.33384960889816284,0.05,0.0,200,166.20770138594662,0.4287698578035718
v00063,8,642.0,437.0,40.64818439755834,0.44194144010543823,0.0,0.48159554085898076,0.4513532221317291,0.05,0.0,200,155.3479964466874,0.3785108403417981
v00063,9,642.0,450.0,53.64793436739043,0.43255147337913513,0.0,0.47960913527656057,0.42318421602249146,0.05,0.0,200,150.5456741324705,0.3615583055691625
v00063,10,642.0,424.0,27.648669547520367,0.45204228162765503,0.0,0.4792015262054974,0.4588504135608673,0.05,0.0,200,161.05899540230592,0.35785489614704913
v00063,11,642.0,464.0,67.64777257321175,0.4279004633426666,0.0,0.4658358691187429,0.40767183899879456,0.05,0.0,200,146.4923206178399,0.30282410938176774
v00063,12,560.0,397.0,81.71293883673019,0.45495015382766724,0.0,0.4941323773723255,0.5369812846183777,0.05,0.0,200,119.20151005754919,0.2703457458967287
v00063,13,633.0,397.0,8.734383707011276,0.6148403882980347,0.0,0.5013532252650365,0.6637959480285645,0.05,0.0,200,168.22009392459628,0.22428280086897615
v00063,14,642.0,410.0,13.650225475017985,0.6134294271469116,0.0,0.5668778228412473,0.568321943283081,0.05,0.0,200,168.11900546934007,0.19343717621366444
v00063,15,644.0,534.0,137.66619407375694,0.4821949303150177,0.0,0.5386050952541815,0.26588013768196106,0.05,0.0,200,147.95945390545344,0.19071606518616596
v00063,16,502.0,397.0,139.7118749573867,0.49385198950767517,0.0,0.5605730545935624,0.3210422098636627,0.05,0.0,200,103.01941564578979,0.16418403252121025
v00063,17,492.0,397.0,149.7117748430482,0.42268964648246765,0.0,0.42409106963527415,0.3515937626361847,0.05,0.0,200,103.31021246711285,0.10049237423514844
v00063,18,642.0,477.0,80.64767263341767,0.4215911030769348,0.0,0.4696428780607987,0.373371422290802,0.05,0.0,200,143.85061696079026,0.09649730721487806
v00063,19,644.0,585.0,188.6610467316287,0.4237039089202881,0.0,0.43820915711002817,0.25035983324050903,0.05,0.0,200,167.2154299100415,0.0757003614693215
v00063,20,504.0,535.0,195.41540525652547,0.4323148727416992,0.0,0.5203256358107817,0.17186163365840912,0.05,0.0,200,35.22782990761707,0.060482232657950996
v00064,1,443.0,546.0,1.187769306970195,0.8774455189704895,0.0,0.8077873672457453,0.7429006695747375,0.0,0.3236503303050995,164,73.24616030891995,0.8844943281145381
v00064,2,574.0,556.0,132.2341153454755,0.630626916885376,0.0,0.628575215121044,0.6033051013946533,0.05,0.2259858106262982,164,92.80086206496145,0.6387491478147804
v00064,3,448.0,485.0,60.38616446329404,0.6052737832069397,0.0,0.5393175337432417,0.5015682578086853,0.05,0.2395357508212328,164,54.120236510939236,0.6330536502041806
v00064,4,581.0,557.0,139.29332958818912,0.592907726764679,0.0,0.6070470736322937,0.5802260637283325,0.05,0.19403145462274551,164,99.04544411531506,0.5091097041782837
v00064,5,450.0,546.0,7.835693184944394,0.5709053874015808,0.0,0.5224176840945826,0.5483846068382263,0.05,0.20856175292283297,164,67.94115100585212,0.5025721501260674
v00064,6,552.0,554.0,110.14428511367684,0.6010286211967468,0.0,0.6452215946139042,0.5567587018013,0.05,0.23782687727361917,164,74.96665925596525,0.4627369966915501
v00064,7,538.0,553.0,96.1093431716062,0.6276906728744507,0.0,0.5997567884774566,0.5690180063247681,0.05,0.2606236031278968,164,65.21502894272147,0.4505634511825484
v00064,8,567.0,556.0,125.25922708303175,0.6260876655578613,0.0,0.5593563962663629,0.5944880247116089,0.05,0.2317924490198493,164,87.32124598286491,0.4463034094433749
v00064,9,451.0,445.0,100.49314954692296,0.6227979063987732,0.0,0.5801250759943553,0.5259142518043518,0.05,0.2557818032801151,164,73.66138744281159,0.41984112278104313
v00064,10,642.0,562.0,200.49761505167834,0.6968245506286621,0.0,0.7181565851918112,0.5502663254737854,0.05,0.27987542003393173,164,154.94515158597252,0.4057490980715724
v00064,11,560.0,555.0,118.19942285339279,0.624819815158844,0.0,0.5596111850171984,0.5476335287094116,0.05,0.25453073158860207,164,81.39410298049853,0.38276100407873886
v00064,12,452.0,426.0,119.50967968220512,0.6216515898704529,0.0,0.6105498785982045,0.5189837217330933,0.05,0.257952056825161,164,88.20430828479978,0.3714799276436965
v00064,13,509.0,551.0,67.04417077657071,0.630180835723877,0.0,0.5713358821445756,0.5832154154777527,0.05,0.23680643364787102,164,51.78802950489621,0.32861118429045305
v00064,14,545.0,554.0,103.16867863572223,0.6346003413200378,0.0,0.602071798340496,0.6154962778091431,0.05,0.2511469959281385,164,70.2922470831599,0.311693632052098
v00064,15,523.0,552.0,81.07822477979735,0.6246268153190613,0.0,0.6348056242266276,0.6021713018417358,0.05,0.24124071234837174,164,56.859475903318,0.2725904447436699
v00064,16,531.0,553.0,89.13483355633511,0.6103410720825195,0.0,0.5239958472710413,0.5221308469772339,0.05,0.2515522502362728,164,61.40032573203501,0.2574112723622878
v00064,17,502.0,550.0,59.98458492441718,0.5843920111656189,0.0,0.5440512752083932,0.4830481708049774,0.05,0.23260186496190727,164,50.039984012787215,0.2564890078270498
v00064,18,449.0,465.0,80.39524970836077,0.629417896270752,0.0,0.6445330607773142,0.5292805433273315,0.05,0.24765806272625923,164,61.85466837676846,0.23929300784016685
v00064,19,355.0,538.0,87.50439945474878,0.5716423988342285,0.0,0.6029966508519324,0.542481541633606,0.05,0.22516521497163922,164,149.8966310495336,0.15821940013828867
v00064,20,377.0,540.0,65.41496496929295,0.572496235370636,0.0,0.5772615852433775,0.549778401851654,0.05,0.20842440240085125,164,129.34063553268942,0.13304189502558242
v00065,1,541.5,627.5,0.782385538554703,0.9414341449737549,0.0,0.8751778697105346,0.8998194336891174,0.0,0.4860028624534607,183,134.0839289400486,0.9933015082868389
v00065,2,599.5,629.5,58.59706729792833,0.5036380887031555,0.0,0.44668016698316626,0.4564797282218933,0.05,0.18623210489749908,183,163.31105290212295,0.8789038269135796
v00065,3,519.5,626.5,21.46351481991929,0.5425345301628113,0.0,0.4208938138326364,0.5447779297828674,0.05,0.2410658299922943,183,127.99414049088341,0.7263960191008194
v00065,4,592.5,629.5,51.60468845202425,0.498039573431015,0.0,0.43778721145165694,0.39179903268814087,0.05,0.19645100086927414,183,159.1430174402886,0.6838015999889443
v00065,5,460.5,624.5,80.49594104387926,0.5031284093856812,0.0,0.473954837579352,0.4077873229980469,0.05,0.20161474496126175,183,130.61584896175503,0.6449510619741566
v00065,6,419.5,364.5,289.1786403655904,0.5527182817459106,0.0,0.5746303922784513,0.5203715562820435,0.05,0.28553900122642517,183,157.60869265367313,0.6422518376208889
v00065,7,555.5,627.5,14.551871993178468,0.581315279006958,0.0,0.4884418209307345,0.57564777135849,0.05,0.24609428644180298,183,139.05574421792147,0.5809580076636545
v00065,8,453.5,624.5,87.4929945701496,0.5168485641479492,0.0,0.4411132862542996,0.3759242594242096,0.05885254915624212,0.21064333617687225,183,132.90033860002012,0.5460316125483323
v00065,9,542.5,567.5,59.45466768472485,0.6716795563697815,0.0,0.5653828878121794,0.511950671672821,0.05,0.5436771810054779,183,79.76528066771908,0.5321092059813369
v00065,10,563.5,628.5,22.595171737275734,0.5208905339241028,0.0,0.4251509260010583,0.5054264664649963,0.05,0.2224988266825676,183,143.33352713165192,0.5160523465359944
v00065,11,585.5,628.5,44.568383838743365,0.5133459568023682,0.0,0.4602655550969189,0.3911043405532837,0.05,0.17939889430999756,183,154.34539189752314,0.49762886775664783
v00065,12,548.5,627.5,7.562046866979583,0.5671664476394653,0.0,0.43804378044854214,0.7109920978546143,0.05,0.22113002836704254,183,136.41297592238064,0.4707649766639535
v00065,13,410.5,623.5,130.50431856104922,0.6558780670166016,0.0,0.5757193334676121,0.4625799357891083,0.05,0.26697979867458344,183,152.52049042669643,0.43469835507433924
v00065,14,489.5,625.5,51.47910847065231,0.49703070521354675,0.0,0.4580545993026043,0.33955320715904236,0.05,0.21198537200689316,183,125.93847704335637,0.4196332115079686
v00065,15,541.5,647.5,20.572414978322307,0.6123788356781006,0.0,0.5549239229851504,0.5375553369522095,0.05,0.4259699881076813,183,153.22695585307437,0.41766322129355227
v00065,16,543.5,528.5,98.46748513761291,0.5106469392776489,0.0,0.5270072578990918,0.3952617645263672,0.05,0.18022852018475533,183,52.00480747007915,0.4063976647316901
v00065,17,411.5,563.5,144.1652612297912,0.5024014711380005,0.0,0.42003129132444506,0.3664751350879669,0.05,0.38523782789707184,183,108.92428562997327,0.31551717447105115
v00065,18,542.5,587.5,39.464789881746825,0.5589958429336548,0.0,0.4252291513150782,0.4946545660495758,0.05,0.3797997683286667,183,97.2753822917186,0.309199325194007
v00065,19,540.5,667.5,40.567901274917496,0.6049315333366394,0.0,0.6243642265924141,0.5095635056495667,0.05,0.382006973028183,183,172.32672456702704,0.3086581226424627
v00065,20,482.5,625.5,58.47671488076028,0.5159205198287964,0.0,0.43695499746580513,0.3391672968864441,0.05,0.2117239162325859,183,126.7142454501466,0.2664908199643348
v00066,1,517.0,347.0,152.8547775009097,0.7869004607200623,0.0,0.8196160476508345,0.44538387656211853,0.05,0.31674501299858093,176,153.9415473483361,0.9433454631027046
v00066,2,454.0,343.0,215.98129907939366,0.641720175743103,0.0,0.6282132642921799,0.4185657203197479,0.05,0.18792599346488714,176,163.6001222493431,0.6140160463372443
v00066,3,664.0,445.0,87.89671866811736,0.6763142347335815,0.0,0.6922801240641225,0.44230416417121887,0.05,0.2936380412429571,176,172.97687706742772,0.49350388282481567
v00066,4,495.0,652.0,342.51359509438913,0.70396888256073,0.0,0.7504656658577362,0.30089065432548523,0.05,0.35404231771826744,176,152.08221460775746,0.4696961515941738
v00066,5,512.0,406.0,164.87296348372385,0.6478129625320435,0.0,0.6211625684467114,0.23643124103546143,0.05,0.3511635148897767,176,94.76286192385707,0.38075064994117147
v00066,6,443.0,342.0,227.02350319572437,0.636220395565033,0.0,0.6301627420772256,0.3579464852809906,0.05,0.1868719554040581,176,167.96725871431016,0.31319352136982714
v00066,7,514.0,391.0,159.12366546697874,0.6540816426277161,0.0,0.6629479363352722,0.310242235660553,0.05,0.37904227524995804,176,109.89540481748998,0.31054905133863303
v00066,8,464.0,344.0,205.93734492458418,0.6339111328125,0.0,0.6044107335207757,0.3630102574825287,0.05,0.18955693766474724,176,160.099968769516,0.3044649362920825
v00066,9,656.0,564.0,207.1648311651913,0.6959801316261292,0.0,0.6876863174570963,0.3311833441257477,0.05,0.38274699822068214,176,168.61791126686393,0.28171855458026335
v00066,10,655.0,578.0,221.2002592529726,0.68836909532547,0.0,0.6919739836899745,0.3070317208766937,0.05,0.38227860257029533,176,173.5194513592064,0.1450060201894561
v00066,11,475.0,344.0,194.9615161070859,0.6284928321838379,0.0,0.6427403554048069,0.3995715379714966,0.05,0.17389141349121928,176,157.99050604387594,0.1390543902504952
v00066,12,511.0,420.0,170.46812461508873,0.6515312194824219,0.0,0.6473660623285167,0.2236611396074295,0.05885254915624212,0.34726620465517044,176,80.75270893288967,0.12154900178612905
v00066,13,666.0,416.0,58.828653633114506,0.6747875809669495,0.0,0.6902455723521039,0.43574365973472595,0.05,0.31546296644955873,176,186.04300578092153,0.11881946622514057
v00066,14,586.0,352.0,83.67547236468008,0.639931321144104,0.0,0.6458628922993619,0.4766217768192291,0.05,0.09359544329345226,176,171.1724276862369,0.11664807891159525
v00066,15,667.0,402.0,44.794230280303715,0.6835447549819946,0.0,0.6807302978495507,0.4478362500667572,0.05,0.3331860527396202,176,193.63109254456012,0.09230142294671888
v00066,16,665.0,431.0,73.8616661790275,0.6823111772537231,0.0,0.6835810427148088,0.4624195098876953,0.05,0.3123910812428221,176,178.84630272946657,0.08084572632838392
v00066,17,597.0,353.0,72.63494492471071,0.6434643268585205,0.0,0.6412830163080547,0.4688374698162079,0.05,0.10231615882366896,176,176.11927776367924,0.07367097541850356
v00066,18,617.0,354.0,52.61106697994267,0.6301110982894897,0.0,0.6450000501000186,0.41859170794487,0.05,0.09434293210506439,176,187.09623192357455,0.03428977723573738
v00066,19,654.0,593.0,236.2335495564494,0.6904308199882507,0.0,0.6865541278389651,0.3247837722301483,0.05,0.4195159189403057,176,179.90275150758535,0.029659785386510474
v00066,20,628.0,355.0,41.57132325932664,0.645854115486145,0.0,0.6487007826058452,0.49164777994155884,0.05,0.09906065091490746,176,193.4140636044856,0.029501034098422904
v00067,1,545.0,352.0,354.08103968548073,0.5449875593185425,0.0,0.6284434234778699,0.41404789686203003,0.05,0.0,200,154.69001260585637,0.7764314634005752
v00067,2,546.0,477.0,280.8301994527626,0.6875677108764648,0.0,0.7581736687304665,0.6271114945411682,0.05,0.0,200,51.42956348249516,0.5539961980885072
v00067,3,547.0,602.0,252.20987130682624,0.49656230211257935,0.0,0.588491123246917,0.3207720220088959,0.05,0.0,200,112.30761327710601,0.5224004043258804
v00067,4,671.0,477.0,396.6017220534825,0.6364675760269165,0.0,0.6870943424574741,0.4176640212535858,0.05,0.0,200,172.53985046939155,0.5145748397278008
v00067,5,365.0,477.0,143.83613700524663,0.4807465970516205,0.0,0.5231553842692187,0.3395249545574188,0.05,0.0,200,136.94524453225822,0.4820602137954811
v00067,6,421.0,476.0,178.71863225833607,0.6013491749763489,0.0,0.6867364077689143,0.24904468655586243,0.05,0.0,200,82.56512580987206,0.44250750077360207
v00067,7,348.0,477.0,136.34778365298502,0.4710104465484619,0.0,0.5206623697058572,0.2795593738555908,0.05,0.0,200,153.73028328862208,0.28281671658980706
v00067,8,420.0,603.0,125.21015681883584,0.4928077459335327,0.0,0.610969655575814,0.2730211019515991,0.05,0.0,200,130.41855696180662,0.1861020464562373
v00067,9,295.0,562.0,40.53734168715376,0.5449116826057434,0.0,0.5854025876961415,0.4217878580093384,0.05,0.0,200,214.17049283222934,0.025644448609377722
v00067,10,295.0,541.0,61.53715729710121,0.5601627230644226,0.0,0.5847396634725451,0.44266948103904724,0.05,0.0,200,209.0598000573042,0.023648964309280915
v00067,11,320.0,603.0,25.213555118427333,0.5095484256744385,0.0,0.47148400799909523,0.34553930163383484,0.05,0.0,200,207.38611332488009,0.021024467255496955
v00067,12,421.0,319.0,310.35770514606713,0.42363718152046204,0.0,0.47038333603848004,0.09393894672393799,0.05,0.0,200,197.48924021323288,0.014621733994916236
v00067,13,421.0,493.0,167.11402774760833,0.3670068383216858,0.0,0.31772433742337103,0.10337325185537338,0.11020817282989959,0.0,200,79.30952023559341,0.013454039212248813
v00067,14,604.0,477.0,333.72126053015137,0.45329225063323975,0.0,0.4672765327008196,0.34178486466407776,0.09358541225631423,0.0,200,106.51291001564083,0.013265228053349551
v00067,15,546.0,429.0,305.3213616098625,0.44089409708976746,0.0,0.5211029822051326,0.31911030411720276,0.0875,0.0,200,84.59905436823747,0.012676710461169275
v00067,16,637.0,477.0,364.50883875808285,0.36902034282684326,0.0,0.42190171319045144,0.25800806283950806,0.09358541225631423,0.0,200,138.91724155050014,0.011696773133810238
v00067,17,419.0,573.0,127.67291354139034,0.37013307213783264,0.0,0.47450966332243355,0.05880449712276459,0.05885254915624212,0.0,200,109.04127658827184,0.01130078314950693
v00067,18,654.0,477.0,380.5138758761327,0.37857407331466675,0.0,0.3704062651341449,0.23307210206985474,0.12961646096066226,0.0,200,155.7080601638849,0.011062156621138509
v00067,19,478.0,352.0,310.37773189904647,0.35320553183555603,0.0,0.38003845719227036,0.27598878741264343,0.16249999999999998,0.0,200,149.6262009141447,0.010377159277942426
v00067,20,421.0,418.0,223.5679280982075,0.3491920828819275,0.0,0.36986465061725315,0.09449337422847748,0.05885254915624212,0.0,200,113.86395390991831,0.007757290643743476
v00068,1,523.5,625.5,0.4567404378710658,0.9615631699562073,0.0,0.9326308733719355,0.892751932144165,0.0,0.0,178,127.68124372827828,0.948192724358807
v00068,2,597.5,629.5,74.53559699957124,0.5426158308982849,0.0,0.5950777779055699,0.4533056616783142,0.05,0.0,178,162.10027760617808,0.4974362647972347
v00068,3,535.5,626.5,12.474384589976552,0.5788840651512146,0.0,0.44746972197942886,0.6583883166313171,0.05,0.0,178,131.38683343470913,0.4905426319195735
v00068,4,476.5,623.5,46.61731202052628,0.5763413310050964,0.0,0.6236227826069602,0.4546763300895691,0.05,0.0,178,125.71594966431269,0.47127884999721054
v00068,5,453.5,622.5,69.63888597973775,0.574900209903717,0.0,0.6341468733012317,0.4884248673915863,0.05,0.0,178,131.0286228272281,0.4506450137746091
v00068,6,522.5,653.5,28.189919882229546,0.5321136713027954,0.0,0.5176050050042187,0.4851354658603668,0.05,0.0,178,155.14025912057772,0.4116104852425929
v00068,7,512.5,625.5,10.583521690744274,0.5520712733268738,0.0,0.5024455049563197,0.6424990296363831,0.05,0.0,178,126.12097367210578,0.3944125364273451
v00068,8,488.5,624.5,34.59155155656019,0.5220715999603271,0.0,0.5914614642733298,0.5509560704231262,0.05,0.0,178,125.02999640086374,0.38856243467501006
v00068,9,465.5,623.5,57.61055545271172,0.5782375931739807,0.0,0.6468268547205727,0.5637877583503723,0.05,0.0,178,128.2283120063584,0.3798435160673274
v00068,10,547.5,626.5,24.446760605771054,0.5133262276649475,0.0,0.3937468763893881,0.45197078585624695,0.05,0.0,178,135.1240171102088,0.3140282061831539
v00068,11,384.5,536.5,164.60026390036882,0.5588118433952332,0.0,0.5500173219202547,0.3440779447555542,0.05,0.0,178,121.13009535206352,0.2765822253283656
v00068,12,524.5,598.5,26.853555938506084,0.5568573474884033,0.0,0.4696705481345026,0.5463395118713379,0.05,0.0,178,101.50123151962246,0.26747575897524184
v00068,13,381.5,619.5,141.7013336692144,0.701068639755249,0.0,0.7452722252241194,0.41174188256263733,0.05,0.0,178,168.29289943428986,0.2659382094783977
v00068,14,526.5,543.5,81.88745538920128,0.626392662525177,0.0,0.5543867528149311,0.44931045174598694,0.05,0.0,178,50.936234646860186,0.23720327831743712
v00068,15,525.5,570.5,54.869394888257524,0.6259917616844177,0.0,0.6023316931950243,0.433734267950058,0.05885254915624212,0.0,178,74.9699939975988,0.20266440510990974
v00068,16,585.5,629.5,62.55814404907853,0.5041680335998535,0.0,0.5730243602531508,0.3562636971473694,0.05,0.0,178,155.17892898199807,0.1682442883705638
v00068,17,383.5,563.5,152.6575973260295,0.5630903840065002,0.0,0.5646363351835999,0.33903172612190247,0.09358541225631423,0.0,178,132.68195054339532,0.15774494716506132
v00068,18,608.5,629.5,85.52048234505946,0.5350169539451599,0.0,0.5753973318875417,0.35569459199905396,0.05,0.0,178,168.9452574060604,0.13837008785742613
v00068,19,536.5,342.5,283.13421531348183,0.5670495629310608,0.0,0.6283863785162473,0.15952470898628235,0.05,0.0,178,161.67405481399913,0.09210099957317454
v00068,20,385.5,479.5,200.47722303336923,0.60694420337677,0.0,0.6534892115618948,0.14625284075737,0.05,0.0,178,116.3206774395679,0.08277093396314494
v00069,1,578.0,669.0,0.3747112024943075,0.9353213906288147,0.0,0.9342072880651924,0.8868847489356995,0.0,0.3532283641397953,199,186.1316738225926,0.8464647803502868
v00069,2,581.0,451.0,217.98130747320548,0.5167004466056824,0.0,0.5089466787442027,0.3948683738708496,0.05,0.30032290890812874,199,94.66784036831093,0.6335449109163738
v00069,3,580.0,592.0,76.991772758657,0.5339431762695312,0.0,0.5144137918957417,0.40251624584198,0.05,0.1871538581326604,199,121.91800523302537,0.5973509532663017
v00069,4,437.0,525.0,201.24446227579017,0.6680740714073181,0.0,0.7125682545911929,0.5165975689888,0.05,0.36563702672719955,199,67.77905281132217,0.4918200794656577
v00069,5,504.0,668.0,73.63416973292105,0.5562283992767334,0.0,0.6114566719466695,0.4841965436935425,0.05,0.23407822847366333,199,168.04761230080004,0.3882423850754646
v00069,6,435.0,667.0,142.64137464242992,0.7373975515365601,0.0,0.7541747671630601,0.5688900351524353,0.0,0.3739028796553612,199,179.20379460268134,0.38776814112072544
v00069,7,544.0,669.0,33.628003423896416,0.5599244236946106,0.0,0.5657360913613892,0.6016798615455627,0.05,0.20035701245069504,199,174.6339027795004,0.31636019880443805
v00069,8,380.0,524.0,245.08943885354816,0.5155242681503296,0.0,0.542849335880826,0.46705013513565063,0.11020817282989959,0.2189401499927044,199,122.37646832622684,0.3040584425894629
v00069,9,538.0,669.0,39.62799891052668,0.5234698057174683,0.0,0.5672151305981653,0.4909304976463318,0.05,0.19198807701468468,199,173.21951391226105,0.28554077282030194
v00069,10,579.0,638.0,30.985615604920948,0.5049229264259338,0.0,0.46219725161691644,0.47029536962509155,0.05,0.17460976311122067,199,159.0125781188394,0.24381871527916205
v00069,11,515.0,668.0,62.6352579042793,0.5806448459625244,0.0,0.6073588058073599,0.43415287137031555,0.05,0.21754427067935467,199,168.66831356244717,0.236873797817312
v00069,12,374.0,524.0,249.9527329735009,0.5416240096092224,0.0,0.5653740041339799,0.4078997075557709,0.09358541225631423,0.23695380613207817,199,128.2653499585917,0.21463486197861206
v00069,13,578.0,654.0,14.959850957124765,0.6097570657730103,0.0,0.5315136560772451,0.5686666965484619,0.05,0.16799100022763014,199,172.6267650163207,0.14372785004730673
v00069,14,498.0,668.0,79.6337028878586,0.4957219660282135,0.0,0.5893716949627064,0.4180895686149597,0.05,0.1987306848168373,199,168.01190434013895,0.1282181900683617
v00069,15,440.0,382.0,318.2526668152904,0.5105590224266052,0.0,0.5542179264766928,0.017287561669945717,0.05,0.3270264267921448,199,132.3782459469833,0.12504592741155324
v00069,16,580.0,527.0,141.9750409236608,0.49282318353652954,0.0,0.5633892672857288,0.2172892987728119,0.05,0.3381027728319168,199,84.43340571124678,0.10847162818145707
v00069,17,581.0,467.0,201.98337363937267,0.47718483209609985,0.0,0.5019262834249497,0.3676442801952362,0.05,0.26172327995300293,199,87.46427842267951,0.06297326614560808
v00069,18,437.0,510.0,212.23333934338885,0.4720280170440674,0.0,0.4529337799446485,0.41582730412483215,0.05,0.21499741449952126,199,63.788713735268246,0.06268889850734893
v00069,19,438.0,448.0,261.37555778598835,0.47714963555336,0.0,0.4985462060109625,0.37918996810913086,0.05,0.23315340653061867,199,80.91971329657564,0.059467803872154765
v00069,20,435.0,682.0,143.2232698541265,0.49056053161621094,0.0,0.44486412324367813,0.44219765067100525,0.05,0.205664599314332,199,193.25889371514057,0.05760881852704527
v00070,1,396.5,402.5,254.47076252498593,0.48172757029533386,0.0,0.49260937094430934,0.27703091502189636,0.05,0.050716299563646317,177,142.1917719138488,0.38742941877507386
v00070,2,399.5,438.5,218.35777642512974,0.4830620586872101,0.0,0.4802038802423753,0.31120601296424866,0.05,0.04992332309484482,177,117.82402131993288,0.369680438456596
v00070,3,402.5,492.5,164.27450739032557,0.5216031670570374,0.0,0.4966698395411375,0.26123446226119995,0.05,0.1403799206018448,177,97.78803607803972,0.36182879183279076
v00070,4,585.5,648.5,174.0612607614201,0.6962741613388062,0.0,0.6977519849965658,0.25843510031700134,0.05,0.29272449016571045,177,171.35489488193792,0.2636747955665954
v00070,5,398.5,420.5,236.38553277994382,0.485283225774765,0.0,0.47822160063629715,0.3165023624897003,0.05,0.05491788778454065,177,128.9282746336117,0.24135545501119632
v00070,6,412.5,657.5,1.3139756154663638,0.7029167413711548,0.0,0.7719964819475236,0.34636691212654114,0.05,0.2847703695297241,177,180.1735274672725,0.1476307022225536
v00070,7,507.5,307.5,361.95013575145265,0.5133580565452576,0.0,0.5117965547897345,0.31649625301361084,0.05,0.4696831703186035,177,192.64604849308486,0.12086125387357949
v00070,8,481.5,308.5,354.9666018189621,0.5217230916023254,0.0,0.5278674491283586,0.2996766269207001,0.05,0.5013275146484375,177,192.39152787999788,0.12086125387357949
v00070,9,468.5,309.5,351.6510504357149,0.5183835029602051,0.0,0.5151092929288335,0.2989371716976166,0.05,0.4437410831451416,177,193.08676806037226,0.056053420186427075
v00070,10,494.5,307.5,358.72568285705637,0.5167660117149353,0.0,0.5121148942883987,0.2916208505630493,0.05,0.49919742345809937,177,192.57855540012756,0.042937659807694165
v00070,11,390.5,314.5,342.67264316182144,0.670474112033844,0.0,0.683791670482782,0.31821733713150024,0.05,0.26177532970905304,177,215.40775287811718,0.026991631446875657
v00070,12,611.5,647.5,200.07982122505138,0.3610081672668457,0.0,0.24409031283064553,0.13840371370315552,0.11020817282989959,0.3122446537017822,177,184.90132503581472,0.025562785137373853
v00070,13,580.5,577.5,186.44981687336565,0.45828717947006226,0.0,0.4825097206466539,0.2925342321395874,0.05885254915624212,0.011526891961693764,177,111.74300872985299,0.020029582006981086
v00070,14,618.5,646.5,207.11891689597564,0.33506473898887634,0.0,0.2503163639656101,0.0686335489153862,0.16249999999999998,0.32603922486305237,177,188.4263781958354,0.017987293590664852
v00070,15,400.5,456.5,200.3300200743663,0.4648181200027466,0.0,0.47064285217845636,0.3119480013847351,0.05,0.08830219507217407,177,108.59327787667154,0.017706388222733013
v00070,16,409.5,583.5,73.05182668103032,0.46876296401023865,0.0,0.44806291532539577,0.2417525351047516,0.05,0.02657244011061266,177,123.1361035602475,0.016650958887196143
v00070,17,395.5,386.5,270.5019163557373,0.3778417408466339,0.0,0.45954481003716574,0.2461221069097519,0.09358541225631423,-0.02327676536515355,177,154.28058853919376,0.014966008567603795
v00070,18,559.5,650.5,147.9988791482403,0.3265075981616974,0.0,0.34732626959939056,0.10377110540866852,0.11020817282989959,0.3049081563949585,177,161.8347923037565,0.01450809790715766
v00070,19,442.5,311.5,346.39977916249035,0.3651582896709442,0.0,0.4230550500990371,0.2847083806991577,0.05,0.35410092771053314,177,197.07485887347477,0.011755193473575945
v00070,20,429.5,656.5,17.876367249585492,0.3799996078014374,0.0,0.31695057047761677,0.10311192274093628,0.09358541225631423,0.46275219321250916,177,171.64643893771873,0.011086602050993436
v00071,1,362.5,573.5,,0.2405019998550415,0.0,0.13787210117897125,-0.024728912860155106,0.05,0.031437765806913376,173,155.9118340601508,0.4567059696231868
v00071,2,544.5,427.5,,0.2574903964996338,0.0,0.1382934867029778,-0.004438051488250494,0.05885254915624212,0.03134510666131973,173,85.06762016184537,0.2798845532402809
v00071,3,374.5,390.5,,0.24357064068317413,0.0,0.09989978281236983,0.03986818715929985,0.05885254915624212,0.0439119121292606,173,166.5547957880529,0.26067966868647824
v00071,4,365.5,538.5,,0.24322006106376648,0.0,0.15295169198550382,-0.009244197979569435,0.05,0.032832053024321795,173,139.90175123993265,0.2184699979041935
v00071,5,548.5,386.5,,0.2642408609390259,0.0,0.11046899779556223,0.010627099312841892,0.05,0.04790004342794418,173,123.42811673196671,0.1904976721290758
v00071,6,546.5,411.5,,0.25303947925567627,0.0,0.1006228473433605,-0.026993921026587486,0.05,0.03762652352452278,173,99.9724962177098,0.11869994903810503
v00071,7,361.5,582.5,,0.2326759546995163,0.0,0.1325622223700273,-0.018142208456993103,0.05,0.031164695508778095,173,161.20949103573275,0.05555593353845616
v00071,8,545.5,419.5,,0.2675599753856659,0.0,0.15530323200298812,0.0157410129904747,0.12961646096066226,0.038388628512620926,173,92.46891369536034,0.05282301180172806
v00071,9,376.5,367.5,,0.23791365325450897,0.0,0.10434948324423775,0.016724981367588043,0.05885254915624212,0.05115657951682806,173,181.13116794190887,0.022379750635613652
v00071,10,529.5,588.5,,0.20512381196022034,0.0,0.12480011046982903,0.03417794033885002,0.09358541225631423,0.018670933321118355,173,93.28719097496719,0.020593322963149342
v00071,11,547.5,394.5,,0.26324427127838135,0.0,0.1470801654512477,-0.004776143003255129,0.12961646096066226,0.03732686676084995,173,115.70004321520368,0.020003795459002792
v00071,12,543.5,440.5,,0.21966812014579773,0.0,0.14069628253567648,-0.04383805766701698,0.125,0.02496165130287409,173,73.70549504616328,0.019517275426441626
v00071,13,491.5,566.5,,0.19891276955604553,0.0,0.1451475265714177,0.03386566787958145,0.1662132317597294,0.026744741946458817,173,67.04103221162394,0.017085389146682933
v00071,14,330.5,551.5,,0.19593282043933868,0.0,0.09581581091389049,0.029692010954022408,0.125,0.03153892047703266,173,177.1510654780264,0.015018648501515602
v00071,15,546.5,405.5,,0.2668860852718353,0.0,0.14128682303743084,0.017358601093292236,0.2,0.03498909994959831,173,105.32093808925175,0.014698531313981933
v00071,16,542.5,453.5,,0.19599013030529022,0.0,0.10934762306875079,-3.367769386386499e-05,0.05885254915624212,0.016861633397638798,173,62.99603162104737,0.013777516218303832
v00071,17,375.5,375.5,,0.2321159392595291,0.0,0.1384975003209974,0.005351723171770573,0.05885254915624212,0.05127257714048028,173,176.06958851545033,0.01372812921853896
v00071,18,544.5,433.5,,0.2323286384344101,0.0,0.11132240934288007,0.004835734609514475,0.09358541225631423,0.031071183271706104,173,80.01562347441904,0.013639602677720766
v00071,19,549.5,374.5,,0.25256985425949097,0.0,0.1552005748784394,-0.023065784946084023,0.1662132317597294,0.05361343719414435,173,134.90922874288475,0.013391587474062985
v00071,20,548.5,380.5,,0.2551480829715729,0.0,0.13217135573159722,0.009961630217730999,0.18713203435596426,0.039321438409388065,173,128.96705005543083,0.012935452563369289
v00072,1,344.5,502.5,62.27738464131723,0.575993537902832,0.0,0.5988876214027509,0.43818399310112,0.05,0.0,195,155.52009516457994,0.7932460722086294
v00072,2,482.5,638.5,241.72397897679772,0.5634586811065674,0.0,0.5578751860369412,0.30528703331947327,0.05,0.0,195,139.60121775973158,0.7703659534575193
v00072,3,499.5,638.5,255.98593571573832,0.558468222618103,0.0,0.5253287992763618,0.33025240898132324,0.05,0.0,195,138.5009025241352,0.7255278256170807
v00072,4,421.5,639.5,194.90961517744327,0.6703805923461914,0.0,0.650921123687296,0.3309841454029083,0.05,0.0,195,160.07029705726168,0.7021891420934425
v00072,5,335.5,502.5,53.277950077032365,0.5988783836364746,0.0,0.5870964909029587,0.5229420065879822,0.05,0.0,195,164.5189958636996,0.6801213738096029
v00072,6,417.5,364.5,193.7051619584873,0.5853314399719238,0.0,0.6159196063042977,0.4950586259365082,0.05,0.0,195,158.63952849148285,0.5253116012970765
v00072,7,353.5,502.5,71.27696199414224,0.6026840209960938,0.0,0.5667274998526588,0.5378696322441101,0.05,0.0,195,146.52132950529762,0.4843176394855917
v00072,8,420.5,552.5,146.81811307695912,0.5176187753677368,0.0,0.5557168771283582,0.16422684490680695,0.05,0.0,195,95.2706670492025,0.4457935582278997
v00072,9,556.5,500.5,274.2867973833109,0.5267325043678284,0.0,0.6146052703530028,0.2454480677843094,0.05,0.0,195,56.50221234606659,0.2968367930881954
v00072,10,464.5,638.5,227.03439533619508,0.5488179326057434,0.0,0.572776520397784,0.3582685589790344,0.08106601717798213,0.0,195,142.97727092094044,0.2534369535952818
v00072,11,282.5,503.5,0.44792766087220204,0.9680352807044983,0.0,0.9302980462654175,0.8925006985664368,0.0,0.0,195,217.52815909670178,0.14599790582489702
v00072,12,490.5,638.5,248.39256553067426,0.5374714136123657,0.0,0.5621249495292328,0.24637825787067413,0.09358541225631423,0.0,195,138.8254299471102,0.14436556023820987
v00072,13,318.5,502.5,36.279783523664776,0.5305953025817871,0.0,0.5769634796120342,0.45941731333732605,0.05,0.0,195,181.51721681427358,0.07931759725933647
v00072,14,300.5,503.5,18.277472087053443,0.607840895652771,0.0,0.5224101601916772,0.5882484912872314,0.05,0.0,195,199.53069939234913,0.052925010631073355
v00072,15,309.5,503.5,27.27633881672611,0.5310370326042175,0.0,0.4747886648104486,0.41614338755607605,0.05,0.0,195,190.5321495181325,0.044627617843536437
v00072,16,420.5,575.5,156.06042755660533,0.5109983086585999,0.0,0.5129851674858737,0.1584796905517578,0.05885254915624212,0.0,195,109.63804084349556,0.0423447823736614
v00072,17,481.5,572.5,210.9980182199857,0.3957062363624573,0.0,0.4069066603643805,0.09120064228773117,0.05885254915624212,0.0,195,74.82312476768128,0.03588488810508203
v00072,18,362.5,502.5,80.27663411271189,0.5279558897018433,0.0,0.5838148626563066,0.35510993003845215,0.17694368026754387,0.0,195,137.52272539475067,0.03226767300711079
v00072,19,473.5,638.5,234.32146580930976,0.549248218536377,0.0,0.5134058975303275,0.23604226112365723,0.19366069605669878,0.0,195,141.0124108013192,0.028170280372862535
v00072,20,630.5,435.5,354.782670307496,0.3859967887401581,0.0,0.4201363156175782,0.06284189224243164,0.0875,0.0,195,145.56957099613916,0.020277282575158605
v00073,1,363.5,627.5,,0.43124115467071533,0.0,0.39165593289480466,0.010394291020929813,0.05885254915624212,0.14329169131815434,195,186.78463534241783,0.045974213305620584
v00073,2,349.5,626.5,,0.43163037300109863,0.0,0.38275555156640967,-0.00022634849301539361,0.05885254915624212,0.14027920830994844,195,196.6023906263604,0.0416112917807651
v00073,3,542.5,342.5,,0.40050840377807617,0.0,0.2537919568135016,0.271846204996109,0.09358541225631423,0.22370636090636253,195,163.1333810107545,0.03707068457717189
v00073,4,367.5,387.5,,0.3977673053741455,0.0,0.27438062396723495,0.25386518239974976,0.05885254915624212,0.21845538169145584,195,173.81743295768695,0.018005876537200156
v00073,5,396.5,630.5,,0.42206254601478577,0.0,0.37922866004789546,-0.01583132892847061,0.05885254915624212,0.12368846405297518,195,166.56079970989572,0.017460181697572852
v00073,6,569.5,344.5,,0.3976293206214905,0.0,0.2700393993565913,0.2584618926048279,0.0875,0.23572448641061783,195,170.324689930732,0.01732329954596988
v00073,7,392.5,332.5,,0.3914653956890106,0.0,0.25181302243595327,0.2427503913640976,0.125,0.23140724748373032,195,199.02889237495143,0.016706046707993905
v00073,8,583.5,345.5,,0.3947660028934479,0.0,0.27592616017223187,0.23775023221969604,0.11020817282989959,0.22547186724841595,195,175.62032911938184,0.015655604669700264
v00073,9,686.5,564.5,,0.39272555708885193,0.0,0.2356671761910065,0.2597038447856903,0.05,0.25345212779939175,195,197.3385415979352,0.014515344396401357
v00073,10,689.5,526.5,,0.4115874469280243,0.0,0.2617423965685275,0.28281480073928833,0.05,0.23180107213556767,195,191.34393118152454,0.008739999539217969
v00073,11,590.5,346.5,,0.3942360281944275,0.0,0.24635217060223674,0.27384570240974426,0.1662132317597294,0.2157348208129406,195,178.192311843132,0.007805163612344977
v00073,12,382.5,573.5,,0.391428679227829,0.0,0.24632704195706093,0.21019475162029266,0.12961646096066226,0.25654344633221626,195,138.59473294465414,0.007647669281315946
v00073,13,545.5,399.5,,0.39166098833084106,0.0,0.27903732623547195,0.24500909447669983,0.05885254915624212,0.24959231540560722,195,110.31998912255204,0.007038196917248175
v00073,14,531.5,398.5,,0.3974872827529907,0.0,0.2683640088937278,0.2635168433189392,0.09358541225631423,0.239540945738554,195,106.27558515482283,0.0070293957247707746
v00073,15,355.5,367.5,,0.396898090839386,0.0,0.2721260946155406,0.26478150486946106,0.1662132317597294,0.24785912595689297,195,196.0522889435367,0.006729396145174918
v00073,16,529.5,341.5,,0.4000486731529236,0.0,0.2868780886147336,0.27632564306259155,0.125,0.22000885754823685,195,161.2218967758412,0.006450225722083721
v00073,17,402.5,371.5,,0.3916455805301666,0.0,0.2703336037143357,0.2617343068122864,0.0875,0.25006476417183876,195,161.30251082980698,0.0063999107666317155
v00073,18,383.5,629.5,,0.42378783226013184,0.0,0.39319236649669365,-0.019412221387028694,0.11020817282989959,0.12968664430081844,195,174.19098713768173,0.00626532116254609
v00073,19,369.5,628.5,,0.42263349890708923,0.0,0.3708041001819803,-0.023039590567350388,0.05885254915624212,0.1488553057424724,195,183.14611652994446,0.005833838032934899
v00073,20,341.5,570.5,,0.39931195974349976,0.0,0.26203046037714334,0.2506779134273529,0.16249999999999998,0.24406943656504154,195,173.4718997417161,0.005233841883400452
v00074,1,555.5,355.5,83.011333113999,0.6265518665313721,0.0,0.5695331759893733,0.46200743317604065,0.05,0.0,190,154.79179564821902,0.7327315038141453
v00074,2,582.5,356.5,55.99400177220745,0.6082888841629028,0.0,0.581572870730617,0.4117354452610016,0.05,0.0,190,165.5249225947561,0.7250973248384321
v00074,3,568.5,356.5,69.99032146447436,0.5981147885322571,0.0,0.550647008381636,0.36126014590263367,0.05,0.0,190,159.01100590839616,0.7250973248384321
v00074,4,527.5,355.5,111.0023204885028,0.6316619515419006,0.0,0.5852248028016122,0.45859700441360474,0.05,0.0,190,147.09350767454015,0.6892526996505716
v00074,5,500.5,354.5,138.01836234620967,0.5849315524101257,0.0,0.5668951163297303,0.44015660881996155,0.05,0.0,190,145.50085910399292,0.6892526996505716
v00074,6,636.5,426.5,68.59312280066422,0.5088204145431519,0.0,0.49454138012095045,0.3146854043006897,0.05,0.0,190,155.0306421324507,0.670595209017111
v00074,7,635.5,459.5,101.60824616432254,0.5068169832229614,0.0,0.48234337448738784,0.34342649579048157,0.05,0.0,190,141.42312399321406,0.6658730624936384
v00074,8,444.5,352.5,194.05173829600355,0.47273358702659607,0.0,0.42850224245249413,0.21414905786514282,0.05885254915624212,0.0,190,157.59600248737274,0.5797680256735901
v00074,9,447.5,484.5,229.10760676100145,0.46603554487228394,0.0,0.44721705384740884,0.21598337590694427,0.05,0.0,190,54.740295943664755,0.5201144181057541
v00074,10,638.5,358.5,0.5651933252789954,0.9738746881484985,0.0,0.9411692187267191,0.9153213500976562,0.0,0.0,190,198.00126262223682,0.48502577872933617
v00074,11,635.5,492.5,134.5975619283052,0.4512265920639038,0.0,0.4778468672254471,0.3689136803150177,0.05,0.0,190,135.7074058406541,0.48146679007880194
v00074,12,637.5,391.5,33.578842096437825,0.5611205101013184,0.0,0.4946304625824204,0.4186886250972748,0.05,0.0,190,175.15279044308716,0.4259971967479816
v00074,13,596.5,357.5,41.97785967882291,0.5255885720252991,0.0,0.514980587953682,0.3508320748806,0.05,0.0,190,172.1002614756875,0.3122823458260669
v00074,14,540.5,355.5,98.00586459077833,0.5958408117294312,0.0,0.556898916980206,0.31285202503204346,0.0875,0.0,190,150.06831777560512,0.23122969829517118
v00074,15,470.5,353.5,168.03414875968366,0.5126227140426636,0.0,0.4826268813817419,0.20782718062400818,0.0875,0.0,190,149.44062366036886,0.18481604246610844
v00074,16,610.5,357.5,27.978989241580106,0.6360908150672913,0.0,0.5463848835273438,0.5061635375022888,0.05,0.0,190,180.32332073251092,0.12035843151461172
v00074,17,484.5,353.5,154.03946989378082,0.48947665095329285,0.0,0.5017684588872314,0.17711929976940155,0.09358541225631423,0.0,190,147.31768393509313,0.07510439385757096
v00074,18,513.5,354.5,125.02280865939348,0.5956577658653259,0.0,0.5556956889285992,0.3664117455482483,0.1662132317597294,0.0,190,146.12494653549064,0.06281881275827295
v00074,19,624.5,358.5,13.987004959226644,0.6262532472610474,0.0,0.4630556668883117,0.5040467381477356,0.125,0.0,190,188.4741361566621,0.042952914168178306
v00074,20,506.5,421.5,146.48558436615122,0.3917946517467499,0.0,0.3293612514596662,0.03667077794671059,0.05885254915624212,0.0,190,78.76864858558892,0.02864149678903175
v00075,1,565.0,439.0,0.6799753607297475,0.8944242596626282,0.0,0.895719824407134,0.5044112801551819,0.05,0.0,165,89.1403387922662,0.8947293096031309
v00075,2,354.0,424.0,210.93435102655332,0.5333132743835449,0.0,0.5154319446181927,0.14827433228492737,0.05,0.0,165,164.59647626847908,0.8563828624436722
v00075,3,571.0,354.0,84.89037980083792,0.4778055250644684,0.0,0.5263819939495922,0.18925927579402924,0.05,0.0,165,162.34839081432253,0.8518923938865419
v00075,4,467.0,432.0,97.65170691328767,0.5723610520362854,0.0,0.5588554737816861,0.25719621777534485,0.05,0.0,165,75.58438992278762,0.8002007230279135
v00075,5,403.0,427.0,161.84479955644997,0.5697272419929504,0.0,0.5541539870707208,0.23593300580978394,0.05885254915624212,0.0,165,121.40016474453401,0.7954441998149255
v00075,6,370.0,425.0,194.90355909341417,0.5730503797531128,0.0,0.5508767390099738,0.20066820085048676,0.05,0.0,165,150.08331019803634,0.7838585445469154
v00075,7,450.0,431.0,114.68047336481455,0.5313296318054199,0.0,0.5215657212781786,0.19510740041732788,0.05885254915624212,0.0,165,85.21150157109074,0.6957257765255438
v00075,8,498.0,434.0,66.58754901660124,0.5610660314559937,0.0,0.5591290729600498,0.19655069708824158,0.05,0.0,165,66.03029607687671,0.6251469553726189
v00075,9,482.0,433.0,82.61842881434804,0.5423837304115295,0.0,0.5269800870820125,0.20153474807739258,0.05,0.0,165,69.3757882838098,0.6072297324070619
v00075,10,633.0,445.0,68.86871669359098,0.5061005353927612,0.0,0.501360047722439,0.11420787870883942,0.05885254915624212,0.0,165,143.92359083902818,0.5933488488584655
v00075,11,649.0,446.0,84.89403420328706,0.5200236439704895,0.0,0.4914897140633614,0.1662881076335907,0.0875,0.0,165,158.48343762046557,0.5373530591325706
v00075,12,435.0,430.0,129.7137697181956,0.5621535778045654,0.0,0.5452420853971937,0.2326461523771286,0.08106601717798213,0.0,165,95.524865872714,0.4354550145309648
v00075,13,386.0,426.0,178.87284380689755,0.5253788828849792,0.0,0.5165925800104846,0.1704796701669693,0.09358541225631423,0.0,165,135.91173606425605,0.3576480664283208
v00075,14,418.0,428.0,146.8117436043191,0.5249035954475403,0.0,0.5125394097207765,0.18443429470062256,0.09358541225631423,0.0,165,109.12378292562992,0.2907981337375083
v00075,15,559.0,516.0,77.55459580540338,0.4864191710948944,0.0,0.4850299601899674,0.20849834382534027,0.09358541225631423,0.0,165,61.1310068623117,0.2338769369297216
v00075,16,681.0,448.0,116.94952266632998,0.5112463235855103,0.0,0.4805282421111774,0.1467975527048111,0.05,0.0,165,188.32153355365392,0.11406116585757721
v00075,17,664.0,447.0,99.92470145055091,0.5339899659156799,0.0,0.4928389614626194,0.15657617151737213,0.09358541225631423,0.0,165,172.35138525698017,0.11047688608826327
v00075,18,574.0,318.0,121.01476297074869,0.49520355463027954,0.0,0.516439476157883,0.1432933658361435,0.05,0.0,165,196.468827043885,0.1015515148409199
v00075,19,571.0,360.0,78.90976617323618,0.44908398389816284,0.0,0.47986896270719365,0.17928649485111237,0.05,0.0,165,156.97452022541748,0.04710172140890196
v00075,20,559.0,439.0,5.438238759715878,0.5831802487373352,0.0,0.5807506413270516,0.12689390778541565,0.16249999999999998,0.0,165,84.86459803710851,0.03666002551596786
v00076,1,627.0,606.0,343.61334288165557,0.5410647988319397,0.0,0.5599247680241611,0.27728042006492615,0.05,0.0,184,165.42369842317032,0.8880230096387679
v00076,2,604.0,608.0,320.5275659301883,0.5584234595298767,0.0,0.5689074034292039,0.30272185802459717,0.05,0.0,184,149.9333185119305,0.8538125919047382
v00076,3,558.0,612.0,274.3565248919391,0.5771484971046448,0.0,0.5720243652046375,0.335848331451416,0.05,0.0,184,126.1269202034205,0.8252486380130503
v00076,4,581.0,610.0,297.4419466651538,0.5723965167999268,0.0,0.5756885025456349,0.34639349579811096,0.05,0.0,184,136.60527076214885,0.8111366510545622
v00076,5,467.0,619.0,183.08782162738473,0.5629469156265259,0.0,0.5580902111948761,0.33009183406829834,0.05,0.0,184,123.4908903522847,0.8104547367375944
v00076,6,535.0,614.0,251.271355043917,0.5751371383666992,0.0,0.5694959366837844,0.3272581100463867,0.05,0.0,184,119.25183436744275,0.8003819956011717
v00076,7,592.0,609.0,308.4862053275339,0.522648811340332,0.0,0.5553452692949649,0.2347085177898407,0.05,0.0,184,142.63590010933433,0.7506821898139775
v00076,8,422.0,623.0,137.91623204045123,0.5287901759147644,0.0,0.5379057265438207,0.23533065617084503,0.05,0.0,184,145.64683312726027,0.7478509705493974
v00076,9,399.0,625.0,114.83326249419456,0.5308493375778198,0.0,0.5431410774304877,0.23307503759860992,0.05885254915624212,0.0,184,160.70469812671936,0.7395643119261556
v00076,10,513.0,615.0,229.25873636267616,0.5781872868537903,0.0,0.570897356807745,0.32843583822250366,0.05,0.0,184,115.73245007343446,0.7315755036965302
v00076,11,501.0,616.0,217.21737166916756,0.5335100889205933,0.0,0.5494267511683633,0.26498943567276,0.05,0.0,184,116.00431026474836,0.6285739635592273
v00076,12,570.0,611.0,286.3977730264867,0.5296710133552551,0.0,0.5504993857953409,0.22296848893165588,0.09358541225631423,0.0,184,131.2288078129189,0.15125909981175717
v00076,13,354.0,628.0,69.73337524378435,0.5152061581611633,0.0,0.5243639674307503,0.20629853010177612,0.05,0.0,184,194.164878389476,0.09863636901468167
v00076,14,444.0,621.0,160.00294229509046,0.5439007878303528,0.0,0.5546122799500374,0.28206199407577515,0.2,0.0,184,133.33041663476493,0.07377057689013662
v00076,15,490.0,617.0,206.17312946510768,0.572187602519989,0.0,0.564003910455475,0.34972769021987915,0.19366069605669878,0.0,184,117.42657280190033,0.06003935507408383
v00076,16,478.0,618.0,194.13185640096856,0.523277223110199,0.0,0.5416204472272864,0.26566916704177856,0.14270509831248424,0.0,184,120.03332870498926,0.056276000743550304
v00076,17,524.0,614.0,240.3031323974706,0.536607027053833,0.0,0.5524630434318762,0.2548373341560364,0.125,0.0,184,116.49892703368559,0.05149394693038751
v00076,18,577.0,555.0,302.7097271293077,0.3067564368247986,0.0,0.24148125658410946,0.07608967274427414,0.12961646096066226,0.0,184,94.62557793746889,0.047918012221231425
v00076,19,410.0,624.0,125.87575388646465,0.4808594584465027,0.0,0.5132344133632936,0.1766488403081894,0.05885254915624212,0.0,184,153.21879780235844,0.036889904454535376
v00076,20,615.0,607.0,331.5719345218416,0.5063707828521729,0.0,0.5437098160980938,0.21323026716709137,0.17694368026754387,0.0,184,157.07959765672945,0.03179854998759396
v00077,1,586.0,541.0,78.01350336074115,0.488627165555954,0.0,0.4654129245274556,0.09948762506246567,0.05,0.3071344122290611,200,95.2732911156112,0.9350675123969878
v00077,2,508.0,540.0,0.08060895411117083,0.8091732859611511,0.0,0.8136309700442157,0.28334057331085205,0.05,0.42930883169174194,200,40.792156108742276,0.9174194968958885
v00077,3,339.0,540.0,168.99399705724213,0.5708068609237671,0.0,0.5567982802365357,0.15537406504154205,0.05,0.4192725121974945,200,165.89454481688057,0.886941893523781
v00077,4,509.0,622.0,82.08654864075285,0.4917459785938263,0.0,0.4925288153196894,0.07130114734172821,0.05,0.30140329897403717,200,122.3315167894194,0.8868694639825567
v00077,5,508.0,351.0,188.9196164019173,0.4941830039024353,0.0,0.4827914119334932,0.05982218682765961,0.05,0.29644932597875595,200,149.21461054467824,0.85403641482201
v00077,6,499.0,540.0,8.994337147117081,0.5511384606361389,0.0,0.5399366797980103,0.18108615279197693,0.05,0.3755503371357918,200,40.01249804748511,0.802628445599553
v00077,7,508.0,377.0,162.9196164172346,0.5293436050415039,0.0,0.5186441942440914,0.041506025940179825,0.05,0.32053701765835285,200,123.25988804148737,0.7885434230080619
v00077,8,444.0,540.0,63.9940284250831,0.5973677039146423,0.0,0.5767863851694216,0.2416623830795288,0.05,0.41927915066480637,200,68.81860213634101,0.7703347360601465
v00077,9,466.0,540.0,41.99405487362004,0.5390893816947937,0.0,0.5582794901499549,0.24376922845840454,0.05,0.3727855384349823,200,52.49761899362675,0.7672219389575804
v00077,10,508.0,432.0,107.91961647395631,0.5981289148330688,0.0,0.583001718049981,0.1383259892463684,0.05885254915624212,0.36415788531303406,200,68.46897107449476,0.7666090359154358
v00077,11,360.0,540.0,147.9939997699927,0.5767401456832886,0.0,0.5614108130455723,0.2009878009557724,0.05885254915624212,0.42528365179896355,200,145.60219778561037,0.7385858711839121
v00077,12,412.0,540.0,95.99401159553534,0.5811913013458252,0.0,0.5572946575998705,0.20122270286083221,0.05,0.4226544424891472,200,96.66436778875658,0.7344970322230073
v00077,13,508.0,458.0,81.91961652728308,0.5857406258583069,0.0,0.5744846034720315,0.04733316972851753,0.05885254915624212,0.33544037863612175,200,42.7551166528639,0.7326438542369134
v00077,14,509.0,649.0,109.08502274478427,0.49425652623176575,0.0,0.48720242046143086,0.03659690171480179,0.05,0.286949947476387,200,149.27156460625713,0.731070637444191
v00077,15,509.0,595.0,55.08957023131756,0.5146963596343994,0.0,0.5062732958992382,0.049663957208395004,0.08106601717798213,0.29767479933798313,200,95.42536350467836,0.7244047427191678
v00077,16,477.0,540.0,30.99408217801817,0.48091766238212585,0.0,0.5143654901897515,0.20951008796691895,0.05885254915624212,0.37579814344644547,200,46.14108798023731,0.7167309496038319
v00077,17,520.0,540.0,12.006291153118287,0.5100002288818359,0.0,0.3989248806599535,0.14194251596927643,0.05,0.3581412807106972,200,44.721359549995796,0.7032619190711491
v00077,18,596.0,541.0,88.012653339305,0.4636051654815674,0.0,0.44399899514019847,0.08633352071046829,0.05,0.3161124885082245,200,104.38869670610895,0.6413709448050608
v00077,19,328.0,540.0,179.99399588890188,0.5561796426773071,0.0,0.5416832288533198,0.12038692831993103,0.05,0.40472009405493736,200,176.58992043715293,0.43018518190052013
v00077,20,455.0,540.0,52.99403890438506,0.5785554051399231,0.0,0.5646460505217263,0.1956772357225418,0.0875,0.39056650549173355,200,60.207972893961475,0.4125676384743598
v00078,1,556.0,473.0,0.9002822232542272,0.8868118524551392,0.0,0.8790082894339014,0.5023343563079834,0.05,0.45028702914714813,179,62.16912416947821,0.9650526656442852
v00078,2,642.0,466.0,86.6906491422386,0.6384084224700928,0.0,0.6653809389212987,0.26474326848983765,0.05,0.6398990750312805,179,146.01369798755184,0.8296851264089452
v00078,3,605.0,469.0,49.57184269742026,0.6411101222038269,0.0,0.6531479354029057,0.3302578330039978,0.05,0.6063327491283417,179,109.48059188732951,0.7995274968944924
v00078,4,552.0,414.0,58.33712023988139,0.5825427770614624,0.0,0.6004397924016275,0.2430490255355835,0.05,0.15381138026714325,179,100.4987562112089,0.777636930966665
v00078,5,550.0,385.0,87.40534385003457,0.526282012462616,0.0,0.5655825743297629,0.1696031242609024,0.05885254915624212,0.11199421435594559,179,125.39936203984452,0.7754753593618668
v00078,6,337.0,489.0,219.1760095989633,0.5868175625801086,0.0,0.6691225485602137,0.05498926341533661,0.05,0.27355388551950455,179,163.37074401495514,0.7229773244578629
v00078,7,593.0,470.0,37.532806561279756,0.6250895857810974,0.0,0.6414799490550191,0.25485628843307495,0.05,0.5618486106395721,179,97.71898484941399,0.7093628589133876
v00078,8,654.0,465.0,98.73157888312153,0.66290682554245,0.0,0.6734234717965186,0.3659074008464813,0.08106601717798213,0.6240760982036591,179,157.9271984174987,0.6873793434403794
v00078,9,427.0,482.0,128.90427969958878,0.3470340669155121,0.0,0.4203906642242766,0.08515355736017227,0.12961646096066226,0.3559792637825012,179,75.18643494673756,0.5733013194625993
v00078,10,552.0,420.0,52.34939815319665,0.4995274841785431,0.0,0.5323323435693561,0.16530606150627136,0.05885254915624212,0.11687348783016205,179,95.4148835350125,0.4051017559821062
v00078,11,691.0,463.0,135.78057928348554,0.6272255182266235,0.0,0.6506489713280935,0.31265464425086975,0.05,0.6269636750221252,179,194.5507645834372,0.3331147465675149
v00078,12,469.0,480.0,86.88163998986991,0.5103035569190979,0.0,0.554561985242903,0.08717294782400131,0.05885254915624212,0.4805002212524414,179,36.89173349139343,0.3251405465071456
v00078,13,666.0,464.0,110.77265316315838,0.6384903788566589,0.0,0.6636938093247785,0.2881583869457245,0.09358541225631423,0.6414553821086884,179,169.85876486069242,0.2920966452279268
v00078,14,679.0,463.0,123.81102418196714,0.6554921269416809,0.0,0.6758605032606728,0.3110080659389496,0.05,0.6101156175136566,179,182.7840255602223,0.27221752206020067
v00078,15,420.0,483.0,135.96073810285515,0.5001001954078674,0.0,0.5456687579113342,0.08859773725271225,0.05885254915624212,0.47002874314785004,179,81.78630692236935,0.2086187613513654
v00078,16,445.0,481.0,110.88087006200291,0.5119677186012268,0.0,0.5553564009157839,0.1549941599369049,0.125,0.4818141907453537,179,58.18934610390462,0.07358487849932213
v00078,17,630.0,467.0,74.64993388243141,0.6548210382461548,0.0,0.6718609716478465,0.31056398153305054,0.1340990257669732,0.6120425462722778,179,134.12307780542466,0.0722951183328643
v00078,18,378.0,486.0,178.0667185201478,0.3555901348590851,0.0,0.4317976977653777,0.04826471582055092,0.1662132317597294,0.312322199344635,179,122.80065146407001,0.06226909871779352
v00078,19,617.0,468.0,61.61187879353389,0.625056803226471,0.0,0.6535899388304689,0.28123587369918823,0.16249999999999998,0.6238409876823425,179,121.29715577869086,0.06222288473395138
v00078,20,466.0,696.0,241.01712880050582,0.38324424624443054,0.0,0.46962732818422237,0.09512387216091156,0.16249999999999998,0.36061082780361176,179,198.92712233378333,0.052209136023908365
v00079,1,560.5,447.5,115.18096232767608,0.5437183380126953,0.0,0.540719597431141,0.30666691064834595,0.05,0.0,198,80.10305861825752,0.5595221962575067
v00079,2,558.5,621.5,289.1920482551652,0.7319107055664062,0.0,0.7521891930479762,0.26338592171669006,0.05,0.0,198,134.84991657394528,0.47778245200861386
v00079,3,513.5,331.5,48.72609314970714,0.6047264337539673,0.0,0.6101653604679877,0.3556712865829468,0.05,0.0,198,169.03993610978443,0.46650545612875755
v00079,4,562.5,332.5,0.3274672373340877,0.891289234161377,0.0,0.89105847448983,0.5053977966308594,0.05,0.0,198,178.78059178781123,0.32235362771280324
v00079,5,451.5,330.5,110.73414494581891,0.6017231941223145,0.0,0.6046692951217273,0.3339633345603943,0.05,0.0,198,176.30229720568022,0.224417966724832
v00079,6,488.5,331.5,73.72368506137438,0.6074283123016357,0.0,0.6256260957608006,0.29233819246292114,0.05,0.0,198,168.89197731094274,0.22247021560468372
v00079,7,500.5,331.5,61.7245975121687,0.6060572266578674,0.0,0.622964388989734,0.28075382113456726,0.05,0.0,198,168.5007418381296,0.22247021560468372
v00079,8,624.5,623.5,297.7546076984172,0.5322396755218506,0.0,0.5899570224295211,0.3400227725505829,0.05,0.0,198,175.36390734697946,0.17018630200602383
v00079,9,464.5,330.5,97.7361605163429,0.6066866517066956,0.0,0.6372983824194705,0.40064534544944763,0.0875,0.0,198,173.17765444767983,0.12580423702559038
v00079,10,558.5,533.5,201.20250779564876,0.5305934548377991,0.0,0.5269609517078908,0.32144975662231445,0.05,0.0,198,67.41290677607664,0.10061867390017831
v00079,11,403.5,329.5,158.74425278512683,0.595142662525177,0.0,0.6095059103722182,0.41675639152526855,0.05,0.0,198,195.91452217740266,0.07823801739443187
v00079,12,439.5,330.5,122.73266336990788,0.6044080853462219,0.0,0.6027006941594889,0.36187848448753357,0.05,0.0,198,179.97360917645676,0.06925234712659975
v00079,13,415.5,329.5,146.74631849323768,0.5991576313972473,0.0,0.6045699538369753,0.406912237405777,0.05,0.0,198,190.29056729118236,0.05861722326559723
v00079,14,476.5,330.5,85.7385635025853,0.5999109148979187,0.0,0.6298629134409655,0.36800527572631836,0.16249999999999998,0.0,198,171.12130200533187,0.052529998760459655
v00079,15,525.5,331.5,36.72841342400243,0.6017813682556152,0.0,0.6050580541020802,0.30613893270492554,0.11020817282989959,0.0,198,170.41860227099622,0.0515271288714102
v00079,16,378.5,328.5,183.75894837849847,0.5832919478416443,0.0,0.6206434443138599,0.3211299479007721,0.05,0.0,198,210.17730610130104,0.036895393907485925
v00079,17,636.5,623.5,300.49384453703675,0.5532771348953247,0.0,0.5928596126006568,0.3484431803226471,0.05885254915624212,0.0,198,184.07742936058185,0.03110328930648271
v00079,18,427.5,330.5,134.73144569424252,0.5975193381309509,0.0,0.6001756739771305,0.3769409656524658,0.05885254915624212,0.0,198,184.3542784965947,0.024931148540856145
v00079,19,562.5,354.5,22.169915256523932,0.37596243619918823,0.0,0.367142657249225,0.16237804293632507,0.05,0.0,198,158.35561246763564,0.02261618479482998
v00079,20,557.5,568.5,236.2152758084699,0.3494082987308502,0.0,0.46626242201147405,0.09429849684238434,0.05885254915624212,0.0,198,89.43433345198028,0.01860840882064332
v00081,1,473.0,514.0,0.9953741694924175,0.884356677532196,0.0,0.8953424514178531,0.4926147162914276,0.05,0.0,192,30.4138126514911,0.8523457788608474
v00081,2,479.0,383.0,130.20127100926908,0.5936179757118225,0.0,0.580411761863402,0.32081419229507446,0.05,0.0,192,118.86967653695369,0.5848246847200855
v00081,3,477.0,432.0,81.1627234998023,0.5964208245277405,0.0,0.5853023909731307,0.2865809500217438,0.05,0.0,192,71.78439941937245,0.5707496155796504
v00081,4,480.0,367.0,146.23107992309227,0.593319296836853,0.0,0.5794954429492167,0.30723774433135986,0.05885254915624212,0.0,192,134.4953530795767,0.5228690198936262
v00081,5,467.0,661.0,148.06093647605363,0.5594799518585205,0.0,0.556332852581864,0.24026313424110413,0.05885254915624212,0.0,192,164.34719346554112,0.505231798991178
v00081,6,395.0,510.0,77.76574376338138,0.5409960746765137,0.0,0.559279548042466,0.2290889471769333,0.05,0.0,192,105.47511554864494,0.24139842446633086
v00081,7,466.0,677.0,164.08803474696538,0.5461394786834717,0.0,0.5251604838879268,0.27180540561676025,0.05,0.0,192,180.23595645708434,0.1720689330945942
v00081,8,480.0,351.0,162.2131264489815,0.5843688249588013,0.0,0.5682787237745899,0.3048698902130127,0.09358541225631423,0.0,192,150.3362896974646,0.12817718312501827
v00081,9,481.0,334.0,179.24105070812573,0.5793892741203308,0.0,0.566688198164615,0.2979651689529419,0.125,0.0,192,167.08381130438698,0.11344145012502467
v00081,10,465.0,693.0,180.1158665528294,0.5851607322692871,0.0,0.5652822090850703,0.23794473707675934,0.05,0.0,192,196.1479033790573,0.07488733672965675
v00081,11,482.0,318.0,195.27035622950444,0.5955213308334351,0.0,0.5774643178548152,0.3051169216632843,0.05,0.0,192,182.8879438344693,0.07106870312744584
v00081,12,469.0,595.0,82.03469971374426,0.5378807187080383,0.0,0.5364266978862382,0.18680214881896973,0.05,0.0,192,99.92997548283498,0.07051127656657541
v00081,13,478.0,399.0,114.17185821989789,0.5728151202201843,0.0,0.557903177963649,0.3077962100505829,0.0875,0.0,192,103.36827366266692,0.06712693746297077
v00081,14,467.0,644.0,131.07520234811932,0.5474173426628113,0.0,0.5282966648053827,0.23100443184375763,0.12961646096066226,0.0,192,147.73286702694156,0.05173201979895691
v00081,15,652.0,522.0,179.5173444123648,0.5288242697715759,0.0,0.5490534030833157,0.28547030687332153,0.05,0.0,192,153.5838533179839,0.044707971012356316
v00081,16,476.0,448.0,65.13240301770459,0.58441561460495,0.0,0.5692789385921115,0.2519585192203522,0.11020817282989959,0.0,192,57.271284253105414,0.04228733067757677
v00081,17,470.0,579.0,66.00643696010911,0.5281598567962646,0.0,0.5226881633157745,0.22206425666809082,0.11020817282989959,0.0,192,84.50443775329198,0.03924000057477363
v00081,18,686.0,523.0,213.52605098893505,0.541613757610321,0.0,0.562476442333425,0.24383798241615295,0.05,0.0,192,187.41664813991312,0.03645487823088741
v00081,19,641.0,521.0,168.48176720525404,0.5269688367843628,0.0,0.5447388151645043,0.2689622640609741,0.05,0.0,192,142.55525244620065,0.032318545536488094
v00081,20,630.0,521.0,157.49487837002275,0.5275185108184814,0.0,0.5457504327432285,0.2770504355430603,0.09358541225631423,0.0,192,131.68523075880606,0.0322030955863646
v00082,1,450.5,666.5,,0.15303708612918854,0.0,0.11257360135543512,0.1792055368423462,0.05,0.14282873645424843,196,173.70233159056903,0.5185119998400088
v00082,2,474.5,666.5,,0.14953137934207916,0.0,0.09320493861791962,0.15673302114009857,0.05,0.12942644394934177,196,168.44138446355754,0.33435237069378754
v00082,3,462.5,666.5,,0.14867182075977325,0.0,0.10579803745281352,0.1679694652557373,0.05,0.13906108029186726,196,170.67073562857811,0.2598668989754342
v00082,4,411.5,674.5,,0.13719652593135834,0.0,0.09217408092914733,0.18512074649333954,0.05885254915624212,0.11897816322743893,196,195.65914238798044,0.23109872158692085
v00082,5,434.5,658.5,,0.12784048914909363,0.0,0.08434385432227168,0.14409559965133667,0.05,0.1307037267833948,196,171.50072886142496,0.1661037769287541
v00082,6,432.5,666.5,,0.1631540209054947,0.0,0.10890312608628414,0.18314939737319946,0.05,0.15109550394117832,196,179.66218299909417,0.14681019058349487
v00082,7,458.5,658.5,,0.12357720732688904,0.0,0.08913771408009072,0.1398419886827469,0.05,0.1291918344795704,196,163.84291257176795,0.1406304723119126
v00082,8,432.5,650.5,,0.12377583980560303,0.0,0.06531693283113821,0.11113493144512177,0.05,0.12795946188271046,196,164.9439298670915,0.10387889418028579
v00082,9,476.5,658.5,,0.12336034327745438,0.0,0.08126305639967377,0.14438167214393616,0.05,0.1136814784258604,196,160.23264336582605,0.09420111663542596
v00082,10,403.5,666.5,,0.14320874214172363,0.0,0.09225165911306413,0.16780278086662292,0.05,0.13114369846880436,196,192.44349820142014,0.08353314483754756
v00082,11,456.5,682.5,,0.15348613262176514,0.0,0.09959112213210035,0.11752855032682419,0.05,0.13730955682694912,196,187.61263283691747,0.038119120490910735
v00082,12,479.5,682.5,,0.14070773124694824,0.0,0.08714928146710244,0.096971794962883,0.05,0.11587292142212391,196,183.6477606724351,0.0287435687482634
v00082,13,421.5,650.5,,0.12200071662664413,0.0,0.057767489294263924,0.10478971898555756,0.05,0.12591396272182465,196,169.74245196767956,0.028636349407225318
v00082,14,409.5,666.5,,0.14669495820999146,0.0,0.09785105326309562,0.17272192239761353,0.08106601717798213,0.13351775892078876,196,189.50593658247226,0.028627732730869045
v00082,15,467.5,682.5,,0.14785940945148468,0.0,0.1012443181574362,0.1098858118057251,0.05885254915624212,0.1314630676060915,196,185.37124911916627,0.0277121332691941
v00082,16,476.5,674.5,,0.15252329409122467,0.0,0.10547426888864564,0.21942445635795593,0.1340990257669732,0.11814211122691631,196,176.07526799638842,0.02703156822355055
v00082,17,444.5,682.5,,0.15898466110229492,0.0,0.10755824821542279,0.12494919449090958,0.08106601717798213,0.14224017783999443,196,190.75245738915135,0.02379940604596576
v00082,18,444.5,666.5,,0.1629994660615921,0.0,0.11316357932624191,0.17803867161273956,0.16249999999999998,0.1489883940666914,196,175.50641013934506,0.021392939952903763
v00082,19,470.5,674.5,,0.153809055685997,0.0,0.10663747581241195,0.21732188761234283,0.1340990257669732,0.12796391919255257,196,176.97598707169286,0.019306227809751633
v00082,20,405.5,642.5,,0.10138552635908127,0.0,-0.004863589616722248,0.16568121314048767,0.12961646096066226,0.0997355729341507,196,170.98684159899557,0.01822646653816155
v00083,1,508.0,675.0,216.92759438331117,0.5991321802139282,0.0,0.6284287317721927,0.4417024850845337,0.05,0.0,181,175.18276170902203,0.49722376642390254
v00083,2,465.0,673.0,173.88189640173692,0.580353856086731,0.0,0.6130801642523309,0.4065616726875305,0.05,0.0,181,176.50495743746123,0.34203249853090995
v00083,3,494.0,675.0,202.9402073140224,0.5865950584411621,0.0,0.6052846488837195,0.41215771436691284,0.05,0.0,181,175.10282693320517,0.2993133110321816
v00083,4,479.0,674.0,187.91108550062472,0.5869066715240479,0.0,0.615720900907072,0.4275665581226349,0.05,0.0,181,175.26266002774236,0.2993133110321816
v00083,5,537.0,676.0,245.9442748994936,0.6064834594726562,0.0,0.6329123607756169,0.4208136200904846,0.05,0.0,181,179.84715733088473,0.17055699586898287
v00083,6,551.0,677.0,259.97355348880467,0.6142100095748901,0.0,0.6318211806813906,0.42059287428855896,0.05,0.0,181,184.20097719610501,0.17055699586898287
v00083,7,522.0,676.0,230.95723275682255,0.5966018438339233,0.0,0.6222069251344358,0.43178749084472656,0.05,0.0,181,177.36967046256808,0.16903660575326085
v00083,8,566.0,677.0,274.9610727116567,0.6098580360412598,0.0,0.6323032891898082,0.3957449495792389,0.05,0.0,181,188.904737897174,0.1576530413577002
v00083,9,451.0,673.0,159.89390368613925,0.5770319700241089,0.0,0.5940628140300293,0.399739533662796,0.05,0.0,181,179.8054504179448,0.12627651903147008
v00083,10,296.0,531.0,135.17894731432483,0.5930361151695251,0.0,0.5088138646566065,0.3527129590511322,0.05,0.0,181,206.34194920083507,0.11667040410328479
v00083,11,436.0,672.0,144.86513985551213,0.5781745314598083,0.0,0.60757884956643,0.40807247161865234,0.05,0.0,181,183.52111595127138,0.09754283575926588
v00083,12,407.0,671.0,115.84862361914274,0.5858970880508423,0.0,0.6161905908617815,0.3899199366569519,0.05,0.0,181,194.65353837010002,0.07479528219229134
v00083,13,295.0,565.0,101.16498395532449,0.6249614357948303,0.0,0.5412058199699873,0.3717014789581299,0.05,0.0,181,215.05813167606567,0.026911901077404297
v00083,14,580.0,678.0,288.9900580720792,0.6137685179710388,0.0,0.628465438613764,0.4039780795574188,0.11020817282989959,0.0,181,195.15122341404884,0.02365411787222896
v00083,15,300.0,430.0,236.2575448157289,0.5817815661430359,0.0,0.5030034494550434,0.36763766407966614,0.05885254915624212,0.0,181,211.8962010041709,0.018907199559902076
v00083,16,594.0,678.0,302.97872388135715,0.6068589687347412,0.0,0.6411754475785123,0.3838041126728058,0.05,0.0,181,201.2958022413781,0.018603295731761966
v00083,17,623.0,679.0,331.99565098911,0.5416785478591919,0.0,0.6209338090747855,0.27475452423095703,0.05,0.0,181,217.18655575334307,0.014959453411184289
v00083,18,378.0,670.0,86.8325886032572,0.5870924592018127,0.0,0.6192111439910343,0.4005088806152344,0.05885254915624212,0.0,181,209.24626639440905,0.014950472359953873
v00083,19,500.0,675.0,208.93459489016607,0.36797094345092773,0.0,0.49534476694427254,0.09995098412036896,0.0875,0.0,181,175.0,0.01479717667963001
v00083,20,393.0,671.0,101.86289871281791,0.5838504433631897,0.0,0.5965765317334448,0.3926536440849304,0.05,0.0,181,201.71762441591463,0.010462677453445446
v00084,1,558.0,586.0,0.28764927863145917,0.9036867022514343,0.0,0.9007421404785275,0.533976137638092,0.05,0.0,199,103.73041983911952,0.9223490719262037
v00084,2,555.0,495.0,90.7633222625219,0.6110177636146545,0.0,0.5753629176877131,0.2812996506690979,0.05,0.0,199,55.226805085936306,0.6914828726183003
v00084,3,551.0,368.0,217.82626418682517,0.5600269436836243,0.0,0.5409059170457233,0.174134761095047,0.05,0.0,199,141.50971698084905,0.6840434423945803
v00084,4,562.0,661.0,75.39325742428106,0.5687364935874939,0.0,0.5638074104118607,0.23662716150283813,0.05,0.0,199,172.52536045462998,0.6804574807497571
v00084,5,552.0,404.0,181.81275696208257,0.5325538516044617,0.0,0.5029062944994313,0.20752662420272827,0.05,0.0,199,109.17875251164945,0.6633571062292654
v00084,6,552.0,386.0,199.80395145737782,0.5599974989891052,0.0,0.5521145256277393,0.22210772335529327,0.05,0.0,199,125.29964086141668,0.6058216213267269
v00084,7,554.0,458.0,127.77641983993644,0.5713361501693726,0.0,0.5459357871554799,0.2497292309999466,0.05,0.0,199,68.41052550594829,0.5141885122217841
v00084,8,555.0,477.0,108.75532672912757,0.5575275421142578,0.0,0.5200425556640751,0.2960960865020752,0.0875,0.0,199,59.61543424315552,0.16733399438403856
v00084,9,550.0,350.0,235.84940899055675,0.5482458472251892,0.0,0.5255093869351803,0.14373591542243958,0.125,0.0,199,158.11388300841898,0.1343068430724368
v00084,10,553.0,441.0,144.8000200109517,0.5973035097122192,0.0,0.5613632076840958,0.2233942449092865,0.16249999999999998,0.0,199,79.30952023559341,0.08636906488510203
v00084,11,563.0,678.0,92.42245905072858,0.6127905249595642,0.0,0.5670664158744597,0.2321617752313614,0.09358541225631423,0.0,199,188.8200201249857,0.07052144960250352
v00084,12,362.0,593.0,196.096329444662,0.3598824441432953,0.0,0.4115188543741015,0.12220438569784164,0.05885254915624212,0.0,199,166.41213898030395,0.058749371569525
v00084,13,553.0,423.0,162.79062079555104,0.5805546045303345,0.0,0.5457689677160515,0.23638130724430084,0.18713203435596426,0.0,199,93.47726996441435,0.05573004519715713
v00084,14,556.0,513.0,72.74144840820838,0.6236801743507385,0.0,0.584543264861744,0.2674427032470703,0.19366069605669878,0.0,199,57.48912940721924,0.051851333236630534
v00084,15,550.0,331.0,254.839388966011,0.5058573484420776,0.0,0.49752695577397893,0.18244588375091553,0.05,0.0,199,176.24131184259835,0.042069737620351016
v00084,16,561.0,649.0,63.35791564890669,0.3626534044742584,0.0,0.4463885324224238,0.05705781653523445,0.11020817282989959,0.0,199,161.00310556011024,0.0362269734202133
v00084,17,563.0,696.0,110.40004761391505,0.5983361601829529,0.0,0.5404969560596541,0.23622842133045197,0.05,0.0,199,205.8761763779384,0.030562122383020748
v00084,18,559.0,592.0,6.3702961511793355,0.6568410992622375,0.0,0.6340939985870109,0.14526885747909546,0.1662132317597294,0.0,199,109.29318368498559,0.02293575799515403
v00084,19,553.0,435.0,150.7966376828353,0.5072780251502991,0.0,0.5033353389554123,0.046175725758075714,0.05,0.0,199,83.86894538504703,0.022573856223535416
v00084,20,350.0,593.0,208.08852336205152,0.3518127501010895,0.0,0.40656433280755405,0.1121845617890358,0.125,0.0,199,176.49079296099274,0.022298913255892266
v00086,1,640.5,577.5,,0.3165980577468872,0.0,0.41717975584661304,0.06499289721250534,0.05,0.2683383598923683,187,160.45715939153354,0.8890356670100439
v00086,2,398.5,396.5,,0.3993171155452728,0.0,0.47621207851452185,0.13452735543251038,0.05885254915624212,0.4129144996404648,187,144.9637885818386,0.7673395740147694
v00086,3,391.5,624.5,,0.33000925183296204,0.0,0.4176476880334221,0.040807321667671204,0.05,0.32021239399909973,187,165.14387666516734,0.6146947360891933
v00086,4,640.5,583.5,,0.4322028160095215,0.0,0.5048453637294316,0.0687175765633583,0.08106601717798213,0.38749848306179047,187,163.43959128681152,0.5102533694504767
v00086,5,640.5,565.5,,0.35834991931915283,0.0,0.4978609225375739,0.076655313372612,0.09358541225631423,0.37174421548843384,187,155.01774092019275,0.42968040430606047
v00086,6,400.5,338.5,,0.4244282841682434,0.0,0.4606776680912884,0.154325470328331,0.05885254915624212,0.40563371777534485,187,189.69053745508762,0.3741520698943483
v00086,7,639.5,603.5,,0.43015554547309875,0.0,0.5022478432791778,0.07743851095438004,0.05885254915624212,0.4273197203874588,187,173.70233159056903,0.3560385232052106
v00086,8,399.5,377.5,,0.41003116965293884,0.0,0.45835592814896525,0.11980868875980377,0.11020817282989959,0.3939431309700012,187,158.4503076677354,0.24771198187448287
v00086,9,399.5,383.5,,0.26781487464904785,0.0,0.36352035717233816,0.08328228443861008,0.11020817282989959,0.2690896540880203,187,153.8587014113924,0.1980996987063596
v00086,10,398.5,415.5,,0.4250984191894531,0.0,0.4603958414301572,0.1297922432422638,0.16249999999999998,0.3820023685693741,187,132.07005716664167,0.1548713252949637
v00086,11,639.5,621.5,,0.434315949678421,0.0,0.4832924101830324,0.0876581221818924,0.05885254915624212,0.4163006544113159,187,184.99324311985018,0.14512909791791048
v00086,12,399.5,371.5,,0.3035920560359955,0.0,0.3623367175761162,0.09437542408704758,0.05,0.2972770929336548,187,163.1333810107545,0.13661338455608613
v00086,13,639.5,589.5,,0.27583983540534973,0.0,0.400092832074317,0.10620589554309845,0.09358541225631423,0.28207771480083466,187,165.74226980465787,0.13572756007834832
v00086,14,639.5,615.5,,0.3159237205982208,0.0,0.4100685398315015,0.09995108097791672,0.05885254915624212,0.29244762659072876,187,181.10908315156365,0.12440540312993373
v00086,15,398.5,409.5,,0.3089599311351776,0.0,0.3617280943948801,0.12561951577663422,0.125,0.2795366644859314,187,135.98713174414704,0.09713514544289398
v00086,16,639.5,609.5,,0.2592683732509613,0.0,0.3733274770656883,0.07036972045898438,0.12961646096066226,0.24500290304422379,187,177.34288821376515,0.06489142501564506
v00086,17,397.5,440.5,,0.25840508937835693,0.0,0.3785017411304431,0.12802709639072418,0.14270509831248424,0.25267597287893295,187,118.5179311328037,0.06270235230222777
v00086,18,397.5,434.5,,0.36724618077278137,0.0,0.4686287061609202,0.12021822482347488,0.18713203435596426,0.3801313042640686,187,121.64086484401531,0.04762880348676966
v00086,19,641.5,521.5,,0.2256411910057068,0.0,0.2972776385820274,0.04667334631085396,0.12961646096066226,0.2402748465538025,187,143.12407204939356,0.04718157227549357
v00086,20,397.5,453.5,,0.34213384985923767,0.0,0.41612345634479103,0.09814181178808212,0.16249999999999998,0.33953575789928436,187,112.55443127660502,0.04499985533579818
v00087,1,368.0,432.0,130.75411695176464,0.4743878245353699,0.0,0.4635302046625943,0.07906799763441086,0.05885254915624212,-0.02620450872927904,200,148.48568954616468,0.5305368920448329
v00087,2,602.0,608.0,387.62519991848393,0.469843327999115,0.0,0.5271202170686895,0.10639329999685287,0.05,0.46711553633213043,200,148.55302083767936,0.5196382001126771
v00087,3,370.0,614.0,312.7595546265591,0.46380603313446045,0.0,0.4775556446465905,0.05794503167271614,0.05885254915624212,0.02578324975911528,200,172.90459797240788,0.09333631388796838
v00087,4,543.0,299.0,178.03053255174717,0.5674963593482971,0.0,0.5895122551696754,0.2195875346660614,0.05,0.5668028593063354,200,205.54804791094466,0.04244772720812707
v00087,5,555.0,299.0,190.0296100290783,0.5645886063575745,0.0,0.582803973502489,0.21965382993221283,0.05,0.5624962747097015,200,208.38905921376966,0.04244772720812707
v00087,6,627.0,607.0,402.63712339136066,0.48564597964286804,0.0,0.5296462834897769,0.08811279386281967,0.16249999999999998,0.40195754170417786,200,166.06625183943908,0.04221645867067416
v00087,7,493.0,300.0,128.02232937297197,0.5667469501495361,0.0,0.5907520639246274,0.22121493518352509,0.05,0.5728136599063873,200,200.12246250733574,0.042184017098544566
v00087,8,518.0,300.0,153.02128283226986,0.5733558535575867,0.0,0.5951478243189046,0.2024921327829361,0.05,0.5629265308380127,200,200.80836635957178,0.0391105559624441
v00087,9,468.0,300.0,103.02388381598668,0.5722705125808716,0.0,0.5937361565310686,0.21203966438770294,0.05,0.48368071019649506,200,202.54382241875462,0.038771328550142085
v00087,10,480.0,300.0,115.02305335746738,0.5737338066101074,0.0,0.5918244790149233,0.22519055008888245,0.05885254915624212,0.5508614182472229,200,200.9975124224178,0.032430740017119965
v00087,11,615.0,607.0,394.9332487468293,0.47668588161468506,0.0,0.5261794017260764,0.10229270905256271,0.18713203435596426,0.4401893615722656,200,157.07959765672945,0.0323209400016716
v00087,12,679.0,607.0,438.2582676807108,0.7076339721679688,0.0,0.7614774021632309,0.15035772323608398,0.05,0.26203692704439163,200,208.54256160314134,0.029521919399825854
v00087,13,455.0,301.0,90.01636119422736,0.5361461043357849,0.0,0.591152910300949,0.20136600732803345,0.05885254915624212,0.46553389728069305,200,204.0245083317198,0.028638840872841874
v00087,14,369.0,468.0,166.76769089381767,0.3725681006908417,0.0,0.3825135964427835,0.010090074501931667,0.14270509831248424,-0.08278243616223335,200,134.8517704741024,0.024376953767385513
v00087,15,369.0,461.0,159.76980973378426,0.3765714764595032,0.0,0.39805818631864764,0.0037096093874424696,0.11020817282989959,-0.07395831495523453,200,136.6821129482567,0.02361046594979904
v00087,16,589.0,608.0,379.81558893420595,0.46069660782814026,0.0,0.5116988134370551,0.09545259922742844,0.05,0.46211476624011993,200,139.94641831786907,0.02286916588561759
v00087,17,530.0,299.0,165.0316833406597,0.564505934715271,0.0,0.5814753869825084,0.20942877233028412,0.09358541225631423,0.5619791746139526,200,203.22647465327935,0.019722385719341855
v00087,18,539.0,610.0,354.3856184375818,0.45343416929244995,0.0,0.4849858459944077,0.04091675579547882,0.05885254915624212,0.44972261786460876,200,116.70903992407786,0.016491974990945037
v00087,19,568.0,299.0,203.0287336861719,0.5621421933174133,0.0,0.5884034465302097,0.21794426441192627,0.11020817282989959,0.5652219355106354,200,212.19095173922943,0.015438875346474876
v00087,20,370.0,499.0,197.78294428398777,0.3724552392959595,0.0,0.42516088389552453,0.03593652695417404,0.05885254915624212,-0.049791257828474045,200,130.00384609695206,0.014095411272644907
v00088,1,583.5,613.5,,0.33158549666404724,0.0,0.3124740421755738,0.08015866577625275,0.05885254915624212,0.2706581950187683,195,140.9059970334833,0.8349732928314813
v00088,2,599.5,614.5,,0.3401618003845215,0.0,0.2860436901657712,0.08196134865283966,0.05885254915624212,0.2780967801809311,195,151.69212240587842,0.7558608730070249
v00088,3,615.5,615.5,,0.33730196952819824,0.0,0.288742612352105,0.07152706384658813,0.05,0.27974236011505127,195,163.3416664540925,0.7549636323677612
v00088,4,508.5,609.5,,0.341835081577301,0.0,0.2740867542893094,0.07744207978248596,0.0875,0.2467418536543846,195,109.82941318244399,0.5280689774364633
v00088,5,530.5,330.5,,0.36116161942481995,0.0,0.28851004730263163,0.11727432906627655,0.09358541225631423,0.3128778338432312,195,172.22224014336825,0.28232179836470267
v00088,6,511.5,329.5,,0.3451911211013794,0.0,0.285759867355522,0.09634492546319962,0.09358541225631423,0.32787926495075226,195,170.88738982148448,0.26940075877315467
v00088,7,492.5,328.5,,0.3338553309440613,0.0,0.27323542418464697,0.08751595765352249,0.0875,0.31548701226711273,195,171.66391583556518,0.1982992086244895
v00088,8,521.5,330.5,,0.3462509512901306,0.0,0.2698979647063492,0.09519830346107483,0.11020817282989959,0.261551171541214,195,170.85812828191698,0.1524749894461807
v00088,9,658.5,617.5,,0.355336457490921,0.0,0.2850472888593373,0.0860491693019867,0.05,0.28512221574783325,195,197.30306637252247,0.13232128066271934
v00088,10,577.5,613.5,,0.25595495104789734,0.0,0.19386434504522143,0.12487798929214478,0.16249999999999998,0.26789676398038864,195,137.4354393888272,0.12785168886547768
v00088,11,556.5,332.5,,0.26593372225761414,0.0,0.21667983207535702,0.09846515953540802,0.125,0.2628600001335144,195,176.77245260503685,0.10407728950447112
v00088,12,516.5,609.5,,0.3453289270401001,0.0,0.2976052251880965,0.08574292063713074,0.1662132317597294,0.29684029519557953,195,110.7361729517505,0.07721637108144638
v00088,13,593.5,334.5,,0.2759259343147278,0.0,0.20314804112737572,0.1613164097070694,0.14270509831248424,0.27082284539937973,195,190.08550707510554,0.06687679508386611
v00088,14,550.5,332.5,,0.32240524888038635,0.0,0.2633269195867544,0.1018267571926117,0.09358541225631423,0.30240319669246674,195,174.94713487222361,0.06325296625519956
v00088,15,568.5,612.5,,0.33201298117637634,0.0,0.2936674351928046,0.06174803152680397,0.16249999999999998,0.2729858309030533,195,131.7137046779871,0.04891789905693862
v00088,16,562.5,612.5,,0.26187124848365784,0.0,0.2558901467913465,0.10940151661634445,0.125,0.25897178053855896,195,128.6953767623375,0.044477272035122396
v00088,17,572.5,333.5,,0.27074190974235535,0.0,0.1491289692152975,0.10478810220956802,0.12961646096066226,0.27550938725471497,195,181.59983480168697,0.04070890861448915
v00088,18,499.5,608.5,,0.3293140232563019,0.0,0.27306557056993086,0.07385139912366867,0.19366069605669878,0.2948015630245209,195,108.50115206761632,0.03808020856327209
v00088,19,609.5,615.5,,0.2641380727291107,0.0,0.18461895734129943,0.12315406650304794,0.125,0.27475646138191223,195,159.15558425641245,0.035549408130285495
v00088,20,608.5,335.5,,0.26323533058166504,0.0,0.18362279432093512,0.13069385290145874,0.09358541225631423,0.26248013228178024,195,197.05963564362946,0.03226162422127083
v00089,1,501.0,367.0,0.8095912088046305,0.8500269651412964,0.0,0.8482994349843627,0.3927725553512573,0.05,0.5074135065078735,159,133.00375934536586,0.9759148767127621
v00089,2,579.0,361.0,79.0079984410469,0.6006540060043335,0.0,0.573366246674794,0.25753772258758545,0.05,0.4808295741677284,159,159.88120589988054,0.8604733754194014
v00089,3,527.0,365.0,26.855010044752152,0.5316643714904785,0.0,0.5147386052899097,0.31347018480300903,0.05,0.41182389110326767,159,137.6735268670052,0.7957088873570571
v00089,4,553.0,363.0,52.931348850016136,0.609595537185669,0.0,0.5802209797542753,0.27606046199798584,0.05,0.47203854471445084,159,146.8945199794737,0.7580577288871573
v00089,5,508.0,462.0,95.48476861379815,0.6104912757873535,0.0,0.622562116748693,0.17976681888103485,0.05,0.3999975323677063,159,38.8329756778952,0.6069255518537245
v00089,6,503.0,399.0,32.287251392223176,0.6446642279624939,0.0,0.6322395993352112,0.18603956699371338,0.05,0.47067929804325104,159,101.04454463255303,0.47748771022478587
v00089,7,630.0,356.0,130.24369025115078,0.6134145259857178,0.0,0.5994013695927024,0.3141244351863861,0.05,0.4886891394853592,159,194.0,0.4313090694899934
v00089,8,506.0,431.0,64.42718704194168,0.592941164970398,0.0,0.5934633024478874,0.1943918913602829,0.11020817282989959,0.4017070084810257,159,69.26037828369117,0.42558938271520724
v00089,9,605.0,358.0,105.16400233346401,0.6046321392059326,0.0,0.5986929699210461,0.26209571957588196,0.0875,0.4853697046637535,159,176.60407696313243,0.40309721680292165
v00089,10,422.0,374.0,78.53531022732902,0.5348213315010071,0.0,0.5243654996365665,0.13393783569335938,0.05,0.4540227949619293,159,148.18906842274163,0.373884227122941
v00089,11,566.0,362.0,65.96965783124304,0.6187151074409485,0.0,0.6151069498498409,0.19567349553108215,0.08106601717798213,0.490951269865036,159,152.97058540778355,0.3101377458929948
v00089,12,415.0,533.0,186.73933421880866,0.43319642543792725,0.0,0.4457516820762556,0.12881772220134735,0.16249999999999998,0.40137411653995514,159,91.18113840043894,0.17829643970759337
v00089,13,584.0,489.0,148.14099529305525,0.4563697278499603,0.0,0.45910893363825844,0.13707701861858368,0.1662132317597294,0.4133049547672272,159,84.71717653463199,0.10491396512250799
v00089,14,618.0,357.0,118.20209579394947,0.624017596244812,0.0,0.6383803833437827,0.21032287180423737,0.05885254915624212,0.4943827688694,159,185.39956850003725,0.10420635336445075
v00089,15,435.0,373.0,65.49857262408085,0.5443070530891418,0.0,0.5273901279788602,0.1512048989534378,0.125,0.4532119482755661,159,142.66744548074027,0.09431810497093812
v00089,16,598.0,487.0,154.92990239264228,0.4693871736526489,0.0,0.5049817445370988,0.06979053467512131,0.16249999999999998,0.41615794599056244,159,98.85848471426213,0.0919918619709511
v00089,17,573.0,361.0,73.02572039260968,0.4664415419101715,0.0,0.5162990532212192,0.19149355590343475,0.12961646096066226,0.4072878435254097,159,157.00318468107582,0.08307491101842625
v00089,18,498.0,335.0,31.91018035443632,0.6497053503990173,0.0,0.62728578660658,0.21316981315612793,0.2,0.46335989981889725,159,165.01212076693034,0.07195027705767162
v00089,19,395.0,440.0,128.14818703101326,0.43805429339408875,0.0,0.4458115230529941,0.05418378487229347,0.1662132317597294,0.415485680103302,159,120.93386622447825,0.07078530571306849
v00089,20,404.0,470.0,141.06451194725452,0.4378944933414459,0.0,0.44122809094791304,0.06206329166889191,0.1340990257669732,0.40982161462306976,159,100.57832768544127,0.05804805106346931
v00090,1,663.0,482.0,,0.24181705713272095,0.0,0.18128082183341226,0.0004885470261797309,0.05,0.09619727544486523,199,163.99085340347492,0.8594997605998987
v00090,2,666.0,552.0,,0.23368416726589203,0.0,0.18717069365886457,0.01200514193624258,0.0875,0.09126857481896877,199,173.95401691251627,0.16195335095566582
v00090,3,662.0,456.0,,0.23129695653915405,0.0,0.1513558646546119,0.025141635909676552,0.05,0.11762499064207077,199,167.86899654194636,0.12504679544496256
v00090,4,665.0,512.0,,0.2659626305103302,0.0,0.2095277328081591,-0.009569385088980198,0.125,0.12239241972565651,199,165.43578814754684,0.08209828158343882
v00090,5,666.0,529.0,,0.24619020521640778,0.0,0.14702041073818373,0.02269584685564041,0.0875,0.12477069906890392,199,168.51409436602032,0.07330406503189855
v00090,6,517.0,349.0,,0.16505961120128632,0.0,0.2690515062575723,0.05094664543867111,0.12961646096066226,0.0957236650865525,199,151.95394038984313,0.0653859759506926
v00090,7,534.0,349.0,,0.16360929608345032,0.0,0.2660776339438858,0.033162135630846024,0.12961646096066226,0.09461291739717126,199,154.7804897265802,0.06530097310201934
v00090,8,500.0,350.0,,0.16510730981826782,0.0,0.2635221349743631,0.041272759437561035,0.05,0.09685613331384957,199,150.0,0.041918494435774355
v00090,9,511.0,349.0,,0.16464965045452118,0.0,0.2665082423173663,0.059776924550533295,0.05885254915624212,0.09174966369755566,199,151.40013210033868,0.041918494435774355
v00090,10,666.0,535.0,,0.229582279920578,0.0,0.13285596408207528,0.037727829068899155,0.09358541225631423,0.1055410448461771,199,169.64963896218583,0.03764021557725168
v00090,11,483.0,350.0,,0.16994839906692505,0.0,0.25747579543568777,0.042622681707143784,0.05,0.08291881857439876,199,150.9602596712128,0.03555953384240614
v00090,12,472.0,351.0,,0.16455022990703583,0.0,0.2574462817853506,-0.013366367667913437,0.05,0.08317686384543777,199,151.60804727981954,0.03270101318470416
v00090,13,660.0,416.0,,0.233275905251503,0.0,0.16482769744367964,-0.01845342293381691,0.05,0.10021995007991791,199,180.7097119692243,0.03169720694912697
v00090,14,662.0,447.0,,0.2352818101644516,0.0,0.14933676077960764,0.028127457946538925,0.09358541225631423,0.11439095623791218,199,170.4494059831245,0.029034648917391062
v00090,15,661.0,439.0,,0.24259096384048462,0.0,0.15287770364157463,-0.009903483092784882,0.0875,0.10536266677081585,199,172.16852209390657,0.027438346272259335
v00090,16,489.0,350.0,,0.16703447699546814,0.0,0.2588427519671283,0.031185928732156754,0.19366069605669878,0.08492697798646986,199,150.4027925272666,0.023919078674840943
v00090,17,663.0,471.0,,0.25344568490982056,0.0,0.1702366159199412,0.003315684385597706,0.2,0.11643239669501781,199,165.55965692160635,0.02389332854589385
v00090,18,523.0,349.0,,0.16556525230407715,0.0,0.2696564176638122,0.047023966908454895,0.2,0.09494033153168857,199,152.74161188098023,0.022337903681428527
v00090,19,404.0,357.0,,0.13835544884204865,0.0,0.22472513289653898,-0.012444626539945602,0.05885254915624212,0.09174647182226181,199,172.23530416264836,0.0194612111854283
v00090,20,335.0,473.0,,0.13821476697921753,0.0,0.1816490249515448,-0.04297679290175438,0.16249999999999998,0.07973741833120584,199,167.1944975171133,0.017637788961309495
v00092,1,490.5,575.5,,0.36498239636421204,0.0,0.40376922017134487,0.0876917615532875,0.09358541225631423,0.15441964659839869,200,76.095334942426,0.47763388291007064
v00092,2,488.5,417.5,,0.4154212176799774,0.0,0.4403496686390499,0.022329723462462425,0.05885254915624212,0.19832871481776237,200,83.29765903073147,0.46546344420486796
v00092,3,494.5,423.5,,0.3687378168106079,0.0,0.35941934536481956,0.03217463567852974,0.08106601717798213,0.19551285170018673,200,76.69745758498127,0.3127551598409691
v00092,4,395.5,417.5,,0.34159162640571594,0.0,0.38280100486298496,0.04763026535511017,0.05,0.14512345427647233,200,133.14090280601224,0.15992525079085154
v00092,5,494.5,417.5,,0.4290250837802887,0.0,0.4713145563806432,0.04606081545352936,0.125,0.2186700999736786,200,82.68313008105099,0.11817746136847558
v00092,6,358.5,412.5,,0.29674988985061646,0.0,0.33969117331530396,0.029230860993266106,0.16249999999999998,0.13085250603035092,200,166.36856674263922,0.04765374896496718
v00092,7,382.5,411.5,,0.28479450941085815,0.0,0.33976728172499315,0.054014552384614944,0.1340990257669732,0.13753029238432646,200,147.10030591402588,0.03945804342977246
v00092,8,407.5,417.5,,0.2629885971546173,0.0,0.36322950284545386,0.04092777520418167,0.1662132317597294,0.13432681700214744,200,123.9455525624054,0.01804207559681879
v00092,9,376.5,411.5,,0.29011085629463196,0.0,0.34546567846640835,0.04261062294244766,0.1340990257669732,0.1340547555591911,200,151.93584172274822,0.015101217080500981
v00092,10,494.5,411.5,,0.3383316099643707,0.0,0.3685935942591032,0.03051486797630787,0.05,0.1704486208036542,200,88.670739254841,0.014917189229179298
v00092,11,488.5,668.5,,0.2403649091720581,0.0,0.27946739863821557,0.048948924988508224,0.09358541225631423,0.0658203240018338,200,168.89197731094274,0.014452578073356552
v00092,12,358.5,418.5,,0.25603044033050537,0.0,0.28737218252415214,0.05046594515442848,0.12961646096066226,0.10747557214926928,200,163.29268201606587,0.0141657747109687
v00092,13,333.5,412.5,,0.27582383155822754,0.0,0.33620688307422186,0.0203507449477911,0.05885254915624212,0.10847640410065651,200,188.09173293901037,0.01370545457902613
v00092,14,495.5,337.5,,0.24111685156822205,0.0,0.26363988085982176,-0.01776505634188652,0.11020817282989959,0.05047924444079399,200,162.56229575150567,0.012090180491384916
v00092,15,346.5,418.5,,0.24425937235355377,0.0,0.28096825007473997,0.057653892785310745,0.05,0.09030435979366302,200,173.7944187826525,0.011824793506655041
v00092,16,488.5,648.5,,0.23816588521003723,0.0,0.2651853483220762,0.08139387518167496,0.14270509831248424,0.06088316021487117,200,148.94462058093941,0.011338367960723694
v00092,17,352.5,418.5,,0.24652370810508728,0.0,0.28518155627174613,0.06019291281700134,0.125,0.09646664629690349,200,168.5185449735429,0.009027217748531467
v00092,18,488.5,423.5,,0.3514788746833801,0.0,0.3266509143756555,0.008215827867388725,0.17694368026754387,0.17130393721163273,200,77.359550153811,0.0088962772313511
v00092,19,339.5,412.5,,0.27872249484062195,0.0,0.33336169337181765,0.014062605798244476,0.16249999999999998,0.11858249921351671,200,182.80180524272728,0.008797227060720355
v00092,20,535.5,421.5,,0.25887200236320496,0.0,0.2756860767213809,0.04441452771425247,0.12961646096066226,0.13223458686843514,200,86.15393200545174,0.008374168960652866
v00093,1,351.0,558.0,160.8930288473623,0.5697081089019775,0.0,0.4930282021055426,0.21613144874572754,0.05,0.5041920244693756,191,159.89058759038946,0.9098506979907788
v00093,2,351.0,552.0,166.88266569831816,0.5024219155311584,0.0,0.5164995271315621,0.12118848413228989,0.05,0.4341249018907547,191,157.8131806916013,0.8929600688362469
v00093,3,356.0,461.0,258.019689299157,0.5021907687187195,0.0,0.4727588582831326,0.19638696312904358,0.05,0.35973434150218964,191,149.18780110987626,0.8796086379180033
v00093,4,352.0,525.0,193.89619763519275,0.5575248003005981,0.0,0.5055892046598265,0.1928272247314453,0.05,0.5022662580013275,191,150.0966355385756,0.8585824058820636
v00093,5,351.0,546.0,172.8730212886761,0.43510377407073975,0.0,0.5688247974905042,0.15246616303920746,0.05,0.3400028944015503,191,155.93909067324972,0.8518184454238836
v00093,6,354.0,487.0,231.94871230642363,0.47667455673217773,0.0,0.5240227511240004,0.1143420860171318,0.05,0.44248804450035095,191,146.57762448614045,0.7643274579007925
v00093,7,349.0,590.0,128.83072004515952,0.558931291103363,0.0,0.4992790690150219,0.16852329671382904,0.05885254915624212,0.5171400010585785,191,175.78680269007683,0.5866463972617655
v00093,8,349.0,584.0,134.82066535310054,0.48389607667922974,0.0,0.5261502176999246,0.10756061226129532,0.05885254915624212,0.43086768686771393,191,172.7917822120022,0.5364922383762765
v00093,9,358.0,408.0,311.0494706578071,0.5401778817176819,0.0,0.6672159860285856,0.1613147258758545,0.05885254915624212,0.13938282430171967,191,169.19810873647495,0.4947592759928813
v00093,10,662.0,539.0,367.504116331737,0.4264041483402252,0.0,0.4705546909463747,0.04654954373836517,0.08106601717798213,0.3611397296190262,191,166.6283289239858,0.2407185008319924
v00093,11,668.0,425.0,439.1909431789753,0.5470529198646545,0.0,0.6590583736831076,0.27514511346817017,0.05885254915624212,0.00011514872312545776,191,183.98097727754356,0.20787443387492852
v00093,12,356.0,453.0,266.0072115023039,0.509820818901062,0.0,0.5822935171100312,0.18239165842533112,0.12961646096066226,0.2840910106897354,191,151.47607071745688,0.1587697105794989
v00093,13,661.0,545.0,363.730346548245,0.4737376868724823,0.0,0.4043516625681276,0.1479586511850357,0.16249999999999998,0.4009069502353668,191,167.17057157286985,0.13201953225253063
v00093,14,658.0,610.0,334.7347964733797,0.4727960228919983,0.0,0.40080862641531156,0.12486197054386139,0.05885254915624212,0.4050334095954895,191,192.52012881774206,0.1004104392477466
v00093,15,353.0,519.0,199.94310685305018,0.4655579924583435,0.0,0.4976661617725169,0.12322929501533508,0.12961646096066226,0.4369061440229416,191,148.22280526288793,0.07472045982709347
v00093,16,354.0,493.0,225.95784509883612,0.5441427230834961,0.0,0.47400601385724206,0.24823151528835297,0.17694368026754387,0.4865431785583496,191,146.16771189288008,0.05289315825022512
v00093,17,351.0,564.0,154.90419410971322,0.3656079173088074,0.0,0.3099197495836745,0.13104091584682465,0.16249999999999998,0.31040938198566437,191,162.16349774224778,0.04119928639080487
v00093,18,347.0,622.0,96.76849757555595,0.5707901120185852,0.0,0.5125463867992873,0.23647759854793549,0.14270509831248424,0.47152817249298096,191,195.68597292601225,0.03680307987058788
v00093,19,466.0,414.0,329.1137419317812,0.2905907928943634,0.0,0.4016908471557723,0.1243593692779541,0.16249999999999998,-0.16870691254734993,191,92.47702417357513,0.028137351091519353
v00093,20,551.0,419.0,365.6587539806838,0.33321961760520935,0.0,0.4189046851757737,0.15638306736946106,0.1340990257669732,-0.22533047199249268,191,95.71833680126291,0.02785338332401004
v00094,1,651.5,503.5,,0.4080274701118469,0.0,0.1310332619293047,0.05869500711560249,0.05,0.40194983780384064,157,151.54042364992912,0.4249877025199084
v00094,2,593.5,500.5,,0.3733447194099426,0.0,0.10573318493244688,0.10179902613162994,0.0875,0.3648920953273773,157,93.50133688883813,0.06671395087371441
v00094,3,651.5,497.5,,0.2360401153564453,0.0,0.045206933667148896,0.008268783800303936,0.05,0.23664136230945587,157,151.52062565868715,0.03702453317011798
v00094,4,642.5,497.5,,0.24621333181858063,0.0,0.053355827188608276,0.02273222617805004,0.17694368026754387,0.24039293080568314,157,142.52192813739225,0.031700906022293474
v00094,5,645.5,503.5,,0.3874727487564087,0.0,0.07779792277031126,0.05135185644030571,0.05,0.3786696493625641,157,145.54209013203018,0.027846904897021352
v00094,6,599.5,500.5,,0.37617918848991394,0.0,0.08212698866458729,0.09730889648199081,0.16249999999999998,0.36420610547065735,157,99.50125627347627,0.022542854136152795
v00094,7,689.5,504.5,,0.2628028392791748,0.0,0.04686768602247124,0.049448754638433456,0.14270509831248424,0.28448010981082916,157,189.55342254889516,0.020789796641462844
v00094,8,626.5,496.5,,0.21340495347976685,0.0,0.05123286957289097,-0.01639290526509285,0.11020817282989959,0.21538937091827393,157,126.54840970948628,0.020419998569317595
v00094,9,664.5,504.5,,0.41771602630615234,0.0,0.13619995631484677,0.08879051357507706,0.2,0.396671399474144,157,164.5615386413241,0.01800512895590426
v00094,10,568.5,498.5,,0.3717774450778961,0.0,0.08168188013504646,0.08197017759084702,0.09358541225631423,0.3622811734676361,157,68.51642138932827,0.017576992154086923
v00094,11,672.5,498.5,,0.24403712153434753,0.0,0.07938191385133997,0.021938176825642586,0.05,0.22789857536554337,157,172.5065216158508,0.013323205417238259
v00094,12,631.5,502.5,,0.37165334820747375,0.0,0.06930469423537143,0.027637789025902748,0.09358541225631423,0.36379578709602356,157,131.52376211164278,0.012290030482600158
v00094,13,677.5,504.5,,0.3683941662311554,0.0,0.09561870827457233,0.08416144549846649,0.14270509831248424,0.3471662849187851,157,177.55703309077904,0.012246626355431046
v00094,14,695.5,504.5,,0.3187945485115051,0.0,0.16379601527982113,0.05735260993242264,0.11020817282989959,0.32932746410369873,157,195.55178342321503,0.011616547089103616
v00094,15,638.5,503.5,,0.3936437964439392,0.0,0.12200358549858904,0.05207205191254616,0.1340990257669732,0.38855357468128204,157,138.5442167685104,0.011438519531486138
v00094,16,510.5,490.5,,0.22271278500556946,0.0,0.08612469322768684,-0.027304060757160187,0.14270509831248424,0.1860060840845108,157,14.159802258506296,0.011238567783885992
v00094,17,610.5,500.5,,0.3765486180782318,0.0,0.09226891699898683,0.10486271977424622,0.17694368026754387,0.36887237429618835,157,110.50113121592919,0.010242784523869659
v00094,18,519.5,496.5,,0.31253519654273987,0.0,0.10128152168935499,0.1379716545343399,0.12961646096066226,0.33701108396053314,157,19.81161275615895,0.009042336540157151
v00094,19,683.5,504.5,,0.3710237741470337,0.0,0.13742871271537865,0.08338300883769989,0.18713203435596426,0.36840493977069855,157,183.5551688185326,0.009009551456451761
v00094,20,633.5,496.5,,0.20875753462314606,0.0,0.05255462285574613,-0.020824506878852844,0.16249999999999998,0.21329721808433533,157,133.54587226867028,0.008952638780649232
v00095,1,572.0,425.0,0.9220990124025672,0.8748045563697815,0.0,0.8720665338478577,0.4766077995300293,0.05,0.4443253427743912,192,103.96634070698074,0.9155786506562323
v00095,2,642.0,419.0,71.04415274373453,0.6222707033157349,0.0,0.6155802288753269,0.2601301968097687,0.05885254915624212,0.5656391978263855,192,163.47782724271815,0.8736963690256585
v00095,3,338.0,509.0,247.98510543620418,0.5544884204864502,0.0,0.5516598382434075,0.21125967800617218,0.05,0.2255115956068039,192,162.24980739587951,0.8277679622835429
v00095,4,458.0,434.0,113.56664629173969,0.5719245672225952,0.0,0.5617937551868867,0.17207330465316772,0.05,0.5162229388952255,192,78.23042886243178,0.7731874042043111
v00095,5,467.0,434.0,104.600278239874,0.6001259684562683,0.0,0.5909644996984491,0.20535486936569214,0.05,0.5393756330013275,192,73.79024325749306,0.7670835159257967
v00095,6,510.0,430.0,61.41488861589779,0.5890052318572998,0.0,0.584669117633726,0.21655559539794922,0.05,0.4547697901725769,192,70.71067811865476,0.7535643103637312
v00095,7,449.0,435.0,122.61882058063075,0.5952276587486267,0.0,0.5925558049290722,0.17904379963874817,0.05,0.5394339859485626,192,82.61961026293939,0.7346131187699587
v00095,8,484.0,432.0,87.49049003650694,0.6066620349884033,0.0,0.6025822748527803,0.19981780648231506,0.05885254915624212,0.5458945631980896,192,69.85699678629192,0.7187942042591231
v00095,9,501.0,431.0,70.46829467451967,0.6133832931518555,0.0,0.6114301774523834,0.2024044245481491,0.05,0.5233108103275299,192,69.00724599634447,0.6647144451155964
v00095,10,340.0,531.0,254.49185587277748,0.5637385249137878,0.0,0.5630802184933806,0.19248931109905243,0.05885254915624212,0.22346166521310806,192,162.97545827516484,0.6123162950975687
v00095,11,432.0,437.0,139.72833471281282,0.5796104073524475,0.0,0.5719441327765182,0.13106860220432281,0.05,0.5290407538414001,192,92.69843580125827,0.5165927799764853
v00095,12,380.0,441.0,191.87913416488473,0.5551827549934387,0.0,0.5500500205415509,0.15096443891525269,0.05,0.469245120882988,192,133.71985641631537,0.4100126613892366
v00095,13,568.0,379.0,45.69695564020326,0.6056613922119141,0.0,0.6022438937054975,0.14528454840183258,0.05,0.1686442419886589,192,138.7984149765407,0.4015238548997134
v00095,14,343.0,575.0,273.29185999684233,0.5667668581008911,0.0,0.5684894879136005,0.19725564122200012,0.05,0.1988203227519989,192,173.99425277864785,0.35485075432298263
v00095,15,677.0,417.0,106.09575577682664,0.6099326610565186,0.0,0.6017850186313755,0.2730635702610016,0.05,0.55899378657341,192,195.49424543960367,0.22001627124908477
v00095,16,423.0,437.0,148.6948972349418,0.5551906228065491,0.0,0.5453927228055443,0.12257629632949829,0.05885254915624212,0.5034051537513733,192,99.48869282486326,0.18493218244434184
v00095,17,479.0,543.0,150.06048365803076,0.3886789381504059,0.0,0.4037744834974185,0.09197355806827545,0.16249999999999998,0.351294606924057,192,47.853944456021594,0.1796947879631582
v00095,18,492.0,431.0,79.43516536414454,0.5807870030403137,0.0,0.5725779294576429,0.17980141937732697,0.11020817282989959,0.5198218673467636,192,69.46221994724903,0.16961911599308552
v00095,19,668.0,417.0,97.1209263544685,0.5903631448745728,0.0,0.5865679642220973,0.2533111572265625,0.05,0.5350972712039948,192,187.3846311734236,0.15175381438280242
v00095,20,616.0,421.0,44.96742089780192,0.5816826820373535,0.0,0.5855158404736891,0.22932805120944977,0.11020817282989959,0.46967893838882446,192,140.34600101178515,0.10286304629609526
v00096,1,392.5,488.5,,0.5799777507781982,0.0,0.6072869568901657,0.17214266955852509,0.05,0.2968878298997879,187,108.11336642617323,0.892061921983595
v00096,2,419.5,489.5,,0.42313262820243835,0.0,0.5125655657859791,0.09659572690725327,0.05885254915624212,0.23319637216627598,187,81.18189453320241,0.6886918464227854
v00096,3,462.5,491.5,,0.4405226707458496,0.0,0.5150475965163098,0.07157943397760391,0.05,0.28571024164557457,187,38.451267859460756,0.6104309324251908
v00096,4,535.5,493.5,,0.38779768347740173,0.0,0.46525256909015084,-0.019754718989133835,0.05,0.25972360745072365,187,36.09016486523718,0.49392936169400564
v00096,5,469.5,491.5,,0.43073463439941406,0.0,0.50847174593931,0.055781278759241104,0.05,0.2707849368453026,187,31.662280397975127,0.4747718276326047
v00096,6,428.5,490.5,,0.42967844009399414,0.0,0.5091725810247194,0.1058042049407959,0.09358541225631423,0.2798051666468382,187,72.12835780745324,0.36851167777046206
v00096,7,446.5,490.5,,0.44324368238449097,0.0,0.5205364697059649,0.09110122174024582,0.09358541225631423,0.2806596979498863,187,54.33691194758863,0.30613403380860404
v00096,8,452.5,490.5,,0.42218175530433655,0.0,0.5065657867715461,0.058456338942050934,0.09358541225631423,0.26872638426721096,187,48.44068537913146,0.2527054343517896
v00096,9,479.5,491.5,,0.4375016391277313,0.0,0.5047881129769722,0.0549287423491478,0.09358541225631423,0.28389251604676247,187,22.192341021172147,0.23684961850793806
v00096,10,435.5,490.5,,0.42998942732810974,0.0,0.5103207759051646,0.07394036650657654,0.125,0.26809363812208176,187,65.19585876418839,0.12939545360480909
v00096,11,512.5,492.5,,0.4279421269893646,0.0,0.4936564607714703,0.019675511866807938,0.0875,0.2821923978626728,187,14.577379737113251,0.10505650291020835
v00096,12,546.5,494.5,,0.3928549885749817,0.0,0.4723630342497497,0.013895491138100624,0.11020817282989959,0.2566360607743263,187,46.82413907377262,0.10241263273239423
v00096,13,386.5,488.5,,0.3859071135520935,0.0,0.4994018494107686,0.04624386876821518,0.125,0.18785609491169453,187,114.08111149528655,0.1014223532117196
v00096,14,310.5,485.5,,0.40503615140914917,0.0,0.48859887870374286,0.04477769881486893,0.05885254915624212,0.17002003826200962,187,190.0539397118618,0.07750580208223258
v00096,15,395.5,418.5,,0.36354783177375793,0.0,0.38334834601774026,0.05359154939651489,0.125,0.11710824351757765,187,132.52358280698573,0.07633996359701818
v00096,16,412.5,489.5,,0.45186954736709595,0.0,0.5284348331770659,0.10325273871421814,0.14270509831248424,0.299417344853282,187,88.1277481840992,0.060337689407649726
v00096,17,392.5,494.5,,0.23937176167964935,0.0,0.226175656578919,0.03719392791390419,0.125,0.13637915020808578,187,107.64060572107535,0.05431963622770611
v00096,18,618.5,496.5,,0.26177728176116943,0.0,0.3273381223527297,0.03392236307263374,0.1662132317597294,0.17058832570910454,187,118.55167649594839,0.03680633367069334
v00096,19,601.5,496.5,,0.3000353276729584,0.0,0.38458778332249177,0.03879629820585251,0.05885254915624212,0.19034127797931433,187,101.56032689982835,0.028146655070948136
v00096,20,398.5,489.5,,0.4327051341533661,0.0,0.49333745505901544,0.08777725696563721,0.2,0.22866416163742542,187,102.04165815979276,0.02665422214880822
v00097,1,654.0,513.0,0.7692015233057348,0.9115541577339172,0.0,0.9005572584222961,0.5103151202201843,0.05,0.39717696607112885,197,154.5477272560163,0.9841346147175327
v00097,2,657.0,450.0,62.31361904539614,0.624394416809082,0.0,0.6060604744655713,0.33463674783706665,0.05,0.48080936074256897,197,164.76953601925328,0.8293879056392687
v00097,3,533.0,507.0,121.01822431924046,0.5808011293411255,0.0,0.5408101139104886,0.20689529180526733,0.05885254915624212,0.10889867693185806,197,33.734255586866,0.7057654832262434
v00097,4,597.0,510.0,56.94881083291441,0.5799580812454224,0.0,0.5474374604431977,0.19339440762996674,0.05,0.09967143088579178,197,97.51410154434076,0.6709043186075436
v00097,5,657.0,430.0,82.29492855981059,0.6657618880271912,0.0,0.6304999285264632,0.35788094997406006,0.05,0.4988335967063904,197,171.89822570346675,0.652431734439196
v00097,6,566.0,509.0,87.9644382290007,0.5898028016090393,0.0,0.5400321060501538,0.16674767434597015,0.05,0.11415969952940941,197,66.61080993352356,0.5683230211427183
v00097,7,558.0,508.0,95.99840476713713,0.6035014986991882,0.0,0.5598103445507838,0.22253946959972382,0.05,0.12364927306771278,197,58.54912467321779,0.5162919090902097
v00097,8,494.0,506.0,160.02644741581796,0.570370078086853,0.0,0.5314983550997809,0.16011905670166016,0.05,0.11124805361032486,197,8.48528137423857,0.3140956079639154
v00097,9,652.0,576.0,63.79174306872746,0.6412093043327332,0.0,0.6301035801133913,0.20870162546634674,0.05,0.4525674134492874,197,169.941166289984,0.30080027553119437
v00097,10,510.0,507.0,144.00012024353035,0.5806295871734619,0.0,0.5390651987980717,0.19194738566875458,0.08106601717798213,0.11480186879634857,197,12.206555615733702,0.24896538863661077
v00097,11,658.0,409.0,103.31789333176883,0.6393486261367798,0.0,0.6031438652201196,0.33415311574935913,0.05,0.6047385931015015,197,182.33211456021672,0.24801766185406807
v00097,12,651.0,617.0,104.80356157958818,0.6402381062507629,0.0,0.6196184514387156,0.2556297183036804,0.05,0.5995321273803711,197,191.02355875650522,0.20227568980069136
v00097,13,542.0,508.0,111.98504164755653,0.595808744430542,0.0,0.5516576365573979,0.21896104514598846,0.09358541225631423,0.12240666896104813,197,42.7551166528639,0.1807854725926619
v00097,14,660.0,513.0,6.142738222466663,0.6962951421737671,0.0,0.6509589695689327,0.20002196729183197,0.16249999999999998,0.26300960779190063,197,160.52725625263767,0.16037220911739583
v00097,15,319.0,556.0,337.752125007655,0.579895555973053,0.0,0.5937476418379015,0.19758093357086182,0.05,0.4424184411764145,197,189.46503635235712,0.13910130345686228
v00097,16,652.0,596.0,83.78495291886824,0.6247793436050415,0.0,0.5907763215863637,0.25829315185546875,0.05,0.49986714124679565,197,179.77764043395385,0.12094578896637431
v00097,17,648.0,512.0,5.9096122126276125,0.6724424362182617,0.0,0.6365216779882195,0.161098912358284,0.16249999999999998,0.2467564344406128,197,148.48568954616468,0.11389942164691699
v00097,18,321.0,498.0,333.20914767963853,0.7303401231765747,0.0,0.7760396794123552,0.22819773852825165,0.0875,0.2867479622364044,197,179.0111728356641,0.09574345396218388
v00097,19,323.0,435.0,339.7992661625803,0.5676864385604858,0.0,0.5820798995789549,0.20315155386924744,0.05,0.3823879063129425,197,188.55768348173987,0.09419844378785211
v00097,20,518.0,507.0,136.0057230879137,0.579531192779541,0.0,0.5396740260787974,0.19215735793113708,0.11020817282989959,0.10994492471218109,197,19.313207915827967,0.08100748209821479
v00099,1,500.5,356.5,62.08686762373216,0.5388962030410767,0.0,0.5529102938614925,0.15516972541809082,0.05885254915624212,0.3072640895843506,170,143.50087107749556,0.6537526708069914
v00099,2,412.5,508.5,229.84473568371644,0.38577842712402344,0.0,0.3189724583839618,0.11971445381641388,0.09358541225631423,0.24390200525522232,170,87.91188770581599,0.31642887833841976
v00099,3,503.5,415.5,121.16007614981898,0.5273295044898987,0.0,0.5448681281857566,0.21775808930397034,0.05,0.38022370636463165,170,84.57245414436073,0.27247410468934563
v00099,4,496.5,295.5,0.956497434319653,0.895402729511261,0.0,0.8858994483173647,0.44958963990211487,0.05,0.46398623287677765,170,204.52994890724437,0.2191820650660953
v00099,5,371.5,420.5,177.43471208184883,0.38035011291503906,0.0,0.3371231010644681,0.01946968212723732,0.14270509831248424,0.20820952951908112,170,151.10426863593233,0.09360323688811108
v00099,6,447.5,297.5,49.06168303730237,0.594508707523346,0.0,0.5264324549803447,0.2701355814933777,0.05885254915624212,0.2750891149044037,170,209.1948852147203,0.06482437842323743
v00099,7,410.5,478.5,203.05449146191668,0.3832207918167114,0.0,0.33886525208817314,0.1754424124956131,0.05,0.251007504761219,170,92.04618405995981,0.04791644071643435
v00099,8,502.5,385.5,91.15559743274946,0.5213953852653503,0.0,0.5181018013437402,0.18404267728328705,0.11020817282989959,0.5517671555280685,170,114.52728932442258,0.04692612811948754
v00099,9,516.5,683.5,389.4713715544202,0.6626904010772705,0.0,0.6638314051012968,0.07946495711803436,0.05,0.35023102164268494,170,184.2403321751239,0.045647844135180124
v00099,10,422.5,298.5,74.07825737240614,0.5868917107582092,0.0,0.5281545528634658,0.22716295719146729,0.05,0.2744019478559494,170,215.89001829635384,0.02618296430182018
v00099,11,413.5,539.5,258.62702070257694,0.36568185687065125,0.0,0.3076927149238595,0.09562748670578003,0.05,0.24353377521038055,170,95.09206065702857,0.019981881023644742
v00099,12,436.5,507.5,221.239707419998,0.3719291388988495,0.0,0.3073264293417113,0.14408953487873077,0.05,0.24995702505111694,170,63.94137940332536,0.016039934688236623
v00099,13,420.5,418.5,145.38549857691356,0.38208723068237305,0.0,0.32585534501479047,0.11407466977834702,0.0875,0.2107626497745514,170,113.852975367357,0.015996966609525425
v00099,14,496.5,301.5,6.9561575121087165,0.5247530937194824,0.0,0.5762433666827275,0.115262471139431,0.05,0.3559042364358902,170,198.53085402526227,0.015559336039161658
v00099,15,408.5,419.5,152.81752677918172,0.3977133631706238,0.0,0.3364703179525515,0.14861862361431122,0.09358541225631423,0.2226545810699463,170,121.87083326210583,0.014078791386041069
v00099,16,507.5,504.5,210.24549955526155,0.5219643115997314,0.0,0.5286327982354567,0.13004225492477417,0.16249999999999998,0.4360000640153885,170,8.74642784226795,0.013620870785509146
v00099,17,506.5,474.5,180.23526007397393,0.5247426629066467,0.0,0.5332593734395711,0.1638336181640625,0.11020817282989959,0.43824906647205353,170,26.315394733881533,0.013601754289389876
v00099,18,435.5,477.5,192.8486116879711,0.3820663094520569,0.0,0.3222598668888349,0.18418850004673004,0.05,0.2495478391647339,170,68.3117852204142,0.01178341014626708
v00099,19,333.5,422.5,207.20235256759292,0.383595734834671,0.0,0.33262442128901654,0.06120549887418747,0.05,0.1920434981584549,170,183.6532057983198,0.010236364880318807
v00099,20,386.5,480.5,216.04081348614193,0.3734089434146881,0.0,0.32139250330797164,0.15058918297290802,0.05,0.2548752725124359,170,115.16292806281021,0.009819375416694847
