pair_id,set_type,rank,x,y,dist_to_gt,raw_ncc,psr,context,gradient,phase,neighbor,family,center,score,margin
pair_000,SetA,1,576.0,641.0,242.502715565361,0.840872585773468,0.0,0.6882399916311785,0.746329128742218,0.05,0.7857719659805298,196,160.17802595861892,0.6822014954127786,0.008468019936488269
pair_000,SetA,2,574.0,512.0,113.48735314790163,0.7820997834205627,0.0,0.542751586949775,0.6632876992225647,0.05,0.7458488345146179,196,74.96665925596525,0.6737334754762904,0.09933362582393512
pair_000,SetA,3,574.0,501.0,102.48925253924084,0.8043465614318848,0.0,0.5440635469922123,0.6693989634513855,0.05,0.7709093391895294,196,74.00675644831355,0.5743998496523552,0.018078695057587413
pair_000,SetA,4,572.0,404.0,5.469657832035542,0.8382015824317932,0.0,0.6880689809477936,0.7427657246589661,0.05,0.8169985711574554,196,120.0,0.5563211545947678,0.03290021036392732
pair_000,SetA,5,573.0,436.0,37.48310771173507,0.7805724143981934,0.0,0.5851626031848974,0.6177303194999695,0.05,0.7607178390026093,196,97.082439194738,0.5234209442308405,0.1286087744606746
pair_000,SetA,6,576.0,668.0,269.49940351778366,0.7860278487205505,0.0,0.7652633051516624,0.6397845149040222,0.05,0.7638842165470123,196,184.39088914585776,0.3948121697701659,0.023268498730493692
pair_000,SetA,7,572.0,377.0,21.530344096942365,0.8005842566490173,0.0,0.5390554404613275,0.6574321389198303,0.05,0.7619543671607971,196,142.52368224263643,0.37154367103967223,0.29665407748114425
pair_000,SetA,8,573.0,458.0,59.478132457719646,0.8304392695426941,0.0,0.627989789043775,0.7243519425392151,0.05,0.8090338706970215,196,84.21995013059554,0.07488959355852795,0.000661140435283758
pair_000,SetA,9,573.0,447.0,48.480055715663,0.8264375925064087,0.0,0.6200467045263752,0.7161039710044861,0.05,0.8055058419704437,196,90.21086409075129,0.07422845312324419,0.012708571263375976
pair_000,SetA,10,572.0,426.0,27.46965660011164,0.7251983880996704,0.0,0.6080059753293463,0.5243683457374573,0.05,0.7073357403278351,196,103.24727599312246,0.06151988185986822,0.002051451290822459
pair_000,SetA,11,575.0,571.0,172.49581725744346,0.7044070959091187,0.0,0.47933194659835954,0.5453192591667175,0.05,0.6915369927883148,196,103.27632836231156,0.05946843056904576,0.0028049621669953076
pair_000,SetA,12,408.0,509.0,197.7326465256136,0.6296738982200623,0.0,0.4754762614607996,0.44772109389305115,0.16249999999999998,0.5822807848453522,196,92.43916918709297,0.05666346840205045,0.0009439420499450374
pair_000,SetA,13,576.0,652.0,253.50128105206616,0.8279562592506409,0.0,0.6763266545727726,0.720045268535614,0.05,0.8049297332763672,196,169.941166289984,0.05571952635210541,0.0073733303957351365
pair_000,SetA,14,566.0,501.0,102.64492804348997,0.6370389461517334,0.0,0.38843136145426116,0.4358612895011902,0.05,0.6071637868881226,196,66.007575322837,0.048346195956370276,0.0001634740027365647
pair_000,SetA,15,574.0,495.0,96.49047108666392,0.7166205048561096,0.0,0.5859631134292365,0.4905097484588623,0.05,0.7012231349945068,196,74.16872656315464,0.04818272195363371,0.0038153786385617602
pair_000,SetA,16,574.0,544.0,145.4834606658834,0.6824243664741516,0.0,0.682539827544692,0.5572919249534607,0.05,0.6626853346824646,196,86.09297300012354,0.04436734331507195,0.0016552971293599394
pair_000,SetA,17,573.0,485.0,86.47548600918557,0.7776055932044983,0.0,0.70226179923683,0.6260476112365723,0.16249999999999998,0.7581298351287842,196,74.52516353554684,0.04271204618571201,0.007041861629669265
pair_000,SetA,18,565.0,485.0,86.7521990933129,0.6344795227050781,0.0,0.5399274228527386,0.4544743001461029,0.125,0.6149240434169769,196,66.70832032063167,0.03567018455604275,0.008798756787538262
pair_000,SetA,19,302.0,473.0,280.07769388444717,0.7705010771751404,0.0,0.7558010364542602,0.6376781463623047,0.05,0.7504126131534576,196,199.83242980057065,0.026871427768504486,0.0015665220876346954
pair_000,SetA,20,407.0,439.0,169.88654866340127,0.6347881555557251,0.0,0.41995104424715407,0.46205493807792664,0.09358541225631423,0.6098313629627228,196,111.22050170719426,0.02530490568086979,0.0015783169483003581
pair_001,SetA,1,373.5,522.5,0.15627747241540102,0.8823164701461792,0.0,0.8107343258188329,0.7402323484420776,0.05,0.7563626915216446,200,128.4854077317732,0.9393008501952909,0.5025839298501882
pair_001,SetA,2,512.5,347.5,223.64188696429287,0.8460849523544312,0.0,0.811012319830229,0.6654037237167358,0.05,0.7331183701753616,200,153.01143748099355,0.4367169203451027,0.3609590834625118
pair_001,SetA,3,648.5,524.5,275.1122420751797,0.8718640804290771,0.0,0.8222400865114343,0.7118628621101379,0.05,0.7530665248632431,200,150.50747489742827,0.07575783688259086,0.010155409228267964
pair_001,SetA,4,510.5,611.5,163.39685955200446,0.8049871325492859,0.0,0.7891920976450078,0.6411718130111694,0.05,0.71369569003582,200,111.99330337122841,0.06560242765432289,0.015595520429639603
pair_001,SetA,5,511.5,468.5,148.3295127624925,0.8136435747146606,0.0,0.7881227350791271,0.6614615321159363,0.05,0.7426233291625977,200,33.53356527421443,0.05000690722468329,0.0038872189123283357
pair_001,SetA,6,510.5,567.5,144.26592287881832,0.7182724475860596,0.0,0.696727757756774,0.5722530484199524,0.05,0.6632098108530045,200,68.3117852204142,0.04611968831235495,0.006890511681366722
pair_001,SetA,7,510.5,523.5,137.10864048883585,0.8722559809684753,0.0,0.798582497110743,0.7181428670883179,0.05,0.7536193430423737,200,25.739075352467502,0.03922917663098823,0.0031521546097894454
pair_001,SetA,8,511.5,457.5,152.68652545170235,0.8142308592796326,0.0,0.7750998110012675,0.6621699929237366,0.05,0.7450053095817566,200,44.02839992550263,0.036077022021198786,0.0021794904141586025
pair_001,SetA,9,511.5,446.5,157.69180623186568,0.8146483898162842,0.0,0.7936944537108459,0.6604371070861816,0.05,0.7398043125867844,200,54.7220248163388,0.033897531607040184,0.003885177911190675
pair_001,SetA,10,511.5,479.5,144.679347725249,0.811560332775116,0.0,0.7708444870907739,0.6590692400932312,0.05,0.7389204055070877,200,23.50531854708632,0.03001235369584951,0.006706401419998481
pair_001,SetA,11,648.5,436.5,288.2689565750562,0.76971834897995,0.0,0.7901633253905223,0.5874876379966736,0.05,0.6899718195199966,200,161.50696579404865,0.023305952275851027,0.0005400975140751538
pair_001,SetA,12,374.5,346.5,176.11850317900758,0.851500391960144,0.0,0.8133733862448111,0.6953409910202026,0.05,0.7352777570486069,200,198.2738005889835,0.022765854761775874,0.0013344692407868328
pair_001,SetA,13,509.5,688.5,214.5754115817701,0.8259456753730774,0.0,0.7904801899961593,0.6720957159996033,0.05,0.7346783578395844,200,188.7392381037923,0.02143138552098904,0.0012342359853240725
pair_001,SetA,14,511.5,435.5,163.28575091177794,0.7930163741111755,0.0,0.7829667080341758,0.6244351863861084,0.05,0.6990688741207123,200,65.51717332119877,0.02019714953566497,0.004288286659280955
pair_001,SetA,15,373.5,500.5,22.115284736087535,0.811758816242218,0.0,0.8002224044201723,0.6560258269309998,0.05,0.7457959353923798,200,126.50098813843313,0.015908862876384013,0.0014248071180574095
pair_001,SetA,16,511.5,424.5,169.41005622151866,0.6623030304908752,0.0,0.744434839790028,0.5642980933189392,0.05,0.6381954252719879,200,76.37080594049011,0.014484055758326604,0.00017489223500453607
pair_001,SetA,17,648.5,502.5,275.84018404855755,0.8081300854682922,0.0,0.8041700919683255,0.641984224319458,0.05,0.7407820373773575,200,148.52104228021025,0.014309163523322068,0.00043521572951996795
pair_001,SetA,18,511.5,413.5,176.00936863455033,0.6640969514846802,0.0,0.6704407489577986,0.5606223344802856,0.05,0.6057847440242767,200,87.26110244547682,0.0138739477938021,0.0012881722419319785
pair_001,SetA,19,372.5,610.5,87.88951739839077,0.8085728287696838,0.0,0.8129251295155807,0.6662082672119141,0.05,0.717465877532959,200,168.72018255087326,0.012585775551870121,0.0014251827057588755
pair_001,SetA,20,373.5,489.5,33.115200695649534,0.8101886510848999,0.0,0.7732654911914845,0.6522861123085022,0.05,0.7437391132116318,200,126.93502274786104,0.011160592846111246,0.0012803697051257269
pair_002,SetA,1,658.5,541.5,167.31575890959354,0.6962664723396301,0.0,0.3658676418781233,0.5328775644302368,0.05,0.16790679469704628,198,163.84291257176795,0.030418253695861458,0.0013937437013907296
pair_002,SetA,2,509.5,659.5,188.92783687165874,0.6634972095489502,0.0,0.30625163674418077,0.48135465383529663,0.16249999999999998,0.16593750030733645,198,159.7826648920339,0.02902450999447073,0.00010852518451795468
pair_002,SetA,3,439.5,550.5,104.57407448814885,0.6951622366905212,0.0,0.3951441424626137,0.5052774548530579,0.05,0.16425093542784452,198,78.80672560130893,0.028915984809952774,0.008895798907937052
pair_002,SetA,4,503.5,659.5,188.9422494249031,0.6869628429412842,0.0,0.20210332158244104,0.503889262676239,0.12961646096066226,0.15851466078311205,198,159.5383966322841,0.020020185902015722,0.0031552663597421114
pair_002,SetA,5,495.5,445.5,27.580146282862366,0.6642501950263977,0.0,0.23671513879710546,0.5054076910018921,0.09358541225631423,0.1626075990498066,198,54.68546424782366,0.01686491954227361,0.0035085304897372015
pair_002,SetA,6,525.5,553.5,84.95964190530194,0.6852386593818665,0.0,0.21350934333701524,0.4867735207080841,0.125,0.1557182571850717,198,59.26634795564849,0.013356389052536409,0.0003662827848462287
pair_002,SetA,7,478.5,313.5,159.64546900152652,0.7000424861907959,0.0,0.3755839190018619,0.5286176204681396,0.05,0.19505768455564976,198,187.73518583366305,0.01299010626769018,8.923512526622275e-05
pair_002,SetA,8,513.5,458.5,13.7478690264861,0.697500467300415,0.0,0.3974588097926918,0.5323389768600464,0.0875,0.1553397085517645,198,43.64057744805859,0.012900871142423958,0.00039596529927812645
pair_002,SetA,9,517.5,339.5,131.51285718103355,0.6896793246269226,0.0,0.2403170647001195,0.5176817178726196,0.09358541225631423,0.16140145063400269,198,161.45123102658584,0.012504905843145831,0.0015013455083610697
pair_002,SetA,10,473.5,547.5,83.87140098188806,0.6895555257797241,0.0,0.21563802350031255,0.5152220726013184,0.11020817282989959,0.1664669569581747,198,54.39209501388966,0.011003560334784761,0.000381854844839994
pair_002,SetA,11,476.5,461.5,31.781316705365885,0.6711264252662659,0.0,0.2867709196136874,0.4628899097442627,0.0875,0.1654604603536427,198,45.10543204537564,0.010621705489944767,0.00010436687319142872
pair_002,SetA,12,437.5,517.5,83.81197768642261,0.6991170048713684,0.0,0.23274925978216413,0.5405234694480896,0.16249999999999998,0.18402505852282047,198,64.90377492873584,0.010517338616753339,2.6566808347595894e-05
pair_002,SetA,13,465.5,329.5,147.05311055031052,0.6911302804946899,0.0,0.24651026511959845,0.5051426291465759,0.09358541225631423,0.16910719871520996,198,173.95545406798834,0.010490771808405743,0.000858587177270706
pair_002,SetA,14,449.5,345.5,137.65275844927856,0.6929149031639099,0.0,0.2121777088253778,0.49783363938331604,0.16249999999999998,0.16751070646569133,198,162.5438402401026,0.009632184631135037,0.0016799024371584818
pair_002,SetA,15,445.5,550.5,100.80818906375963,0.6779173612594604,0.0,0.4092078048923843,0.48918771743774414,0.05,0.15082146530039608,198,74.30006729472053,0.007952282193976555,0.00020962648042460036
pair_002,SetA,16,531.5,471.5,24.563048193470312,0.6913022994995117,0.0,0.20481259991270817,0.506697416305542,0.05,0.16577574610710144,198,42.47940677551889,0.007742655713551955,0.0003167062891442302
pair_002,SetA,17,432.5,484.5,75.74220216454626,0.6976937055587769,0.0,0.5334922707765313,0.5315827131271362,0.14270509831248424,0.1909758225083351,198,69.25676862227981,0.0074259494244077245,0.0005754182498389146
pair_002,SetA,18,507.5,544.5,73.91269681371666,0.6964249610900879,0.0,0.3885186921524607,0.5369569659233093,0.125,0.16694124788045883,198,45.1275968781853,0.00685053117456881,0.0004922113394625243
pair_002,SetA,19,468.5,514.5,58.368189004715994,0.6956547498703003,0.0,0.5321716216842602,0.5402058362960815,0.125,0.19266985729336739,198,34.677081768799404,0.006358319835106286,0.00026057739633575383
pair_002,SetA,20,304.5,533.5,212.00309103472503,0.6874432563781738,0.0,0.34766454140278924,0.5125097632408142,0.16249999999999998,0.16046597063541412,198,198.3494391219698,0.006097742438770532,0.00034459222737168605
pair_003,SetA,1,466.0,438.0,251.52470215620306,0.8460339307785034,0.0,0.8197500738584438,0.6184057593345642,0.0875,0.6724808216094971,129,70.71067811865476,0.21380722888656947,0.018453082767336454
pair_003,SetA,2,465.0,583.0,155.9102363084931,0.860986053943634,0.0,0.83535221855641,0.6648268699645996,0.05,0.6775414943695068,129,90.07774419910837,0.19535414611923302,0.11887680988295418
pair_003,SetA,3,441.0,437.0,267.1912197176575,0.8450953364372253,0.0,0.824641775384803,0.6134191155433655,0.05,0.6795495450496674,129,86.31338250816034,0.07647733623627884,0.02579745904953914
pair_003,SetA,4,445.0,423.0,275.8919455097601,0.8595592975616455,0.0,0.8344872495067206,0.6555030941963196,0.09358541225631423,0.7137590795755386,129,94.62557793746889,0.0506798771867397,0.007826343300843086
pair_003,SetA,5,604.0,443.0,202.84771725042899,0.8508661985397339,0.0,0.8282463192064602,0.6366378664970398,0.12961646096066226,0.6772114485502243,68,118.59595271340417,0.04285353388589661,0.011164965881950907
pair_003,SetA,6,474.0,424.0,258.9909621017333,0.85541832447052,0.0,0.8368962943222524,0.6464083790779114,0.05,0.6899803429841995,129,80.32434251209281,0.031688568003945705,0.0006959947952044077
pair_003,SetA,7,452.0,423.0,271.8227533969925,0.8467831611633301,0.0,0.8174622525553137,0.6167598366737366,0.125,0.6958771049976349,129,90.7358804442873,0.030992573208741298,0.0009874343236630535
pair_003,SetA,8,458.0,583.0,162.34148612911122,0.8441189527511597,0.0,0.8162100826722669,0.6161385774612427,0.05,0.6651402562856674,129,93.02150289046077,0.030005138885078244,0.0022630026043625046
pair_003,SetA,9,468.0,395.0,287.0938776350896,0.8446094393730164,0.0,0.8209871042745855,0.60820472240448,0.09358541225631423,0.7064204812049866,129,109.7679370308106,0.02774213628071574,0.0006169429094533517
pair_003,SetA,10,452.0,438.0,259.669382986218,0.8403720259666443,0.0,0.8121038571141727,0.6034446358680725,0.09358541225631423,0.6773530840873718,129,78.40918313565064,0.027125193371262388,0.003995120876915698
pair_003,SetA,11,436.0,582.0,183.17218383954793,0.862045168876648,0.0,0.8355599740345101,0.6583575010299683,0.0875,0.6902717798948288,129,104.01922899156675,0.02313007249434669,0.000415873561189755
pair_003,SetA,12,464.0,612.0,147.62175311734407,0.8597506284713745,0.0,0.8362640326927716,0.6622346639633179,0.05,0.7166942358016968,129,117.64352935882194,0.022714198933156935,0.0004595170418645704
pair_003,SetA,13,430.0,437.0,274.1887657698322,0.8567418456077576,0.0,0.8319930706305287,0.648479163646698,0.11020817282989959,0.678380161523819,129,94.17536832951598,0.022254681891292365,0.0013750567580190672
pair_003,SetA,14,431.0,408.0,296.27233935471594,0.8605886697769165,0.0,0.8351770652931263,0.6565022468566895,0.09358541225631423,0.7177049070596695,129,115.0,0.020879625133273298,0.00010788269385982041
pair_003,SetA,15,420.0,422.0,292.10073210555856,0.8498578071594238,0.0,0.8281965146225905,0.6250628232955933,0.125,0.6854695379734039,129,111.73182178770737,0.020771742439413477,5.922130224114003e-05
pair_003,SetA,16,462.0,351.0,328.8508651419381,0.8591569662094116,0.0,0.8362801839640266,0.6493136882781982,0.05,0.6932265162467957,129,153.7693077307692,0.020712521137172337,0.002037242795051717
pair_003,SetA,17,429.0,582.0,189.7493221737232,0.8471947312355042,0.0,0.8226516753092016,0.6224744319915771,0.05,0.6687652766704559,129,108.4665847162157,0.01867527834212062,0.0009668691695411437
pair_003,SetA,18,457.0,612.0,154.44396500438708,0.839606523513794,0.0,0.8160429828057297,0.6044684648513794,0.125,0.703988716006279,129,119.97082978791136,0.017708409172579476,8.390046190956402e-05
pair_003,SetA,19,439.0,379.0,315.67128872643735,0.8371586203575134,0.0,0.8081562582512987,0.5912562012672424,0.12961646096066226,0.7047235071659088,129,135.50645741070792,0.017624508710669912,0.00028558045518081027
pair_003,SetA,20,417.0,610.0,194.03078340001016,0.8448631167411804,0.0,0.8229450111326005,0.6141382455825806,0.05,0.7019270211458206,129,137.80058055030102,0.017338928255489102,0.00013503874900165289
pair_004,SetA,1,621.0,502.0,60.79238590628019,0.7319196462631226,0.0,0.5866533089208956,0.633313775062561,0.05,0.2574915736913681,177,121.01652779682617,0.8336105827711408,0.02952028091790515
pair_004,SetA,2,406.0,514.0,154.54225673876988,0.7300472855567932,0.0,0.6013530079400723,0.5944952368736267,0.05,0.24715875834226608,177,95.03683496413377,0.8040903018532356,0.31274781130399676
pair_004,SetA,3,639.0,501.0,78.82013623044816,0.7306723594665527,0.0,0.6058160414843761,0.6152985095977783,0.05,0.22385462932288647,177,139.00359707575916,0.49134249054923884,0.13472770553596924
pair_004,SetA,4,528.0,305.0,203.0154521470173,0.7298078536987305,0.0,0.5960605795002926,0.5945146679878235,0.05,0.3280606660991907,177,197.0,0.3566147850132696,0.029365843803578817
pair_004,SetA,5,370.0,516.0,190.5977694924451,0.7132813930511475,0.0,0.5552385362277348,0.5592074990272522,0.0875,0.24448762275278568,177,130.98091464026353,0.3272489412096908,0.026961690700455287
pair_004,SetA,6,597.0,503.0,36.77590411626474,0.6445270776748657,0.0,0.5525367407663059,0.448834091424942,0.05,0.22886510705575347,177,97.04638066409278,0.3002872505092355,0.0032556777883399057
pair_004,SetA,7,388.0,515.0,172.5700131155571,0.7290998697280884,0.0,0.5805128747394074,0.5904824137687683,0.0875,0.24880086071789265,177,113.0,0.2970315727208956,0.03987082762465821
pair_004,SetA,8,548.0,506.0,12.31763739973422,0.7259329557418823,0.0,0.6640213253490573,0.6172334551811218,0.05,0.23526804707944393,177,48.373546489791295,0.2571607450962374,0.036930523760569656
pair_004,SetA,9,591.0,504.0,30.728849167558398,0.6529492139816284,0.0,0.4529309305384748,0.4721090495586395,0.0875,0.23846680903807282,177,91.08786966440702,0.22023022133566772,0.07166476746986747
pair_004,SetA,10,421.0,513.0,139.50998216765578,0.7230757474899292,0.0,0.6434755100540299,0.5805761218070984,0.0875,0.24466412886977196,177,80.06247560499239,0.14856545386580025,0.06485190279047245
pair_004,SetA,11,603.0,503.0,42.76464068561529,0.7091151475906372,0.0,0.5591865707604775,0.6047512888908386,0.05,0.25139413960278034,177,103.04368005850722,0.0837135510753278,0.031772833936352066
pair_004,SetA,12,364.0,516.0,196.58881546541286,0.6777324080467224,0.0,0.5772523917938872,0.491339772939682,0.05,0.23375298269093037,177,136.93794214898952,0.05194071713897573,0.0019239473408152047
pair_004,SetA,13,627.0,502.0,66.78369227273362,0.7030071020126343,0.0,0.5224721339793809,0.5155318379402161,0.05,0.2395649552345276,177,127.01574705523721,0.050016769798160526,0.004373458355278623
pair_004,SetA,14,400.0,514.0,160.53336646476575,0.7045081853866577,0.0,0.6244392781826567,0.525899350643158,0.05,0.23808090947568417,177,100.9752444909147,0.045643311442881904,0.0016067743004135604
pair_004,SetA,15,554.0,506.0,6.330210147571382,0.6977248787879944,0.0,0.5879027422347486,0.5346420407295227,0.05,0.23560757748782635,177,54.3323108288245,0.04403653714246834,0.007527085699565207
pair_004,SetA,16,566.0,505.0,5.711731989479507,0.699856698513031,0.0,0.6631957607086467,0.5949743390083313,0.05,0.23762281239032745,177,66.18912297349165,0.036509451442903136,0.0017097022037267581
pair_004,SetA,17,533.0,507.0,27.349555473600685,0.7071084380149841,0.0,0.6124311221458927,0.5892966985702515,0.0875,0.21549872122704983,177,33.734255586866,0.03479974923917638,0.007435977838628951
pair_004,SetA,18,585.0,504.0,24.736911726435657,0.6775528788566589,0.0,0.5091231252964494,0.5768696069717407,0.0875,0.24609201401472092,177,85.09406559801923,0.027363771400547427,0.0013741325779989821
pair_004,SetA,19,382.0,515.0,178.56108774674976,0.696498453617096,0.0,0.5959887018960375,0.5155186653137207,0.05,0.23918699752539396,177,118.94956914591998,0.025989638822548445,0.0007322092886012585
pair_004,SetA,20,346.0,517.0,214.61654799871755,0.6526484489440918,0.0,0.5376372372966052,0.47627758979797363,0.05,0.22963226260617375,177,154.93547043850222,0.025257429533947186,0.0017431201388844776
pair_005,SetA,1,618.5,370.5,125.66766502545318,0.8512386083602905,0.0,0.7191086540458718,0.6281997561454773,0.05,0.23582290671765804,195,175.5348968154196,0.34089019374740187,0.06409951313577461
pair_005,SetA,2,466.5,374.5,26.38560718079196,0.8726896047592163,0.0,0.6989719343222702,0.7137600779533386,0.05,0.2357647381722927,195,129.89418770676386,0.27679068061162726,0.11953105874203102
pair_005,SetA,3,446.5,375.5,46.40545878424697,0.853024423122406,0.0,0.7414410107745624,0.6547275185585022,0.08106601717798213,0.23671734938398004,195,135.50830232867654,0.15725962186959624,0.033037100782644796
pair_005,SetA,4,486.5,374.5,6.40199795282252,0.851148784160614,0.0,0.6117302170801939,0.6516621112823486,0.125,0.23523425590246916,195,126.22400722525015,0.12422252108695145,0.014333702475671131
pair_005,SetA,5,499.5,638.5,264.60863869902323,0.7949644923210144,0.0,0.7122651386749999,0.682877779006958,0.05,0.19904674589633942,195,138.5009025241352,0.10988881861128032,0.03272287403667673
pair_005,SetA,6,496.5,373.5,3.65055932236671,0.8410013914108276,0.0,0.6855690524368109,0.606970489025116,0.09358541225631423,0.23157100193202496,195,126.54840970948628,0.07716594457460359,0.0386170965731409
pair_005,SetA,7,446.5,388.5,48.60183182903618,0.7721018195152283,0.0,0.6851087953929633,0.628520131111145,0.125,0.18361227214336395,195,123.67093433786292,0.03854884800146269,0.0004220591621352382
pair_005,SetA,8,646.5,436.5,165.85677670812117,0.7940882444381714,0.0,0.6697651953039068,0.6819941997528076,0.0875,0.19944393262267113,195,159.66997213001574,0.03812678883932745,0.0008610375637563769
pair_005,SetA,9,465.5,467.5,97.45134409636147,0.7886024713516235,0.0,0.7763617450146822,0.6596187353134155,0.0875,0.1981004774570465,195,47.39725730461627,0.03726575127557107,0.002972109084455027
pair_005,SetA,10,456.5,374.5,36.38416703120491,0.8517671227455139,0.0,0.7192740934758655,0.6450918316841125,0.19366069605669878,0.23157061077654362,195,132.82507293429205,0.034293642191116046,0.00017572454452215863
pair_005,SetA,11,660.5,462.5,189.5604468299564,0.7955546379089355,0.0,0.678960135982955,0.6811085343360901,0.05,0.19743064045906067,195,164.82263194112633,0.03411791764659389,0.008698171149237183
pair_005,SetA,12,456.5,652.5,280.89173422651095,0.7733272314071655,0.0,0.7174941679322493,0.650956928730011,0.05,0.197337057441473,195,158.5827859510609,0.025419746497356704,0.0008145083356852073
pair_005,SetA,13,498.5,453.5,79.72413140208155,0.7763935923576355,0.0,0.7112440345940585,0.6231939196586609,0.11020817282989959,0.20191844925284386,195,46.52418725781247,0.024605238161671497,0.004311096871770795
pair_005,SetA,14,653.5,449.5,177.49032844408774,0.7941053509712219,0.0,0.779728421653755,0.6865077018737793,0.05,0.20184896141290665,195,161.59362611192313,0.020294141289900702,0.0013473066342925034
pair_005,SetA,15,491.5,453.5,79.53780402296293,0.7925865650177002,0.0,0.7759542504934225,0.6766654253005981,0.05,0.20262815803289413,195,47.270498199193966,0.0189468346556082,9.302932394671115e-05
pair_005,SetA,16,476.5,374.5,16.388804777759177,0.8710267543792725,0.0,0.6622451980821402,0.7114797830581665,0.0875,0.23731196857988834,195,127.68124372827828,0.018853805331661488,6.734906251429709e-05
pair_005,SetA,17,497.5,413.5,39.79487222735164,0.7810401320457458,0.0,0.762533143741736,0.6492077708244324,0.0875,0.1828971616923809,195,86.53611962643113,0.01878645626914719,0.0012203119527335743
pair_005,SetA,18,466.5,652.5,279.772334251479,0.78992760181427,0.0,0.6877868087571304,0.6823875904083252,0.05,0.2011898308992386,195,156.13615852838188,0.017566144316413616,0.0012441332164547653
pair_005,SetA,19,617.5,463.5,153.44356041502002,0.7959549427032471,0.0,0.779451666585723,0.6885983347892761,0.05,0.19837858155369759,195,123.03861182571916,0.01632201109995885,0.0017855488706265948
pair_005,SetA,20,648.5,370.5,155.65840806131493,0.8542803525924683,0.0,0.6185882601616206,0.6501591205596924,0.0875,0.23877557646483183,195,197.03426098016558,0.014536462229332256,0.0007301806058964775
pair_006,SetA,1,422.5,418.5,155.46165828189794,0.6852137446403503,0.0,0.32337885378085895,0.5155555605888367,0.16249999999999998,0.23776196874678135,197,112.46555028096381,0.06920918471653013,0.009737169889643758
pair_006,SetA,2,418.5,522.5,175.65895726762758,0.7036585211753845,0.0,0.3275798504936821,0.5229330658912659,0.09358541225631423,0.20087072998285294,197,84.54880247525686,0.059472014826886375,0.029971041532582426
pair_006,SetA,3,586.5,506.5,63.092955457671195,0.6941967606544495,0.0,0.31192710939820456,0.492540180683136,0.09358541225631423,0.24399257265031338,197,86.7438758645243,0.02950097329430395,6.752543096603253e-05
pair_006,SetA,4,405.5,647.5,265.1127889848831,0.7019747495651245,0.0,0.33231018637461507,0.515541672706604,0.09358541225631423,0.1853968482464552,197,175.17562615843565,0.029433447863337917,0.00451872883734266
pair_006,SetA,5,399.5,510.5,188.31424260188933,0.7006689310073853,0.0,0.31029270069125514,0.5178537964820862,0.05,0.24056521989405155,197,101.04701875859574,0.024914719025995256,0.0007988986765061074
pair_006,SetA,6,555.5,515.5,74.01823874316439,0.6960075497627258,0.0,0.32717536113898144,0.504638135433197,0.05885254915624212,0.20185223408043385,197,57.623779813545724,0.02411582034948915,0.0022248899442523715
pair_006,SetA,7,559.5,415.5,33.11182703017553,0.6838663220405579,0.0,0.34437916548702546,0.5301856994628906,0.0875,0.247253755107522,197,103.34650453692181,0.021890930405236778,0.0013161506363824974
pair_006,SetA,8,551.5,465.5,32.23624005563137,0.6710517406463623,0.0,0.32245985351414874,0.4671669602394104,0.1340990257669732,0.2654305137693882,197,61.98790204547981,0.02057477976885428,0.0019060144603170598
pair_006,SetA,9,564.5,498.5,55.34578230966245,0.6950690746307373,0.0,0.3535868186031041,0.513370156288147,0.125,0.2545398436486721,197,64.5174395028197,0.01866876530853722,0.0008836288121437039
pair_006,SetA,10,541.5,453.5,35.509388601440676,0.6721661686897278,0.0,0.31991577372689456,0.4526969790458679,0.05,0.25655707344412804,197,62.325757115337154,0.017785136496393517,0.001992381342882897
pair_006,SetA,11,413.5,439.5,162.37397186174246,0.706099808216095,0.0,0.3313532079051275,0.5193963646888733,0.16249999999999998,0.2663038857281208,197,105.55804090641318,0.01579275515351062,8.843225984016267e-05
pair_006,SetA,12,531.5,424.5,48.534084209446064,0.6792459487915039,0.0,0.3324537566023616,0.4935735762119293,0.125,0.2485829759389162,197,81.80770134895614,0.015704322893670457,0.00018316761564422454
pair_006,SetA,13,526.5,316.5,136.99935384766377,0.6728020906448364,0.0,0.26525533688387126,0.4703517556190491,0.05,0.24508149176836014,197,185.40361377276335,0.015521155278026232,0.0004922896398842254
pair_006,SetA,14,611.5,651.5,210.23234230584455,0.7033000588417053,0.0,0.3265292858269237,0.5011857151985168,0.05,0.16933199833147228,197,188.10768192713448,0.015028865638142007,0.000531894031319334
pair_006,SetA,15,586.5,643.5,199.46650530845955,0.6734783053398132,0.0,0.2936704547616872,0.4645509421825409,0.12961646096066226,0.19771401025354862,197,167.55446875568555,0.014496971606822673,0.0011702711899124335
pair_006,SetA,16,346.5,507.5,237.8470762923852,0.690980851650238,0.0,0.2845204554191253,0.5042626857757568,0.14270509831248424,0.23769471794366837,197,153.6831155332296,0.01332670041691024,9.130388046697108e-05
pair_006,SetA,17,532.5,316.5,134.9562675821737,0.6921631097793579,0.0,0.2773903220727395,0.46520358324050903,0.125,0.23927498422563076,197,186.35584240908574,0.013235396536443268,0.0017977804424268405
pair_006,SetA,18,561.5,652.5,208.67016217768173,0.7069775462150574,0.0,0.333209079780773,0.5204389691352844,0.05,0.1707773750385968,197,164.4338772881063,0.011437616094016428,0.0003008657265138725
pair_006,SetA,19,617.5,497.5,67.57767671448379,0.6997027397155762,0.0,0.32116959228132264,0.5055427551269531,0.05,0.26520315557718277,197,117.52659273543158,0.011136750367502555,0.0005423959127702892
pair_006,SetA,20,329.5,445.5,246.30522347389794,0.7057155966758728,0.0,0.3233046933344175,0.5020334720611572,0.16249999999999998,0.2683156318962574,197,178.9986033465066,0.010594354454732266,0.00040420110894118927
pair_007,SetA,1,593.0,512.0,0.46399244774121434,0.849291205406189,0.0,0.7845998994636469,0.7300066351890564,0.05,0.6177820786833763,180,93.7709976485267,0.9126342140254174,0.09473385018058411
pair_007,SetA,2,460.0,523.0,133.91697345159903,0.8541385531425476,0.0,0.7942155284674346,0.7360213994979858,0.05,0.5782178565859795,180,46.14108798023731,0.8179003638448333,0.01049952363157447
pair_007,SetA,3,448.0,524.0,145.95856390228118,0.8473787903785706,0.0,0.7890999186689185,0.7364616990089417,0.05,0.6175568774342537,180,57.271284253105414,0.8074008402132589,0.010442494675058756
pair_007,SetA,4,431.0,525.0,162.98370634121346,0.8336363434791565,0.0,0.7779433339520903,0.6772226691246033,0.05,0.5790116339921951,180,73.38937252763509,0.7969583455382001,0.05025296108027888
pair_007,SetA,5,576.0,513.0,17.492896995470936,0.8335660696029663,0.0,0.7726442985815332,0.6799858808517456,0.05,0.5971216484904289,180,77.10382610480494,0.7467053844579212,0.26920687595731424
pair_007,SetA,6,454.0,523.0,139.89754554109726,0.8228057622909546,0.0,0.7662067192572136,0.6410536170005798,0.05,0.5952914729714394,180,51.42956348249516,0.477498508500607,0.17313536676480884
pair_007,SetA,7,562.0,514.0,31.52782686141253,0.7822288274765015,0.0,0.7524519874257818,0.5981709957122803,0.05885254915624212,0.5538299828767776,180,63.56099432828282,0.30436314173579815,0.10744419635722596
pair_007,SetA,8,309.0,535.0,285.39272999823964,0.8290410041809082,0.0,0.7643095005832266,0.6435602903366089,0.05,0.6120391115546227,180,194.18032856085088,0.19691894537857219,0.05889266674661589
pair_007,SetA,9,409.0,527.0,185.0732987368786,0.7128615975379944,0.0,0.7224168661073699,0.6128997802734375,0.09358541225631423,0.559295579791069,180,94.92101980067429,0.1380262786319563,0.026120970066493263
pair_007,SetA,10,437.0,525.0,157.00357022288318,0.8520575165748596,0.0,0.7999216572392089,0.7279792428016663,0.0875,0.6120350509881973,180,67.77905281132217,0.11190530856546303,0.015128238777499428
pair_007,SetA,11,423.0,526.0,171.03836845585514,0.8496788144111633,0.0,0.8005215316427178,0.728094220161438,0.11020817282989959,0.559571273624897,180,81.27115109311545,0.0967770697879636,0.0022859861986222196
pair_007,SetA,12,329.0,534.0,265.3779200396144,0.7802143096923828,0.0,0.7751889850786531,0.6599675416946411,0.05,0.5723007321357727,180,174.34735443934903,0.09449108358934138,0.005358343103146507
pair_007,SetA,13,630.0,509.0,36.65852674872503,0.7021084427833557,0.0,0.672254981127218,0.6061258316040039,0.12961646096066226,0.5241537913680077,180,130.31116606031887,0.08913274048619488,0.00939363008955156
pair_007,SetA,14,582.0,513.0,11.507996146465494,0.8539687395095825,0.0,0.7939884094947276,0.7252321839332581,0.09358541225631423,0.6182589456439018,180,83.02409288875127,0.07973911039664332,8.190164804564026e-05
pair_007,SetA,15,568.0,514.0,25.542834545447658,0.8558495044708252,0.0,0.7989970799862656,0.7314746379852295,0.12961646096066226,0.5627748742699623,180,69.42621983083913,0.07965720874859768,0.004654082543557633
pair_007,SetA,16,611.0,510.0,17.649066916373066,0.7748912572860718,0.0,0.7349669335623443,0.6080759167671204,0.05,0.5559988990426064,180,111.44954015158609,0.07500312620504004,0.006164795923703101
pair_007,SetA,17,466.0,522.0,127.85607787838386,0.8089264035224915,0.0,0.736049117626778,0.6311013698577881,0.12961646096066226,0.5544043257832527,180,40.496913462633174,0.06883833028133694,0.008474327304110414
pair_007,SetA,18,400.0,528.0,194.1249308263531,0.7226675748825073,0.0,0.6730651174182634,0.625342071056366,0.14270509831248424,0.5250294581055641,180,103.84603988597736,0.06036400297722653,0.010598550353786582
pair_007,SetA,19,713.0,502.0,119.9531129616542,0.8594587445259094,0.0,0.8009160985142949,0.7466550469398499,0.05,0.5717626810073853,180,213.00938946440834,0.04976545262343995,0.01816243093315996
pair_007,SetA,20,645.0,508.0,51.690591507675975,0.6871508359909058,0.0,0.5753621560250346,0.5600214600563049,0.125,0.5007952824234962,180,145.2205219657332,0.03160302169027999,0.0016072386929179283
pair_008,SetA,1,442.5,451.5,20.057897188375872,0.7597874402999878,0.0,0.5515018145787647,0.63691645860672,0.05,0.4738098010420799,194,75.22300180131074,0.9388054131701601,0.2566125537933509
pair_008,SetA,2,644.5,462.5,222.35709578925363,0.7808238863945007,0.0,0.49705234517280306,0.6684383749961853,0.05,0.49140775203704834,194,149.2866370443115,0.6821928593768092,0.4690512837257986
pair_008,SetA,3,386.5,448.5,36.022643179054214,0.7635563015937805,0.0,0.49081662667764686,0.6456252932548523,0.125,0.4787515476346016,194,124.63747430046871,0.2131415756510106,0.019701830553420313
pair_008,SetA,4,445.5,462.5,26.034672934681197,0.6674540638923645,0.0,0.5094151976340866,0.4265746474266052,0.16249999999999998,0.4502216726541519,194,66.15512073906298,0.1934397450975903,0.027750993801602036
pair_008,SetA,5,433.5,461.5,15.681374445183923,0.6758562922477722,0.0,0.5810726209810656,0.44975361227989197,0.16249999999999998,0.4526713937520981,194,76.84074440035052,0.16568875129598826,0.02570676467664823
pair_008,SetA,6,426.5,450.5,4.027664321459253,0.7800099849700928,0.0,0.48836629449521857,0.6676584482192993,0.125,0.4888581410050392,194,88.61433292645158,0.13998198661934003,0.020415323499200264
pair_008,SetA,7,628.5,461.5,206.32639406556356,0.7633444666862488,0.0,0.598476192760237,0.6369845867156982,0.125,0.4734412580728531,194,134.14357979418918,0.11956666312013976,0.011744135168544431
pair_008,SetA,8,656.5,463.5,234.39406293282488,0.7360168695449829,0.0,0.5393994158981266,0.5832964181900024,0.05,0.4638819545507431,194,160.70003111387376,0.10782252795159533,0.02678526369829158
pair_008,SetA,9,636.5,461.5,214.31513671906822,0.6852532029151917,0.0,0.5211320939419866,0.4875577390193939,0.16249999999999998,0.4475945793092251,194,141.82559712548365,0.08103726425330375,0.009979490947993566
pair_008,SetA,10,425.5,466.5,16.432436708959035,0.6667110323905945,0.0,0.5487563776221756,0.4332377016544342,0.05,0.44234489649534225,194,81.68537200747757,0.07105777330531018,0.006395304543177799
pair_008,SetA,11,358.5,452.5,64.01136355498835,0.6989111304283142,0.0,0.4367193469620942,0.5179519057273865,0.16249999999999998,0.4471733383834362,194,149.25984054661185,0.06466246876213239,0.0075248884939960875
pair_008,SetA,12,462.5,452.5,40.08260057381388,0.7278743386268616,0.0,0.4406683666440702,0.5780613422393799,0.05,0.44686293601989746,194,60.518592184551025,0.0571375802681363,0.006708428780712816
pair_008,SetA,13,406.5,449.5,15.997701420701297,0.7827922105789185,0.0,0.5956831188877767,0.6723376512527466,0.12961646096066226,0.492853045463562,194,106.26617523934885,0.05042915148742348,0.0013752213136996316
pair_008,SetA,14,680.5,464.5,258.41259806113334,0.7566916346549988,0.0,0.46240002362161037,0.6269353628158569,0.05,0.47449665516614914,194,183.9578756128696,0.04905393017372385,0.0017782171615695966
pair_008,SetA,15,481.5,453.5,59.10889002974523,0.7127760648727417,0.0,0.5744164730223051,0.5732898712158203,0.05,0.44071124494075775,194,50.04497976820452,0.047275713012154254,0.002685419459224403
pair_008,SetA,16,472.5,479.5,57.89904713446113,0.6626899242401123,0.0,0.561960384798263,0.41967466473579407,0.1662132317597294,0.4175201877951622,194,34.30014577228499,0.04459029355292985,0.006528127915241468
pair_008,SetA,17,450.5,446.5,28.28780245822534,0.7357776165008545,0.0,0.47944334569135233,0.60130774974823,0.125,0.47010068595409393,194,72.88689868556625,0.03806216563768838,0.004497185521964139
pair_008,SetA,18,489.5,459.5,67.64671102119817,0.7287028431892395,0.0,0.6068183957990329,0.5652398467063904,0.19366069605669878,0.4508027508854866,194,41.83897704294406,0.033564980115724244,0.00022436304599555285
pair_008,SetA,19,483.5,570.5,134.76069204848548,0.6622560620307922,0.0,0.5400790494139357,0.4252963364124298,0.16249999999999998,0.4036545231938362,194,72.40511031688303,0.03334061706972869,0.0017627194463962284
pair_008,SetA,20,418.5,450.5,3.978082587335567,0.741343080997467,0.0,0.433991152407016,0.5975985527038574,0.125,0.46523383259773254,194,95.35460135724966,0.03157789762333246,0.004389040229825215
pair_009,SetA,1,400.0,476.0,169.35732695063314,0.8786338567733765,0.0,0.7209718672776875,0.6926372051239014,0.05,0.28991132974624634,101,102.83968105745953,0.6119737933136875,0.016276418552025218
pair_009,SetA,2,562.0,456.0,25.971876040280417,0.8839405179023743,0.0,0.753756661572804,0.6853307485580444,0.05,0.29094818234443665,99,76.02631123499285,0.5956973747616623,0.046938334914164326
pair_009,SetA,3,563.0,430.0,0.04769432197196644,0.8905602693557739,0.0,0.7795401104125691,0.7085001468658447,0.05,0.29329460859298706,99,94.17536832951598,0.548759039847498,0.005218806411233845
pair_009,SetA,4,401.0,450.0,163.2279636629714,0.8810873627662659,0.0,0.7497256502471712,0.6917272210121155,0.05,0.29062672704458237,101,110.90987332063814,0.5435402334362641,0.05803914663541221
pair_009,SetA,5,561.0,482.0,51.99109938590485,0.8760678172111511,0.0,0.7294515131863324,0.6557297706604004,0.05,0.2881794422864914,99,63.60031446463138,0.4855010868008519,0.016672728689552774
pair_009,SetA,6,402.0,424.0,161.1174480037993,0.8752401471138,0.0,0.7645238674640363,0.6678319573402405,0.05,0.29035288095474243,101,124.01612798341996,0.46882835811129914,0.04691620920968953
pair_009,SetA,7,401.0,437.0,162.1530264827102,0.8756214380264282,0.0,0.798935212395878,0.6830409169197083,0.05,0.289827860891819,101,117.34564329364768,0.4219121489016096,0.057750976613635985
pair_009,SetA,8,395.0,605.0,242.556549305024,0.8688352108001709,0.0,0.7399964029733711,0.6673520803451538,0.05,0.2700309604406357,101,148.49242404917499,0.3641611722879736,0.0670079500435733
pair_009,SetA,9,402.0,411.0,162.12670331317779,0.8713205456733704,0.0,0.8146239855661819,0.653626561164856,0.05,0.28510717302560806,101,132.38202294873727,0.29715322224440033,0.06001970608579979
pair_009,SetA,10,555.0,649.0,219.09871084968353,0.8689191937446594,0.0,0.7911612026476713,0.6536994576454163,0.05,0.2910461872816086,99,158.826949854236,0.23713351615860054,0.024401374913734813
pair_009,SetA,11,556.0,611.0,181.08796159395004,0.8581728339195251,0.0,0.7319531303518828,0.6279087066650391,0.05,0.26639923080801964,99,124.32618388738553,0.21273214124486572,0.04186138511217441
pair_009,SetA,12,562.0,443.0,12.991313289806182,0.8679107427597046,0.0,0.7912874216769419,0.6647251844406128,0.05,0.29197924956679344,99,84.21995013059554,0.17087075613269131,0.045816826876290156
pair_009,SetA,13,400.0,463.0,166.3013531749091,0.8763427138328552,0.0,0.7747856838394405,0.6874432563781738,0.05885254915624212,0.2898314371705055,101,106.6255128944288,0.12505392925640116,0.0034253084742106588
pair_009,SetA,14,563.0,417.0,13.047534276274238,0.8710910081863403,0.0,0.8143557077747915,0.6677964329719543,0.05,0.29064832627773285,99,104.20172743289815,0.1216286207821905,0.04440818473452375
pair_009,SetA,15,399.0,489.0,174.27758357892503,0.8654295802116394,0.0,0.7382681785451783,0.6540371179580688,0.05,0.26708419620990753,101,101.59724405711013,0.07722043604766675,0.010520512373048144
pair_009,SetA,16,564.0,404.0,26.06657254886044,0.8665854930877686,0.0,0.7890948145192325,0.6658486127853394,0.0875,0.2730339840054512,99,115.37764081484765,0.0666999236746186,0.011754608564186426
pair_009,SetA,17,558.0,559.0,129.04951644095857,0.7954906821250916,0.0,0.6704232137942348,0.5813499093055725,0.05,0.2691185884177685,99,82.73451516749222,0.05494531511043218,0.00840201633116966
pair_009,SetA,18,558.0,572.0,142.0406343892586,0.7991374731063843,0.0,0.6485108984221248,0.567573606967926,0.05,0.2682419680058956,99,92.45539465060976,0.04654329877926252,0.0034498586301547687
pair_009,SetA,19,397.0,566.0,214.57020201838756,0.7923873662948608,0.0,0.6429567429089147,0.560865044593811,0.05,0.26851482316851616,101,122.3315167894194,0.04309344014910775,0.0034810464231131016
pair_009,SetA,20,569.0,443.0,14.27303281295364,0.6641154289245605,0.0,0.7110322464919533,0.493590772151947,0.05,0.18650268018245697,99,89.49860334105779,0.03961239372599465,0.008401968891158702
pair_010,SetA,1,417.5,379.5,0.4638655022163954,0.7105246186256409,0.0,0.4519259321018702,0.5019901990890503,0.05,0.39971667528152466,170,146.03595447697117,0.9046659485654094,0.0020350506026718396
pair_010,SetA,2,408.5,491.5,112.51887185702249,0.654323935508728,0.0,0.4240672449925321,0.46512913703918457,0.05,0.45552873611450195,170,91.89396062854185,0.9026308979627375,0.04274031350302698
pair_010,SetA,3,405.5,527.5,148.64364394845538,0.654506266117096,0.0,0.4833662445033592,0.4789353013038635,0.05,0.4504423215985298,170,98.42001828896396,0.8598905844597106,0.013111973272707855
pair_010,SetA,4,403.5,551.5,172.7268280488218,0.651159405708313,0.0,0.4823555147103165,0.4865170419216156,0.05,0.45042310655117035,170,109.38235689543355,0.8467786111870027,0.031035126728354512
pair_010,SetA,5,406.5,515.5,136.6020525669696,0.6489481329917908,0.0,0.4139189424282209,0.46074268221855164,0.05,0.4544743373990059,170,94.7760518274527,0.8157434844586482,0.015996760014646894
pair_010,SetA,6,400.5,579.5,200.88068338779695,0.7133691906929016,0.0,0.546750749120607,0.5656952261924744,0.05,0.40290841832756996,170,127.35972675850086,0.7997467244440013,0.0030848097536712027
pair_010,SetA,7,407.5,503.5,124.56046180366822,0.6541069746017456,0.0,0.4840121855329827,0.44783690571784973,0.05,0.45451027899980545,170,92.56619253269521,0.7966619146903301,0.011576695510905566
pair_010,SetA,8,618.5,396.5,201.2818604642917,0.6932482123374939,0.0,0.4628591955514756,0.5084918141365051,0.05,0.40779365226626396,170,157.33562851433237,0.7850852191794245,0.14777165004851256
pair_010,SetA,9,400.5,587.5,208.85160638622193,0.6546128988265991,0.0,0.3910817453373207,0.5171528458595276,0.05,0.4157889261841774,170,132.50094339286795,0.637313569130912,0.009355061008091026
pair_010,SetA,10,409.5,479.5,100.47728302064604,0.6459978818893433,0.0,0.4867863861363946,0.4602644145488739,0.05,0.44684187322854996,170,92.79277989154113,0.627958508122821,0.07817844355546189
pair_010,SetA,11,404.5,535.5,156.699625848828,0.6489661335945129,0.0,0.49959925082697054,0.4675242304801941,0.05,0.451223686337471,170,101.8847387983107,0.5497800645673591,0.234321802628306
pair_010,SetA,12,603.5,576.5,270.71492231396707,0.6444457769393921,0.0,0.44030648035159214,0.4769427478313446,0.05,0.4761088937520981,170,128.70314681467582,0.3154582619390531,0.17545468194761302
pair_010,SetA,13,393.5,667.5,289.15688833155804,0.6554088592529297,0.0,0.4763803053242327,0.4687478244304657,0.05,0.41187717765569687,170,198.4905539314151,0.14000357999144006,0.004915746031510709
pair_010,SetA,14,418.5,371.5,7.897804525096465,0.6672703623771667,0.0,0.45860004670863835,0.44825035333633423,0.125,0.4629599452018738,170,152.16602774601168,0.13508783395992935,0.000221033431717782
pair_010,SetA,15,401.5,571.5,192.82429593663971,0.6768813729286194,0.0,0.46640000494272216,0.5053691864013672,0.125,0.47123735398054123,170,121.7148306493502,0.13486680052821157,0.0068552284979984945
pair_010,SetA,16,607.5,532.5,243.67251167555105,0.6446301937103271,0.0,0.44588056208829063,0.4737320840358734,0.0875,0.4581805020570755,170,112.30538722608101,0.12801157203021307,0.026688511992429886
pair_010,SetA,17,410.5,467.5,88.43569574806864,0.6470707654953003,0.0,0.4285317103467881,0.4595372974872589,0.125,0.40803083777427673,170,95.21817053483016,0.10132306003778319,0.017955261161658936
pair_010,SetA,18,402.5,559.5,180.78273419410044,0.6518734097480774,0.0,0.4842567674852758,0.4804096817970276,0.125,0.4743197485804558,170,114.22127647684559,0.08336779887612425,0.01991588292187202
pair_010,SetA,19,601.5,600.5,287.3781366161826,0.6925939917564392,0.0,0.454483287349195,0.5518677830696106,0.125,0.40120829641819,170,142.837320053269,0.06345191595425223,0.007649757710478655
pair_010,SetA,20,606.5,544.5,250.63340772338714,0.6510805487632751,0.0,0.42130756448002243,0.48276668787002563,0.125,0.4538746252655983,170,115.42313459614584,0.055802158243773575,0.006269749963842296
pair_011,SetA,1,419.0,571.0,0.3796304028023408,0.8794574737548828,0.0,0.8525408945343766,0.6408504247665405,0.0,0.3374340180307627,196,107.71258050942797,0.963110741146089,0.053498192476640005
pair_011,SetA,2,607.0,374.0,272.0028221875723,0.8574930429458618,0.0,0.8349302528388105,0.5768567323684692,0.05,0.3333465661853552,196,165.3027525481654,0.909612548669449,0.006849831532312112
pair_011,SetA,3,606.0,389.0,260.6306914250284,0.8522410988807678,0.0,0.8245456489789049,0.5872415900230408,0.05,0.3317670337855816,196,153.48289807011074,0.9027627171371368,0.00650533656960961
pair_011,SetA,4,426.0,368.0,203.03898645605676,0.8626648187637329,0.0,0.8494582399140561,0.5882959365844727,0.05,0.3346526976674795,196,151.32745950421557,0.8962573805675272,0.032654166365237325
pair_011,SetA,5,427.0,354.0,217.0648436580401,0.8647990822792053,0.0,0.7686145147740029,0.6107012033462524,0.05,0.3324476480484009,196,163.23296235748464,0.8636032142022899,0.02464929028193119
pair_011,SetA,6,417.0,629.0,58.11766025053829,0.8532988429069519,0.0,0.815706356528074,0.5735549330711365,0.05,0.3099721521139145,196,153.39491516996253,0.8389539239203587,0.015481767677706593
pair_011,SetA,7,418.0,600.0,29.101602638340474,0.8578324317932129,0.0,0.8304376522852085,0.5785927176475525,0.05,0.33877258747816086,196,129.3213052826177,0.8234721562426521,0.005142467978400678
pair_011,SetA,8,606.0,418.0,241.28275927414487,0.8554939031600952,0.0,0.7509303761422068,0.5954810976982117,0.05,0.3089001290500164,196,134.01492454200763,0.8183296882642515,0.005452698318452298
pair_011,SetA,9,598.0,635.0,189.76924853594764,0.8612302541732788,0.0,0.8234872380393797,0.6120151877403259,0.05,0.31726321764290333,196,166.82026255823962,0.8128769899457992,0.014966576577924884
pair_011,SetA,10,599.0,620.0,186.20833938149482,0.8544236421585083,0.0,0.8088921237754508,0.5673069357872009,0.05,0.3197690397500992,196,155.56670594957006,0.7979104133678743,0.004648522130630273
pair_011,SetA,11,418.0,614.0,43.0910709812681,0.8568750023841858,0.0,0.8234528977820288,0.568128228187561,0.05,0.3192589730024338,196,140.42791745233566,0.793261891237244,0.031016446277943754
pair_011,SetA,12,419.0,585.0,14.074133772120852,0.8560681939125061,0.0,0.8201317691839979,0.577903687953949,0.05,0.33328067138791084,196,117.41379816699569,0.7622454449593002,0.002727486861036188
pair_011,SetA,13,426.0,383.0,188.04761500526013,0.8641754388809204,0.0,0.7620500161773142,0.6076006293296814,0.05,0.33475086838006973,196,138.43771162512041,0.7595179580982641,0.02018464917358409
pair_011,SetA,14,425.0,397.0,174.0218066162397,0.8669691681861877,0.0,0.8503787662452634,0.5991919636726379,0.05,0.3162893131375313,196,127.41271522104849,0.73933330892468,0.03303670844424578
pair_011,SetA,15,606.0,403.0,251.0583486659649,0.8625156879425049,0.0,0.838631792350411,0.593779981136322,0.05,0.3163920044898987,196,143.68368035375485,0.7062966004804342,0.0041391505023533615
pair_011,SetA,16,599.0,606.0,183.0180552104659,0.8628925681114197,0.0,0.8160786320340491,0.6077543497085571,0.05,0.34144800528883934,196,145.04137340772803,0.7021574499780808,0.1420680279881208
pair_011,SetA,17,601.0,548.0,183.06853967644705,0.8741002082824707,0.0,0.8384528467089974,0.6379225850105286,0.05,0.325192054733634,196,111.8257573191436,0.56008942198996,0.08269961719196273
pair_011,SetA,18,420.0,542.0,28.93760464111704,0.8674788475036621,0.0,0.834740327238293,0.6058345437049866,0.05,0.3271196484565735,196,90.35485598461214,0.4773898047979973,0.021238702064267978
pair_011,SetA,19,425.0,412.0,159.03038912749872,0.8611871600151062,0.0,0.7602350300165085,0.6020858287811279,0.05,0.3134928308427334,196,115.62439189029277,0.45615110273372933,0.004985750287065882
pair_011,SetA,20,607.0,360.0,282.304088096172,0.8567144870758057,0.0,0.8313693936928601,0.5997960567474365,0.05,0.33277488499879837,196,176.207264322445,0.45116535244666345,0.05595305094309122
pair_012,SetA,1,415.5,532.5,0.2637083177546133,0.8039388656616211,0.0,0.6828193172810297,0.6827178001403809,0.05,0.4033692330121994,187,90.53452380169678,0.5360214234869294,0.06999511159345989
pair_012,SetA,2,417.5,569.5,36.85913742820603,0.7713336944580078,0.0,0.751635851300938,0.6256219148635864,0.05,0.4074949771165848,187,107.87261005463806,0.4660263118934695,0.11832270037278103
pair_012,SetA,3,417.5,563.5,30.87152416320074,0.7590852379798889,0.0,0.7148678882636026,0.5910033583641052,0.05,0.3543546348810196,187,104.10811687856044,0.34770361152068846,0.03581474941949225
pair_012,SetA,4,404.5,371.5,161.56820364672322,0.7723771333694458,0.0,0.530104158394016,0.6506832242012024,0.05,0.3564217835664749,187,160.10153028625305,0.3118888621011962,0.08382403553311535
pair_012,SetA,5,403.5,355.5,177.59926317772798,0.821050226688385,0.0,0.7993925913299659,0.7170709371566772,0.05,0.4000483304262161,187,173.75989180475452,0.22806482656808086,0.035744609477272565
pair_012,SetA,6,421.5,626.5,93.99789765178582,0.81124347448349,0.0,0.6149991421077543,0.709845781326294,0.05,0.3798421770334244,187,148.87746639434727,0.1923202170908083,0.01202676514644982
pair_012,SetA,7,679.5,551.5,264.83419922773874,0.789691686630249,0.0,0.7485033210119105,0.6837826371192932,0.05,0.4172809422016144,187,186.74180035546408,0.18029345194435847,0.07243222469254622
pair_012,SetA,8,413.5,506.5,26.268655335872484,0.8133378624916077,0.0,0.668614512590755,0.7155511975288391,0.05,0.38172897696495056,187,86.7438758645243,0.10786122725181226,0.00648590427442601
pair_012,SetA,9,420.5,605.5,72.97852041140749,0.7971790432929993,0.0,0.46405151481112383,0.6660170555114746,0.05,0.4085600823163986,187,132.10034065058272,0.10137532297738625,0.01287360484762809
pair_012,SetA,10,419.5,595.5,62.93348314588483,0.8020785450935364,0.0,0.7914331537473083,0.6867345571517944,0.16249999999999998,0.39370930194854736,187,124.9019615538523,0.08850171812975816,0.033302334747973575
pair_012,SetA,11,414.5,522.5,10.238574193314392,0.8032141327857971,0.0,0.3768312295382906,0.6955497860908508,0.05,0.40306639671325684,187,88.41097216974825,0.05519938338178458,0.00288871629110235
pair_012,SetA,12,681.5,577.5,269.90957813593724,0.7996538281440735,0.0,0.7592710774919145,0.6972513198852539,0.05,0.4069558382034302,187,197.35374331387789,0.05231066709068223,0.005523915260316731
pair_012,SetA,13,416.5,548.5,15.838424493427192,0.8093298673629761,0.0,0.312287371468253,0.7046114802360535,0.05,0.40468548238277435,187,96.56345064256973,0.0467867518303655,0.0031730205199488673
pair_012,SetA,14,418.5,579.5,46.902421606098635,0.8191714882850647,0.0,0.5603433568875249,0.7190827131271362,0.05,0.40079165995121,187,113.852975367357,0.04361373131041663,0.005100115603502181
pair_012,SetA,15,401.5,329.5,203.67491498058837,0.8174782991409302,0.0,0.7895630893448131,0.7115636467933655,0.05,0.41583162546157837,187,196.90733861387696,0.03851361570691445,0.0015412858937781104
pair_012,SetA,16,674.5,478.5,264.7741644897331,0.7727715373039246,0.0,0.48492870564668855,0.6610323786735535,0.05,0.38196536898612976,187,175.81950972517242,0.03697232981313634,0.006962463772273775
pair_012,SetA,17,405.5,392.5,140.54901191807224,0.6206215023994446,0.0,0.36842577561411816,0.4189520478248596,0.05,0.3549024686217308,187,143.1310588237228,0.030009866040862566,0.004413530730717527
pair_012,SetA,18,402.5,345.5,187.64396377370372,0.7726763486862183,0.0,0.6250402753415973,0.6159785985946655,0.05,0.3870849609375,187,182.69236437246084,0.02559633531014504,0.002506947007095351
pair_012,SetA,19,406.5,402.5,130.50389224736273,0.7011353373527527,0.0,0.35685627670477316,0.5789355039596558,0.05,0.3582804203033447,187,135.08700899790475,0.02308938830304969,0.0020606306548687572
pair_012,SetA,20,407.5,533.5,7.873882317764087,0.633632242679596,0.0,0.563480849461174,0.46994641423225403,0.05885254915624212,0.27372753620147705,187,98.37936775564275,0.02102875764818093,0.0006545288013553932
pair_013,SetA,1,502.5,399.5,0.2978703643747182,0.8775079250335693,0.0,0.7060239067262477,0.742630124092102,0.05,0.545553769916296,197,100.53108971855423,0.8655650756516637,0.7403784208557839
pair_013,SetA,2,499.5,572.5,172.90406949982005,0.8199130296707153,0.0,0.6393306048334914,0.59322190284729,0.09358541225631423,0.5318775624036789,197,72.50172411743047,0.12518665479587984,0.007859166120598643
pair_013,SetA,3,502.5,388.5,11.12079460950691,0.8520020842552185,0.0,0.7114097926675294,0.6777949929237366,0.05,0.5516347214579582,197,111.5280233842598,0.1173274886752812,0.008082685125704647
pair_013,SetA,4,363.5,570.5,220.10412852600993,0.8703333735466003,0.0,0.7309421407412944,0.7343282699584961,0.1662132317597294,0.5482570640742779,197,153.6310515488324,0.10924480354957655,0.04711046263400255
pair_013,SetA,5,634.5,575.5,220.07049951922593,0.8696287870407104,0.0,0.6632293619237037,0.7181029319763184,0.05,0.547224547713995,197,154.24169345543376,0.062134340915574,0.00539661000116505
pair_013,SetA,6,634.5,564.5,211.38261069594748,0.8686948418617249,0.0,0.7349040191177694,0.7222927808761597,0.05,0.5459708347916603,197,149.16601489615522,0.05673773091440895,0.006765378226894159
pair_013,SetA,7,502.5,410.5,10.886017672276097,0.8540410995483398,0.0,0.7434103614410977,0.700782060623169,0.05,0.547028373926878,197,89.53490939292897,0.04997235268751479,0.009855038575485454
pair_013,SetA,8,363.5,581.5,228.74930392943588,0.8714549541473389,0.0,0.6498268593309982,0.7213244438171387,0.05,0.5457019880414009,197,158.97955843441005,0.04011731411202934,0.008347431927477368
pair_013,SetA,9,634.5,586.5,228.9572916782708,0.8598275780677795,0.0,0.7530000730565201,0.6819145679473877,0.08106601717798213,0.5395082198083401,197,159.9140394086773,0.03176988218455197,0.007860812110091906
pair_013,SetA,10,635.5,521.5,180.60247544177182,0.8631637096405029,0.0,0.6200272080459936,0.6966761350631714,0.05,0.5193602032959461,197,137.1951165311652,0.023909070074460064,0.0020241822494036117
pair_013,SetA,11,363.5,592.5,237.58926891214716,0.8466014862060547,0.0,0.7179597659731516,0.6706322431564331,0.11020817282989959,0.5263953804969788,197,164.88935684270226,0.021884887825056452,0.0015643023943844175
pair_013,SetA,12,637.5,423.5,137.36580503694137,0.8579888343811035,0.0,0.6768249455557731,0.6946421265602112,0.05,0.5178420282900333,197,157.34833967983266,0.020320585430672035,0.001865608303980179
pair_013,SetA,13,364.5,494.5,167.2459968526428,0.7536537051200867,0.0,0.6660868174343121,0.6362271308898926,0.05,0.468540720641613,197,135.61157767683406,0.018454977126691856,0.0011073037320333476
pair_013,SetA,14,498.5,594.5,194.9181958178541,0.8486339449882507,0.0,0.7262227587804536,0.7076471447944641,0.05,0.5197245627641678,197,94.51190401214018,0.017347673394658508,0.0010044481123399618
pair_013,SetA,15,358.5,548.5,206.93780853810222,0.7141603827476501,0.0,0.6722998247345249,0.6304943561553955,0.14270509831248424,0.37104374915361404,197,149.58108169150267,0.016343225282318546,0.00030703920626814
pair_013,SetA,16,499.5,540.5,140.90895087942954,0.8663911819458008,0.0,0.7313454093995038,0.7239409685134888,0.05,0.5454310327768326,197,40.50308630215727,0.016036186076050406,0.001271783101600565
pair_013,SetA,17,363.5,559.5,211.67761038944855,0.8598718047142029,0.0,0.7005415905894412,0.7239437699317932,0.05,0.5436778850853443,197,148.90433170327853,0.014764402974449841,0.0022679096688119627
pair_013,SetA,18,364.5,516.5,180.6379162060072,0.8679376840591431,0.0,0.749877501762165,0.718386173248291,0.16249999999999998,0.5204197764396667,197,136.50091574784398,0.012496493305637879,0.00042290934596143394
pair_013,SetA,19,366.5,418.5,137.03345222608843,0.8492534756660461,0.0,0.7027144454200938,0.6665874719619751,0.09358541225631423,0.512045357376337,197,156.4113167261244,0.012073583959676445,0.001321516987092217
pair_013,SetA,20,364.5,527.5,187.94273975138174,0.856216549873352,0.0,0.6265501551677943,0.6720011234283447,0.09358541225631423,0.5413257107138634,197,138.26243162913056,0.010752066972584228,4.78586726264732e-06
pair_014,SetA,1,388.0,381.0,279.05076283183956,0.7572696208953857,0.0,0.6746884941496285,0.6179472804069519,0.05,0.4668312147259712,200,163.41664541900252,0.7628828120510643,0.04260205650337734
pair_014,SetA,2,378.0,381.0,285.09876481545325,0.7353124022483826,0.0,0.6252230676934343,0.5747270584106445,0.05,0.4739751238375902,200,170.42593699317015,0.720280755547687,0.06854113404880913
pair_014,SetA,3,431.0,382.0,255.00709772285316,0.7305631041526794,0.0,0.6528459631584715,0.5526086688041687,0.05,0.432098213583231,200,136.69308687713507,0.6517396214988779,0.06832345241186522
pair_014,SetA,4,570.0,606.0,16.405939959940415,0.7538560032844543,0.0,0.6655572903447282,0.6242939233779907,0.05,0.4520646184682846,200,127.02755606560333,0.5834161690870127,0.15935939510150587
pair_014,SetA,5,636.0,608.0,82.43599392560644,0.7526237368583679,0.0,0.6237629148226025,0.6039897203445435,0.05,0.4452412538230419,200,173.6663467687393,0.4240567739855068,0.0381527503695005
pair_014,SetA,6,415.0,602.0,138.6456871745854,0.7424986362457275,0.0,0.6124483573797432,0.5880365967750549,0.05,0.43814229033887386,200,132.7742444904131,0.3859040236160063,0.028349600399408204
pair_014,SetA,7,609.0,387.0,225.5136243321481,0.7557960748672485,0.0,0.6657915261231151,0.6258812546730042,0.0875,0.462172694504261,200,157.00318468107582,0.3575544232165981,0.13787286439658736
pair_014,SetA,8,382.0,601.0,171.66058795730098,0.753363311290741,0.0,0.6458932765967045,0.6184924840927124,0.0875,0.4494146555662155,200,155.32224567009067,0.21968155882001072,0.023496241957002117
pair_014,SetA,9,603.0,607.0,49.42088607295396,0.7607360482215881,0.0,0.6452838515395077,0.6327114701271057,0.0875,0.45137492567300797,200,148.51935900750448,0.1961853168630086,0.014042010170515401
pair_014,SetA,10,421.0,382.0,259.9626845362586,0.7588862180709839,0.0,0.6531730471125013,0.6264808773994446,0.0875,0.4732777737081051,200,142.00352108310554,0.1821433066924932,0.04696587698223187
pair_014,SetA,11,355.0,380.0,300.562903770184,0.7408635020256042,0.0,0.680978692671671,0.5806292295455933,0.05,0.4558888301253319,200,188.2153022471871,0.13517742971026134,0.001994404011352424
pair_014,SetA,12,345.0,380.0,307.2621626315717,0.7448803186416626,0.0,0.6495036869847961,0.6021513342857361,0.0875,0.4796393010765314,200,196.02295783912658,0.1331830256989089,0.011167056301462266
pair_014,SetA,13,646.0,608.0,92.4322218289547,0.7477422952651978,0.0,0.6471964578934839,0.6069831848144531,0.05,0.44580627977848053,200,181.60396471443016,0.12201596939744665,0.042193302379195385
pair_014,SetA,14,576.0,386.0,220.74221536705318,0.7402843236923218,0.0,0.6652674486282817,0.5798170566558838,0.125,0.4464691635221243,200,137.0109484676316,0.07982266701825126,0.025370385573311678
pair_014,SetA,15,593.0,488.0,124.02752683612997,0.6395658254623413,0.0,0.6094752020185796,0.4560990333557129,0.16249999999999998,0.4081786908209324,200,93.7709976485267,0.05445228144493958,0.0065986202048627166
pair_014,SetA,16,380.0,438.0,241.30315035696034,0.6444714069366455,0.0,0.6177794834158827,0.4798908531665802,0.16249999999999998,0.41051578894257545,200,135.07035203922436,0.04785366124007687,0.005333017773915712
pair_014,SetA,17,566.0,386.0,219.95250193489508,0.747234582901001,0.0,0.6424456660063426,0.6124730706214905,0.16249999999999998,0.47742921486496925,200,131.7269904006009,0.042520643466161155,0.0007693960420036908
pair_014,SetA,18,574.0,461.0,146.03467608185056,0.6506524085998535,0.0,0.6174443538030538,0.49704670906066895,0.125,0.41820765286684036,200,83.64807230295268,0.041751247424157464,0.0010843947840355542
pair_014,SetA,19,632.0,388.0,231.29557137125101,0.7180292010307312,0.0,0.5751530423429327,0.5284788012504578,0.05,0.4614335857331753,200,173.11268006705922,0.04066685264012191,0.0015363921148959792
pair_014,SetA,20,425.0,602.0,128.6493261150149,0.7464286684989929,0.0,0.649315029667095,0.6022499799728394,0.14270509831248424,0.4434564486145973,200,126.60568707605516,0.03913046052522593,0.0016964861386348437
pair_015,SetA,1,569.0,421.0,0.24011216274098207,0.8775427341461182,0.0,0.8480379241564209,0.7285666465759277,0.05,0.709193617105484,174,104.89041900955492,0.9229879651900139,0.00376357348378209
pair_015,SetA,2,561.0,421.0,8.129623727798457,0.8833754062652588,0.0,0.8499042294963868,0.7619365453720093,0.05,0.7004461735486984,174,99.80981915623332,0.9192243917062318,0.04728737784140957
pair_015,SetA,3,415.0,415.0,154.25187246847887,0.8783910870552063,0.0,0.8469293672667411,0.7521568536758423,0.05,0.685079500079155,174,120.20815280171308,0.8719370138648223,0.39322263769484705
pair_015,SetA,4,445.0,416.0,124.23609968367295,0.8748403787612915,0.0,0.8448878987664141,0.7365657091140747,0.05,0.6848231852054596,174,100.40418317978589,0.4787143761699752,0.23471993978554886
pair_015,SetA,5,589.0,422.0,19.88887549766108,0.8408404588699341,0.0,0.8332778338067002,0.7299012541770935,0.05,0.6693391352891922,174,118.3427226321923,0.24399443638442633,0.013597466714213746
pair_015,SetA,6,685.0,426.0,115.97215170546227,0.8822196125984192,0.0,0.8510073189500719,0.7550753355026245,0.16249999999999998,0.6673295646905899,174,199.25109786397664,0.2303969696702126,0.04538494601349141
pair_015,SetA,7,409.0,415.0,160.24719968258583,0.8523866534233093,0.0,0.8185937313507479,0.6902227997779846,0.0875,0.6556254923343658,174,124.52309022827855,0.18501202365672118,0.04093324781244739
pair_015,SetA,8,577.0,422.0,7.913094256913322,0.8474574089050293,0.0,0.8110578332222558,0.675574004650116,0.05885254915624212,0.674029991030693,174,109.60383204979651,0.14407877584427378,0.02586000174748461
pair_015,SetA,9,437.0,416.0,132.2295034881263,0.8712736368179321,0.0,0.8375346444661536,0.7353399395942688,0.09358541225631423,0.6879466474056244,174,105.0,0.11821877409678917,0.01289216768519029
pair_015,SetA,10,423.0,415.0,146.25869899574172,0.8685441613197327,0.0,0.8416491589184715,0.722093939781189,0.05,0.6902114897966385,174,114.69088891450794,0.10532660641159888,0.008275620403354333
pair_015,SetA,11,583.0,422.0,13.895762470628554,0.8761436939239502,0.0,0.8444560333267925,0.7446158528327942,0.11020817282989959,0.6837276369333267,174,113.89907813498755,0.09705098600824455,0.016306860843067733
pair_015,SetA,12,547.0,420.0,22.159788382702367,0.8658049702644348,0.0,0.8390827493064144,0.690778911113739,0.16249999999999998,0.652233675122261,174,92.78469701410896,0.08074412516517682,0.014166849513940538
pair_015,SetA,13,482.0,594.0,193.51918889949368,0.6204476356506348,0.0,0.5137786240768275,0.4726886749267578,0.05,0.5137731581926346,174,95.70788891204319,0.06657727565123628,0.015679471280648477
pair_015,SetA,14,467.0,417.0,102.21355045832264,0.738364577293396,0.0,0.771470277725814,0.6331298351287842,0.05,0.6360620707273483,174,89.31965069345043,0.0508978043705878,0.004331346994177553
pair_015,SetA,15,410.0,470.0,166.4406809905909,0.6187679767608643,0.0,0.49453299835908127,0.6981883645057678,0.05,0.47261273860931396,174,94.86832980505137,0.04656645737641025,0.007657413894077245
pair_015,SetA,16,555.0,421.0,14.128539486948016,0.8605509400367737,0.0,0.8250748482666392,0.7076162695884705,0.09358541225631423,0.6818526089191437,174,96.26006440887103,0.038909043482333004,0.004642680417627082
pair_015,SetA,17,597.0,422.0,27.88430096768746,0.7268625497817993,0.0,0.78183847420435,0.577792227268219,0.05885254915624212,0.649336576461792,174,124.47088012864695,0.03426636306470592,0.004493765342345694
pair_015,SetA,18,413.0,591.0,230.66520023034167,0.738463819026947,0.0,0.6625384557723142,0.5257275104522705,0.09358541225631423,0.584628239274025,174,125.89678312014172,0.02977259772236023,0.0003463001267513324
pair_015,SetA,19,459.0,417.0,110.20727301499187,0.7333335280418396,0.0,0.7871908279787576,0.6199430227279663,0.0875,0.6444410532712936,174,92.57429448826494,0.029426297595608896,0.0018007188931762237
pair_015,SetA,20,559.0,597.0,176.08772023973546,0.7398152351379395,0.0,0.6666031719037089,0.525457501411438,0.05,0.6047750562429428,174,113.53413583587978,0.027625578702432672,0.004417457194095607
pair_016,SetA,1,478.5,662.5,76.37412098565409,0.7391408681869507,0.0,0.44362035204410954,0.5848429799079895,0.05,0.6836495101451874,200,163.9161370945521,0.6840895735473947,0.09079737424553602
pair_016,SetA,2,477.5,567.5,18.632032387108,0.74159175157547,0.0,0.5546473863030428,0.5384150743484497,0.05,0.7310990691184998,200,71.15124735378853,0.5932921993018587,0.0830014715253784
pair_016,SetA,3,477.5,586.5,0.36945569463634087,0.7733441591262817,0.0,0.5180051241042615,0.6074184775352478,0.05,0.7644206881523132,200,89.37840902589394,0.5102907277764803,0.10269441965373544
pair_016,SetA,4,477.5,557.5,28.632022301363733,0.7956956028938293,0.0,0.6062772886148828,0.6630999445915222,0.05,0.785854309797287,200,61.74544517614235,0.4075963081227449,0.06433112365694704
pair_016,SetA,5,476.5,395.5,190.6348012454496,0.7319032549858093,0.0,0.4731388207145679,0.5518526434898376,0.05,0.7278993725776672,200,107.10975679180679,0.34326518446579785,0.059117189133855774
pair_016,SetA,6,475.5,371.5,214.6416297507895,0.7527834177017212,0.0,0.571731531851992,0.5862851738929749,0.05,0.7451111972332001,200,130.8147545195113,0.28414799533194207,0.041644671013437384
pair_016,SetA,7,477.5,629.5,43.36800889695814,0.731468677520752,0.0,0.545330819010266,0.5355215072631836,0.05,0.7222082614898682,200,131.44010042601155,0.2425033243185047,0.14989488564719727
pair_016,SetA,8,475.5,352.5,233.6408469327205,0.7798888087272644,0.0,0.5581628448318197,0.6382527351379395,0.0875,0.7731208801269531,200,149.52090154891388,0.0926084386713074,0.0034220616565569656
pair_016,SetA,9,441.5,562.5,43.091003051742,0.5894972085952759,0.0,0.4705426760339658,0.39964577555656433,0.05,0.5778964161872864,200,85.60665861952562,0.08918637701475043,0.008809910284779482
pair_016,SetA,10,476.5,414.5,171.63511095497955,0.7706474661827087,0.0,0.4467146439587861,0.6168239712715149,0.16249999999999998,0.7291329503059387,200,88.670739254841,0.08037646672997095,0.02840931373627225
pair_016,SetA,11,475.5,362.5,223.64124236206388,0.7048591375350952,0.0,0.4665957864174526,0.49723026156425476,0.05,0.6999323070049286,200,139.6656722319411,0.0519671529936987,0.005791239561427422
pair_016,SetA,12,465.5,414.5,172.05328534347532,0.5933812856674194,0.0,0.46804245272663814,0.4120943248271942,0.16249999999999998,0.5596191883087158,200,92.19815616377586,0.04617591343227128,0.0014036258831282497
pair_016,SetA,13,477.5,538.5,47.6320148054828,0.7626826763153076,0.0,0.5277395728837695,0.6054685115814209,0.16249999999999998,0.7028824090957642,200,44.5926002830066,0.04477228754914303,0.002035769709195022
pair_016,SetA,14,477.5,648.5,62.3680051173893,0.7120394706726074,0.0,0.47886083855650685,0.5128893256187439,0.125,0.6843101680278778,200,150.19487341450773,0.04273651783994801,0.0004426756528407086
pair_016,SetA,15,483.5,423.5,162.7414390844979,0.6041420698165894,0.0,0.5050259259226926,0.38054460287094116,0.16249999999999998,0.5565464198589325,200,78.25918476447349,0.0422938421871073,0.007317415682488886
pair_016,SetA,16,470.5,571.5,16.234403495663972,0.5860245823860168,0.0,0.43685182661633304,0.36104047298431396,0.1662132317597294,0.5737268924713135,200,77.34662242140894,0.034976426504618414,0.0019345207330259823
pair_016,SetA,17,475.5,343.5,242.6405189134975,0.7184516191482544,0.0,0.5560521290667594,0.5226927995681763,0.16249999999999998,0.7101799547672272,200,158.4061236190066,0.03304190577159243,0.0019290009574799497
pair_016,SetA,18,483.5,409.5,176.7327702876903,0.6256353259086609,0.0,0.5171482702495491,0.42036259174346924,0.16249999999999998,0.6014832258224487,200,91.99184746487049,0.031112904814112483,0.0037341320117113518
pair_016,SetA,19,602.5,556.5,128.43230023123024,0.5868909358978271,0.0,0.3843662743893821,0.38959142565727234,0.1340990257669732,0.5727472305297852,200,117.040591249361,0.02737877280240113,0.004627246920032701
pair_016,SetA,20,409.5,591.5,68.24425094901524,0.5947297811508179,0.0,0.49958201028909105,0.40026912093162537,0.12961646096066226,0.5843890905380249,200,128.6953767623375,0.02275152588236843,0.0036869126419521933
pair_017,SetA,1,379.0,512.0,184.84568650211244,0.8188899159431458,0.0,0.7878681889602912,0.63276207447052,0.05885254915624212,0.6471701264381409,186,121.59358535712317,0.17542132919622783,0.003086475054723925
pair_017,SetA,2,559.0,428.0,25.93859665487561,0.8169861435890198,0.0,0.757910484143196,0.6132090091705322,0.05,0.6324732899665833,186,93.08598175880189,0.1723348541415039,0.03146123429272077
pair_017,SetA,3,540.0,415.0,3.548604804050561,0.8140897750854492,0.0,0.7746301585689561,0.62020343542099,0.125,0.6535965204238892,186,93.94147114027967,0.14087361984878313,0.041777495089542135
pair_017,SetA,4,373.0,527.0,198.0485708551741,0.8159735798835754,0.0,0.7608159843810774,0.6141564249992371,0.1340990257669732,0.6510089039802551,186,129.83836104942176,0.099096124759241,0.011300322901075216
pair_017,SetA,5,383.0,469.0,162.6224770194389,0.8203555345535278,0.0,0.7832075824131874,0.6259883046150208,0.05,0.6638276129961014,186,121.03718436910205,0.08779580185816578,0.0010345862106061615
pair_017,SetA,6,517.0,445.0,35.61224764298986,0.8153696656227112,0.0,0.7882661055702413,0.6172711849212646,0.05,0.6581046283245087,186,57.56735185849702,0.08676121564755962,0.023156230395448008
pair_017,SetA,7,374.0,441.0,164.4958927380913,0.8168929219245911,0.0,0.767542707250301,0.6243810653686523,0.0875,0.6536070853471756,186,139.12943613772032,0.06360498525211161,0.003181015012866842
pair_017,SetA,8,527.0,430.0,17.58633214511596,0.8126665949821472,0.0,0.7712740797351265,0.6163638830184937,0.0875,0.652897447347641,186,75.02666192761077,0.06042397023924477,0.004707336644592858
pair_017,SetA,9,554.0,514.0,100.3732683089836,0.8115478157997131,0.0,0.7844686473397042,0.6187571883201599,0.05,0.6515841335058212,186,55.78530272392541,0.05571663359465191,0.0025740088414274095
pair_017,SetA,10,354.0,514.0,207.5018511180272,0.8174514770507812,0.0,0.7810078624328883,0.6248973608016968,0.05,0.6524261385202408,186,146.66969693839283,0.0531426247532245,0.000941518393586846
pair_017,SetA,11,541.0,429.0,14.555658337400569,0.8152947425842285,0.0,0.7855270886872373,0.6206750273704529,0.05,0.6550376415252686,186,81.98780397107853,0.05220110635963766,0.004397497288369266
pair_017,SetA,12,364.0,499.0,191.7500068149689,0.8188894987106323,0.0,0.7596999361511818,0.6215189099311829,0.05,0.6839535236358643,186,136.0036764208968,0.04780360907126839,0.001711658791663781
pair_017,SetA,13,340.0,515.0,220.36431223338118,0.8180863857269287,0.0,0.7733351244255887,0.6282105445861816,0.05,0.6232548952102661,186,160.70158679988197,0.04609195027960461,0.0033815121117419175
pair_017,SetA,14,384.0,483.0,166.86325127336377,0.8145180940628052,0.0,0.7933615863323291,0.6171598434448242,0.05,0.6573758572340012,186,117.23907198540937,0.04271043816786269,0.005515000185920084
pair_017,SetA,15,516.0,431.0,25.864214440145453,0.8153312802314758,0.0,0.7769708894537363,0.6143738627433777,0.125,0.6317351460456848,186,70.83078426785913,0.03719543798194261,0.004807373258079457
pair_017,SetA,16,378.0,498.0,178.79779983226143,0.820020854473114,0.0,0.7740385868117208,0.6255938410758972,0.125,0.6798064559698105,186,122.01639234135715,0.03238806472386315,0.002121049868952757
pair_017,SetA,17,360.0,442.0,178.48336229571885,0.8132243156433105,0.0,0.7566012024405167,0.6164117455482483,0.05,0.6559374779462814,186,151.53877391611692,0.030267014854910394,0.0015067321004715618
pair_017,SetA,18,544.0,672.0,256.93884809526423,0.8191649913787842,0.0,0.7718117359687128,0.6262893080711365,0.05,0.6830505877733231,186,177.53872816937718,0.028760282754438832,0.002817712574227766
pair_017,SetA,19,563.0,485.0,74.70318128152313,0.8114044666290283,0.0,0.7494433864866563,0.5942750573158264,0.1340990257669732,0.6573243737220764,186,64.76109943476871,0.025942570180211066,0.0007216557820425712
pair_017,SetA,20,382.0,655.0,285.2613188037738,0.8159468770027161,0.0,0.7630647476565773,0.6245542168617249,0.05,0.6528379023075104,186,194.80503073586164,0.025220914398168495,0.0036174152784291605
pair_018,SetA,1,465.5,535.5,168.44152295916086,0.8114736080169678,0.0,0.763390477223553,0.6062564849853516,0.05,0.7572550922632217,176,49.502525188115406,0.1377020719670342,0.010251401594492171
pair_018,SetA,2,359.5,525.5,274.3575996046712,0.8252807855606079,0.0,0.7523002633351243,0.641434907913208,0.05,0.7510929852724075,176,142.79530804616795,0.12745067037254204,0.055033446698553076
pair_018,SetA,3,453.5,514.5,180.9428400328877,0.8199832439422607,0.0,0.5778706670116331,0.625491738319397,0.19366069605669878,0.7337892204523087,176,48.708315511830214,0.07241722367398896,0.005359866657699039
pair_018,SetA,4,445.5,514.5,188.91689867902966,0.8067426085472107,0.0,0.5815072937499399,0.5950955748558044,0.125,0.7231097966432571,176,56.39592183837409,0.06705735701628993,0.0041972240285049756
pair_018,SetA,5,641.5,513.5,17.63262103219682,0.807654857635498,0.0,0.7103783400560509,0.5953591465950012,0.0875,0.7477612197399139,176,142.14253409869968,0.06286013298778495,0.006086293583287647
pair_018,SetA,6,461.5,582.5,180.3322966895423,0.8151316046714783,0.0,0.5071100204843102,0.6266194581985474,0.2,0.7628694772720337,176,91.04119946485767,0.0567738394044973,0.0025113183009215292
pair_018,SetA,7,449.5,535.5,184.4318658786292,0.8174180388450623,0.0,0.7191236412690271,0.6276813745498657,0.16249999999999998,0.7637486010789871,176,61.72924752497798,0.054262521103575774,0.008917878054712801
pair_018,SetA,8,606.5,576.5,54.47480185802707,0.82012939453125,0.0,0.3009033649226749,0.6278153657913208,0.125,0.7641536891460419,176,131.12780025608603,0.04534464304886297,0.0005413735659939925
pair_018,SetA,9,469.5,582.5,172.7033699207677,0.8226580023765564,0.0,0.49970780891533695,0.6386375427246094,0.05,0.7686627805233002,176,87.95737604089835,0.04480326948286898,0.004557640290714961
pair_018,SetA,10,473.5,629.5,189.02476374056798,0.813802182674408,0.0,0.7336186383334271,0.6234037280082703,0.05,0.7521464675664902,176,132.18358445737505,0.04024562919215402,0.0008028460427676604
pair_018,SetA,11,461.5,556.5,174.45156476542996,0.8222090601921082,0.0,0.45470311539331215,0.6408942937850952,0.125,0.7688494324684143,176,68.37031519599716,0.03944278314938636,0.005013792142633831
pair_018,SetA,12,609.5,367.5,163.69534769094557,0.8261271119117737,0.0,0.7565533340908973,0.6407041549682617,0.05,0.7656114846467972,176,171.8909538050214,0.03442899100675253,0.0010002699305089943
pair_018,SetA,13,464.5,373.5,230.15299269727814,0.8239638209342957,0.0,0.4723555659440668,0.6399447917938232,0.0875,0.754264622926712,176,131.38683343470913,0.033428721076243534,0.0026939517944776156
pair_018,SetA,14,614.5,555.5,32.49708635398003,0.8099933862686157,0.0,0.3722939495198345,0.5975490212440491,0.16249999999999998,0.7568733245134354,176,127.24189561618454,0.030734769281765918,0.0012449006345711597
pair_018,SetA,15,371.5,551.5,263.261384122419,0.811074435710907,0.0,0.7432148801100742,0.5994827151298523,0.16249999999999998,0.7635391056537628,176,138.43590574702793,0.02948986864719476,0.000814071695054628
pair_018,SetA,16,468.5,352.5,242.11484517725853,0.8092402815818787,0.0,0.1603912561653547,0.5979025363922119,0.1340990257669732,0.7529141157865524,176,150.8260587564364,0.02867579695214013,7.5445450739689e-05
pair_018,SetA,17,434.5,645.5,230.68820666647824,0.816220760345459,0.0,0.4767366096676575,0.6310181617736816,0.05,0.7510914355516434,176,159.56346699667816,0.02860035150140044,0.0009295567245732675
pair_018,SetA,18,367.5,525.5,266.35842245647405,0.8079895973205566,0.0,0.7548868537287934,0.5992436408996582,0.2,0.7363324761390686,176,134.93146408454925,0.027670794776827174,0.00582388482850732
pair_018,SetA,19,469.5,561.5,167.44041869677653,0.8156175017356873,0.0,0.7518744966234314,0.6147168278694153,0.2,0.7597540020942688,176,68.6476510887299,0.021846909948319854,0.004262907069097627
pair_018,SetA,20,456.5,373.5,236.10100231648516,0.8110080361366272,0.0,0.5532884397651812,0.6122087836265564,0.05,0.7428704053163528,176,133.77032555839878,0.017584002879222228,4.6722639962106655e-05
pair_019,SetA,1,463.0,460.0,0.5749702477497144,0.8684737682342529,0.0,0.8248724878797651,0.6076072454452515,0.05,0.7767440676689148,198,54.48853090330111,0.7806770065653151,0.0056963491380783715
pair_019,SetA,2,640.0,452.0,177.6871186482551,0.885125458240509,0.0,0.850577646566854,0.6776764988899231,0.05,0.8404913246631622,198,148.0,0.7749806574272368,0.017441627907995527
pair_019,SetA,3,444.0,461.0,18.520030922614488,0.8870230317115784,0.0,0.8563604088217296,0.6907950639724731,0.05,0.8561718761920929,198,68.24221567329127,0.7575390295192412,0.007862144743631894
pair_019,SetA,4,407.0,463.0,55.57247719626995,0.8821452260017395,0.0,0.8470279814321544,0.6740496158599854,0.05,0.7957103252410889,198,100.08995953640904,0.7496768847756093,0.11128993595462211
pair_019,SetA,5,414.0,463.0,48.58196776556273,0.8474547863006592,0.0,0.808793079595064,0.5318426489830017,0.05,0.8013176620006561,198,93.62157870918435,0.6383869488209872,0.08154721867810932
pair_019,SetA,6,437.0,461.0,25.51635113276121,0.8541512489318848,0.0,0.8155248487907358,0.5634616017341614,0.05,0.8296605050563812,198,74.09453421137081,0.5568397301428779,0.08240506245418971
pair_019,SetA,7,400.0,463.0,62.56510889853634,0.7912858724594116,0.0,0.8038322951636174,0.5790722370147705,0.05,0.777675986289978,198,106.6255128944288,0.4744346676886882,0.07432218678040142
pair_019,SetA,8,633.0,452.0,170.69506367576906,0.8723751306533813,0.0,0.8333230521138701,0.6315411925315857,0.05,0.8447824716567993,198,141.39660533407442,0.40011248090828677,0.07462908586796624
pair_019,SetA,9,581.0,455.0,118.61164134658112,0.7597569823265076,0.0,0.8038997116423273,0.596921443939209,0.05,0.7831165492534637,198,92.66067126888301,0.32548339504032053,0.059458141262655584
pair_019,SetA,10,618.0,453.0,155.6644236380768,0.888437807559967,0.0,0.8495834042281454,0.6934896111488342,0.125,0.8598732054233551,198,127.01574705523721,0.26602525377766495,0.1165771045572872
pair_019,SetA,11,422.0,462.0,40.54247400480333,0.8799399137496948,0.0,0.8435860885861576,0.6687256693840027,0.0875,0.8535924851894379,198,86.76404785393545,0.14944814922037775,0.015114797372258293
pair_019,SetA,12,625.0,453.0,162.65706304006252,0.8649153709411621,0.0,0.8248527553731536,0.5994965434074402,0.0875,0.8379569947719574,198,133.5440002396214,0.13433335184811945,0.04927619431534597
pair_019,SetA,13,648.0,452.0,185.67877172940655,0.8622118830680847,0.0,0.805324895115628,0.5947867631912231,0.09358541225631423,0.7817364931106567,198,155.58920271021378,0.08505715753277349,0.009159765019715924
pair_019,SetA,14,655.0,451.0,192.71767980706724,0.8014615178108215,0.0,0.831449875144204,0.6151819229125977,0.125,0.7776784002780914,198,162.5607578722491,0.07589739251305756,0.00617662868504798
pair_019,SetA,15,429.0,462.0,33.54995631404587,0.8782157897949219,0.0,0.845679971030246,0.6536082625389099,0.125,0.8520505726337433,198,80.52949770115296,0.06972076382800958,0.007799868276621658
pair_019,SetA,16,596.0,454.0,133.64173539590917,0.8836888670921326,0.0,0.8448302507288894,0.6772493720054626,0.16249999999999998,0.816308856010437,198,106.45186705737011,0.061920895551387925,0.008608784741588174
pair_019,SetA,17,470.0,460.0,7.499197359053176,0.8094569444656372,0.0,0.8334397541500114,0.6484959125518799,0.14270509831248424,0.7888735830783844,198,50.0,0.05331211080979975,0.001958881378199606
pair_019,SetA,18,555.0,456.0,92.59306155039134,0.7479619979858398,0.0,0.7225256487074077,0.5831631422042847,0.12961646096066226,0.7236442863941193,198,70.43436661176133,0.051353229431600145,0.0024923594414979072
pair_019,SetA,19,455.0,461.0,7.539627598881779,0.8684088587760925,0.0,0.8309373776105761,0.6175139546394348,0.0875,0.8302025198936462,198,59.54829972383762,0.04886086999010224,0.00558189191330017
pair_019,SetA,20,611.0,453.0,148.67247699668695,0.8601895570755005,0.0,0.8155714537085386,0.5871511101722717,0.0875,0.8350095152854919,198,120.5404496424333,0.04327897807680207,0.008679820729387916
pair_020,SetA,1,577.0,459.0,217.54557031524078,0.7756632566452026,0.0,0.7528337375039273,0.6603540182113647,0.05,0.499737948179245,194,87.23531395025755,0.9158659012155893,0.011357052813600887
pair_020,SetA,2,643.0,457.0,283.57496296092,0.7662467360496521,0.0,0.7551522534112116,0.651309072971344,0.05,0.4880795106291771,194,149.3251485852266,0.9045088484019884,0.06496551555402685
pair_020,SetA,3,375.0,466.0,15.428090299405367,0.7667768001556396,0.0,0.7230427766940735,0.6598944664001465,0.05,0.5028744637966156,194,129.5414991421668,0.8395433328479616,0.09039872027650075
pair_020,SetA,4,410.0,465.0,50.43786567551904,0.807794988155365,0.0,0.7762297291869225,0.734037458896637,0.05,0.4952865168452263,194,96.56603957913983,0.7491446125714608,0.11782546798082882
pair_020,SetA,5,666.0,456.0,306.5959089155023,0.805814266204834,0.0,0.7821871096305226,0.7348129153251648,0.05,0.4992610067129135,194,171.73234989366446,0.631319144590632,0.16595446810857956
pair_020,SetA,6,561.0,460.0,201.52026884563924,0.7753239870071411,0.0,0.7598535626573868,0.6738592982292175,0.125,0.4879886135458946,194,72.94518489934754,0.46536467648205243,0.016761390812875365
pair_020,SetA,7,658.0,456.0,298.6010900486972,0.7594395279884338,0.0,0.7147826631036398,0.6503315567970276,0.05,0.46956393867731094,194,164.01219466856725,0.44860328566917707,0.05105002946151521
pair_020,SetA,8,546.0,460.0,186.5297376637159,0.7542378902435303,0.0,0.7293020036415621,0.6228532791137695,0.05,0.46897319331765175,194,60.959002616512684,0.39755325620766185,0.15710022589774597
pair_020,SetA,9,309.0,469.0,50.64154301088998,0.7686182260513306,0.0,0.7493711104267022,0.6520564556121826,0.05,0.49614154547452927,194,193.49935400408964,0.24045303030991588,0.09924945801062779
pair_020,SetA,10,534.0,461.0,174.5018819882939,0.7628856897354126,0.0,0.7694900524515084,0.6865285634994507,0.0875,0.4681021496653557,194,51.73973328110612,0.1412035722992881,0.07033024782461217
pair_020,SetA,11,600.0,458.0,240.56676185462368,0.7614870071411133,0.0,0.7187456321425985,0.6391617655754089,0.125,0.49939800053834915,194,108.46197490364999,0.07087332447467592,0.011369944755444568
pair_020,SetA,12,553.0,460.0,193.52513627476378,0.7266543507575989,0.0,0.6886345086503927,0.6010769009590149,0.125,0.4444436803460121,194,66.40030120413611,0.05950337971923136,0.004296732260074786
pair_020,SetA,13,352.0,467.0,7.5983040772754835,0.787194550037384,0.0,0.7591927622816697,0.6866297125816345,0.125,0.5094802603125572,194,151.63442880823604,0.05520664745915657,0.002956663000865889
pair_020,SetA,14,635.0,457.0,275.5799688526623,0.7985504269599915,0.0,0.7704068134826072,0.7165471911430359,0.125,0.5156721919775009,194,141.6827441857335,0.05224998445829068,0.013269252805180001
pair_020,SetA,15,592.0,459.0,232.53634315200583,0.7610229849815369,0.0,0.7447048300420678,0.6362631320953369,0.12961646096066226,0.4880024343729019,194,100.72239075796404,0.03898073165311068,0.007660748660321272
pair_020,SetA,16,608.0,458.0,248.5614758860915,0.7895869016647339,0.0,0.7644036992377551,0.6913709044456482,0.125,0.5067657977342606,194,115.8792474949678,0.03131998299278941,0.003921299493044386
pair_020,SetA,17,383.0,466.0,23.419358568061316,0.8005392551422119,0.0,0.777949341923716,0.7235930562019348,0.125,0.5111860707402229,194,121.8400590938793,0.027398683499745023,0.007178651059848801
pair_020,SetA,18,418.0,465.0,58.43302729924681,0.7200862765312195,0.0,0.7510553373155143,0.6338415741920471,0.05,0.4654633179306984,194,89.15716460273958,0.020220032439896223,3.9905078951515266e-05
pair_020,SetA,19,584.0,459.0,224.5411109375176,0.7288006544113159,0.0,0.6878353096539237,0.5983437299728394,0.05,0.45547179132699966,194,93.47192091746055,0.020180127360944707,0.00015779776756859668
pair_020,SetA,20,628.0,592.0,296.1299931881225,0.6216259598731995,0.0,0.5570995343586704,0.42566120624542236,0.125,0.42576685547828674,194,157.63248396190426,0.02002232959337611,0.0014123697460192673
pair_021,SetA,1,465.0,532.0,0.29302340417425976,0.8821737170219421,0.0,0.8093518471063045,0.7446856498718262,0.05,0.7609666883945465,200,47.4236228055175,0.8455868834420848,0.6940558335888325
pair_021,SetA,2,464.0,444.0,88.25788653918585,0.7724215984344482,0.0,0.6539583226942347,0.6105177402496338,0.11020817282989959,0.689710944890976,200,66.57326790837296,0.15153104985325225,0.04633484945494214
pair_021,SetA,3,464.0,389.0,143.25499867028057,0.8614364862442017,0.0,0.7927470103371438,0.7303524613380432,0.05,0.746109664440155,200,116.69190203266035,0.10519620039831011,0.041680745527102436
pair_021,SetA,4,466.0,587.0,54.75619831272033,0.7509309649467468,0.0,0.6693877802444579,0.6228445768356323,0.05,0.6671983897686005,200,93.40770846134703,0.06351545487120767,0.0037189417633670327
pair_021,SetA,5,464.0,455.0,77.25895750547082,0.7689160108566284,0.0,0.6623738676603379,0.596007764339447,0.125,0.685277983546257,200,57.62811813689564,0.05979651310784064,0.013782347209205376
pair_021,SetA,6,464.0,433.0,99.25705293779109,0.7783476114273071,0.0,0.6611060091201881,0.6174569725990295,0.05,0.6928834319114685,200,76.05918747922567,0.046014165898635266,0.009395916314998545
pair_021,SetA,7,602.0,432.0,169.63915259925975,0.782986044883728,0.0,0.6715152916618568,0.6167705655097961,0.05885254915624212,0.6385339424014091,200,122.58874336577564,0.03661824958363672,0.0037823003535727012
pair_021,SetA,8,602.0,443.0,163.37972356771593,0.7831717133522034,0.0,0.6720570849294156,0.616007924079895,0.05,0.6378960683941841,200,116.84605256490268,0.03283594923006402,0.0007304796800962493
pair_021,SetA,9,464.0,378.0,154.25466821316544,0.8614097237586975,0.0,0.792304043777603,0.728082537651062,0.05,0.7651740610599518,200,127.20062892926276,0.03210546954996777,0.002389686424412958
pair_021,SetA,10,464.0,422.0,110.25638566281374,0.7820318341255188,0.0,0.703830431841074,0.6068668961524963,0.05,0.6955255270004272,200,85.90692637965812,0.029715783125554812,0.00043808609498750123
pair_021,SetA,11,464.0,411.0,121.25583945096737,0.7824143171310425,0.0,0.7481439084434658,0.5958623886108398,0.05,0.6951840817928314,200,96.00520819205592,0.02927769703056731,0.0007368028098184917
pair_021,SetA,12,465.0,466.0,66.25053955935256,0.7678267359733582,0.0,0.6864096011295499,0.585749626159668,0.05,0.685284823179245,200,48.79549159502341,0.02854089422074882,0.0028425920576420974
pair_021,SetA,13,602.0,476.0,147.95746013117522,0.7838534712791443,0.0,0.7696323508333756,0.6198018193244934,0.05,0.6580066606402397,200,104.78549517943789,0.025698302163106722,0.002724396122447296
pair_021,SetA,14,602.0,487.0,144.13501305004502,0.8547016978263855,0.0,0.7886945884706659,0.7162207365036011,0.05,0.6760330498218536,200,102.82509421342633,0.022973906040659426,0.005185941924919377
pair_021,SetA,15,602.0,465.0,152.47923802931322,0.7866451740264893,0.0,0.719914290521086,0.6074569821357727,0.05,0.636499397456646,200,107.83784122468327,0.01778796411574005,0.0013589341616780243
pair_021,SetA,16,597.0,509.0,133.88206919094537,0.6482335329055786,0.0,0.7229869582394525,0.5288462042808533,0.09358541225631423,0.5462888479232788,200,97.41663102366043,0.016429029954062025,0.004297833597491391
pair_021,SetA,17,465.0,499.0,33.25071318498848,0.8547499179840088,0.0,0.7737409368263827,0.7044030427932739,0.05,0.760740339756012,200,35.014282800023196,0.012131196356570634,0.0007711794515625064
pair_021,SetA,18,603.0,520.0,138.3910164026066,0.8511425256729126,0.0,0.7798480678308092,0.7150360941886902,0.05,0.6952504962682724,200,104.92378186092989,0.011360016905008128,0.0007474923078994358
pair_021,SetA,19,603.0,586.0,147.95616003315502,0.7589161992073059,0.0,0.685688051510656,0.649714469909668,0.05,0.6096347495913506,200,134.18271125595876,0.010612524597108692,0.0019287070134674112
pair_021,SetA,20,602.0,410.0,183.50056713170738,0.775076150894165,0.0,0.7410641341847812,0.5886679887771606,0.05,0.6330701038241386,200,136.02940858505562,0.008683817583641281,0.00015427056354378604
pair_022,SetA,1,445.5,353.5,0.5779999987101482,0.686416745185852,0.0,0.6673427109302387,0.5638806819915771,0.05,0.3888485059142113,189,156.30898886500418,0.9694151297395627,0.22174647816655368
pair_022,SetA,2,446.5,344.5,9.347377040522504,0.6134217977523804,0.0,0.3781819448093342,0.4592791497707367,0.05,0.4106404781341553,189,164.44603978205132,0.747668651573009,0.1943454850146068
pair_022,SetA,3,441.5,450.5,96.77092495664336,0.6139861941337585,0.0,0.48683142241598476,0.43928903341293335,0.05,0.41912420094013214,189,76.63223864666881,0.5533231665584022,0.017130638657275377
pair_022,SetA,4,438.5,510.5,156.84562146682538,0.6207156181335449,0.0,0.4125212172277488,0.46211040019989014,0.05,0.4083763137459755,189,62.38990302925627,0.5361925279011268,0.009249401282344527
pair_022,SetA,5,440.5,464.5,110.8027417090319,0.6187343597412109,0.0,0.4097012221276738,0.45345404744148254,0.05,0.4212815910577774,189,69.28564064797266,0.5269431266187823,0.1341754115904552
pair_022,SetA,6,435.5,584.5,230.90512360002398,0.7160031199455261,0.0,0.5477519407556622,0.6095275282859802,0.05,0.402451328933239,189,106.30380990350251,0.3927677150283271,0.18461895558927097
pair_022,SetA,7,442.5,427.5,73.74931332172648,0.6222054958343506,0.0,0.4836413104586855,0.4576312303543091,0.125,0.4225953444838524,189,92.53377761660873,0.2081487594390561,0.03248993139272738
pair_022,SetA,8,431.5,658.5,305.01106342945474,0.6181219816207886,0.0,0.4809951292358158,0.42848309874534607,0.05,0.4240453243255615,189,172.66875803109258,0.17565882804632874,0.043392133557352636
pair_022,SetA,9,432.5,635.5,281.98953546688347,0.6109880805015564,0.0,0.4693048109943741,0.4150574803352356,0.05,0.39779406040906906,189,151.38196722199115,0.1322666944889761,0.039279339515070205
pair_022,SetA,10,666.5,595.5,327.1627005027625,0.7088549733161926,0.0,0.5982964652158759,0.5874632000923157,0.05,0.3738844245672226,189,191.94400225065644,0.0929873549739059,0.017881017080314685
pair_022,SetA,11,439.5,487.5,133.8241318738013,0.6243435144424438,0.0,0.5663215648089395,0.4526503086090088,0.125,0.42536117136478424,189,61.77782773778955,0.07510633789359121,0.009658876737219851
pair_022,SetA,12,441.5,441.5,87.78152920005623,0.6052339673042297,0.0,0.5476134856376634,0.4368133246898651,0.05,0.4145844876766205,189,82.73149339882606,0.06544746115637136,0.000382530723726876
pair_022,SetA,13,445.5,362.5,8.680387794475823,0.5596345067024231,0.0,0.48177497949143044,0.3724628984928131,0.125,0.3668716922402382,189,147.9070654160916,0.06506493043264448,0.008187975714397708
pair_022,SetA,14,443.5,404.5,50.72780809268289,0.6271504163742065,0.0,0.4912787547484571,0.4633323848247528,0.125,0.4135976582765579,189,110.96170510586073,0.056876954718246775,0.0140456711785504
pair_022,SetA,15,601.5,361.5,155.71610041415718,0.5355018377304077,0.0,0.43954710855572776,0.395730584859848,0.05,0.27779440581798553,189,171.71051220003974,0.042831283539696376,0.0020729447292468506
pair_022,SetA,16,437.5,529.5,175.87171362502312,0.5066477656364441,0.0,0.4905378993278318,0.31871429085731506,0.05,0.34718525409698486,189,69.11222757226105,0.040758338810449525,0.0010163825744452168
pair_022,SetA,17,441.5,584.5,230.7108637137863,0.5254380106925964,0.0,0.46154954590237407,0.418836385011673,0.16249999999999998,0.31780438870191574,189,102.77402395547233,0.03974195623600431,0.0012141844285445888
pair_022,SetA,18,528.5,588.5,248.75605993399708,0.5291120409965515,0.0,0.3343102610029966,0.3939058780670166,0.12961646096066226,0.2292572371661663,189,92.9758033038704,0.03852777180745972,0.005791786226192953
pair_022,SetA,19,432.5,644.5,290.9795751613723,0.6226216554641724,0.0,0.3977738355699336,0.44455665349960327,0.1662132317597294,0.41927875578403473,189,159.48824408087262,0.032735985581266766,0.00175358595682603
pair_022,SetA,20,433.5,621.5,267.9579490508811,0.5448732376098633,0.0,0.506772020411568,0.36969202756881714,0.1662132317597294,0.3588017001748085,189,138.50812250550507,0.030982399624440736,0.002173634452503896
pair_023,SetA,1,358.0,562.0,0.6515770767601963,0.8657007217407227,0.0,0.8599004527331395,0.5734257102012634,0.0,0.46447407454252243,172,154.94515158597252,0.9743717354255884,0.46840980236207175
pair_023,SetA,2,529.0,547.0,172.13285475673703,0.8701419234275818,0.0,0.8620583692580446,0.6110996603965759,0.05,0.4695935696363449,172,55.226805085936306,0.5059619330635167,0.4353033434869286
pair_023,SetA,3,433.0,555.0,75.80043964254371,0.7143394947052002,0.0,0.7227446944463753,0.5499100089073181,0.05,0.280812107026577,172,86.68333173107735,0.07065858957658804,0.00711127233519615
pair_023,SetA,4,570.0,543.0,213.32498178363863,0.7056450843811035,0.0,0.7159643311904103,0.5370926856994629,0.125,0.2755630798637867,172,82.15229759416349,0.06354731724139188,0.0024000314662859026
pair_023,SetA,5,584.0,542.0,227.35896824253524,0.7101008892059326,0.0,0.7233366895558069,0.5294104814529419,0.125,0.28002702444791794,172,93.91485505499116,0.06114728577510598,0.002634376876861279
pair_023,SetA,6,409.0,557.0,51.71753465535319,0.7151146531105042,0.0,0.7244573088653676,0.5499020218849182,0.05,0.2803448289632797,172,107.37783756436893,0.0585129088982447,0.0014562977779488256
pair_023,SetA,7,523.0,478.0,185.42675846190008,0.704439103603363,0.0,0.621029996136945,0.6158170700073242,0.05,0.6091984808444977,172,31.827660925679098,0.05705661112029588,0.0037733687725269513
pair_023,SetA,8,591.0,541.0,234.41944176105758,0.7132201194763184,0.0,0.7202439183835749,0.5383961200714111,0.05,0.2803398296236992,172,99.80981915623332,0.053283242347768926,0.0011127087870436425
pair_023,SetA,9,540.0,670.0,212.2778988065772,0.7047616243362427,0.0,0.6192962084536736,0.5981380939483643,0.05,0.6076463609933853,172,174.64249196572982,0.052170533560725284,0.005599620523984987
pair_023,SetA,10,535.0,615.0,185.3713907346845,0.7000494003295898,0.0,0.61101305807441,0.611393392086029,0.05,0.5411398932337761,172,120.20815280171308,0.0465709130367403,0.00411836541015094
pair_023,SetA,11,399.0,558.0,41.66836592635707,0.7108592987060547,0.0,0.7235053176545534,0.5277816653251648,0.05,0.27902237698435783,172,116.46887996370532,0.04245254762658936,0.000606463225329569
pair_023,SetA,12,419.0,556.0,61.76693340843887,0.7089051604270935,0.0,0.7131480184358692,0.5336478352546692,0.05,0.28003503009676933,172,98.4733466477097,0.04184608440125979,0.0006505228220561807
pair_023,SetA,13,450.0,553.0,92.91141779734875,0.6458663940429688,0.0,0.6834305329007743,0.470437228679657,0.09358541225631423,0.24403482303023338,172,72.86288492778748,0.04119556157920361,0.0016587581301863857
pair_023,SetA,14,615.0,539.0,258.50237510464217,0.7091885805130005,0.0,0.7196807886540026,0.541780412197113,0.05,0.2803511545062065,172,121.43310915891102,0.03953680344901722,0.0015491284700467553
pair_023,SetA,15,457.0,553.0,99.88348166327687,0.587510883808136,0.0,0.6893793347739164,0.48600974678993225,0.0875,0.21977771818637848,172,68.24954212300622,0.037987674978970466,0.0049224871067591325
pair_023,SetA,16,557.0,544.0,200.2873454428306,0.5906983613967896,0.0,0.6763224538566619,0.43812209367752075,0.05,0.23400935158133507,172,72.00694410957877,0.033065187872211334,0.00306152015266848
pair_023,SetA,17,348.0,452.0,110.00780388244387,0.7020430564880371,0.0,0.620306349483251,0.6046061515808105,0.0875,0.6078235805034637,172,159.3988707613702,0.030003667719542854,0.0008306368403139149
pair_023,SetA,18,443.0,554.0,85.84962039437201,0.7054786682128906,0.0,0.7128891462509166,0.5300522446632385,0.0875,0.27905305102467537,172,78.5175139698144,0.02917303087922894,0.004319995937725262
pair_023,SetA,19,601.0,540.0,244.46865923349097,0.7014862895011902,0.0,0.7055764867790895,0.5140988826751709,0.125,0.273322481662035,172,108.63240768757728,0.024853034941503677,0.0005583470114407761
pair_023,SetA,20,378.0,560.0,20.57488508829846,0.5688879489898682,0.0,0.6664390711805337,0.4452609419822693,0.09358541225631423,0.20799488946795464,172,135.95587519485872,0.0242946879300629,0.0031342026352910272
pair_024,SetA,1,596.0,438.0,297.84726290698296,0.7735613584518433,0.0,0.669049244477453,0.5679345726966858,0.05,0.07456899434328079,192,114.28035701729323,0.02775082881220442,0.006274812201692299
pair_024,SetA,2,568.0,476.0,252.30213648825656,0.7706817388534546,0.0,0.5144348336632172,0.5646483302116394,0.05885254915624212,0.08631166070699692,192,72.11102550927978,0.02147601661051212,0.0071607126523923256
pair_024,SetA,3,584.0,603.0,218.81739916622902,0.7707630395889282,0.0,0.6772683904421821,0.5621450543403625,0.2,0.08490099012851715,192,132.90974381135493,0.014315303958119795,0.0018491961666026978
pair_024,SetA,4,588.0,377.0,334.67329524346366,0.7725383639335632,0.0,0.6829911153397659,0.5678721070289612,0.125,0.07892394065856934,192,151.23822268196622,0.012466107791517097,0.004050054183370207
pair_024,SetA,5,357.0,485.0,143.30972208666225,0.7834294438362122,0.0,0.6007853413830577,0.5781210064888,0.05,0.08901003375649452,192,143.78456106272327,0.00841605360814689,0.0003536775707112059
pair_024,SetA,6,610.0,473.0,288.54413958933964,0.7902447581291199,0.0,0.6298419735821796,0.5913888812065125,0.125,0.05849236622452736,192,113.26517558367179,0.008062376037435684,0.00010199260287454236
pair_024,SetA,7,570.0,450.0,270.2688113667319,0.7817460298538208,0.0,0.6305284167708853,0.5789069533348083,0.05,0.10209639370441437,192,86.02325267042627,0.007960383434561142,0.00027724022982643804
pair_024,SetA,8,372.0,479.0,149.08420974363594,0.7752622365951538,0.0,0.5386362591152961,0.569178581237793,0.16249999999999998,0.09090877324342728,192,129.71121771072848,0.007683143204734704,0.0003411623186360497
pair_024,SetA,9,403.0,482.0,150.4530409677074,0.7797663807868958,0.0,0.5363440906573428,0.5749945640563965,0.05,0.08486773446202278,192,98.65596788841515,0.007341980886098654,0.00024826547533681603
pair_024,SetA,10,440.0,464.0,179.6586085699575,0.7718788385391235,0.0,0.6695881631071092,0.5706637501716614,0.11020817282989959,0.10083956643939018,192,69.9714227381436,0.007093715410761838,0.0005545067303838842
pair_024,SetA,11,585.0,444.0,285.5584975936002,0.7827280759811401,0.0,0.5712815054775123,0.5833958387374878,0.125,0.09100581333041191,192,101.78899744078434,0.006539208680377954,0.0006669665295196726
pair_024,SetA,12,594.0,464.0,280.35001284133045,0.7772803902626038,0.0,0.5600235017049782,0.5758758187294006,0.09358541225631423,0.07916540652513504,192,100.65783625729296,0.005872242150858281,1.3460183326644524e-05
pair_024,SetA,13,583.0,357.0,346.7806642158115,0.7788881659507751,0.0,0.5372345340283429,0.5714169144630432,0.2,0.08244005963206291,192,165.3420696616563,0.005858781967531637,0.0005420690548389607
pair_024,SetA,14,604.0,612.0,237.9237979819416,0.7803175449371338,0.0,0.577996998535911,0.5746177434921265,0.16249999999999998,0.07773642241954803,192,152.8397853963424,0.005316712912692676,0.0003110249254643536
pair_024,SetA,15,591.0,418.0,307.3167853307434,0.7730057239532471,0.0,0.5158207447277481,0.5617336630821228,0.2,0.08218209445476532,192,122.494897852931,0.0050056879872283225,0.00011745724273083853
pair_024,SetA,16,445.0,479.0,168.34924992777397,0.7667276859283447,0.0,0.6304575197964595,0.5711192488670349,0.05,0.09486216679215431,192,58.872744118140105,0.004888230744497484,0.0002842646777238616
pair_024,SetA,17,577.0,383.0,322.9254992654673,0.7843338251113892,0.0,0.5886161745633461,0.5825574398040771,0.0875,0.09352424740791321,192,140.06427096158393,0.004603966066773622,9.892913257596864e-05
pair_024,SetA,18,395.0,421.0,208.92424479788795,0.7791736721992493,0.0,0.545541094328218,0.5747222900390625,0.09358541225631423,0.0918632410466671,192,131.40015220691336,0.004505036934197654,0.00015530437799300082
pair_024,SetA,19,579.0,470.0,264.70304975539307,0.785579264163971,0.0,0.6256800364241297,0.589950680732727,0.2,0.09416265040636063,192,84.50443775329198,0.004349732556204653,0.00015151362479393256
pair_024,SetA,20,414.0,476.0,159.20255654259415,0.7823507785797119,0.0,0.639215710701371,0.5904282331466675,0.2,0.09212907031178474,192,89.28605714219886,0.00419821893141072,0.0004610862983375338
pair_025,SetA,1,379.5,515.5,0.4007024107691836,0.8413351774215698,0.0,0.679035185432913,0.7443607449531555,0.05,0.6808482110500336,176,121.49279814046592,0.21577226594797363,0.20809501172938785
pair_025,SetA,2,654.5,543.5,276.8181461986215,0.832689106464386,0.0,0.6454203775935229,0.721106231212616,0.05,0.6820410341024399,176,160.50700919274522,0.00767725421858577,0.0020709932894850507
pair_025,SetA,3,513.5,523.5,134.63216812363427,0.8253087401390076,0.0,0.6639780474870267,0.7089279294013977,0.05,0.6715002804994583,176,27.101660465735304,0.005606260929100719,0.0004954055921875715
pair_025,SetA,4,538.5,536.5,160.77874349001087,0.8332489728927612,0.0,0.6938539146975422,0.7146769762039185,0.05,0.7013469487428665,176,53.051861418804144,0.005110855336913148,0.00012284518899896481
pair_025,SetA,5,514.5,500.5,136.20594134880096,0.8285266160964966,0.0,0.7344301148513033,0.7165982723236084,0.14270509831248424,0.6635397970676422,176,14.508618128546908,0.004988010147914183,3.293127183123107e-05
pair_025,SetA,6,565.5,320.5,269.6797159719357,0.8258058428764343,0.0,0.6742425794565425,0.7113672494888306,0.05,0.6940408796072006,176,191.07720952536437,0.004955078876082952,5.428560870783007e-05
pair_025,SetA,7,402.5,459.5,60.59681418354061,0.8245604038238525,0.0,0.6740781416293795,0.7134581804275513,0.11020817282989959,0.6794551461935043,176,105.57698612860665,0.004900793267375122,0.0004952481614727252
pair_025,SetA,8,543.5,307.5,265.0405548626368,0.8346884250640869,0.0,0.6689102276791747,0.7219587564468384,0.05,0.6945106685161591,176,197.35374331387789,0.0044055451059023965,0.0002882422668986093
pair_025,SetA,9,503.5,637.5,174.3001746682805,0.8323051929473877,0.0,0.6646272018710618,0.7243648767471313,0.05,0.671695202589035,176,137.5445382412548,0.004117302839003787,0.0003551038201953069
pair_025,SetA,10,608.5,540.5,230.75737172103,0.8235278725624084,0.0,0.7304932171159164,0.7143012881278992,0.05,0.6940645277500153,176,115.81234821900469,0.0037621990188084803,4.7393306710440206e-05
pair_025,SetA,11,521.5,535.5,143.79987016744866,0.8264767527580261,0.0,0.6611660377142623,0.7078047394752502,0.16249999999999998,0.692966639995575,176,41.50301193889427,0.00371480571209804,0.00021597053963588742
pair_025,SetA,12,510.5,477.5,136.74579551432066,0.8257195353507996,0.0,0.6579677623398102,0.7159913182258606,0.0875,0.672910287976265,176,24.829418035870273,0.0034988351724621527,0.0006193082026195941
pair_025,SetA,13,393.5,470.5,47.15033571086737,0.8230260014533997,0.0,0.6835709788420914,0.7139696478843689,0.0875,0.7004142850637436,176,110.51018052650171,0.0028795269698425586,0.00019532077036208588
pair_025,SetA,14,369.5,629.5,114.50279803631251,0.8324129581451416,0.0,0.6650502520074535,0.727069079875946,0.05,0.6886421740055084,176,183.8491229242065,0.0026842061994804727,2.0781084252074165e-05
pair_025,SetA,15,397.5,493.5,28.597203106529538,0.8273048996925354,0.0,0.6601240534673434,0.7230085730552673,0.05,0.674385204911232,176,102.70589077555387,0.0026634251152283985,0.00031777393931590233
pair_025,SetA,16,389.5,527.5,15.946660531001504,0.8232427835464478,0.0,0.6598324523447661,0.7167123556137085,0.12961646096066226,0.6960740089416504,176,113.87054052739013,0.002345651175912496,9.061834748694958e-05
pair_025,SetA,17,518.5,340.5,223.65059798806186,0.8306270837783813,0.0,0.7169616312030127,0.7093393802642822,0.05,0.6739711761474609,176,160.5692996808543,0.0022550328284255466,6.71026817799028e-05
pair_025,SetA,18,388.5,504.5,14.386809721722512,0.8246568441390991,0.0,0.7005347240409648,0.716545820236206,0.0875,0.6975202411413193,176,111.5907702276492,0.002187930146645644,0.00026518748510155946
pair_025,SetA,19,637.5,542.5,259.80547408934586,0.8232128024101257,0.0,0.679575038906393,0.713654637336731,0.0875,0.6937946528196335,176,143.91837964624256,0.0019227426615440843,5.833385409850789e-05
pair_025,SetA,20,526.5,306.5,255.66206997488453,0.8334251046180725,0.0,0.7150050251077686,0.7252967357635498,0.05,0.6645680218935013,176,195.3061698974203,0.0018644088074455765,0.00011105182030242368
pair_026,SetA,1,514.0,618.0,0.09167048776171266,0.7092188000679016,0.0,0.5975145148344552,0.5485108494758606,0.05,0.18347368482500315,187,118.82760622010359,0.7913241487774937,0.17605110264531854
pair_026,SetA,2,373.0,609.0,141.28543041362184,0.6986601948738098,0.0,0.5910000347683901,0.5347216725349426,0.05,0.18107351195067167,187,167.36188335460378,0.6152730461321751,0.0005055244848277685
pair_026,SetA,3,520.0,618.0,5.996398869215286,0.6800721287727356,0.0,0.6404000485291796,0.5039516091346741,0.05,0.18368295766413212,187,119.68291440301745,0.6147675216473474,0.4325557786566793
pair_026,SetA,4,547.0,620.0,33.06192461585083,0.7138305306434631,0.0,0.6224682972070686,0.5437084436416626,0.0875,0.1869297083467245,187,128.87590930814028,0.18221174299066806,0.004522276260803898
pair_026,SetA,5,568.0,621.0,54.08413246191013,0.6739446520805359,0.0,0.6556514115051684,0.48632556200027466,0.05,0.1859591081738472,187,138.7984149765407,0.17768946672986416,0.02627808467169021
pair_026,SetA,6,451.0,413.0,214.37585387418807,0.497342586517334,0.0,0.4338656964179768,0.4407804012298584,0.125,0.22314821742475033,187,99.84988733093293,0.15141138205817395,0.005519698021086178
pair_026,SetA,7,388.0,610.0,126.25223552909952,0.700292706489563,0.0,0.5775750903878389,0.539322555065155,0.0875,0.1787092094309628,187,156.98407562552325,0.14589168403708777,0.01509231132222616
pair_026,SetA,8,532.0,619.0,18.028775065748775,0.7061820030212402,0.0,0.6266691911170554,0.5503919720649719,0.0875,0.18900584150105715,187,123.22743201089601,0.1307993727148616,0.01614655033818549
pair_026,SetA,9,580.0,622.0,66.12241159493564,0.7076328992843628,0.0,0.6356821821878452,0.5466694235801697,0.125,0.18715453892946243,187,145.89036979869508,0.11465282237667612,0.026988129279908193
pair_026,SetA,10,595.0,623.0,81.15557555746196,0.7123175263404846,0.0,0.6283146584398827,0.5345950126647949,0.0875,0.1714949533343315,187,155.4155719353759,0.08766469309676793,0.004650200003046376
pair_026,SetA,11,466.0,414.0,209.48284142912533,0.4925878345966339,0.0,0.41831300992877474,0.4213277995586395,0.0875,0.22212623618543148,187,92.47702417357513,0.08301449309372155,0.003434137457179784
pair_026,SetA,12,340.0,607.0,174.34589295804048,0.7005904316902161,0.0,0.5665351528406994,0.5380598306655884,0.05,0.17840398522093892,187,192.4811679100062,0.07958035563654177,0.008400465826493536
pair_026,SetA,13,502.0,617.0,12.038624194885733,0.7059072256088257,0.0,0.6318487318477044,0.5565584301948547,0.0875,0.15159829752519727,187,117.01709276853532,0.07117988981004823,0.004738107538146782
pair_026,SetA,14,403.0,611.0,111.21906808199779,0.6748450398445129,0.0,0.5619372317757112,0.5234154462814331,0.0875,0.16060696297790855,187,147.41099009232656,0.06644178227190145,0.027123795270969316
pair_026,SetA,15,503.0,416.0,202.20808318740924,0.5270119309425354,0.0,0.47708611171147025,0.4666704833507538,0.05,0.22029707115143538,187,84.0535543567314,0.039317987000932135,0.004736491373174119
pair_026,SetA,16,562.0,621.0,48.09516595497973,0.7069987058639526,0.0,0.6118770289663458,0.5231451988220215,0.2,0.18754707276821136,187,135.95955280891445,0.034581495627758016,0.002914444426937793
pair_026,SetA,17,388.0,409.0,243.96683383319888,0.6689146161079407,0.0,0.6517736614305167,0.5162172913551331,0.05,0.29935769736766815,187,144.30869689661813,0.03166705120082022,0.00527783780248935
pair_026,SetA,18,659.0,426.0,240.52567137745402,0.49575209617614746,0.0,0.3435782635523353,0.43816617131233215,0.05,0.2158657613908872,187,175.37673733993344,0.026389213398330873,0.0028083754971305816
pair_026,SetA,19,355.0,407.0,264.1301451079937,0.6729680299758911,0.0,0.6354852406136378,0.5198140144348145,0.0875,0.30372263118624687,187,172.2614292289484,0.023580837901200292,0.0011438590320290362
pair_026,SetA,20,355.0,608.0,159.312725544036,0.7012677192687988,0.0,0.5596363268107264,0.5292537212371826,0.0875,0.17946959225810133,187,180.8009955724802,0.022436978869171256,0.005109515164428931
pair_027,SetA,1,585.5,416.5,18.486148547552336,0.7931761145591736,0.0,0.6909537663559415,0.5865410566329956,0.05,0.4379664286971092,188,119.50941385514365,0.9791443522408148,0.0052150087486010355
pair_027,SetA,2,436.5,404.5,167.96754556588306,0.8204963207244873,0.0,0.6850256633481575,0.5730175971984863,0.05,0.4310589134693146,188,114.68434941176587,0.9739293434922137,0.0006198747173691288
pair_027,SetA,3,613.5,418.5,9.585320961799308,0.8430014848709106,0.0,0.7363331124600188,0.6173427700996399,0.05,0.4928347170352936,188,139.73009697269947,0.9733094687748446,0.004858787235664019
pair_027,SetA,4,635.5,420.5,31.675281249222316,0.8369154334068298,0.0,0.7185830207333522,0.6068850159645081,0.05,0.45183926075696945,188,157.1002864414957,0.9684506815391806,0.013306645490775981
pair_027,SetA,5,430.5,403.5,174.02859971636926,0.8215596079826355,0.0,0.7566363848496679,0.5842757821083069,0.05,0.44921597093343735,188,118.92224350389628,0.9551440360484046,0.002938680897426882
pair_027,SetA,6,591.5,416.5,12.507330397174437,0.8318045139312744,0.0,0.7463804096722173,0.5961557626724243,0.05,0.4487755671143532,188,123.87291875143654,0.9522053551509777,0.05281622278758191
pair_027,SetA,7,622.5,419.5,18.63783879365804,0.8352274298667908,0.0,0.7627691956209004,0.6082419157028198,0.05,0.4682307615876198,188,146.58274113960348,0.8993891323633958,0.07430156805875698
pair_027,SetA,8,483.5,407.5,120.87963884007264,0.7603723406791687,0.0,0.7214057217428301,0.5138000249862671,0.05,0.4500376656651497,188,93.96009791395494,0.8250875643046388,0.020612375015415796
pair_027,SetA,9,443.5,404.5,160.990397001061,0.8319743871688843,0.0,0.7412343777274288,0.5916817784309387,0.05885254915624212,0.4645162373781204,188,110.96170510586073,0.804475189289223,0.03569596553795651
pair_027,SetA,10,600.5,417.5,3.453110282304781,0.8401697874069214,0.0,0.7699091597924643,0.6239326596260071,0.09358541225631423,0.46075794845819473,188,130.024997596616,0.7687792237512665,0.3399419805272353
pair_027,SetA,11,607.5,418.5,3.6308060260494424,0.816112220287323,0.0,0.6654171802692346,0.5743449330329895,0.125,0.463041290640831,188,134.90181614789327,0.4288372432240312,0.11780602241385413
pair_027,SetA,12,477.5,407.5,126.8589431635172,0.8316273093223572,0.0,0.765499031421187,0.5963160395622253,0.125,0.4545941799879074,188,95.19716382329885,0.3110312208101771,0.021093787728882152
pair_027,SetA,13,424.5,403.5,180.00904947723703,0.7445671558380127,0.0,0.7105187242838926,0.5338137745857239,0.05,0.4397339001297951,188,122.52550754842846,0.28993743308129494,0.03611088482793273
pair_027,SetA,14,641.5,420.5,37.656593947929586,0.7796871066093445,0.0,0.7391348601617914,0.5426334142684937,0.09358541225631423,0.46152327209711075,188,162.3037276220112,0.2538265482533622,0.04791243733392608
pair_027,SetA,15,465.5,406.5,138.9005147248773,0.8359365463256836,0.0,0.7250793138111166,0.5968298316001892,0.0875,0.47645798325538635,188,99.66192853843438,0.20591411091943612,0.044773070639258866
pair_027,SetA,16,458.5,405.5,145.9592210484107,0.810964047908783,0.0,0.7441203385890302,0.5421246886253357,0.09358541225631423,0.4856565520167351,188,103.21094903158289,0.16114104028017726,0.06964763976471629
pair_027,SetA,17,471.5,406.5,132.92121206330376,0.8122953176498413,0.0,0.7455625405510147,0.5160762667655945,0.0875,0.4693300724029541,188,97.74712271980184,0.09149340051546097,0.002569072282782345
pair_027,SetA,18,629.5,419.5,25.616022291343665,0.8204272389411926,0.0,0.7628039809312708,0.5642052292823792,0.17694368026754387,0.46370554715394974,188,152.48114637554374,0.08892432823267862,0.0232569357936218
pair_027,SetA,19,490.5,408.5,113.82067416723307,0.7171339392662048,0.0,0.6795413893998239,0.5277584791183472,0.05,0.45489369332790375,188,91.99184746487049,0.06566739243905682,0.006971913719678015
pair_027,SetA,20,499.5,409.5,104.7694446145493,0.7028847336769104,0.0,0.6839837888498166,0.5056107640266418,0.05,0.4361688569188118,188,90.50138120492969,0.05869547871937881,0.009447228727281716
pair_028,SetA,1,478.0,440.0,0.14548934192212729,0.7668560743331909,0.0,0.7474908531923533,0.6369202136993408,0.05,0.3998921290040016,200,63.90618123468183,0.9126346495069324,0.15451771144110749
pair_028,SetA,2,481.0,643.0,203.13923762663657,0.7033261060714722,0.0,0.6622010886259873,0.5455203056335449,0.05,0.39790622517466545,200,144.25671561490648,0.7581169380658249,0.026508923110809324
pair_028,SetA,3,477.0,390.0,49.89257034650999,0.6485611796379089,0.0,0.7136452121835182,0.48623910546302795,0.05,0.37566865235567093,200,112.37882362794157,0.7316080149550156,0.18539924724498924
pair_028,SetA,4,478.0,432.0,7.8847290672975,0.6328185200691223,0.0,0.6398455086275665,0.3525960147380829,0.05,0.3727673748508096,200,71.47027354082255,0.5462087677100264,0.02758574403604086
pair_028,SetA,5,477.0,365.0,74.88978838863264,0.6320422887802124,0.0,0.6782623817436353,0.4671764671802521,0.05,0.3613375164568424,200,136.94524453225822,0.5186230236739855,0.18023244790702453
pair_028,SetA,6,480.0,556.0,116.13453740920828,0.6351636648178101,0.0,0.6974988318604325,0.4527665078639984,0.05,0.3774337023496628,200,59.464274989274024,0.33839057576696097,0.08101318002053304
pair_028,SetA,7,477.0,382.0,57.891418717263456,0.6235790848731995,0.0,0.7076970535084057,0.40208572149276733,0.05,0.3680492974817753,200,120.22063050907694,0.25737739574642793,0.09024786364427631
pair_028,SetA,8,480.0,589.0,149.13038310425543,0.5852038264274597,0.0,0.5942104241145495,0.38138842582702637,0.12961646096066226,0.3455813378095627,200,91.21951545584969,0.16712953210215162,0.0884540048523877
pair_028,SetA,9,481.0,635.0,195.14019998157016,0.6617113947868347,0.0,0.7093354750574843,0.4932214617729187,0.125,0.413521483540535,200,136.33048081775402,0.07867552724976391,0.007620381873904389
pair_028,SetA,10,478.0,448.0,8.116241853994975,0.6430500745773315,0.0,0.6596829047015015,0.5151299834251404,0.125,0.3851618841290474,200,56.462376853972415,0.07105514537585952,0.0124824752752426
pair_028,SetA,11,488.0,647.0,207.36130236382445,0.539973795413971,0.0,0.5178791190314815,0.37881362438201904,0.12961646096066226,0.33632874488830566,200,147.48898263938224,0.058572670100616925,0.015565252275929926
pair_028,SetA,12,687.0,436.0,209.1242004758526,0.6475738286972046,0.0,0.5745931775437614,0.4395274221897125,0.05,0.35760222375392914,200,197.6486782146544,0.043007417824687,0.0010654613673252294
pair_028,SetA,13,478.0,423.0,16.88446655791258,0.618363082408905,0.0,0.6498286668936335,0.4491693377494812,0.05,0.39190036430954933,200,80.0812087820857,0.04194195645736177,0.013171940701531125
pair_028,SetA,14,476.0,332.0,107.90117594229619,0.6353405117988586,0.0,0.6978256873895037,0.4670470058917999,0.125,0.3603549711406231,200,169.7056274847714,0.028770015755830644,0.0042084018029091355
pair_028,SetA,15,550.0,646.0,218.35843392442735,0.5313090682029724,0.0,0.5028722211331658,0.3944951891899109,0.12961646096066226,0.2942003980278969,200,154.3243337908834,0.02456161395292151,0.008208594896055611
pair_028,SetA,16,479.0,527.0,87.12255879752924,0.6132833361625671,0.0,0.6615859601705879,0.4432404339313507,0.125,0.31747760251164436,200,34.20526275297414,0.016353019056865897,0.0021166413981123355
pair_028,SetA,17,481.0,614.0,174.14314682266968,0.6369103193283081,0.0,0.6808747181315669,0.47575047612190247,0.16249999999999998,0.37380868196487427,200,115.57248807566617,0.014236377658753562,0.001135086676229486
pair_028,SetA,18,344.0,442.0,133.9285883424756,0.5709494352340698,0.0,0.5781537404510912,0.4831237196922302,0.05,0.32149407267570496,200,166.43316977093238,0.013101290982524076,4.706870750880755e-05
pair_028,SetA,19,391.0,441.0,86.91903692187353,0.5504319667816162,0.0,0.5305128274121947,0.42686620354652405,0.09358541225631423,0.29621123149991035,200,123.94353553130554,0.013054222275015268,8.878753538275538e-05
pair_028,SetA,20,509.0,439.0,31.100697382605357,0.5469327569007874,0.0,0.5321725153420692,0.40321454405784607,0.09358541225631423,0.29716297425329685,200,61.66036003787198,0.012965434739632513,0.00018150979454381773
pair_029,SetA,1,370.5,382.5,271.8240048917937,0.8731295466423035,0.0,0.7572924594269491,0.7315549850463867,0.05,0.4116832531290129,100,174.86137366496925,0.2307156819339631,0.14630591721281672
pair_029,SetA,2,505.5,607.5,11.219725151406507,0.8672586679458618,0.0,0.7083163711877364,0.6819841861724854,0.05,0.4039036213653162,70,107.64060572107535,0.0844097647211464,0.029575576251602134
pair_029,SetA,3,656.5,440.5,233.895343112387,0.8734750747680664,0.0,0.7550925198221016,0.7137110829353333,0.05,0.3783469910849817,100,167.4290894677505,0.05483418846954427,0.017559987232612213
pair_029,SetA,4,368.5,428.5,234.12624747031404,0.8706518411636353,0.0,0.7646871815655956,0.7113772034645081,0.05,0.37756458297371864,100,149.68132816086313,0.03727420123693206,0.011391541079164746
pair_029,SetA,5,368.5,440.5,224.48625999824353,0.8540362119674683,0.0,0.660702538226255,0.6427544951438904,0.05,0.3654449270106852,100,144.3346805171924,0.02588266015776731,0.001092323098323189
pair_029,SetA,6,514.5,388.5,230.4045475310311,0.876437246799469,0.0,0.7566922797208904,0.7249393463134766,0.05,0.4132163733593188,70,112.43887228178696,0.024790337059444122,0.000540142411212044
pair_029,SetA,7,506.5,584.5,34.2414540128584,0.8648441433906555,0.0,0.6911391087004861,0.6762643456459045,0.05,0.40448746574111283,70,84.74963126763443,0.02425019464823208,0.0027884077124716924
pair_029,SetA,8,504.5,630.5,11.802003729516048,0.858357310295105,0.0,0.7021309977253973,0.6635875701904297,0.05885254915624212,0.38103180821053684,70,130.57756315692217,0.021461786935760386,0.00019329416820308698
pair_029,SetA,9,507.5,561.5,57.26318287832323,0.8660691976547241,0.0,0.7106862886803829,0.6750710606575012,0.05,0.37342740409076214,70,61.95562928419015,0.0212684927675573,0.0016608683273809481
pair_029,SetA,10,512.5,434.5,184.3612368208024,0.8706487417221069,0.0,0.7605848301581394,0.7125029563903809,0.0875,0.37959253729786724,70,66.68208155119335,0.01960762444017635,0.0009607800906108084
pair_029,SetA,11,362.5,589.5,145.4747768321437,0.8562848567962646,0.0,0.7026763279121503,0.6816347241401672,0.05,0.4003180677536875,100,164.06248809523765,0.018646844349565542,0.002873310249538026
pair_029,SetA,12,369.5,405.5,252.6295602160846,0.8725498914718628,0.0,0.7203996228920702,0.727735698223114,0.05,0.41261155519168824,100,161.1226241097134,0.015773534100027516,0.0013682507686729566
pair_029,SetA,13,514.5,400.5,218.41528494234885,0.845368504524231,0.0,0.6424986845744323,0.6416183114051819,0.05,0.3996825870126486,70,100.55098209366231,0.01440528333135456,0.00028380259862048965
pair_029,SetA,14,658.5,394.5,271.71349140325077,0.8779050707817078,0.0,0.7499356204038313,0.726024866104126,0.05,0.4121530972115579,100,190.4008928550494,0.01412148073273407,0.0008576074858941199
pair_029,SetA,15,655.5,475.5,207.73882102940684,0.7020233273506165,0.0,0.5894166483204852,0.5377523303031921,0.05885254915624212,0.3745637875981629,100,157.4182327432245,0.01326387324683995,0.0016296239217504158
pair_029,SetA,16,513.5,423.5,195.3935560759511,0.8467662930488586,0.0,0.6962792754745618,0.6425288319587708,0.05,0.39731866936199367,70,77.68204425734432,0.011634249325089534,0.00047927012512521613
pair_029,SetA,17,506.5,572.5,46.23306175721471,0.8623888492584229,0.0,0.7789431618665106,0.7003717422485352,0.0875,0.4057060657069087,70,72.79079612148777,0.011154979199964318,0.0009965486354642575
pair_029,SetA,18,503.5,641.5,22.840997747945483,0.776717483997345,0.0,0.6847113488940252,0.6218660473823547,0.05,0.3820717097260058,70,141.54327960026927,0.01015843056450006,0.00014086382840137503
pair_029,SetA,19,363.5,555.5,154.98743892906623,0.8665400743484497,0.0,0.7098841407446603,0.6866297125816345,0.05,0.3780191270634532,100,147.35162028291376,0.010017566736098686,5.713472550999965e-05
pair_029,SetA,20,656.5,452.5,224.88666635247523,0.839473307132721,0.0,0.6384543036734079,0.616396427154541,0.05,0.35862781503237784,100,163.549686639871,0.009960432010588686,0.0005735104355483831
pair_030,SetA,1,477.0,589.0,46.4220952883339,0.7719416618347168,0.0,0.6824713554108528,0.6023737788200378,0.08106601717798213,0.3807431384921074,189,91.92388155425118,0.2563106906944701,0.12611153807241232
pair_030,SetA,2,428.0,550.0,61.549865732107655,0.7678946852684021,0.0,0.683843007134695,0.5854463577270508,0.125,0.38402583450078964,189,87.65842800324451,0.13019915262205778,0.028564018444669853
pair_030,SetA,3,440.0,568.0,43.18480128445486,0.7676286697387695,0.0,0.6901004933076738,0.5930685997009277,0.125,0.38446421176195145,189,90.68627239003708,0.10163513417738793,0.014887180746592857
pair_030,SetA,4,627.0,554.0,199.2044627898289,0.7769827246665955,0.0,0.6827025273079502,0.6043689846992493,0.05,0.3856954351067543,189,138.00362314084367,0.08674795343079507,0.0252279321542086
pair_030,SetA,5,615.0,536.0,193.96359685530413,0.7771620750427246,0.0,0.6785708906319939,0.596902072429657,0.05,0.3834562301635742,189,120.50311199301038,0.06152002127658647,5.687242358091288e-05
pair_030,SetA,6,597.0,580.0,163.83383099231582,0.7641783952713013,0.0,0.678203294044947,0.5897972583770752,0.14270509831248424,0.3624941036105156,189,125.73384588089239,0.06146314885300556,0.0037360795608559344
pair_030,SetA,7,637.0,591.0,201.8664361631839,0.7709914445877075,0.0,0.6759205918977215,0.5930287837982178,0.16249999999999998,0.3825043812394142,189,164.46884203398528,0.05772706929214962,0.004499488651039989
pair_030,SetA,8,476.0,575.0,53.72681353320167,0.763766348361969,0.0,0.6541551480037584,0.5767858624458313,0.09358541225631423,0.37797262519598007,189,78.74642849044012,0.053227580641109634,0.00557483608987995
pair_030,SetA,9,467.0,410.0,203.36777783356698,0.771821141242981,0.0,0.6757326893208838,0.5826517343521118,0.125,0.36449168622493744,189,95.85927185202274,0.047652744551229684,0.0006998296877368942
pair_030,SetA,10,421.0,598.0,19.95329286162761,0.7670310139656067,0.0,0.6719034646356756,0.5820202827453613,0.05,0.38621649891138077,189,125.87692401707312,0.04695291486349279,0.0015842868021716874
pair_030,SetA,11,374.0,540.0,94.35258328842997,0.7685114741325378,0.0,0.672732051676439,0.5936985611915588,0.16249999999999998,0.37467528134584427,189,132.19682295728592,0.0453686280613211,0.0033441179747045885
pair_030,SetA,12,668.0,532.0,244.96410444177243,0.7782004475593567,0.0,0.6712181587085875,0.6034378409385681,0.05,0.3848916366696358,189,171.0204666114556,0.042024510086616514,0.0036775116741031635
pair_030,SetA,13,376.0,379.0,239.67559991276,0.7759603261947632,0.0,0.6768316360664018,0.5924711227416992,0.05,0.38351987302303314,189,173.25414857947845,0.03834699841251335,0.00236669550979339
pair_030,SetA,14,462.0,344.0,268.2613726317009,0.7765933275222778,0.0,0.6926957382719691,0.5943077206611633,0.0875,0.37206967920064926,189,160.5615146914104,0.03598030290271996,0.00015524028735632023
pair_030,SetA,15,431.0,356.0,255.0624037171118,0.7635847926139832,0.0,0.6604590496642047,0.5592520236968994,0.05,0.37804102897644043,189,159.67780058605516,0.03582506261536364,0.0038239474014744868
pair_030,SetA,16,639.0,572.0,206.58886486382005,0.7767450213432312,0.0,0.688279346651644,0.6071954369544983,0.05,0.38499289005994797,189,156.54072952429985,0.03200111521388915,0.00018435470393044634
pair_030,SetA,17,460.0,363.0,249.15710507578822,0.7712593674659729,0.0,0.6797223010796192,0.5861299633979797,0.05,0.37287716567516327,189,142.72000560538106,0.03181676050995871,0.0012687457369320206
pair_030,SetA,18,451.0,572.0,41.74958339657414,0.7683016061782837,0.0,0.6715761643385483,0.5911744832992554,0.16249999999999998,0.38935495913028717,189,87.09190547921202,0.030548014773026686,0.001035688661111419
pair_030,SetA,19,448.0,345.0,266.27565025628985,0.7724128365516663,0.0,0.6787150921100621,0.5813014507293701,0.05,0.3833346292376518,189,163.4900608599801,0.029512326111915267,0.002480490227886472
pair_030,SetA,20,455.0,392.0,219.82245556499836,0.7673853039741516,0.0,0.6712706050751224,0.5842224359512329,0.16249999999999998,0.38368627429008484,189,117.0,0.027031835884028795,0.0007506761434851357
pair_031,SetA,1,523.5,589.5,65.91600616206902,0.8258675932884216,0.0,0.6725261005047674,0.6690868735313416,0.05,0.8032169491052628,200,92.53377761660873,0.05361166166586256,0.04310790540732869
pair_031,SetA,2,389.5,403.5,174.20692294662837,0.8289526104927063,0.0,0.6727586274188041,0.6779888868331909,0.08106601717798213,0.7943659722805023,200,146.70548728660424,0.01050375625853387,0.001075614920832196
pair_031,SetA,3,523.5,578.5,55.02086724138964,0.8196364045143127,0.0,0.6793913577176907,0.6523774862289429,0.05,0.7982554733753204,200,81.94205269579228,0.009428141337701673,0.0009943908868186146
pair_031,SetA,4,627.5,425.5,149.444606215666,0.824743926525116,0.0,0.670210622831034,0.6790192723274231,0.05,0.7615675032138824,200,147.67024073929045,0.008433750450883059,0.0019360844246699375
pair_031,SetA,5,627.5,600.5,135.81565044376325,0.8237159252166748,0.0,0.6906114918928854,0.6684637665748596,0.05,0.7504802346229553,200,162.34685090878727,0.006497666026213121,0.0006188307625019313
pair_031,SetA,6,386.5,589.5,144.3644935307205,0.8263004422187805,0.0,0.6892362452040253,0.6649149060249329,0.05,0.8061344623565674,200,144.54238132810735,0.00587883526371119,0.0009615332327639987
pair_031,SetA,7,512.5,600.5,76.4398801650213,0.8301913142204285,0.0,0.7191839655288508,0.6811455488204956,0.05,0.7936373203992844,200,101.27437978087055,0.004917302030947191,0.0005228354795101999
pair_031,SetA,8,635.5,600.5,142.50126282078875,0.8256980180740356,0.0,0.6972934776417882,0.6704922318458557,0.05,0.7858137041330338,200,168.70240069424028,0.004394466551436991,0.0003583444903107382
pair_031,SetA,9,523.5,600.5,76.8410300862841,0.8286689519882202,0.0,0.6949463720538656,0.6776285767555237,0.05,0.7701694071292877,200,103.21094903158289,0.004036122061126253,0.00010585289532996558
pair_031,SetA,10,635.5,425.5,155.54552171956766,0.8241038918495178,0.0,0.6771655076578765,0.6772031188011169,0.17694368026754387,0.7960527241230011,200,154.6302040353048,0.003930269165796287,3.0106633825919497e-05
pair_031,SetA,11,389.5,578.5,136.9680713927137,0.8205064535140991,0.0,0.6811120007928254,0.6506553292274475,0.18713203435596426,0.7879693806171417,200,135.54519541466604,0.003900162531970368,2.5738151287090037e-05
pair_031,SetA,12,389.5,392.5,181.99568117449715,0.8215075135231018,0.0,0.684164455228218,0.6630972623825073,0.2,0.7881549596786499,200,154.1638738485771,0.003874424380683278,0.00034083343912075454
pair_031,SetA,13,378.5,600.5,156.60144325225014,0.830668568611145,0.0,0.7262523989878766,0.6796048879623413,0.05,0.791759192943573,200,157.67847031221478,0.0035335909415625233,9.287824741471178e-05
pair_031,SetA,14,512.5,589.5,65.44792772333986,0.8268786072731018,0.0,0.6996172218989967,0.6690028309822083,0.05,0.825998455286026,200,90.3686892679096,0.0034407126941478116,0.0003527814558766519
pair_031,SetA,15,356.5,589.5,171.64909187690918,0.8263760209083557,0.0,0.6890747016265437,0.6622895002365112,0.05885254915624212,0.7989263534545898,200,169.1227364963091,0.0030879312382711597,0.00047514808074053524
pair_031,SetA,16,378.5,589.5,151.54005408579084,0.8273764252662659,0.0,0.6929562709257207,0.6672435402870178,0.05,0.8263218700885773,200,150.9055996310276,0.0026127831575306244,3.564582988758742e-05
pair_031,SetA,17,389.5,414.5,166.7803226969411,0.8330795764923096,0.0,0.700204414923525,0.6935091614723206,0.05,0.7986425012350082,200,139.71578293092014,0.002577137327643037,2.535216697356797e-05
pair_031,SetA,18,657.5,589.5,156.60128709341126,0.8189800977706909,0.0,0.6777850198818369,0.648298978805542,0.05,0.8108436167240143,200,181.15325003984887,0.002551785160669469,0.00011462457462301911
pair_031,SetA,19,657.5,600.5,161.50413974779818,0.8237069249153137,0.0,0.6935082036274143,0.6599887609481812,0.05,0.7782604098320007,200,186.83281296389026,0.00243716058604645,7.713736854426684e-05
pair_031,SetA,20,490.5,578.5,59.7396849402423,0.8192761540412903,0.0,0.7028344957251221,0.6420156955718994,0.1662132317597294,0.7837755084037781,200,79.07275131168764,0.002360023217502183,0.00021041748697043323
pair_032,SetA,1,478.0,409.0,79.4359577207898,0.7746817469596863,0.0,0.6755132118668588,0.6122509241104126,0.05,0.49296243488788605,179,93.62157870918435,0.7968851800355824,0.06357294822325188
pair_032,SetA,2,476.0,431.0,57.34538296387817,0.7919319272041321,0.0,0.6997783789918435,0.6438002586364746,0.05,0.49136151373386383,179,73.05477397131553,0.7333122318123305,0.01763189584911584
pair_032,SetA,3,461.0,607.0,119.29274130692995,0.7772359848022461,0.0,0.6508255377734484,0.5883538126945496,0.05,0.4720016270875931,179,113.8859078200635,0.7156803359632147,0.006610408823168545
pair_032,SetA,4,457.0,655.0,167.4590934018591,0.7737581729888916,0.0,0.6887566812524473,0.6273017525672913,0.05,0.48389309644699097,179,160.85397104206038,0.7090699271400461,0.024847374356114393
pair_032,SetA,5,472.0,475.0,13.16571622751068,0.7928637862205505,0.0,0.7204722113362043,0.6586523652076721,0.05,0.4971800595521927,179,37.53664875824692,0.6842225527839317,0.0
pair_032,SetA,6,474.0,453.0,35.25499277447938,0.79792720079422,0.0,0.7140306109306969,0.6614280939102173,0.05,0.4927310049533844,179,53.71219600798314,0.6842225527839317,0.06396442853575257
pair_032,SetA,7,459.0,629.0,141.38309551278346,0.7756910920143127,0.0,0.6563491874807625,0.5814814567565918,0.05,0.47324730455875397,179,135.35878250043476,0.6202581242481792,0.05066487673551101
pair_032,SetA,8,458.0,642.0,154.4210601889351,0.7955206632614136,0.0,0.6843702117745726,0.6489687561988831,0.05,0.4932609647512436,179,148.08105888330215,0.5695932475126682,0.028052878483682098
pair_032,SetA,9,480.0,383.0,105.51162548659454,0.7747908234596252,0.0,0.6586586957465067,0.585316002368927,0.05,0.45532578229904175,179,118.69709347747316,0.5415403690289861,0.003990530946887394
pair_032,SetA,10,479.0,396.0,92.47371110711003,0.7897571921348572,0.0,0.6799020199253286,0.6400156021118164,0.05,0.49284082651138306,179,106.09901036296239,0.5375498380820987,0.11936856672959706
pair_032,SetA,11,460.0,620.0,132.3308061700675,0.7833913564682007,0.0,0.6666575553413966,0.6355510950088501,0.05,0.5034392923116684,179,126.49110640673517,0.4181812713525016,0.2050905143656157
pair_032,SetA,12,462.0,598.0,110.24073971706297,0.7536400556564331,0.0,0.6368141244779835,0.600896954536438,0.05,0.47909361124038696,179,105.1094667477673,0.2130907569868859,0.03887832883936873
pair_032,SetA,13,477.0,418.0,70.38329925611608,0.7943902015686035,0.0,0.686324405333869,0.6463630199432373,0.125,0.4872580021619797,179,85.16454661418682,0.17421242814751717,0.030367516851068893
pair_032,SetA,14,475.0,440.0,48.29317117803235,0.7857716083526611,0.0,0.6927831724555844,0.6294628977775574,0.125,0.485695943236351,179,65.0,0.14384491129644827,0.0027421493749135994
pair_032,SetA,15,471.0,488.0,0.14218607947693748,0.7897263169288635,0.0,0.7286047599219534,0.6461543440818787,0.125,0.46141090989112854,179,31.38470965295043,0.14110276192153468,0.030203372240612786
pair_032,SetA,16,473.0,466.0,22.2170801102767,0.7807110548019409,0.0,0.7153958932890014,0.6152669787406921,0.125,0.48461712896823883,179,43.41658669218482,0.11089938968092189,0.01940054304694798
pair_032,SetA,17,481.0,374.0,114.56424257885399,0.7391632199287415,0.0,0.6560432185183512,0.6062659025192261,0.05,0.4537353962659836,179,127.4244874425634,0.09149884663397391,0.006044265224930248
pair_032,SetA,18,470.0,422.0,66.1400564381739,0.5860157608985901,0.0,0.4546932589127741,0.38653096556663513,0.0875,0.32184869050979614,179,83.57032966310472,0.08545458140904366,0.008304708429584945
pair_032,SetA,19,463.0,580.0,92.22067657440574,0.6264409422874451,0.0,0.674363652416483,0.4321754574775696,0.05,0.4108674079179764,179,88.14193099768123,0.07714987297945872,0.023091309775971937
pair_032,SetA,20,473.0,391.0,97.15116088978658,0.5824040174484253,0.0,0.4506392407216765,0.4245770275592804,0.125,0.36697088181972504,179,112.29425630903836,0.05405856320348678,0.017890897276926034
pair_033,SetA,1,506.5,415.5,0.019423389437072804,0.9072321653366089,0.0,0.8425503989333194,0.7394042611122131,0.0,0.351089880336076,195,84.74963126763443,0.9801513577557006,0.6453769292138603
pair_033,SetA,2,330.5,506.5,198.12926279080276,0.8023729920387268,0.0,0.6861272763928729,0.5839983820915222,0.05,0.3432631492614746,195,169.62458548217592,0.3347744285418404,0.08973876837123637
pair_033,SetA,3,508.5,472.5,57.05021086568116,0.798886239528656,0.0,0.6735446806152864,0.5628622770309448,0.05,0.3766359851579182,195,28.78367592924851,0.24503566017060405,0.009414237280082921
pair_033,SetA,4,508.5,486.5,71.04321260655763,0.7981655597686768,0.0,0.6868880559263693,0.5552316904067993,0.05,0.3376647129189223,195,15.953056133543816,0.23562142289052113,0.05704458116591821
pair_033,SetA,5,328.5,420.5,178.05792934745682,0.8731096982955933,0.0,0.8011555630542415,0.6388702988624573,0.05,0.3563518285518512,195,189.03042083220362,0.17857684172460292,0.03194359907144137
pair_033,SetA,6,504.5,344.5,71.01311637349515,0.8039053678512573,0.0,0.6635604988006678,0.5807515978813171,0.05,0.3305550357326865,195,155.56509891360594,0.14663324265316155,0.020564174378051192
pair_033,SetA,7,688.5,538.5,219.68440639648347,0.8066527247428894,0.0,0.6867429282421238,0.5797255635261536,0.05,0.2620740123093128,195,192.39152787999788,0.12606906827511036,0.021733616639912023
pair_033,SetA,8,503.5,315.5,100.02992007122619,0.8223080039024353,0.0,0.7328636048966084,0.611797034740448,0.05,0.33854999765753746,195,184.53319484580544,0.10433545163519833,0.006734729047281118
pair_033,SetA,9,331.5,520.5,204.07998841463137,0.8025175333023071,0.0,0.7059861194254198,0.5489099621772766,0.05,0.33559556724503636,195,169.74245196767956,0.09760072258791722,0.045881520542916276
pair_033,SetA,10,509.5,515.5,100.06006118866915,0.7954657673835754,0.0,0.7054128660401502,0.5749211311340332,0.05,0.3357716870959848,195,18.179658962697843,0.05171920204500094,0.016226638145950392
pair_033,SetA,11,687.5,495.5,197.90894150723403,0.8097220659255981,0.0,0.7225017198018562,0.5691937804222107,0.05,0.2621984137222171,195,187.55399222623868,0.03549256389905055,0.0051816700092747366
pair_033,SetA,12,332.5,563.5,228.42926904531654,0.8098403811454773,0.0,0.716610692830101,0.5885462760925293,0.05,0.33253909298218787,195,179.13263242636725,0.03031089388977581,0.004262081683659356
pair_033,SetA,13,503.5,301.5,114.02444216839666,0.7996402978897095,0.0,0.7169048194733603,0.5505666136741638,0.05,0.3334923554211855,195,198.53085402526227,0.026048812206116455,0.012209546748112941
pair_033,SetA,14,510.5,543.5,128.077571182511,0.7986423969268799,0.0,0.7056143065995515,0.5391106009483337,0.05,0.33337599341757596,195,44.749301670528894,0.013839265458003513,0.00023697945037432812
pair_033,SetA,15,330.5,492.5,192.1009975934147,0.7935982346534729,0.0,0.6554509301683438,0.5566657185554504,0.05,0.340156776830554,195,169.66584806613264,0.013602286007629185,0.00018786103576210952
pair_033,SetA,16,509.5,529.5,114.05449286513038,0.7898856997489929,0.0,0.7076913256716337,0.5296615362167358,0.05,0.3363486621528864,195,30.99193443462347,0.013414424971867076,0.0006514977703354075
pair_033,SetA,17,686.5,467.5,187.37689487656374,0.7952444553375244,0.0,0.6857491040886798,0.5689687132835388,0.05,0.29746310599148273,195,189.3105913571663,0.012762927201531668,0.0011848711848665306
pair_033,SetA,18,333.5,591.5,246.79096286434105,0.6908724904060364,0.0,0.6754958126823634,0.4334426522254944,0.05,0.3190544880926609,195,189.98552576446448,0.011578056016665138,0.0023181099110737152
pair_033,SetA,19,506.5,429.5,14.01470209850787,0.7118909358978271,0.0,0.5956105340840141,0.45192885398864746,0.0875,0.32949201855808496,195,70.79901129253147,0.009259946105591423,0.0008980985159874645
pair_033,SetA,20,686.5,481.5,191.7355267842261,0.7974990606307983,0.0,0.7107665486822834,0.5498436093330383,0.05,0.26688119769096375,195,187.41531420884473,0.008361847589603958,0.00041840095724561543
pair_034,SetA,1,564.0,430.0,36.7403953430481,0.759224534034729,0.0,0.6662354502603908,0.5049920678138733,0.12961646096066226,0.008272318169474602,195,94.847245611035,0.009430772706897966,0.0013118715838975111
pair_034,SetA,2,359.0,413.0,242.06060874315907,0.7723466753959656,0.0,0.5658796592936239,0.5235901474952698,0.0875,0.010083542671054602,195,165.6804152578089,0.008118901123000455,1.6828783887229415e-05
pair_034,SetA,3,628.0,572.0,147.28770714229043,0.7679656744003296,0.0,0.554765774716353,0.5192129611968994,0.12961646096066226,0.006001744419336319,195,146.86047800548656,0.008102072339113225,0.00019879641804265366
pair_034,SetA,4,607.0,617.0,189.83067481628305,0.7605683207511902,0.0,0.5479519885000864,0.4896165430545807,0.05,0.01073638815432787,195,158.54967675779096,0.007903275921070572,0.0003812861457507706
pair_034,SetA,5,592.0,368.0,59.9021849806466,0.7597107887268066,0.0,0.6797043980863076,0.5044727325439453,0.05,0.013089096173644066,195,160.89748288895012,0.007521989775319801,0.0013236418845666452
pair_034,SetA,6,565.0,441.0,38.19041571766326,0.7598652839660645,0.0,0.5297375148093888,0.497635155916214,0.11020817282989959,0.007609622087329626,195,87.78382538941898,0.006198347890753156,0.00022769499019264453
pair_034,SetA,7,641.0,582.0,159.9016236953841,0.764777660369873,0.0,0.511872694619714,0.5147300958633423,0.05885254915624212,0.010719547048211098,195,163.11039206623224,0.0059706529005605115,0.00013448082012427597
pair_034,SetA,8,607.0,405.0,23.16625881435572,0.7633917927742004,0.0,0.6663376986597653,0.5140504837036133,0.17694368026754387,0.012631244957447052,195,143.0873858870865,0.0058361720804362355,0.0005961186822020584
pair_034,SetA,9,600.0,634.0,206.72506756496895,0.7720040082931519,0.0,0.553692239857764,0.5212321877479553,0.16249999999999998,0.005038361996412277,195,167.20047846821492,0.005240053398234177,0.00046191392788891197
pair_034,SetA,10,554.0,621.0,199.2592288018682,0.7637670636177063,0.0,0.6709871794868658,0.5221932530403137,0.12961646096066226,0.014773499220609665,195,132.5028301584536,0.004778139470345265,7.74061165472982e-05
pair_034,SetA,11,539.0,421.0,61.95794285088664,0.772983968257904,0.0,0.6231940782319031,0.5315387845039368,0.11020817282989959,0.013599935919046402,195,88.10221336606703,0.004700733353797967,4.6650005787397114e-05
pair_034,SetA,12,373.0,439.0,227.9409811428879,0.7591337561607361,0.0,0.6826447024692905,0.5100800395011902,0.05,0.012754151597619057,195,140.8900280360537,0.00465408334801057,0.0003975600575695697
pair_034,SetA,13,394.0,606.0,273.2070350707715,0.7694367170333862,0.0,0.5763718285701578,0.5255132913589478,0.05,0.0115885678678751,195,149.90663761154806,0.004256523290441,6.568023296836274e-05
pair_034,SetA,14,350.0,457.0,252.39564994972406,0.7669362425804138,0.0,0.665387054643209,0.5302636623382568,0.1662132317597294,0.00631189439445734,195,156.0416611036937,0.004190843057472637,1.1311906289081936e-05
pair_034,SetA,15,584.0,423.0,17.17989454609621,0.7669105529785156,0.0,0.638804063416945,0.5161555409431458,0.14270509831248424,0.009077678434550762,195,113.95174417269794,0.0041795311511835555,0.00023608804501823628
pair_034,SetA,16,597.0,596.0,168.76332291172008,0.7664763331413269,0.0,0.6627884518767311,0.5192334055900574,0.125,0.009946193546056747,195,136.4734406395618,0.003943443106165319,0.0003470057087667528
pair_034,SetA,17,549.0,393.0,61.979455208684755,0.7608138918876648,0.0,0.6830404811302011,0.5107596516609192,0.125,0.013907639309763908,195,117.6860229593982,0.0035964373973985664,0.00013413102426210882
pair_034,SetA,18,630.0,436.0,30.629431493919505,0.7623644471168518,0.0,0.5154019165614382,0.5052526593208313,0.11020817282989959,0.010728659108281136,195,144.89996549343965,0.0034623063731364576,0.0001149638306766408
pair_034,SetA,19,394.0,443.0,207.23666233019281,0.7649449706077576,0.0,0.5028118023783864,0.5023486018180847,0.09358541225631423,0.011537153273820877,195,120.3536455617361,0.0033473425424598168,2.8390552218638104e-05
pair_034,SetA,20,537.0,394.0,71.81395049363826,0.7761569023132324,0.0,0.5928789948805115,0.5314626693725586,0.16249999999999998,0.017251516692340374,195,112.27199116431488,0.0033189519902411787,3.717550624679142e-05
pair_035,SetA,1,381.0,391.0,0.4268925575822685,0.8821321129798889,0.0,0.8339013803245532,0.7156885862350464,0.05,0.588161438703537,100,161.37533888422976,0.9497477569534037,0.1165549947647444
pair_035,SetA,2,399.0,390.0,17.62161358719232,0.7628166079521179,0.0,0.8078855374825911,0.6393983960151672,0.05,0.644291028380394,100,149.33519344079613,0.8331927621886593,0.03025741288511552
pair_035,SetA,3,405.0,390.0,23.61643143608197,0.7595487833023071,0.0,0.7897629236106113,0.6378276348114014,0.05,0.6629205942153931,100,145.34441853748632,0.8029353493035438,0.004457503926613371
pair_035,SetA,4,428.0,389.0,46.637828017981235,0.7592127919197083,0.0,0.7995856605110719,0.6345407962799072,0.05,0.5846343785524368,100,132.30646242719968,0.7984778453769305,0.02340359764679134
pair_035,SetA,5,573.0,383.0,191.7618601531891,0.7582905888557434,0.0,0.8082868446650835,0.6420584917068481,0.05,0.5815950334072113,77,137.90576492663388,0.7750742477301391,0.00458251504634577
pair_035,SetA,6,532.0,385.0,150.71470005540607,0.7700992226600647,0.0,0.7933871702880162,0.626740038394928,0.05,0.6227617114782333,77,119.36917525056458,0.7704917326837933,0.019310219122192662
pair_035,SetA,7,422.0,389.0,40.64323355585719,0.7527636885643005,0.0,0.8104452850857231,0.626019299030304,0.05,0.5925178229808807,100,135.66502865514016,0.7511815135616007,0.23191602908411935
pair_035,SetA,8,526.0,385.0,144.71940521033167,0.8737549185752869,0.0,0.8314155249368145,0.7150258421897888,0.05,0.5901972055435181,77,117.90250209389112,0.5192654844774813,0.17121283936538945
pair_035,SetA,9,544.0,384.0,162.7453387123354,0.745201051235199,0.0,0.7998797238991325,0.5978766083717346,0.05,0.6349495649337769,77,124.06449935416659,0.3480526451120919,0.05033667666124342
pair_035,SetA,10,550.0,384.0,168.7402140598133,0.7583646774291992,0.0,0.7969911482786775,0.6458327174186707,0.0875,0.6617469489574432,77,126.31706139710502,0.29771596845084847,0.021101219026461004
pair_035,SetA,11,393.0,390.0,11.632140691097296,0.742610514163971,0.0,0.8037035617562888,0.5941557884216309,0.05,0.602536752820015,100,153.45683432157722,0.27661474942438746,0.02823371346719164
pair_035,SetA,12,538.0,385.0,156.71035505399718,0.7349751591682434,0.0,0.7663605140415979,0.5752764344215393,0.05,0.5922656059265137,77,121.1156472137271,0.24838103595719582,0.020347980149930694
pair_035,SetA,13,556.0,384.0,174.73544119413916,0.7506108283996582,0.0,0.7777036446594009,0.6415682435035706,0.0875,0.625569298863411,77,128.80993750483694,0.22803305580726513,0.0224427214558994
pair_035,SetA,14,579.0,383.0,197.75698616678525,0.7313889265060425,0.0,0.7929496603448462,0.6174035668373108,0.0875,0.5676819905638695,77,141.1736519326464,0.20559033435136573,0.01927269991292599
pair_035,SetA,15,679.0,565.0,344.81229615900827,0.7740092873573303,0.0,0.6469942679100309,0.5737760066986084,0.05,0.5271555557847023,100,190.43634106966033,0.18631763443843974,0.002583542551945761
pair_035,SetA,16,520.0,385.0,138.72451721333664,0.7373082041740417,0.0,0.7896487055390558,0.5399196743965149,0.05,0.5915715545415878,77,116.72617529928752,0.18373409188649398,0.06664484605329965
pair_035,SetA,17,389.0,576.0,185.30830227266884,0.7610138654708862,0.0,0.6615893950478724,0.498043417930603,0.0875,0.5139916017651558,100,134.52509059651288,0.11708924583319433,0.06979272993369673
pair_035,SetA,18,534.0,571.0,236.09742814200916,0.7534739971160889,0.0,0.6112407238895219,0.5440906286239624,0.08106601717798213,0.5116290524601936,77,78.7210264160726,0.047296515899497606,0.0028846847974434986
pair_035,SetA,19,567.0,383.0,185.76704885703603,0.7346525192260742,0.0,0.8003047621645276,0.5737302899360657,0.0875,0.5806324183940887,77,134.82581355215328,0.04441183110205411,0.0001665536461365677
pair_035,SetA,20,540.0,570.0,239.26952473458482,0.6357369422912598,0.0,0.6204749245229726,0.41564998030662537,0.12961646096066226,0.5428800284862518,77,80.62257748298549,0.04424527745591754,0.00716384743231948
pair_036,SetA,1,405.5,371.5,223.28119664979147,0.7486016750335693,0.0,0.5545685547531932,0.5904362797737122,0.05,0.10084429488051683,175,159.5070531355902,0.39359120253163415,0.08247302071738505
pair_036,SetA,2,454.5,368.5,238.90016077049228,0.7533524632453918,0.0,0.30279766001670216,0.5891616344451904,0.05,0.1042887344956398,175,139.14920050075747,0.3111181818142491,0.18728584709271134
pair_036,SetA,3,441.5,369.5,233.66110766933218,0.7391788363456726,0.0,0.5891020166585466,0.5494418144226074,0.0875,0.09469535388052464,175,143.01223723863632,0.12383233472153775,0.03383563107355585
pair_036,SetA,4,389.5,590.5,19.625769172426406,0.7308324575424194,0.0,0.5119940443175013,0.5299286246299744,0.05,0.08567427285015583,175,142.83031891023697,0.0899967036479819,0.02777143976939528
pair_036,SetA,5,376.5,591.5,6.587657907142707,0.7531099915504456,0.0,0.4138467291066332,0.5938160419464111,0.11020817282989959,0.09661236708052456,175,153.7026349806665,0.06222526387858662,0.014588905181087762
pair_036,SetA,6,425.5,588.5,55.67936130655376,0.7491812705993652,0.0,0.460281270805703,0.5946843028068542,0.125,0.10002886271104217,175,115.68275584545866,0.04763635869749886,0.013234262102661903
pair_036,SetA,7,588.5,578.5,218.98581908756205,0.7412034869194031,0.0,0.2974978544341763,0.5713300108909607,0.09358541225631423,0.0754880178719759,175,118.29835163686771,0.03440209659483696,0.010491991766523587
pair_036,SetA,8,441.5,587.5,71.71057693979184,0.7383224368095398,0.0,0.5372367341191582,0.5756959319114685,0.125,0.10540385986678302,175,105.25445358748483,0.02391010482831337,0.0031638748699792767
pair_036,SetA,9,448.5,482.5,134.71658475404448,0.7060269117355347,0.0,0.1991796453631312,0.522174596786499,0.05,0.09240234270691872,175,54.39209501388966,0.020746229958334094,0.001242543302635235
pair_036,SetA,10,420.5,453.5,147.37816412837492,0.7204933166503906,0.0,0.40906633587408403,0.5846032500267029,0.0875,0.11663528601638973,175,92.10048859805251,0.01950368665569886,0.00970804822064167
pair_036,SetA,11,573.5,387.5,288.5021866001605,0.7133215069770813,0.0,0.5616633552102158,0.5767638683319092,0.125,0.10049813101068139,175,134.38191842655024,0.009795638435057189,0.000656513011127461
pair_036,SetA,12,441.5,478.5,134.1229288419714,0.7105052471160889,0.0,0.4098775628473657,0.5489952564239502,0.0875,0.1021593059413135,175,62.325757115337154,0.009139125423929728,0.00035012691892465607
pair_036,SetA,13,412.5,375.5,220.57672348642768,0.7056161761283875,0.0,0.40097502280815933,0.549723207950592,0.16249999999999998,0.10310118342749774,175,152.17259937321174,0.008788998505005072,0.0011841045938578787
pair_036,SetA,14,583.5,443.5,260.0863720916475,0.7055709958076477,0.0,0.5421831252906416,0.5489968061447144,0.16249999999999998,0.08891200460493565,175,100.8191450072852,0.007604893911147193,0.0008505707697841957
pair_036,SetA,15,462.5,660.5,115.20349771859914,0.7190523743629456,0.0,0.266366733214221,0.5769922733306885,0.05,0.11587158602196723,175,164.82263194112633,0.006754323141362997,0.00024296574880281266
pair_036,SetA,16,363.5,487.5,104.62668736557148,0.7094120383262634,0.0,0.5480948040409779,0.5628891587257385,0.125,0.09292370779439807,175,137.07114940788964,0.006511357392560185,1.2117718724456543e-05
pair_036,SetA,17,426.5,444.5,157.91115166106644,0.7164079546928406,0.0,0.22680127351757307,0.5549834370613098,0.05,0.11121720355004072,175,92.10048859805251,0.006499239673835728,0.0004887291683637138
pair_036,SetA,18,415.5,641.5,67.33668245966624,0.7169229388237,0.0,0.5715318571371015,0.5751678347587585,0.0875,0.10769989457912743,175,164.8104972384951,0.006010510505472014,0.0013446797903875814
pair_036,SetA,19,461.5,481.5,143.45846711400995,0.7141316533088684,0.0,0.5626710825594701,0.5431538820266724,0.09358541225631423,0.1002146691607777,175,42.714166268347086,0.004665830715084433,8.270456853031426e-06
pair_036,SetA,20,389.5,372.5,220.30042489253353,0.7302560210227966,0.0,0.43531601109488166,0.565523624420166,0.16249999999999998,0.10773861454799771,175,168.72018255087326,0.004657560258231401,9.449159426982209e-05
pair_037,SetA,1,637.0,414.0,0.48142570647768745,0.8756048679351807,0.0,0.8370184503064955,0.7021272778511047,0.05,0.5685779601335526,175,161.75598906995685,0.6533569956238199,0.18254290125547545
pair_037,SetA,2,623.0,607.0,193.2001210223091,0.7943805456161499,0.0,0.7018091329139344,0.542557418346405,0.05,0.5773861259222031,175,163.02760502442524,0.4708140943683444,0.13629420087610605
pair_037,SetA,3,493.0,404.0,144.71674269945964,0.7702824473381042,0.0,0.7296049796859128,0.6086154580116272,0.0875,0.4666902720928192,175,96.25487000666512,0.3345198934922384,0.10692781022021905
pair_037,SetA,4,487.0,403.0,150.773905277448,0.8703320026397705,0.0,0.8120568239799524,0.6860576868057251,0.05,0.5675362050533295,175,97.86725703727473,0.22759208327201932,0.1510559398525267
pair_037,SetA,5,515.0,599.0,221.51895628198682,0.6410326957702637,0.0,0.6661410928718112,0.4869827926158905,0.09358541225631423,0.39770739525556564,175,100.12991560967181,0.07653614341949265,0.008855845088488273
pair_037,SetA,6,643.0,415.0,5.691825334600335,0.7762113213539124,0.0,0.7475929030862276,0.6189824938774109,0.1662132317597294,0.47459275275468826,175,166.35504200354134,0.06768029833100438,0.018284793850444236
pair_037,SetA,7,476.0,632.0,270.94601053733885,0.6451895833015442,0.0,0.6728149419797125,0.5192908644676208,0.11020817282989959,0.5744550675153732,175,134.16407864998737,0.04939550448056014,0.019580008023805315
pair_037,SetA,8,337.0,392.0,301.17654167367493,0.8753936290740967,0.0,0.8108798817195986,0.7072020173072815,0.05,0.48991402238607407,175,195.5326059765992,0.029815496456754825,0.005388362983950366
pair_037,SetA,9,490.0,440.0,149.56610226107392,0.6473804116249084,0.0,0.6527687750934225,0.5016891956329346,0.05,0.5785015672445297,175,60.8276253029822,0.02442713347280446,0.008075173439850848
pair_037,SetA,10,323.0,585.0,357.68892105688553,0.7874407768249512,0.0,0.6819112907754971,0.5357142090797424,0.0875,0.4917270392179489,175,196.3517252279694,0.01635196003295361,0.0008365531059183785
pair_037,SetA,11,508.0,405.0,129.68364743548807,0.7240676283836365,0.0,0.7450921897099536,0.6294978857040405,0.09358541225631423,0.4120903015136719,175,95.33624704172071,0.015515406927035232,0.002395654426419175
pair_037,SetA,12,367.0,395.0,271.03776149379985,0.6925007700920105,0.0,0.6753993601463935,0.523718535900116,0.05,0.3602702170610428,175,169.45205811674285,0.013119752500616057,0.0005741646020129207
pair_037,SetA,13,341.0,586.0,342.4780181822426,0.6488507986068726,0.0,0.6845903783976215,0.5095678567886353,0.09358541225631423,0.36076074466109276,175,180.76780686836912,0.012545587898603137,0.0001587334544219353
pair_037,SetA,14,473.0,596.0,244.97515283174513,0.7932377457618713,0.0,0.6934388163100287,0.5460891127586365,0.1662132317597294,0.5712729096412659,175,99.72462083156798,0.012386854444181201,0.001643277533463161
pair_037,SetA,15,339.0,441.0,299.53672918383177,0.6445201635360718,0.0,0.653591390562196,0.5025773048400879,0.09358541225631423,0.5220887586474419,175,171.47011401407536,0.01074357691071804,0.0003749269609188751
pair_037,SetA,16,477.0,620.0,260.7873581740947,0.6430124044418335,0.0,0.6658582260627228,0.5207579135894775,0.05,0.5165014043450356,175,122.18428704215611,0.010368649949799165,0.0019499660280796367
pair_037,SetA,17,636.0,511.0,96.67604520202742,0.6507821083068848,0.0,0.663965961184144,0.5201531648635864,0.19366069605669878,0.5765699148178101,175,136.444127759314,0.008418683921719529,0.0010623812077083438
pair_037,SetA,18,486.0,500.0,173.91031153386638,0.6366368532180786,0.0,0.6394263887762998,0.5147308707237244,0.14270509831248424,0.5688825100660324,175,14.0,0.007356302714011185,0.00023934073440650978
pair_037,SetA,19,637.0,499.0,84.66736840854516,0.6481548547744751,0.0,0.6553206881018752,0.5331265330314636,0.0875,0.5738485902547836,175,137.00364958642524,0.007116961979604675,0.0006833747377243023
pair_037,SetA,20,481.0,403.0,156.75757946421106,0.7246749401092529,0.0,0.7343176429085934,0.5539873838424683,0.09358541225631423,0.4554312527179718,175,98.84331034521254,0.006433587241880373,0.00036064560659057783
pair_038,SetA,1,437.0,495.0,73.62219926947071,0.7656154036521912,0.0,0.795018129063375,0.6658893823623657,0.05,0.2702461751177907,175,63.198101237299845,0.9029337444674467,0.06356050250536394
pair_038,SetA,2,641.0,508.0,278.0359360907798,0.6928271651268005,0.0,0.7267942371436058,0.6389588713645935,0.05,0.21755846962332726,175,141.2267680009707,0.8393732419620827,0.0087274174325227
pair_038,SetA,3,626.0,507.0,263.00269086286806,0.7742517590522766,0.0,0.7930156205611858,0.6797065138816833,0.0875,0.2555580047192052,175,126.19429464123962,0.83064582452956,0.06467522652845803
pair_038,SetA,4,364.0,490.0,0.5109644716097187,0.6934570670127869,0.0,0.7098933951446669,0.5534417033195496,0.05,0.2390995961613953,175,136.36715146984628,0.765970598001102,0.002733117764499693
pair_038,SetA,5,375.0,491.0,11.493396145368132,0.7894455194473267,0.0,0.7929031432555815,0.7024587392807007,0.05,0.28458320908248425,175,125.32358118087753,0.7632374802366023,0.020823921218473762
pair_038,SetA,6,406.0,493.0,42.55776298296245,0.7881039381027222,0.0,0.8027776210599661,0.6989982724189758,0.05,0.282804723829031,175,94.26027795418386,0.7424135590181286,0.04169356899536636
pair_038,SetA,7,383.0,491.0,19.4822156841013,0.7185655236244202,0.0,0.7114374647991666,0.5715919137001038,0.05,0.2773863091133535,175,117.34564329364768,0.7007199900227622,0.34730044718464814
pair_038,SetA,8,425.0,494.0,61.58294271455858,0.7657758593559265,0.0,0.7429981067732485,0.674304723739624,0.125,0.27343140775337815,175,75.23961722390672,0.35341954283811405,0.0808416098548621
pair_038,SetA,9,344.0,489.0,19.571231943715684,0.7767153382301331,0.0,0.7678175624594963,0.6850214004516602,0.125,0.27523804921656847,175,156.3873396410336,0.27257793298325195,0.029877841555080914
pair_038,SetA,10,452.0,496.0,88.65548252669154,0.7680401802062988,0.0,0.7630272983782269,0.6723562479019165,0.125,0.26924250181764364,175,48.16637831516918,0.24270009142817103,0.00016421576125996706
pair_038,SetA,11,329.0,488.0,34.60443270778849,0.773620069026947,0.0,0.7940269569953607,0.6744165420532227,0.12961646096066226,0.26801181863993406,175,171.42053552593984,0.24253587566691107,0.006293835263704001
pair_038,SetA,12,414.0,493.0,50.54326624904141,0.7020331621170044,0.0,0.7028756316468827,0.5497170686721802,0.09358541225631423,0.2635580305941403,175,86.28441342444185,0.23624204040320707,0.015190828519674904
pair_038,SetA,13,356.0,490.0,7.53674410364103,0.7443172931671143,0.0,0.775909954757867,0.6229211091995239,0.125,0.27092741354135796,175,144.34680460612904,0.22105121188353216,0.0037040860962826994
pair_038,SetA,14,460.0,496.0,96.63981143942691,0.7058493494987488,0.0,0.7210038405447254,0.6168837547302246,0.09358541225631423,0.27047961577773094,175,40.19950248448356,0.21734712578724946,0.011545189960988578
pair_038,SetA,15,580.0,504.0,216.90501148932182,0.7153909802436829,0.0,0.7440749670657315,0.5792700052261353,0.125,0.24495956487953663,175,80.09993757800315,0.20580193582626088,0.05473860868807365
pair_038,SetA,16,394.0,492.0,30.518745030308146,0.7367424964904785,0.0,0.6991136558692492,0.6233295798301697,0.125,0.25787111147656105,175,106.30145812734649,0.15106332713818724,0.018432048559586495
pair_038,SetA,17,382.0,383.0,108.78795388061188,0.6059316396713257,0.0,0.6807396492549973,0.4048062264919281,0.05,0.19212334509938955,175,166.1715980545412,0.13263127857860074,0.024910318619805596
pair_038,SetA,18,595.0,505.0,231.93824688039203,0.7897974252700806,0.0,0.7950317785758336,0.701924741268158,0.125,0.28322036005556583,175,95.13148795220224,0.10772095995879515,0.034602814822488934
pair_038,SetA,19,426.0,360.0,144.41767833745686,0.6034433245658875,0.0,0.6727989753996982,0.40474796295166016,0.05,0.19083188381046057,175,158.35403373454054,0.07311814513630621,0.0009003751029107998
pair_038,SetA,20,439.0,340.0,168.10102721269044,0.6032474040985107,0.0,0.6750654341427291,0.40039709210395813,0.05885254915624212,0.1894960580393672,175,171.2337583538947,0.07221777003339541,0.0003250665431970834
pair_039,SetA,1,420.0,355.0,90.74095319755213,0.7985926270484924,0.0,0.6730287094029634,0.5437473654747009,0.05,0.579992264509201,169,165.60495161679194,0.599606204965717,0.08586041238014464
pair_039,SetA,2,414.0,446.0,0.5414501565099585,0.8616511225700378,0.0,0.7571565288850979,0.6177273988723755,0.05,0.5004840046167374,169,101.54801819828883,0.5137457925855724,0.07301739326680451
pair_039,SetA,3,576.0,456.0,162.01685528498157,0.8713593482971191,0.0,0.7888091684011789,0.6549589037895203,0.05,0.5052716434001923,169,87.8179936004006,0.4407283993187679,0.0012776842032852787
pair_039,SetA,4,409.0,523.0,77.61952086231989,0.7928972840309143,0.0,0.6655134902654265,0.5527411699295044,0.05,0.5727559328079224,169,93.86160024205851,0.4394507151154826,0.012616071091011705
pair_039,SetA,5,580.0,391.0,174.43363270761796,0.7877581715583801,0.0,0.6849386343829131,0.4823285937309265,0.05,0.5398227125406265,169,135.20724832641184,0.4268346440244709,0.16633074710901424
pair_039,SetA,6,410.0,510.0,64.58164070995365,0.7927054166793823,0.0,0.6669426342198468,0.5405833721160889,0.05,0.5762460455298424,169,90.55385138137417,0.26050389691545667,0.0480808735145527
pair_039,SetA,7,419.0,368.0,77.70406867923273,0.7980153560638428,0.0,0.676548359706195,0.5501176118850708,0.09358541225631423,0.5770592540502548,169,154.8709139896837,0.21242302340090397,0.045106209329595665
pair_039,SetA,8,405.0,497.0,52.27449298395101,0.6232447624206543,0.0,0.5053485687629228,0.3880300521850586,0.05,0.4051513448357582,169,95.04735661763561,0.1673168140713083,0.030456298436255885
pair_039,SetA,9,421.0,342.0,103.77821970478091,0.7983672618865967,0.0,0.6807968719019069,0.525374174118042,0.05,0.57775067538023,169,176.64937022248338,0.13686051563505242,0.027668437052328312
pair_039,SetA,10,418.0,381.0,64.66779717458675,0.779203474521637,0.0,0.6551021385513152,0.5453467965126038,0.05,0.5395105555653572,169,144.51643505151932,0.1091920785827241,0.013613985326856787
pair_039,SetA,11,411.0,497.0,51.54402598442393,0.7943614721298218,0.0,0.6602832786169899,0.5256654620170593,0.09358541225631423,0.5630900040268898,169,89.05054744357274,0.09557809325586732,0.03005043311606237
pair_039,SetA,12,567.0,585.0,206.77031957097972,0.7866440415382385,0.0,0.6849166786546145,0.5210986733436584,0.05,0.5449251905083656,169,108.23123393919151,0.06552766013980495,0.007725943972957693
pair_039,SetA,13,408.0,536.0,90.65755192482689,0.7779847383499146,0.0,0.6494025494637166,0.5184947848320007,0.05,0.5701143518090248,169,98.79271228182775,0.057801716166847254,0.0009850431792952224
pair_039,SetA,14,584.0,327.0,206.99902673939945,0.7976247072219849,0.0,0.6429978343399764,0.5608901977539062,0.05,0.5747198015451431,169,192.31484602078956,0.05681667298755203,0.003855874635749386
pair_039,SetA,15,582.0,456.0,168.0048374136545,0.6798383593559265,0.0,0.786804173021922,0.4039677381515503,0.09358541225631423,0.3514464236795902,169,93.05912099305473,0.052960798351802646,0.0012183525389926966
pair_039,SetA,16,570.0,546.0,185.26726626461937,0.7780480980873108,0.0,0.671066299705142,0.4586735963821411,0.05,0.5674134567379951,169,83.7615663654877,0.05174244581280995,0.0067535183801810325
pair_039,SetA,17,406.0,575.0,129.7041151762273,0.7788709402084351,0.0,0.5911029838180064,0.5195158123970032,0.05,0.5297544151544571,169,120.2538980657176,0.04498892743262892,0.0028310602518070785
pair_039,SetA,18,568.0,572.0,199.0074454722197,0.783404529094696,0.0,0.6753431038212322,0.5086240172386169,0.05,0.57133399695158,169,99.03534722511958,0.04215786718082184,0.0023569913160546366
pair_039,SetA,19,413.0,471.0,25.471223183620886,0.6844843029975891,0.0,0.6195995003592654,0.36639484763145447,0.14270509831248424,0.5124294757843018,169,91.706052144883,0.0398008758647672,0.0029084553285376458
pair_039,SetA,20,421.0,446.0,6.694612203215928,0.6954584717750549,0.0,0.7230464748755596,0.4762513339519501,0.05,0.35052021220326424,169,95.69221493935649,0.036892420536229556,0.0018382518133407064
pair_040,SetA,1,435.0,473.0,228.47692943971407,0.7318063974380493,0.0,0.6442680302165806,0.579247772693634,0.05,-0.01090126484632492,194,70.3846574190711,0.03176164586501183,0.02038354603093353
pair_040,SetA,2,426.0,622.0,206.91578993610767,0.7314463257789612,0.0,0.6557364704441093,0.5812143683433533,0.05,-0.00044342875480651855,194,142.68847185389575,0.011378099834078302,0.0038961677799610054
pair_040,SetA,3,402.0,594.0,228.61228433462773,0.7281821966171265,0.0,0.6436248676013961,0.5562280416488647,0.16249999999999998,-0.011273972690105438,194,135.79396157414365,0.007481932054117297,6.817399407705108e-05
pair_040,SetA,4,458.0,624.0,175.703706563423,0.7394642233848572,0.0,0.6690741242438184,0.5880099534988403,0.0875,0.017846617847681046,194,130.91982279242512,0.007413758060040246,0.0005466795577817318
pair_040,SetA,5,440.0,638.0,196.2821963488059,0.7291901707649231,0.0,0.6448480982384952,0.5843877792358398,0.05,0.005040884017944336,194,150.47923444781344,0.006867078502258514,0.00010611453768383846
pair_040,SetA,6,429.0,431.0,257.4261672919588,0.7256200313568115,0.0,0.6447297873840481,0.5696192383766174,0.05,-0.001317344605922699,194,99.00505037623081,0.006760963964574675,0.0018490799579667346
pair_040,SetA,7,597.0,657.0,73.9791816205264,0.7305179238319397,0.0,0.6449591004756474,0.5713248252868652,0.05,0.018183689564466476,194,184.54809671194118,0.004911884006607941,8.919675717320493e-05
pair_040,SetA,8,404.0,437.0,274.0216441646525,0.7256375551223755,0.0,0.6429353266644775,0.5612828135490417,0.05,-0.0018858462572097778,194,114.82595525402782,0.004822687249434736,0.0005787651980494624
pair_040,SetA,9,586.0,450.0,147.96773403806387,0.7323563098907471,0.0,0.6557696554394339,0.5753821730613708,0.0875,0.016185306012630463,194,99.4786409235671,0.0042439220513852734,0.0003196258863121717
pair_040,SetA,10,607.0,385.0,207.4342421993555,0.7255189418792725,0.0,0.6485351256505426,0.5649416446685791,0.05,-0.0003959164023399353,194,157.07959765672945,0.003924296165073102,0.00020816327109726262
pair_040,SetA,11,600.0,377.0,216.2630033027078,0.7226740717887878,0.0,0.6435466838488713,0.5541977882385254,0.05,0.0007010176777839661,194,158.52129194527782,0.003716132893975839,0.000280820028808651
pair_040,SetA,12,382.0,396.0,316.0034956268571,0.7219618558883667,0.0,0.6444121303287937,0.5544390678405762,0.125,-0.0023605450987815857,194,157.2895419282541,0.003435312865167188,2.2162024357815294e-05
pair_040,SetA,13,433.0,630.0,201.38873445204754,0.7343134880065918,0.0,0.6541119842181526,0.5692158937454224,0.0875,0.0036224573850631714,194,146.24978632463024,0.003413150840809373,0.00025990404430579995
pair_040,SetA,14,427.0,588.0,203.61715714699682,0.7336922883987427,0.0,0.6476640698451329,0.574243426322937,0.16249999999999998,-0.014087263494729996,194,114.33722053644648,0.003153246796503573,0.00018905943123646938
pair_040,SetA,15,410.0,479.0,247.4375419176968,0.7301364541053772,0.0,0.6528303876267605,0.5762335658073425,0.0875,-0.020827602595090866,194,92.41753080449618,0.0029641873652671035,0.00024075926357462448
pair_040,SetA,16,611.0,584.0,20.836400706231185,0.7233920693397522,0.0,0.6431284028263755,0.5660338997840881,0.0875,-0.0038047656416893005,194,139.20129309744217,0.002723428101692479,0.00015391925734218248
pair_040,SetA,17,425.0,605.0,206.06388965687012,0.7278681397438049,0.0,0.643682792195216,0.5689379572868347,0.05,-0.0010677725076675415,194,129.0348790056394,0.0025695088443502966,1.0872157360996941e-05
pair_040,SetA,18,419.0,614.0,212.83060373350813,0.719549834728241,0.0,0.6434509986881014,0.5550766587257385,0.0875,-0.000781964510679245,194,139.84634424968,0.0025586366869892996,0.00012932445989260674
pair_040,SetA,19,400.0,611.0,231.45184485026385,0.7266973853111267,0.0,0.6456288431493054,0.5567821264266968,0.12961646096066226,-0.002063170075416565,194,149.40214188558343,0.002429312227096693,2.472149114542306e-05
pair_040,SetA,20,442.0,621.0,190.95109496312728,0.7283652424812317,0.0,0.6398138448153466,0.566180944442749,0.125,0.001518063247203827,194,134.18271125595876,0.00240459073595127,5.986144586863501e-05
pair_041,SetA,1,573.0,541.0,239.5904107311606,0.7275109887123108,0.0,0.542631369863722,0.6541953086853027,0.05,0.6197656542062759,200,83.72574275573791,0.8626685196266493,0.030379596346588267
pair_041,SetA,2,573.0,556.0,231.27280693003385,0.7086774706840515,0.0,0.5327072209201495,0.5852149724960327,0.05,0.6089123487472534,200,92.00543462209176,0.832288923280061,0.07016892079906634
pair_041,SetA,3,573.0,510.0,258.6959010208459,0.7194778323173523,0.0,0.5451549471404622,0.6251026391983032,0.05,0.5913015827536583,200,73.68174807915459,0.7621200024809947,0.06873190295347864
pair_041,SetA,4,378.0,586.0,93.05208553569314,0.7207885384559631,0.0,0.5296232830148173,0.6291738748550415,0.05885254915624212,0.5919328033924103,200,149.26486525636233,0.693388099527516,0.005141322142205751
pair_041,SetA,5,378.0,555.0,124.05117860465089,0.706074059009552,0.0,0.523591395488649,0.5740959644317627,0.05,0.6037492528557777,200,133.82451195502264,0.6882467773853103,0.007525219681759565
pair_041,SetA,6,572.0,681.0,194.83160291002082,0.8906044363975525,0.0,0.8205866044784249,0.648770272731781,0.05,0.6177315562963486,200,194.79476378999513,0.6807215577035507,0.034558486125799814
pair_041,SetA,7,377.0,679.0,0.18464288854023617,0.9148983359336853,0.0,0.8731976513358861,0.7296680808067322,0.05,0.622421458363533,200,217.18655575334307,0.6461630715777509,0.004241437358849964
pair_041,SetA,8,581.0,494.0,275.2930603322923,0.5458388924598694,0.0,0.5043543041011607,0.4220576286315918,0.12961646096066226,0.45681139826774597,200,81.2219182240853,0.6419216342189009,0.0025418968668818875
pair_041,SetA,9,380.0,430.0,249.06444206986714,0.7620871067047119,0.0,0.6416466287345887,0.4782079756259918,0.05,0.5608616173267365,200,138.92443989449805,0.639379737352019,0.27774234907111334
pair_041,SetA,10,572.0,603.0,209.1385011791029,0.711572527885437,0.0,0.5561112782469357,0.6004388332366943,0.08106601717798213,0.5671117603778839,200,125.67020331009256,0.3616373882809057,0.09940030873746225
pair_041,SetA,11,378.0,601.0,78.05278299658774,0.716727614402771,0.0,0.5444366648898663,0.614503800868988,0.11020817282989959,0.5731968805193901,200,158.38244852255568,0.26223707954344344,0.04274482544169897
pair_041,SetA,12,579.0,681.0,201.83126391970555,0.7943857312202454,0.0,0.822988925605185,0.5439068078994751,0.05,0.5114487037062645,200,197.48924021323288,0.21949225410174447,0.02486870104535452
pair_041,SetA,13,447.0,680.0,69.8283123795231,0.7261449098587036,0.0,0.7797625514203564,0.5456618070602417,0.05,0.435211643576622,200,187.6406139405859,0.19462355305638995,0.020819693414747292
pair_041,SetA,14,573.0,588.0,215.95372194531333,0.6970635652542114,0.0,0.4747587628681873,0.5262635350227356,0.05,0.5758495181798935,200,114.33722053644648,0.17380385964164266,0.05315718379084662
pair_041,SetA,15,453.0,431.0,259.3780761611085,0.5971418619155884,0.0,0.6157965745800176,0.3858274817466736,0.12961646096066226,0.3751514256000519,200,83.48652585896721,0.12064667585079604,0.026352398651179956
pair_041,SetA,16,378.0,539.0,140.05086759757862,0.7066798806190491,0.0,0.5540323007845349,0.564398467540741,0.09358541225631423,0.6018957421183586,200,128.08200498118384,0.09429427719961608,0.010600180048038962
pair_041,SetA,17,378.0,570.0,109.0515530571365,0.720791757106781,0.0,0.5596934500744926,0.6270248889923096,0.16249999999999998,0.6149256303906441,200,140.65560778013793,0.08369409715157712,0.030535314435070127
pair_041,SetA,18,411.0,431.0,250.34366933360036,0.5852014422416687,0.0,0.570482909596828,0.32518449425697327,0.125,0.3673355281352997,200,112.61438629233834,0.053158782716506994,0.005041954237814818
pair_041,SetA,19,379.0,508.0,171.05815813067227,0.7156108021736145,0.0,0.5269415690443422,0.635857880115509,0.16249999999999998,0.5906009525060654,200,121.26417442921878,0.04811682847869218,0.006639438885761795
pair_041,SetA,20,591.0,681.0,213.83073442837056,0.7418577671051025,0.0,0.8094220099441756,0.5886217951774597,0.05,0.4439712166786194,200,202.58825237411966,0.04147738959293038,0.0011691622836774856
pair_042,SetA,1,401.5,592.5,268.06423124242224,0.8010767698287964,0.0,0.655219518640614,0.6733752489089966,0.05,0.6147830784320831,196,135.1240171102088,0.8646250159164858,0.017204209915391844
pair_042,SetA,2,402.5,619.5,270.87503442008705,0.7808128595352173,0.0,0.6511056918224551,0.6568670868873596,0.05,0.6119222342967987,196,154.22872624773893,0.8474208060010939,0.04733866994099134
pair_042,SetA,3,390.5,379.5,335.88366933975203,0.7996702790260315,0.0,0.5824255452627047,0.6628208160400391,0.05,0.6169270873069763,196,162.82045326063923,0.8000821360601026,0.1905613618646651
pair_042,SetA,4,667.5,546.5,21.599561151461476,0.8081701993942261,0.0,0.6695460561264981,0.673509955406189,0.05,0.5977358818054199,196,173.83469158945232,0.6095207741954375,0.16118467109554258
pair_042,SetA,5,403.5,635.5,273.3932469383133,0.8029832243919373,0.0,0.6778698241342284,0.6884270310401917,0.05,0.6192166805267334,196,166.35053351282045,0.4483361030998949,0.1059246144292369
pair_042,SetA,6,400.5,571.5,267.9713337091886,0.8016901612281799,0.0,0.5923125433237469,0.6769407391548157,0.0875,0.6253801882266998,196,122.52550754842846,0.342411488670658,0.22687337116812026
pair_042,SetA,7,669.5,589.5,21.44706137955736,0.8275103569030762,0.0,0.6964397577847022,0.7424817085266113,0.05,0.6357106268405914,196,191.6781156000862,0.11553811750253776,0.003955262166167567
pair_042,SetA,8,667.5,552.5,15.60758984336761,0.7884539365768433,0.0,0.5954454138540025,0.6536882519721985,0.05,0.5937180817127228,196,175.5348968154196,0.11158285533637019,0.0196017279698575
pair_042,SetA,9,389.5,363.5,345.9266629355789,0.8079156875610352,0.0,0.6673238763710753,0.6883482336997986,0.05,0.6165493428707123,196,175.62032911938184,0.09198112736651269,0.019851170818917768
pair_042,SetA,10,671.5,626.5,58.50090617176977,0.8255335092544556,0.0,0.6771109063481449,0.7312527894973755,0.05,0.6343587934970856,196,213.10678074617897,0.07212995654759492,0.003704504020174443
pair_042,SetA,11,405.5,672.5,282.92445467398767,0.8097699880599976,0.0,0.6585893441691939,0.6987184882164001,0.05,0.6229455769062042,196,196.68884055787203,0.06842545252742048,0.0057303377023859015
pair_042,SetA,12,668.5,573.5,5.42155350690722,0.8114817142486572,0.0,0.6664938606742061,0.7143604755401611,0.05,0.630851149559021,196,183.83280447188963,0.06269511482503458,0.011881945177504037
pair_042,SetA,13,404.5,651.5,276.81844351643883,0.8085102438926697,0.0,0.6234905354061933,0.6875482201576233,0.05,0.6205217838287354,196,179.08796721164714,0.05081316964753054,0.0021078724238616856
pair_042,SetA,14,388.5,342.5,359.52393487504577,0.8082231283187866,0.0,0.5232455751551575,0.686104416847229,0.05,0.6233618557453156,196,192.97279601021486,0.048705297223668856,0.008615085952630795
pair_042,SetA,15,668.5,562.5,5.5789104066983155,0.7915076613426208,0.0,0.5195620833570979,0.6333000063896179,0.05,0.6169797778129578,196,179.71783439603317,0.04009021127103806,0.014367596951276127
pair_042,SetA,16,390.5,385.5,332.55209388593386,0.7490532994270325,0.0,0.5911489715210652,0.5775723457336426,0.12961646096066226,0.5674764811992645,196,158.4313731556979,0.025722614319761933,0.0028363559577585934
pair_042,SetA,17,407.5,560.5,261.059521566558,0.6750866770744324,0.0,0.5524164669311405,0.5422824621200562,0.125,0.4885048270225525,196,110.52827692495708,0.02288625836200334,0.0004296919911431357
pair_042,SetA,18,489.5,593.5,180.74613166898692,0.6213351488113403,0.0,0.5309818694889583,0.4582042098045349,0.05,0.42913974821567535,196,94.08772502298055,0.022456566370860204,0.001251213322888068
pair_042,SetA,19,397.5,448.5,296.16327989290346,0.6269975304603577,0.0,0.559573473102986,0.4458923637866974,0.125,0.5225186347961426,196,114.71050518588086,0.021205353047972136,0.002454278091291992
pair_042,SetA,20,396.5,491.5,282.52578768830796,0.6701611280441284,0.0,0.43209924907795166,0.4981704354286194,0.16249999999999998,0.5275991559028625,196,103.8484472681224,0.018751074956680144,0.001283454607023525
pair_043,SetA,1,571.5,450.5,83.58952847245185,0.849589467048645,0.0,0.6318128093440156,0.6546506285667419,0.05,0.8240905553102493,200,86.96263565463043,0.19660792779520841,0.05723158166323558
pair_043,SetA,2,571.5,464.5,69.64364975114226,0.8472612500190735,0.0,0.6178218772808635,0.6435105800628662,0.05,0.820083737373352,200,79.82793997091494,0.13937634613197283,0.07788344415824151
pair_043,SetA,3,550.5,436.5,98.36507578865847,0.8621101379394531,0.0,0.5680305880502873,0.6955300569534302,0.05,0.8149166256189346,200,81.1326075015465,0.06149290197373132,0.01282187827928457
pair_043,SetA,4,564.5,436.5,97.3208598992294,0.8580248355865479,0.0,0.5407142007528694,0.6805868148803711,0.125,0.8099177181720734,200,90.51243008559653,0.04867102369444675,0.010508868416885177
pair_043,SetA,5,547.5,533.5,17.30076583549312,0.8490868210792542,0.0,0.7781497502182761,0.643034815788269,0.05,0.8119785636663437,200,58.12486559124245,0.038162155277561574,0.0006822163369331752
pair_043,SetA,6,554.5,533.5,10.302781993375516,0.8517279624938965,0.0,0.6758719367279995,0.6495258808135986,0.0875,0.8142267465591431,200,63.97265040624782,0.0374799389406284,0.011397592446872225
pair_043,SetA,7,376.5,534.5,188.29902507103745,0.8634293079376221,0.0,0.6946166047607134,0.6823121309280396,0.05,0.8258180320262909,200,128.2283120063584,0.026082346493756174,0.0028012938909046936
pair_043,SetA,8,557.5,436.5,97.5936419712728,0.8600153923034668,0.0,0.6619775311425671,0.6873774528503418,0.14270509831248424,0.812461644411087,200,85.6650453802483,0.02328105260285148,0.008210658151465372
pair_043,SetA,9,526.5,506.5,47.04387180283293,0.8550391793251038,0.0,0.5218384627162753,0.664839506149292,0.125,0.8106764703989029,200,27.285527299284507,0.015070394451386108,0.0010418333775453533
pair_043,SetA,10,529.5,478.5,65.62226543805066,0.8576778769493103,0.0,0.6512221079506844,0.6814972162246704,0.09358541225631423,0.8178839087486267,200,36.50342449688796,0.014028561073840755,0.00011355172215598078
pair_043,SetA,11,543.5,436.5,99.62357811582591,0.8640654683113098,0.0,0.6814792279864341,0.7055901288986206,0.05,0.8162512928247452,200,76.97077367416804,0.013915009351684774,0.001278388045642365
pair_043,SetA,12,355.5,534.5,209.29890202238954,0.8476465940475464,0.0,0.7600558251048525,0.6413998603820801,0.125,0.7755610197782516,200,148.5614351034615,0.012636621306042409,0.0005562827246543764
pair_043,SetA,13,397.5,534.5,167.29917901062322,0.8689167499542236,0.0,0.7446753732573099,0.6987290382385254,0.05,0.8096094578504562,200,108.15035829806575,0.012080338581388033,0.0006508313061733394
pair_043,SetA,14,533.5,506.5,41.544634942551085,0.8501600623130798,0.0,0.6232782522173922,0.6508962512016296,0.05,0.8226688057184219,200,34.12477106150311,0.011429507275214693,4.056938709788571e-05
pair_043,SetA,15,568.5,533.5,3.716040018613428,0.8552541136741638,0.0,0.674033517925978,0.6607091426849365,0.12961646096066226,0.8076236844062805,200,76.25286879849178,0.011388937888116808,0.0011277503956551478
pair_043,SetA,16,565.5,659.5,125.68155739522776,0.8528978228569031,0.0,0.8136114362201508,0.6808962225914001,0.16249999999999998,0.8275288194417953,200,172.42534616465178,0.01026118749246166,0.0004876285001098324
pair_043,SetA,17,578.5,533.5,13.705946868964393,0.8565775156021118,0.0,0.7491902764547622,0.6583001017570496,0.11020817282989959,0.778637707233429,200,85.34928236370826,0.009773558992351827,0.0005832118483621983
pair_043,SetA,18,526.5,492.5,56.339126668669955,0.8536437749862671,0.0,0.5268789719889773,0.6646422743797302,0.05,0.8103454113006592,200,27.54087870784082,0.009190347143989629,0.0010750229088619181
pair_043,SetA,19,526.5,520.5,40.54817572486241,0.8503099083900452,0.0,0.514489932936504,0.6520816683769226,0.05,0.8072597533464432,200,33.50373113550191,0.00811532423512771,0.0003741766442803777
pair_043,SetA,20,351.5,437.5,234.0375423001261,0.8521289229393005,0.0,0.8058228836175196,0.670615553855896,0.05,0.7667736858129501,200,161.11641753713369,0.007741147590847333,0.0008514341382086224
pair_044,SetA,1,481.0,391.0,219.23129061218017,0.7311452031135559,0.0,0.6774643931730773,0.5416879057884216,0.05,0.4367858022451401,194,110.64357188738983,0.8940313079550573,0.2742384358084794
pair_044,SetA,2,479.0,346.0,264.273862587934,0.7100651264190674,0.0,0.6557207266904752,0.44822919368743896,0.05,0.43991969525814056,194,155.42522317822161,0.6197928721465779,0.23318784627780914
pair_044,SetA,3,487.0,573.0,37.133638538840415,0.7398850917816162,0.0,0.6873226776619169,0.5653853416442871,0.09358541225631423,0.4747374504804611,194,74.14849964766651,0.3866050258687687,0.059656375553599594
pair_044,SetA,4,480.0,362.0,248.24852686878756,0.7086955904960632,0.0,0.6521790215903382,0.49213236570358276,0.05,0.45624352991580963,194,139.44174410842686,0.3269486503151691,0.10037752691329027
pair_044,SetA,5,482.0,424.0,186.21648038073752,0.6363866329193115,0.0,0.6407983648016198,0.4923400282859802,0.14270509831248424,0.4024418145418167,194,78.10249675906654,0.22657112340187885,0.06732882251248515
pair_044,SetA,6,485.0,515.0,95.16749302789863,0.7398698925971985,0.0,0.682810078914077,0.5620788335800171,0.125,0.41736720502376556,194,21.213203435596427,0.1592423008893937,0.07166059083105981
pair_044,SetA,7,486.0,548.0,62.153604168403156,0.6976218819618225,0.0,0.6229725027556223,0.5126575827598572,0.05,0.47756360471248627,194,50.0,0.08758171005833389,0.03480259476874485
pair_044,SetA,8,484.0,482.0,128.18203051640165,0.6205386519432068,0.0,0.5460922364887869,0.5128818154335022,0.14270509831248424,0.39616087079048157,194,24.08318915758459,0.052779115289589035,0.009062870838605838
pair_044,SetA,9,474.0,375.0,235.55115887765032,0.6289304494857788,0.0,0.669495000508271,0.46325406432151794,0.12961646096066226,0.32542048394680023,194,127.67536959022284,0.0437162444509832,0.01124401345737197
pair_044,SetA,10,489.0,614.0,3.924328798774754,0.7011123895645142,0.0,0.6387471698801019,0.4921621084213257,0.16249999999999998,0.3958878368139267,194,114.5294721894762,0.032472230993611226,7.412423252164263e-05
pair_044,SetA,11,584.0,586.0,98.44201069826889,0.6100153923034668,0.0,0.6729860526543621,0.4782305061817169,0.16249999999999998,0.30965493619441986,194,120.21647141718975,0.03239810676108958,0.006054749681716553
pair_044,SetA,12,488.0,602.0,8.120024759341208,0.7304288148880005,0.0,0.6876340226933779,0.5411202311515808,0.16249999999999998,0.43363983929157257,194,102.70345661174214,0.02634335707937303,0.0013350578586869624
pair_044,SetA,13,486.0,540.0,70.14761812938373,0.7517604231834412,0.0,0.7092434713221303,0.5699567794799805,0.12961646096066226,0.4412873834371567,194,42.37924020083418,0.025008299220686068,0.0004765940122593154
pair_044,SetA,14,604.0,544.0,133.03070565486405,0.6186217069625854,0.0,0.6880538782279915,0.4878431260585785,0.16249999999999998,0.3104773759841919,194,112.92475370794483,0.024531705208426752,0.0018724197892796904
pair_044,SetA,15,487.0,565.0,45.12787308567242,0.7054522633552551,0.0,0.6552799535470375,0.41216394305229187,0.1662132317597294,0.426589772105217,194,66.2872536767062,0.022659285419147062,0.0020636674258108674
pair_044,SetA,16,621.0,407.0,242.47070455824183,0.6118125319480896,0.0,0.6783252256036376,0.4549189805984497,0.14270509831248424,0.24768638610839844,194,152.6106156202772,0.020595617993336195,0.0006604640094206304
pair_044,SetA,17,690.0,516.0,222.34110557109426,0.7357994318008423,0.0,0.6969551017356912,0.5290171504020691,0.125,0.3973170965909958,194,190.67249408344142,0.019935153983915564,0.00086187739586948
pair_044,SetA,18,437.0,554.0,76.19143882321654,0.6169865131378174,0.0,0.6927789397529366,0.47972047328948975,0.18713203435596426,0.2999165505170822,194,82.97590011563598,0.019073276588046084,0.0009531525848507465
pair_044,SetA,19,616.0,527.0,152.14569954324375,0.612921416759491,0.0,0.6908244960982219,0.4877454340457916,0.16249999999999998,0.27806078642606735,194,119.10079764636339,0.018120124003195338,0.0004722790779046991
pair_044,SetA,20,602.0,573.0,119.35878473426052,0.6096123456954956,0.0,0.6838433974361431,0.4845874607563019,0.0875,0.30209894478321075,194,125.4312560727987,0.01764784492529064,0.001450812128709296
pair_045,SetA,1,629.5,594.5,254.5035440874049,0.8776254057884216,0.0,0.7252564395157879,0.7548002600669861,0.05,0.44125840812921524,183,160.31375486838303,0.9572085661474549,0.08889191458753254
pair_045,SetA,2,369.5,572.5,6.428307603771701,0.876182496547699,0.0,0.7092006979985688,0.7428500056266785,0.05,0.4326775148510933,183,149.2866370443115,0.8683166515599223,0.030625249213630634
pair_045,SetA,3,617.5,593.5,242.46197483003758,0.8629376292228699,0.0,0.7632546154330472,0.7348357439041138,0.05,0.44523172080516815,183,150.16157964006638,0.8376914023462917,0.024823126115982697
pair_045,SetA,4,604.5,592.5,229.42406433805257,0.8645033240318298,0.0,0.6897279902643849,0.7474574446678162,0.05,0.4426284059882164,183,139.5582315737771,0.812868276230309,0.08107708889561238
pair_045,SetA,5,375.5,572.5,0.549997988044771,0.8551380634307861,0.0,0.7350583775995402,0.6749411225318909,0.05,0.43799087032675743,183,144.07116297163705,0.7317911873346966,0.012577678909197698
pair_045,SetA,6,360.5,571.5,15.477987713198264,0.8795106410980225,0.0,0.7492929891080983,0.7479590773582458,0.0875,0.42927832156419754,183,156.75618010145564,0.7192135084254989,0.030029574158879635
pair_045,SetA,7,546.5,587.5,171.20894888292963,0.8745428919792175,0.0,0.75733536628269,0.7531590461730957,0.05,0.439652219414711,183,99.08834442052203,0.6891839342666193,0.0007265412215181621
pair_045,SetA,8,571.5,589.5,196.28845313277182,0.8594635128974915,0.0,0.7696772217097716,0.7393060326576233,0.05,0.44110555946826935,183,114.55348095976831,0.6884573930451011,0.016314184216673966
pair_045,SetA,9,641.5,595.5,266.54511563264015,0.8766778111457825,0.0,0.7897045402629765,0.745399534702301,0.05,0.44030408561229706,183,170.71174534870178,0.6721432088284272,0.026242212858223812
pair_045,SetA,10,512.5,584.5,137.0769728544516,0.8788092732429504,0.0,0.7116328551371853,0.7559630870819092,0.0875,0.41338856518268585,183,85.41955279676895,0.6459009959702033,0.01728943562643992
pair_045,SetA,11,552.5,587.5,177.18770707003281,0.8382396101951599,0.0,0.7412659422050293,0.6345868110656738,0.05,0.43876848742365837,183,102.04165815979276,0.6286115603437634,0.09656956791682259
pair_045,SetA,12,354.5,571.5,21.461331377893874,0.8438053131103516,0.0,0.7042915199897042,0.6473697423934937,0.05,0.4111565873026848,183,162.1187836125105,0.5320419924269408,0.0040143416902468365
pair_045,SetA,13,500.5,583.5,125.03540207626077,0.8672295808792114,0.0,0.7376080197125217,0.7369543313980103,0.05,0.4014625921845436,183,83.50149699256895,0.528027650736694,0.07331459139179741
pair_045,SetA,14,527.5,585.5,152.10795798076114,0.8425484895706177,0.0,0.7630012429649369,0.6696345210075378,0.05,0.4404863342642784,183,89.81369606023348,0.4547130593448966,0.044396589587411606
pair_045,SetA,15,577.5,590.5,202.35222308807502,0.8401697278022766,0.0,0.6409157012410349,0.667007327079773,0.05,0.4319004938006401,183,119.14906629932103,0.410316469757485,0.014651539496575106
pair_045,SetA,16,592.5,591.5,217.38251213660914,0.8648372888565063,0.0,0.7373084739370279,0.7341296076774597,0.0875,0.4430394098162651,183,130.10956920995474,0.3956649302609099,0.022129180617133704
pair_045,SetA,17,663.5,597.5,288.6355169477713,0.8793260455131531,0.0,0.789847628209069,0.752342939376831,0.05,0.4058380722999573,183,190.36412477144953,0.37353574964377617,0.002654248955991423
pair_045,SetA,18,583.5,590.5,208.3300303552616,0.8621623516082764,0.0,0.7089594490337432,0.7255569100379944,0.05,0.44445953518152237,183,123.1361035602475,0.37088150068778475,0.0241750723562556
pair_045,SetA,19,385.5,573.5,9.603164025917188,0.8710286021232605,0.0,0.7819182364131885,0.716077446937561,0.05,0.41168806701898575,183,136.06064824187777,0.34670642833152915,0.09864170212525944
pair_045,SetA,20,648.5,596.5,273.60505706139685,0.8453089594841003,0.0,0.6443958210760048,0.6767847537994385,0.05,0.43064142018556595,183,177.10025409355006,0.2480647262062697,0.017932069606326678
pair_046,SetA,1,466.5,538.5,171.9248001523756,0.7451354265213013,0.0,0.44808444014342635,0.5756781697273254,0.05,0.46614358574151993,198,51.034302189801714,0.14780064149699867,0.06029241265270516
pair_046,SetA,2,463.5,551.5,184.45477907260712,0.7388612031936646,0.0,0.2842337334698432,0.5391473770141602,0.12961646096066226,0.4582328349351883,198,63.12289600454022,0.08750822884429352,0.003882720543808116
pair_046,SetA,3,428.5,556.5,188.87614976705672,0.7438603639602661,0.0,0.45736924575285975,0.5554465055465698,0.09358541225631423,0.4642535075545311,198,91.12902940336849,0.0836255083004854,0.004874773234191526
pair_046,SetA,4,437.5,402.5,34.7595934218404,0.7440629601478577,0.0,0.3713344899639179,0.5720618367195129,0.05,0.46222634613513947,198,115.81234821900469,0.07875073506629388,0.03407041474996062
pair_046,SetA,5,498.5,533.5,174.37234458305474,0.7374582886695862,0.0,0.3249584132341375,0.5716539621353149,0.12961646096066226,0.44778458029031754,198,33.53356527421443,0.044680320316333254,0.0033679554214476673
pair_046,SetA,6,620.5,419.5,184.73504648630936,0.7309038043022156,0.0,0.36800866800812637,0.5282714366912842,0.17694368026754387,0.45311126485466957,198,144.91549261552404,0.041312364894885586,0.0078111550559252785
pair_046,SetA,7,503.5,614.5,253.6287768671061,0.746418297290802,0.0,0.3883183042475339,0.5753068923950195,0.09358541225631423,0.4386608898639679,198,114.55348095976831,0.03350120983896031,0.008859043129011649
pair_046,SetA,8,649.5,555.5,278.77400340218514,0.731948971748352,0.0,0.2896172886752332,0.5291247367858887,0.16249999999999998,0.4562781862914562,198,159.46943280767007,0.02464216670994866,0.0001556322809687198
pair_046,SetA,9,400.5,591.5,227.33081792657364,0.7406889796257019,0.0,0.3452266199410205,0.5508393049240112,0.16249999999999998,0.45591462403535843,198,135.1758114456873,0.02448653442897994,0.0018385884072431961
pair_046,SetA,10,466.5,414.5,51.92074502562227,0.7345558404922485,0.0,0.5017942078820319,0.5561137199401855,0.0875,0.4603605382144451,198,91.82864476839457,0.022647946021736743,0.0007692071246991269
pair_046,SetA,11,421.5,535.5,168.6962415820409,0.737538754940033,0.0,0.2924420855720255,0.518025815486908,0.16249999999999998,0.4592990390956402,198,86.15393200545174,0.021878738897037616,0.0012258098589778485
pair_046,SetA,12,623.5,406.5,184.48742175283624,0.7386793494224548,0.0,0.36986580116028805,0.5538693070411682,0.11020817282989959,0.4602544754743576,198,154.9015816575157,0.020652929038059768,0.0009058527354322311
pair_046,SetA,13,458.5,346.5,26.63363436696123,0.7456493377685547,0.0,0.4496250763374487,0.565890371799469,0.0875,0.462382186204195,198,159.01100590839616,0.019747076302627536,0.0004500062637129501
pair_046,SetA,14,405.5,407.5,54.35670783715989,0.7433844804763794,0.0,0.2976387029583034,0.5765798091888428,0.18713203435596426,0.4605623632669449,198,132.2365305050008,0.019297070038914586,0.0019411124616028584
pair_046,SetA,15,502.5,567.5,207.9974067088408,0.7410046458244324,0.0,0.33973739972288985,0.5733320713043213,0.14270509831248424,0.4500657804310322,198,67.54628043053148,0.017355957577311728,0.0012601555897829193
pair_046,SetA,16,633.5,551.5,264.35118285963506,0.7370720505714417,0.0,0.29152696394854566,0.5623844861984253,0.16249999999999998,0.4622999280691147,198,143.08913306048086,0.01609580198752881,0.0005895228779565255
pair_046,SetA,17,453.5,534.5,166.6449151272859,0.742196798324585,0.0,0.41128142020749003,0.5762505531311035,0.125,0.4658925272524357,198,57.900777196856346,0.015506279109572283,0.0006579691095781725
pair_046,SetA,18,497.5,627.5,264.97395560027206,0.743980884552002,0.0,0.28637008753382603,0.5664814710617065,0.125,0.4529251232743263,198,127.52450744856849,0.01484830999999411,0.000983752227642595
pair_046,SetA,19,496.5,328.5,66.58293652430497,0.7432540059089661,0.0,0.42493646093354087,0.5538017153739929,0.05,0.4348573870956898,198,171.53571056779984,0.013864557772351516,0.0005348660472821731
pair_046,SetA,20,480.5,589.5,224.46465497843892,0.7375733852386475,0.0,0.3788907587798899,0.5536164045333862,0.16249999999999998,0.48375561833381653,198,91.59967248849748,0.013329691725069343,0.00041544808011125846
pair_047,SetA,1,333.0,497.0,167.46590025829622,0.8466270565986633,0.0,0.7833447587900194,0.645444929599762,0.05,0.6663677096366882,195,167.0269439342048,0.9497106948720714,0.006210962073628812
pair_047,SetA,2,623.0,483.0,122.87193804913767,0.8371741771697998,0.0,0.8046313762182177,0.6222041249275208,0.05,0.6618779003620148,195,124.16923934694937,0.9434997327984426,0.03875252291465148
pair_047,SetA,3,449.0,491.0,51.3122285789824,0.8157311081886292,0.0,0.8270510159490381,0.5941357612609863,0.05,0.650195300579071,195,51.78802950489621,0.9047472098837911,0.021730202881319216
pair_047,SetA,4,507.0,488.0,6.782575318549405,0.7960795164108276,0.0,0.8378530349745424,0.5495826005935669,0.05,0.6267944276332855,195,13.892443989449804,0.8830170070024719,0.013762164272195343
pair_047,SetA,5,500.0,489.0,0.32999953408237004,0.8536922335624695,0.0,0.808609548117537,0.6484697461128235,0.05,0.6740150600671768,195,11.0,0.8692548427302765,0.009778579293197476
pair_047,SetA,6,630.0,483.0,129.8645462310235,0.8209710121154785,0.0,0.7413561297761746,0.5673528909683228,0.05,0.6734819859266281,195,131.10682667199293,0.8594762634370791,0.013959873101264453
pair_047,SetA,7,617.0,483.0,116.87897823489217,0.7607182264328003,0.0,0.7451664548734752,0.5439513921737671,0.05,0.6339380741119385,195,118.2285921425101,0.8455163903358146,0.0015808406973865097
pair_047,SetA,8,456.0,491.0,44.31965714646554,0.8465227484703064,0.0,0.7865924987488495,0.6347781419754028,0.05,0.6821288913488388,195,44.91102314577124,0.8439355496384281,0.10597660390342778
pair_047,SetA,9,473.0,490.0,27.291435452123697,0.8520343899726868,0.0,0.8179766115675251,0.6480666995048523,0.05,0.7142352908849716,195,28.792360097775937,0.7379589457350003,0.006624025613125917
pair_047,SetA,10,326.0,497.0,174.4578474631712,0.8433587551116943,0.0,0.829908843668774,0.6277021765708923,0.05,0.6838640570640564,195,174.0258601472781,0.7313349201218744,0.00992071430384911
pair_047,SetA,11,480.0,490.0,20.30048415373264,0.8418599367141724,0.0,0.7606988655448906,0.6178120970726013,0.05,0.7122290432453156,195,22.360679774997898,0.7214142058180253,0.3844194536338704
pair_047,SetA,12,661.0,481.0,160.9241201415892,0.8450099229812622,0.0,0.7968811866668526,0.6458145380020142,0.0875,0.7079551517963409,195,162.1172415260018,0.33699475218415487,0.009754903605149357
pair_047,SetA,13,637.0,482.0,136.9039619443095,0.8409588932991028,0.0,0.8127844364587964,0.6295080780982971,0.0875,0.7066559791564941,195,138.1774221788784,0.3272398485790055,0.11308285533926571
pair_047,SetA,14,285.0,499.0,215.50654851936687,0.8469017148017883,0.0,0.8299056903644544,0.630316436290741,0.05,0.6802642643451691,195,215.00232556881798,0.2141569932397398,0.011239236837268352
pair_047,SetA,15,644.0,482.0,143.8957330982662,0.8394792675971985,0.0,0.7670465023628283,0.6246461272239685,0.125,0.7134398967027664,195,145.12063946937388,0.20291775640247145,0.04290828376958747
pair_047,SetA,16,496.0,544.0,55.36093723980977,0.6667991280555725,0.0,0.5855891927358067,0.5097352266311646,0.12961646096066226,0.5763956755399704,195,44.181444068749045,0.16000947263288398,0.012394426812174453
pair_047,SetA,17,514.0,488.0,13.758289711672427,0.7277288436889648,0.0,0.7757957101837962,0.5796384811401367,0.11020817282989959,0.6351553201675415,195,18.439088914585774,0.14761504582070953,0.00215722202932786
pair_047,SetA,18,309.0,498.0,191.48616164628172,0.8523470163345337,0.0,0.8099990221213385,0.645410418510437,0.09358541225631423,0.7205362766981125,195,191.01047091717248,0.14545782379138167,0.018897375398147953
pair_047,SetA,19,490.0,489.0,10.267077894640465,0.8396682143211365,0.0,0.8349574648892495,0.6154944896697998,0.11020817282989959,0.7001599818468094,195,14.866068747318506,0.12656044839323372,0.0042240914640451765
pair_047,SetA,20,340.0,497.0,160.47465518629457,0.738946795463562,0.0,0.6904696379119657,0.518581748008728,0.05885254915624212,0.6290969401597977,195,160.0281225285106,0.12233635692918854,0.0040763547634700276
pair_048,SetA,1,375.0,395.0,58.65504543333956,0.7583829760551453,0.0,0.6995032752132078,0.5735567808151245,0.05,0.5570639669895172,192,163.24827717314508,0.884498584014869,0.01869081978735021
pair_048,SetA,2,583.0,459.0,210.81014826013643,0.7345355749130249,0.0,0.6529213365727518,0.5475425720214844,0.05,0.538710355758667,192,92.57429448826494,0.8658077642275188,0.031573731307232955
pair_048,SetA,3,586.0,392.0,222.43775330622853,0.736290454864502,0.0,0.6613276041803504,0.5257243514060974,0.05,0.5070302337408066,192,138.05795884337854,0.8342340329202859,0.06807631140774284
pair_048,SetA,4,366.0,592.0,138.55048075599566,0.7473111152648926,0.0,0.6836581145923942,0.5502263307571411,0.05,0.5188789367675781,192,162.5423021862309,0.766157721512543,0.042053859964559015
pair_048,SetA,5,373.0,437.0,16.607505693406843,0.7493526339530945,0.0,0.6906582217382875,0.5491899847984314,0.05,0.5443802773952484,192,141.76741515595182,0.724103861547984,0.03306789883565253
pair_048,SetA,6,585.0,417.0,215.86459579766964,0.7305024266242981,0.0,0.6504423123541611,0.5484549403190613,0.05,0.5394416749477386,192,118.80235687897779,0.6910359627123315,0.0006945481259195141
pair_048,SetA,7,576.0,614.0,259.3093617319315,0.7342657446861267,0.0,0.6594456637121974,0.5608516335487366,0.05,0.5479396283626556,192,137.0109484676316,0.690341414586412,0.028395968284341544
pair_048,SetA,8,584.0,438.0,212.3139683680186,0.7306304574012756,0.0,0.653122947394118,0.5462707877159119,0.05,0.5440690517425537,192,104.4030650891055,0.6619454463020704,0.02927800332837016
pair_048,SetA,9,575.0,635.0,272.0533817600994,0.7330217957496643,0.0,0.654411292012258,0.5440740585327148,0.05,0.5541777610778809,192,154.434452114805,0.6326674429737003,0.16039740739758446
pair_048,SetA,10,574.0,656.0,285.7774308310422,0.7303082942962646,0.0,0.6503597190176905,0.5374812483787537,0.05,0.547465443611145,192,172.66151858477326,0.4722700355761158,0.126916158846538
pair_048,SetA,11,577.0,593.0,247.69668475079956,0.7321022152900696,0.0,0.6580204846702993,0.5527707934379578,0.0875,0.49551384150981903,192,120.7393887677091,0.3453538767295778,0.013048505199670268
pair_048,SetA,12,366.0,600.0,146.54275851465866,0.6904634237289429,0.0,0.6351617567018712,0.4782244563102722,0.05,0.537795826792717,192,167.20047846821492,0.3323053715299075,0.10941991918848654
pair_048,SetA,13,374.0,416.0,37.63126094182647,0.7564607858657837,0.0,0.6970349316276606,0.5647173523902893,0.125,0.5530628263950348,192,151.43315356948756,0.222885452341421,0.041259494556231374
pair_048,SetA,14,371.0,479.0,25.440207073173628,0.7286434173583984,0.0,0.6670766216057904,0.488289475440979,0.125,0.48911699652671814,192,130.6981254647518,0.1816259577851896,0.018848402007004134
pair_048,SetA,15,582.0,480.0,211.3968212976378,0.7351263761520386,0.0,0.6539186394454302,0.5430163741111755,0.125,0.5113716870546341,192,84.40379138403677,0.16277755577818548,0.012738230786599608
pair_048,SetA,16,364.0,638.0,184.59388610127627,0.7500551342964172,0.0,0.6845170439493027,0.566399872303009,0.05,0.5561404228210449,192,193.75241933973368,0.15003932499158587,0.010430846505675245
pair_048,SetA,17,376.0,374.0,79.67883602000234,0.7585574388504028,0.0,0.6953539392879404,0.5701087117195129,0.125,0.5108722150325775,192,176.7823520603796,0.13960847848591063,0.01952459065970505
pair_048,SetA,18,579.0,547.0,226.86335219308464,0.6056073307991028,0.0,0.4887540880946073,0.4688411056995392,0.12961646096066226,0.4363148659467697,192,91.92388155425118,0.12008388782620558,0.004528899119716573
pair_048,SetA,19,372.0,462.0,8.413017789429999,0.7448462247848511,0.0,0.6859469420152745,0.5810315012931824,0.125,0.5397201776504517,192,133.52153384379613,0.115554988706489,0.022134841850327408
pair_048,SetA,20,581.0,509.0,215.96957622637072,0.5698970556259155,0.0,0.5409726006035622,0.38885071873664856,0.09358541225631423,0.4859829246997833,192,81.49846624323675,0.0934201468561616,0.03434033712634451
pair_049,SetA,1,436.0,504.0,0.35447447294926504,0.8790343999862671,0.0,0.8500574051526751,0.690742015838623,0.05,0.3544451077468693,190,64.1248781675256,0.878448355100818,0.4974584707138252
pair_049,SetA,2,581.0,498.0,145.1670847680668,0.8773853182792664,0.0,0.8302977426139373,0.7034032344818115,0.05,0.3557220660150051,190,81.02468759581859,0.38098988438699277,0.07924135950191857
pair_049,SetA,3,441.0,620.0,115.75588186767459,0.8052815794944763,0.0,0.7416848580818205,0.5991423726081848,0.05,0.32913895742967725,190,133.71985641631537,0.3017485248850742,0.07944641568772914
pair_049,SetA,4,433.0,435.0,69.41701873344968,0.7998581528663635,0.0,0.7268965649107518,0.5942116975784302,0.05,0.3210614318959415,190,93.34880824091971,0.22230210919734505,0.01401901830490998
pair_049,SetA,5,434.0,458.0,46.39529657135581,0.8073872923851013,0.0,0.7389497536789449,0.6061807870864868,0.05,0.3229008736088872,190,78.23042886243178,0.20828309089243507,0.07572564259826542
pair_049,SetA,6,577.0,417.0,165.89003644235945,0.8021292090415955,0.0,0.7325351426080241,0.6011204719543457,0.0875,0.2870367085561156,190,113.21660655575224,0.13255744829416966,0.008261333951029085
pair_049,SetA,7,576.0,394.0,178.28545408064952,0.801038384437561,0.0,0.726076989950293,0.5996569991111755,0.05,0.3090145313180983,190,130.43005788544295,0.12429611434314057,0.03985755807004114
pair_049,SetA,8,431.0,400.0,104.4717487593477,0.7937904596328735,0.0,0.7317862769396248,0.577318012714386,0.05,0.3038428835570812,190,121.49485585818027,0.08443855627309943,0.0160516706742478
pair_049,SetA,9,584.0,579.0,165.78421165438618,0.7950380444526672,0.0,0.7312068643949494,0.5863193273544312,0.05,0.32318335119634867,190,115.31261856362468,0.06838688559885163,0.007600374614862869
pair_049,SetA,10,440.0,597.0,92.73415300124911,0.7931317090988159,0.0,0.7086674744896514,0.5944588780403137,0.05,0.30209335149265826,190,114.0570032922135,0.06078651098398876,0.011025137040035764
pair_049,SetA,11,431.0,388.0,116.45955142168852,0.7811951041221619,0.0,0.7281837470849182,0.4824405014514923,0.09358541225631423,0.30183050222694874,190,131.54847015454038,0.049761373943953,0.004445554438815294
pair_049,SetA,12,582.0,533.0,148.81129905238515,0.7023528814315796,0.0,0.6480448994106065,0.47614794969558716,0.05,0.30458937026560307,190,88.3911760301898,0.0453158195051377,0.008387720101008751
pair_049,SetA,13,585.0,591.0,172.38613627773606,0.774311363697052,0.0,0.6855673481391493,0.5577403903007507,0.05,0.3014282766962424,190,124.52309022827855,0.03692809940412895,0.00217134335371591
pair_049,SetA,14,583.0,556.0,155.83518145708422,0.7929578423500061,0.0,0.7257116926663598,0.5963442921638489,0.05,0.3678317307494581,190,100.12492197250393,0.03475675605041304,6.174707293780946e-05
pair_049,SetA,15,440.0,608.0,103.72487184886351,0.7639337182044983,0.0,0.7149956116066511,0.471100389957428,0.05,0.2772335559129715,190,123.54756169184401,0.03469500897747523,0.000984321835727546
pair_049,SetA,16,578.0,440.0,155.92724343408148,0.8032742142677307,0.0,0.746467358747413,0.5794698596000671,0.05,0.35699107870459557,190,98.40731680114035,0.033710687141747686,0.003318993722675443
pair_049,SetA,17,576.0,382.0,185.95210126601964,0.8007366061210632,0.0,0.7351561719188555,0.5723583102226257,0.05,0.3063683230429888,190,140.356688476182,0.030391693419072243,0.0028374428906140885
pair_049,SetA,18,583.0,544.0,152.27962637289008,0.6984007954597473,0.0,0.6899998349365208,0.42612993717193604,0.05,0.31384596694260836,190,93.94147114027967,0.027554250528458155,3.217870641607917e-05
pair_049,SetA,19,587.0,498.0,151.16156374054282,0.6524903774261475,0.0,0.5931869825962046,0.47666504979133606,0.0875,0.1938832402229309,190,87.02298546935747,0.027522071822042075,0.0075006317040264454
pair_049,SetA,20,580.0,475.0,146.9887119678077,0.7130277752876282,0.0,0.6818082498735895,0.4841914772987366,0.09358541225631423,0.31015504337847233,190,83.81527307120105,0.02002144011801563,0.0006681800427977592
pair_050,SetA,1,524.5,588.5,35.761952442897076,0.8152586221694946,0.0,0.6204604607602839,0.6678078174591064,0.05,0.6739057749509811,200,91.82864476839457,0.881219654092566,0.2659334510205402
pair_050,SetA,2,525.5,559.5,64.77886474629737,0.776304304599762,0.0,0.30743186207235995,0.5866237878799438,0.05,0.6485339030623436,200,64.73407139984322,0.6152862030720258,0.1062459687304993
pair_050,SetA,3,524.5,582.5,41.75767034489691,0.821448564529419,0.0,0.6103377405983279,0.6869565844535828,0.05,0.6759322583675385,200,86.06102486026994,0.5090402343415265,0.02550622184168383
pair_050,SetA,4,526.5,523.5,100.79154469282648,0.8428255915641785,0.0,0.596946619723542,0.7295138239860535,0.05,0.69649937748909,200,35.41892149684968,0.4835340124998426,0.007772233963899311
pair_050,SetA,5,522.5,636.5,12.279742483225645,0.806147038936615,0.0,0.6104760917500558,0.6530198454856873,0.05,0.6660590022802353,200,138.34196760202596,0.4757617785359433,0.0460067576037721
pair_050,SetA,6,532.5,345.5,278.8926265190884,0.8242965340614319,0.0,0.6284016761610929,0.6920393705368042,0.05,0.6778637021780014,200,157.8812845146631,0.4297550209321712,0.03313768633219899
pair_050,SetA,7,532.5,357.5,266.8998417880866,0.8205323219299316,0.0,0.5712079821497742,0.6768497824668884,0.0875,0.6698179394006729,200,146.15915982243467,0.3966173345999722,0.010912320510098161
pair_050,SetA,8,523.5,612.5,11.741152370665509,0.8381633162498474,0.0,0.563397285051194,0.7195722460746765,0.05,0.6944239586591721,200,114.92823847949641,0.38570501408987407,0.030267307194015713
pair_050,SetA,9,526.5,517.5,106.78820754966856,0.8241617679595947,0.0,0.6091720705845841,0.6929795145988464,0.05,0.6797795593738556,200,31.756889016400834,0.35543770689585835,0.034483274506395045
pair_050,SetA,10,523.5,600.5,23.736601256314803,0.7990224361419678,0.0,0.6823212082311212,0.6434453725814819,0.05,0.6571730896830559,200,103.21094903158289,0.3209544323894633,0.006420038596614552
pair_050,SetA,11,515.5,588.5,36.51906946347657,0.7646765112876892,0.0,0.5244263974550495,0.6295583844184875,0.11020817282989959,0.6459322348237038,200,89.8470923291344,0.31453439379284875,0.07174172533236828
pair_050,SetA,12,524.5,576.5,47.754463903787396,0.7963156700134277,0.0,0.5799107014685319,0.6356363296508789,0.05,0.6530228108167648,200,80.32745483332582,0.24279266846048048,0.035268174383876444
pair_050,SetA,13,525.5,553.5,70.77490450664091,0.809118390083313,0.0,0.40505312582115094,0.6604914665222168,0.05,0.671204075217247,200,59.26634795564849,0.20752449407660403,0.028198756207788583
pair_050,SetA,14,525.5,547.5,76.77156308184163,0.8117524981498718,0.0,0.4914111232179618,0.6661834120750427,0.05,0.6699588000774384,200,53.91196527673611,0.17932573786881545,0.03680136192200431
pair_050,SetA,15,523.5,606.5,17.738107257997818,0.8337631225585938,0.0,0.6359963905855069,0.7155630588531494,0.05,0.6887564212083817,200,109.0619090241868,0.14252437594681114,0.010026552202340694
pair_050,SetA,16,532.5,351.5,272.89615485860315,0.8388776183128357,0.0,0.6112818712929096,0.7207443714141846,0.05,0.688997432589531,200,152.01480191086657,0.13249782374447044,0.007801692910197416
pair_050,SetA,17,529.5,440.5,183.84567037065585,0.7118324637413025,0.0,0.4087806682991729,0.5492537021636963,0.05,0.5882413312792778,200,66.41159537309731,0.12469613083427303,0.024256910443139656
pair_050,SetA,18,521.5,535.5,88.74551698972017,0.7707897424697876,0.0,0.4709623545955998,0.6345829367637634,0.16249999999999998,0.6463012620806694,200,41.50301193889427,0.10043922039113337,0.0312659679754381
pair_050,SetA,19,534.5,559.5,65.73869580292032,0.7096462845802307,0.0,0.4937942973099044,0.49385154247283936,0.05,0.6436703652143478,200,68.77863040218233,0.06917325241569527,0.003188585228708754
pair_050,SetA,20,533.5,577.5,47.888404989486716,0.7201564908027649,0.0,0.39801773891924486,0.5202389359474182,0.12961646096066226,0.6484380215406418,200,84.43044474595642,0.06598466718698652,0.0008520135839772403
pair_051,SetA,1,583.5,574.5,0.4696863523036584,0.8788166046142578,0.0,0.6961348112262185,0.7378060817718506,0.05,0.3280861140228808,109,111.90397669430698,0.8481220633495891,0.09168629023775599
pair_051,SetA,2,581.5,619.5,45.2132373730396,0.7716707587242126,0.0,0.6452715535481186,0.6291242837905884,0.05,0.3320994284003973,109,144.64611989265387,0.7564357731118331,0.45281532836634103
pair_051,SetA,3,442.5,568.5,140.68890169953636,0.8802597522735596,0.0,0.7347137375617294,0.7180625796318054,0.05,0.33777104248292744,82,89.43433345198028,0.30362044474549205,0.22162737380476183
pair_051,SetA,4,588.5,439.5,134.92334622653522,0.7674174904823303,0.0,0.6494627610328441,0.6085687875747681,0.05,0.3432749966159463,109,107.20307831401111,0.08199307094073023,0.027273522860104087
pair_051,SetA,5,582.5,585.5,11.200463090266453,0.7640374302864075,0.0,0.6737179371490725,0.6255574822425842,0.05,0.37813312839716673,109,118.8128780898771,0.054719548080626144,0.007487927991145699
pair_051,SetA,6,446.5,467.5,173.37889800501145,0.7682290077209473,0.0,0.6514197825707544,0.6200917363166809,0.11020817282989959,0.3414029208943248,82,62.59792328823697,0.047231620089480446,0.010757075393843261
pair_051,SetA,7,439.5,647.5,161.1464233243093,0.7653020620346069,0.0,0.6359293289519269,0.6109636425971985,0.05,0.33109195716679096,82,159.4255312050112,0.036474544695637184,0.0010753735776803872
pair_051,SetA,8,443.5,546.5,142.31319321211174,0.6508457660675049,0.0,0.48869321099116575,0.5232840180397034,0.05,0.28324770368635654,82,73.17444909256236,0.0353991711179568,0.007769858641511258
pair_051,SetA,9,440.5,613.5,147.8559545297486,0.7627374529838562,0.0,0.6653918743945687,0.6173386573791504,0.05,0.34080228209495544,82,128.15030237966667,0.02762931247644554,0.0018776907885687082
pair_051,SetA,10,473.5,569.5,109.67442062842743,0.6768229007720947,0.0,0.6661481768699185,0.5646312832832336,0.0875,0.10775238648056984,82,74.38077708655645,0.02575162168787683,0.0007723110379534194
pair_051,SetA,11,448.5,422.5,202.86997324629112,0.7687603235244751,0.0,0.6834398257060741,0.6127340793609619,0.11020817282989959,0.34180219657719135,82,93.05106125133662,0.02497931064992341,0.001888658349359057
pair_051,SetA,12,441.5,602.5,144.347336386011,0.7653836607933044,0.0,0.6600541224260627,0.6169800162315369,0.05,0.3277779743075371,82,118.01906625626216,0.023090652300564354,0.006137870065650974
pair_051,SetA,13,447.5,445.5,187.00780778950968,0.7413855195045471,0.0,0.5603637318134841,0.492434561252594,0.05,0.3161152768880129,82,75.67364138192373,0.01695278223491338,0.0006379628982348014
pair_051,SetA,14,459.5,569.5,123.66245452900607,0.6835596561431885,0.0,0.6200999449902445,0.5805433988571167,0.09358541225631423,0.11755094304680824,82,80.43941819779653,0.01631481933667858,0.0035543272731201232
pair_051,SetA,15,441.5,591.5,142.6080684628648,0.7651911973953247,0.0,0.6078615214793972,0.5651918649673462,0.05,0.32878110371530056,82,108.60248615938771,0.012760492063558455,0.0020116959327220515
pair_051,SetA,16,579.5,664.5,90.25659567163005,0.7723686695098877,0.0,0.6669600337151667,0.6200678944587708,0.05885254915624212,0.29488751851022243,109,182.70331140950893,0.010748796130836404,0.0025814697463469524
pair_051,SetA,17,584.5,540.5,33.844263102557534,0.6465088129043579,0.0,0.5373067041102196,0.528856635093689,0.05,0.2912422390654683,109,93.70432220554183,0.008167326384489451,0.0001637235705544155
pair_051,SetA,18,442.5,557.5,141.5707410816046,0.6495782136917114,0.0,0.5493442738539109,0.5405920743942261,0.05,0.3639999007282313,82,81.31727983645297,0.008003602813935036,0.00015292987211747155
pair_051,SetA,19,436.5,568.5,146.68398577984112,0.6962246298789978,0.0,0.6835059179774432,0.5068278908729553,0.17694368026754387,0.19903975166380405,82,93.40503198436367,0.007850672941817564,0.00039117162417653516
pair_051,SetA,20,580.5,630.5,56.24470287873966,0.7619993090629578,0.0,0.7159468047604043,0.6135048270225525,0.05,0.3403065772727132,109,153.33134056676084,0.007459501317641029,0.00019644988383964168
pair_052,SetA,1,608.0,538.0,27.25144532828571,0.76175856590271,0.0,0.5533236468656162,0.6218326091766357,0.05885254915624212,0.7619161605834961,200,114.49017425089369,0.6854843187247581,0.01364384034957955
pair_052,SetA,2,618.0,538.0,37.25132645471001,0.7711803913116455,0.0,0.6204422128544644,0.6351284384727478,0.05,0.7702167332172394,200,123.96773773849388,0.6718404783751786,0.017270281909846807
pair_052,SetA,3,591.0,538.0,10.25217963251371,0.7609928846359253,0.0,0.5427752461670934,0.6186742782592773,0.05,0.7604747116565704,200,98.6154146165801,0.6545701964653318,0.03744645485538911
pair_052,SetA,4,360.0,537.0,220.75061341033216,0.7651835083961487,0.0,0.6230124855423324,0.6384363770484924,0.05,0.7638915479183197,200,144.80676779764127,0.6171237416099427,0.2080613120266953
pair_052,SetA,5,350.0,537.0,230.75054338155545,0.7634763121604919,0.0,0.5677056394624843,0.6344908475875854,0.09358541225631423,0.7616001069545746,200,154.49595463959565,0.40906242958324734,0.014055137738900603
pair_052,SetA,6,377.0,537.0,203.75074823494793,0.7664844393730164,0.0,0.6275783441423697,0.6446728706359863,0.0875,0.7624261379241943,200,128.4445405612866,0.39500729184434674,0.11845290603972197
pair_052,SetA,7,584.0,538.0,3.2547122928065284,0.763134241104126,0.0,0.5915177637970228,0.6185443997383118,0.125,0.759842723608017,200,92.19544457292888,0.27655438580462477,0.019385702930544535
pair_052,SetA,8,411.0,537.0,169.75109889726068,0.752316951751709,0.0,0.6441376485817216,0.6045170426368713,0.0875,0.7046784460544586,200,96.38464608017192,0.25716868287408023,0.037664136749489374
pair_052,SetA,9,343.0,537.0,237.7504978665128,0.7612998485565186,0.0,0.6140856739718666,0.6298657655715942,0.0875,0.7595182955265045,200,161.3009609394811,0.21950454612459086,0.021826479535148463
pair_052,SetA,10,642.0,538.0,61.25119952300507,0.7578692436218262,0.0,0.5636535602223871,0.6167124509811401,0.125,0.6842772364616394,200,146.99659860010368,0.1976780665894424,0.014736279452365525
pair_052,SetA,11,635.0,538.0,54.25122494376135,0.7724121809005737,0.0,0.6274790793119984,0.6369795203208923,0.125,0.7273826897144318,200,140.24621207005913,0.18294178713707687,0.015074419530428096
pair_052,SetA,12,601.0,538.0,20.251598390550853,0.768021285533905,0.0,0.6067224692436552,0.62833172082901,0.11020817282989959,0.767156720161438,200,107.91200118615167,0.16786736760664878,0.023442505143190295
pair_052,SetA,13,418.0,537.0,162.75118927963615,0.7358314990997314,0.0,0.5759085402021414,0.5711134076118469,0.05,0.6540587842464447,200,89.96110270555825,0.14442486246345848,0.019390169326261558
pair_052,SetA,14,401.0,537.0,179.75098199084405,0.7458779811859131,0.0,0.5734816685759505,0.5943347811698914,0.0875,0.7465790510177612,200,105.6882207249228,0.12503469313719692,0.025622377713703987
pair_052,SetA,15,384.0,537.0,196.75081052287823,0.7573271989822388,0.0,0.5719503531174406,0.6232000589370728,0.125,0.7538998425006866,200,121.75795661885921,0.09941231542349294,0.01680169297016844
pair_052,SetA,16,557.0,538.0,23.749505609399474,0.7479746341705322,0.0,0.505041193636804,0.5815837979316711,0.125,0.7447764873504639,200,68.5054742338158,0.0826106224533245,0.004926179628146343
pair_052,SetA,17,625.0,538.0,44.251275210368355,0.7628400325775146,0.0,0.5601406526873478,0.6224817633628845,0.12961646096066226,0.7598136067390442,200,130.64838307457157,0.07768444282517815,0.012141610362398067
pair_052,SetA,18,574.0,538.0,6.750785284254937,0.7591926455497742,0.0,0.5290486136628382,0.6118704080581665,0.14270509831248424,0.7544837594032288,200,83.18653737234169,0.06554283246278009,0.003974376890215042
pair_052,SetA,19,367.0,537.0,213.75066632912822,0.7619211077690125,0.0,0.571390658531198,0.6309414505958557,0.1662132317597294,0.7604014575481415,200,138.0507153186828,0.061568455572565045,0.0159459093964261
pair_052,SetA,20,550.0,538.0,30.749389938379494,0.7331883907318115,0.0,0.5411590364205581,0.5534193515777588,0.05,0.7314286828041077,200,62.80127387243033,0.045622546176138944,0.0012041005394619747
pair_053,SetA,1,471.0,518.0,10.986331669230323,0.8159113526344299,0.0,0.7820674694670918,0.6213163137435913,0.05,0.6605606973171234,177,34.132096331752024,0.6946389192836268,0.0970130047212151
pair_053,SetA,2,587.0,528.0,105.45133088078533,0.8324752449989319,0.0,0.7972643608140936,0.6891550421714783,0.05,0.6293587610125542,177,91.39474820797966,0.5976259145624117,0.26751568360031713
pair_053,SetA,3,596.0,529.0,114.50337492818525,0.8337829113006592,0.0,0.8111770903503901,0.6900942921638489,0.05,0.6829515099525452,177,100.2845950283492,0.3301102309620945,0.01768745936536642
pair_053,SetA,4,346.0,508.0,136.377139512968,0.8421335816383362,0.0,0.8191989292224351,0.6986545324325562,0.0875,0.6401704102754593,177,154.20765220960988,0.3124227715967281,0.012984768890882292
pair_053,SetA,5,629.0,532.0,147.63898421512684,0.7940141558647156,0.0,0.7987714286667981,0.627459704875946,0.0875,0.6224421709775925,177,132.90974381135493,0.2994380027058458,0.06800033427317673
pair_053,SetA,6,610.0,530.0,128.53794122202189,0.8355801105499268,0.0,0.8062393900031306,0.6924464106559753,0.05885254915624212,0.6873481720685959,177,114.0175425099138,0.23143766843266908,0.0009420606197672321
pair_053,SetA,7,324.0,506.0,158.46732467079642,0.8400263786315918,0.0,0.8101708704188946,0.6980454325675964,0.05,0.6851338148117065,177,176.10224302944013,0.23049560781290185,0.03593815033856132
pair_053,SetA,8,621.0,531.0,139.58301447635353,0.8413415551185608,0.0,0.8151999130255341,0.7014153003692627,0.09358541225631423,0.6491954028606415,177,124.90796611905904,0.19455745747434053,0.07569014079987457
pair_053,SetA,9,352.0,508.0,130.39881868952025,0.7694156765937805,0.0,0.7627752772031564,0.5941265821456909,0.05,0.603184200823307,177,148.21605850919124,0.11886731667446596,0.0033142333440388666
pair_053,SetA,10,479.0,519.0,2.9242457685504495,0.8445104956626892,0.0,0.816257944317603,0.7051840424537659,0.0875,0.662306010723114,177,28.319604517012593,0.11555308333042709,0.0115257754961713
pair_053,SetA,11,335.0,507.0,147.42221197984236,0.8426840901374817,0.0,0.8175140085336519,0.6977013945579529,0.09358541225631423,0.6847148686647415,177,165.14841809717706,0.10402730783425579,0.002358894370426884
pair_053,SetA,12,604.0,530.0,122.55967770728313,0.8082625865936279,0.0,0.7888691952965923,0.6114405989646912,0.09358541225631423,0.6742830723524094,177,108.24047302187847,0.1016684134638289,0.025535944746047715
pair_053,SetA,13,454.0,517.0,28.002788306765577,0.8437544703483582,0.0,0.8144754897133865,0.693972110748291,0.0875,0.6664542406797409,177,49.040799340956916,0.07613246871778119,0.026998174983021095
pair_053,SetA,14,304.0,504.0,178.56493974516368,0.7755939960479736,0.0,0.7681230067228224,0.5938320755958557,0.05,0.5977763459086418,177,196.04081207748553,0.049134293734760096,0.0007721221582272925
pair_053,SetA,15,493.0,520.0,11.114435521711096,0.7698729038238525,0.0,0.7899725880035596,0.6294764876365662,0.0875,0.6223537921905518,177,21.18962010041709,0.0483621715765328,0.01576380160256017
pair_053,SetA,16,649.0,533.0,167.65254802003068,0.6865823864936829,0.0,0.6816208423574736,0.5441313982009888,0.05885254915624212,0.5647928267717361,177,152.6106156202772,0.032598369973972634,0.0006113766640160195
pair_053,SetA,17,446.0,516.0,36.059734097535646,0.8194091320037842,0.0,0.7944090505963022,0.6335340738296509,0.1662132317597294,0.6118197590112686,177,56.32051136131489,0.031986993309956614,0.006609509617013353
pair_053,SetA,18,318.0,506.0,164.4468462891179,0.8128994107246399,0.0,0.789228091234987,0.6333292722702026,0.09358541225631423,0.6680968254804611,177,182.0988742414406,0.02537748369294326,0.0028396948878596125
pair_053,SetA,19,441.0,572.0,66.69225878668205,0.6726903915405273,0.0,0.674972425769555,0.5772988796234131,0.05,0.5266376882791519,177,93.08598175880189,0.02253778880508365,0.0027790374850363703
pair_053,SetA,20,657.0,534.0,175.7077931890821,0.704913854598999,0.0,0.6752190394141071,0.5867288112640381,0.125,0.5751145631074905,177,160.63934760823702,0.01975875132004728,0.00031119119544372603
pair_054,SetA,1,524.5,385.5,0.3048593337118826,0.7350257039070129,0.0,0.4943463488902876,0.6060858964920044,0.05,0.3231734484434128,186,117.09184429327262,0.8465252172977369,0.08670227813672948
pair_054,SetA,2,473.5,388.5,51.000455904629845,0.6987494826316833,0.0,0.5587116939843463,0.6052547693252563,0.05,0.3648134469985962,186,114.60584627321592,0.7598229391610074,0.5153342340924665
pair_054,SetA,3,423.5,619.5,255.08750438122496,0.6965911984443665,0.0,0.4229294544282385,0.6073586344718933,0.125,0.3398602455854416,186,141.88904115540424,0.2444887050685409,0.029733779349460948
pair_054,SetA,4,440.5,618.5,247.91258614752206,0.6829113364219666,0.0,0.5314275713463388,0.5902183055877686,0.05,0.3731659799814224,186,132.5990196042188,0.21475492571907995,0.1177550101379266
pair_054,SetA,5,456.5,389.5,68.0296334222742,0.6916763186454773,0.0,0.43717661915681205,0.5934069752693176,0.0875,0.3690180033445358,186,118.753947302816,0.09699991558115335,0.015395420444559715
pair_054,SetA,6,542.5,611.5,227.00918750048032,0.6971060633659363,0.0,0.4483602151183153,0.603638768196106,0.125,0.30320607125759125,186,119.32518594161084,0.08160449513659364,0.019698133202543197
pair_054,SetA,7,517.5,385.5,6.900415055348949,0.6888657212257385,0.0,0.3340343694608585,0.5986505150794983,0.0875,0.3652733266353607,186,115.82961624731388,0.06190636193405044,0.0009648661088701785
pair_054,SetA,8,439.5,390.5,85.05889456522416,0.678715169429779,0.0,0.586096139701763,0.56036376953125,0.05,0.3696300536394119,186,125.10195841792405,0.06094149582518026,0.002718399933934086
pair_054,SetA,9,490.5,387.5,33.97148777123515,0.6881650686264038,0.0,0.46912842527607523,0.586293637752533,0.0875,0.3612045645713806,186,112.90039858211307,0.05822309589124618,0.00015758768390632116
pair_054,SetA,10,503.5,377.5,22.27296639100446,0.5309775471687317,0.0,0.3039749104282068,0.3882613778114319,0.125,0.2569764256477356,186,122.54998980008118,0.058065508207339855,0.002136388996816882
pair_054,SetA,11,446.5,390.5,78.07363675361348,0.6469645500183105,0.0,0.4191305304850529,0.5169975757598877,0.05,0.33823835104703903,186,121.87083326210583,0.05592911921052297,0.00026581856043954993
pair_054,SetA,12,654.5,604.5,254.9780428796342,0.6846442222595215,0.0,0.6266656183546445,0.5976300239562988,0.05,0.3390624523162842,186,186.52211665108243,0.055663300650083423,0.004185575406073512
pair_054,SetA,13,463.5,389.5,61.04513276950319,0.6279729604721069,0.0,0.48148561970642234,0.471481055021286,0.125,0.33824898302555084,186,116.37224755069397,0.05147772524400991,0.008465413752537156
pair_054,SetA,14,494.5,614.5,231.2266374435315,0.6267112493515015,0.0,0.6976945921238256,0.49735790491104126,0.05,0.33271847665309906,186,114.6320199595209,0.043012311491472756,0.0010352134988260084
pair_054,SetA,15,391.5,393.5,133.152552354328,0.5527626872062683,0.0,0.2527677086975504,0.43495774269104004,0.05,0.33532775193452835,186,152.034535550315,0.04197709799264675,0.0015069469192354953
pair_054,SetA,16,501.5,614.5,230.42620309921273,0.6746187806129456,0.0,0.4503296363825903,0.5763915181159973,0.05,0.35870181024074554,186,114.50982490598787,0.04047015107341125,0.006451782455962993
pair_054,SetA,17,467.5,616.5,238.18103223577114,0.6858943104743958,0.0,0.5054619925596466,0.6082159876823425,0.125,0.3653977960348129,186,120.94833607784771,0.03401836861744826,0.00044169566542778815
pair_054,SetA,18,484.5,615.5,233.71610897798325,0.6808347105979919,0.0,0.5364176044593839,0.5957844853401184,0.0875,0.3597174882888794,186,116.53540234623983,0.03357667295202047,0.007285245371492739
pair_054,SetA,19,549.5,611.5,227.67443515007452,0.6150620579719543,0.0,0.4285834853388546,0.5116404891014099,0.05,0.31621232628822327,186,121.99385230412227,0.026291427580527733,0.005708005663481432
pair_054,SetA,20,520.5,376.5,9.544658755864464,0.5735322833061218,0.0,0.45634265313885436,0.39356550574302673,0.05,0.2345903292298317,186,125.18985581907185,0.0205834219170463,0.00019657491388230808
pair_055,SetA,1,404.5,391.5,0.46369596079683373,0.8865199685096741,0.0,0.7923627203244548,0.7506453394889832,0.0,0.5534626394510269,200,144.54238132810735,0.9511797403314245,0.6039601455044339
pair_055,SetA,2,539.5,660.5,300.77424223161245,0.8123698234558105,0.0,0.6622979958910926,0.6137934923171997,0.05,0.5847467631101608,200,165.28914059913313,0.3472195948269906,0.12718295536976568
pair_055,SetA,3,401.5,613.5,222.03465782475928,0.7757328152656555,0.0,0.6797532913461565,0.5227535367012024,0.05,0.554736539721489,200,150.2814027083857,0.22003663945722493,0.034814801176032334
pair_055,SetA,4,544.5,349.5,145.71807010435847,0.8011465668678284,0.0,0.6372505482643056,0.6156514883041382,0.05,0.5505380295217037,200,156.94107174350506,0.1852218382811926,0.008970210639526799
pair_055,SetA,5,543.5,393.5,138.55091338955322,0.8752203583717346,0.0,0.7952651168803201,0.7117975950241089,0.05,0.558666817843914,200,115.04129693288407,0.1762516276416658,0.025519956105563513
pair_055,SetA,6,402.5,513.5,122.03251153970837,0.7890869975090027,0.0,0.6849965990759449,0.5482233166694641,0.05,0.5610604658722878,200,98.43017829913751,0.15073167153610229,0.09051482141432521
pair_055,SetA,7,403.5,491.5,100.0183503993789,0.8037010431289673,0.0,0.6642323680462591,0.6030539274215698,0.05,0.5809531584382057,200,96.87362902255701,0.06021685012177708,0.003346006703000684
pair_055,SetA,8,539.5,649.5,290.97762232681805,0.8065785765647888,0.0,0.65880850311887,0.6223145723342896,0.05,0.581745058298111,200,154.6302040353048,0.05687084341877639,0.0035547944871722192
pair_055,SetA,9,542.5,471.5,159.11465932994273,0.809968113899231,0.0,0.6656236001754113,0.6202265620231628,0.05,0.5791344195604324,200,51.171281008002914,0.053316048931604174,0.0015038150248244744
pair_055,SetA,10,404.5,447.5,56.00955963469267,0.7739822864532471,0.0,0.5848030419948247,0.549266517162323,0.09358541225631423,0.5381924584507942,200,108.97935584320545,0.0518122339067797,0.013435901657122398
pair_055,SetA,11,540.5,616.5,262.67574144534154,0.773641049861908,0.0,0.5761728762393324,0.56425940990448,0.05,0.5430480726063251,200,123.3389638354401,0.0383763322496573,0.006066754809680323
pair_055,SetA,12,543.5,449.5,150.19058345185164,0.7879457473754883,0.0,0.6185833006860841,0.602348268032074,0.05,0.547174334526062,200,66.65208173793224,0.03230957743997698,0.0013920809610884176
pair_055,SetA,13,541.5,560.5,217.26887057588414,0.7434903383255005,0.0,0.5667182530523279,0.6438859105110168,0.05,0.5406147837638855,200,73.3655232380987,0.03091749647888856,0.00198823113899917
pair_055,SetA,14,542.5,460.5,153.8775705509137,0.8002849221229553,0.0,0.6424014339437303,0.6181779503822327,0.05,0.5793166607618332,200,58.02154772151464,0.02892926533988939,0.0009657362166946293
pair_055,SetA,15,403.5,480.5,89.01967378945301,0.806224524974823,0.0,0.6311481030251631,0.6223963499069214,0.05,0.5789919942617416,200,98.45049517397055,0.02796352912319476,0.005164331598126619
pair_055,SetA,16,541.5,515.5,184.4453156353516,0.7709620594978333,0.0,0.6842666286552186,0.47206053137779236,0.14270509831248424,0.5611115396022797,200,44.30011286667337,0.022799197525068142,0.005555182032152817
pair_055,SetA,17,404.5,402.5,11.017400282116085,0.7159740328788757,0.0,0.5172989406941566,0.5083142518997192,0.08106601717798213,0.5572142601013184,200,136.47893610370795,0.017244015492915325,0.001049296832789287
pair_055,SetA,18,402.5,524.5,133.030455038391,0.7435739040374756,0.0,0.6769731171031563,0.4970426857471466,0.1340990257669732,0.5268556997179985,200,100.53108971855423,0.016194718660126037,0.0009557531528319278
pair_055,SetA,19,539.5,693.5,330.61858549557917,0.7839503288269043,0.0,0.6736573439088483,0.5119848847389221,0.05,0.5527248755097389,200,197.49050610092627,0.01523896550729411,0.0004730279774062575
pair_055,SetA,20,402.5,569.5,178.0246882576043,0.7133346796035767,0.0,0.4915835322028437,0.5153656601905823,0.09358541225631423,0.517283271998167,200,119.73512433701316,0.014765937529887852,0.0008426502206864937
pair_056,SetA,1,561.0,399.0,76.38258823556936,0.823149561882019,0.0,0.7170937149586601,0.6666973233222961,0.05,0.14329557307064533,194,117.99152511939153,0.05884229286419766,0.027706465904563136
pair_056,SetA,2,575.0,447.0,71.40693070777591,0.8231156468391418,0.0,0.7179182847702498,0.6639595627784729,0.05,0.14574244618415833,194,91.83681179135085,0.031135826959634526,0.009889489262255916
pair_056,SetA,3,544.0,430.0,44.7997576777812,0.8250126242637634,0.0,0.7082563561691897,0.6645341515541077,0.125,0.1451194677501917,194,82.68010643437755,0.02124633769737861,0.0029880865280969074
pair_056,SetA,4,504.0,439.0,10.439555593090033,0.8232579827308655,0.0,0.7169781160424256,0.657183051109314,0.125,0.13452855311334133,194,61.1310068623117,0.018258251169281703,0.0020629396752856292
pair_056,SetA,5,535.0,361.0,93.83078141770706,0.8051954507827759,0.0,0.6670509239979313,0.6077743172645569,0.16249999999999998,0.14035025984048843,194,143.33875958721003,0.016195311493996074,0.001813983412677668
pair_056,SetA,6,536.0,435.0,35.437822905771114,0.8122785687446594,0.0,0.6731525589364502,0.6270669102668762,0.16249999999999998,0.13689252641052008,194,74.30343195303969,0.014381328081318406,0.0022506513690109323
pair_056,SetA,7,550.0,483.0,57.24062595605824,0.8029400110244751,0.0,0.6719524844429084,0.6029407382011414,0.125,0.1364038735628128,194,52.81098370604357,0.012130676712307473,0.00016099917777279323
pair_056,SetA,8,518.0,487.0,40.219824570997204,0.8254019618034363,0.0,0.7211309000693436,0.660123348236084,0.08106601717798213,0.1464176196604967,194,22.20360331117452,0.01196967753453468,0.0003958203049746981
pair_056,SetA,9,535.0,456.0,32.04552677205374,0.8280072212219238,0.0,0.7267457855244922,0.6723040342330933,0.125,0.14270692877471447,194,56.22277118748239,0.011573857229559982,0.000810839294270187
pair_056,SetA,10,607.0,443.0,103.56546105929665,0.8054331541061401,0.0,0.6709753539634589,0.6196503639221191,0.125,0.14014646038413048,194,121.23530838827442,0.010763017935289795,0.0009394214327959234
pair_056,SetA,11,567.0,452.0,63.41743259875783,0.813395619392395,0.0,0.6850393421684586,0.6386942863464355,0.125,0.14396177977323532,194,82.41965784932621,0.009823596502493872,0.0014418500994922336
pair_056,SetA,12,543.0,657.0,211.26673722959424,0.8239800333976746,0.0,0.7082402132977825,0.6511166095733643,0.05,0.07641614228487015,194,162.7820628939196,0.008381746403001638,0.0010741197374313245
pair_056,SetA,13,527.0,461.0,26.07176231886316,0.8195162415504456,0.0,0.6975000205508277,0.6434329152107239,0.16249999999999998,0.139261856675148,194,47.43416490252569,0.0073076266655703135,0.0001830726345029357
pair_056,SetA,14,534.0,382.0,73.95466202515658,0.8248476982116699,0.0,0.7254100024668327,0.6617997288703918,0.125,0.14286668971180916,194,122.80065146407001,0.007124554031067378,0.00017894154046297055
pair_056,SetA,15,505.0,418.0,31.462800688807093,0.8005802631378174,0.0,0.656601542734792,0.6012187600135803,0.14270509831248424,0.14067250583320856,194,82.15229759416349,0.006945612490604407,0.0006794221812755968
pair_056,SetA,16,552.0,425.0,54.18668917432617,0.8225759863853455,0.0,0.7356984134282347,0.6683121919631958,0.125,0.1461910381913185,194,91.2633551870629,0.0062661903093288104,0.0017870503997982796
pair_056,SetA,17,592.0,622.0,193.87565790612967,0.8135294318199158,0.0,0.6774752285604149,0.632103681564331,0.125,0.13463576789945364,194,152.80052355931247,0.004479139909530531,4.6452895519580144e-05
pair_056,SetA,18,558.0,478.0,61.413909300161706,0.8194168210029602,0.0,0.7082676251449698,0.6494418382644653,0.05,0.1432995442301035,194,62.03224967708329,0.004432687014010951,0.00041484962255713183
pair_056,SetA,19,600.0,411.0,103.74685656138625,0.8113718032836914,0.0,0.7370539645947314,0.6459727883338928,0.16249999999999998,0.14124747924506664,194,133.86933928274988,0.004017837391453819,0.0005250604980828084
pair_056,SetA,20,577.0,389.0,95.0508168136328,0.7985054850578308,0.0,0.7372206481016434,0.612857460975647,0.16249999999999998,0.13427973166108131,194,135.09256086106296,0.0034927768933710104,0.0002162345487290219
pair_057,SetA,1,352.0,446.0,199.30943708798682,0.8632277250289917,0.0,0.8194954599046164,0.6425521373748779,0.05,0.7049073874950409,200,157.54364474646383,0.885206469386857,0.017868567182466766
pair_057,SetA,2,533.0,448.0,18.300648534576737,0.8547453880310059,0.0,0.7984134426872446,0.6197020411491394,0.05,0.6839813739061356,200,61.587336360651285,0.8673379022043902,0.00946127432214583
pair_057,SetA,3,551.0,448.0,0.31647427948354695,0.8756587505340576,0.0,0.8297083206717164,0.6609126329421997,0.05,0.7099875658750534,200,72.83543093852057,0.8578766278822444,0.039072951606115014
pair_057,SetA,4,526.0,448.0,25.300573476005574,0.806796133518219,0.0,0.7542005035730296,0.526035726070404,0.05,0.6547460332512856,200,58.137767414994535,0.8188036762761294,0.3444117326548354
pair_057,SetA,5,565.0,566.0,118.89157343001459,0.7618089318275452,0.0,0.7788953275587134,0.5305852293968201,0.05,0.6635945439338684,200,92.63368717696602,0.474391943621294,0.1938389637313217
pair_057,SetA,6,396.0,446.0,155.3120037691184,0.8227499723434448,0.0,0.7845917037933472,0.5185562372207642,0.0875,0.6613882333040237,200,117.18361660232202,0.2805529798899723,0.0006078992505457181
pair_057,SetA,7,367.0,446.0,184.3101744206843,0.8576306700706482,0.0,0.8087501465638303,0.6248142719268799,0.125,0.7067446261644363,200,143.54441821262157,0.2799450806394266,0.009333043773753658
pair_057,SetA,8,337.0,446.0,214.30880296823386,0.784717321395874,0.0,0.7956648134917936,0.5867429971694946,0.0875,0.651351273059845,200,171.71196813268432,0.2706120368656729,0.03546277978844348
pair_057,SetA,9,389.0,446.0,162.31150235336773,0.8455264568328857,0.0,0.8006003828530157,0.5806655883789062,0.125,0.6893556416034698,200,123.4382436686459,0.23514925707722945,0.003676346751919385
pair_057,SetA,10,566.0,448.0,14.69996049730969,0.873102605342865,0.0,0.8211027887135602,0.6682573556900024,0.09358541225631423,0.7140441834926605,200,84.02380615040002,0.23147291032531006,0.0035931902446633412
pair_057,SetA,11,360.0,446.0,191.30981594369828,0.8404229879379272,0.0,0.7780325473720473,0.5744730234146118,0.0875,0.710215613245964,200,150.05332385522155,0.22787972008064672,0.013269496004924747
pair_057,SetA,12,378.0,446.0,173.3107962464981,0.8524798154830933,0.0,0.8066699172849086,0.6067908406257629,0.0875,0.701912060379982,200,133.41664064126334,0.21461022407572197,0.03577022716481215
pair_057,SetA,13,562.0,492.0,45.3790785828108,0.7622648477554321,0.0,0.7737550988121871,0.5116909742355347,0.09358541225631423,0.6689214408397675,200,62.51399843235114,0.17883999691090982,0.01290253809201844
pair_057,SetA,14,404.0,447.0,147.30312886159518,0.7695393562316895,0.0,0.7620264609808334,0.541404128074646,0.125,0.6297123432159424,200,109.65856099730654,0.16593745881889138,0.007216318764766333
pair_057,SetA,15,348.0,505.0,211.16678964758057,0.7610393762588501,0.0,0.7703420043186573,0.5214272737503052,0.05,0.6685923039913177,200,152.08221460775746,0.15872114005412505,0.05709883025303174
pair_057,SetA,16,565.0,551.0,104.00584997648755,0.7537477016448975,0.0,0.7723125869750099,0.4879123568534851,0.05,0.659087747335434,200,82.61961026293939,0.10162230980109331,0.004370660669458529
pair_057,SetA,17,577.0,448.0,25.69981593775693,0.8692072629928589,0.0,0.8188747814675431,0.6562327742576599,0.125,0.6955848932266235,200,92.91393867445294,0.09725164913163478,0.00592477683606607
pair_057,SetA,18,580.0,522.0,79.46336261997865,0.7541224360466003,0.0,0.7703408985004017,0.5150973796844482,0.05,0.6539641320705414,200,82.96987405076617,0.09132687229556871,0.0068963928823643494
pair_057,SetA,19,345.0,446.0,206.30912969076,0.8631869554519653,0.0,0.8073972457535119,0.6358519196510315,0.16249999999999998,0.6850817948579788,200,164.13713778423212,0.08443047941320436,0.002087514308606639
pair_057,SetA,20,543.0,566.0,118.39097445092811,0.752098798751831,0.0,0.7626627767499776,0.5217193365097046,0.05,0.6575290858745575,200,78.77182237323191,0.08234296510459772,0.002108948442494929
pair_058,SetA,1,446.5,483.5,101.72103610415185,0.7933240532875061,0.0,0.524520095412707,0.5354177951812744,0.125,0.38771654742595274,194,55.986605540968455,0.13447796836133946,0.026915776509310693
pair_058,SetA,2,437.5,477.5,104.59231367096325,0.7956732511520386,0.0,0.528701741249636,0.5403250455856323,0.125,0.3910135592450388,194,66.42665127793211,0.10756219185202877,0.05039139614673019
pair_058,SetA,3,383.5,524.5,59.86178894215424,0.801118791103363,0.0,0.5214844933100802,0.5599791407585144,0.05,0.39567286882083863,194,119.04830952180716,0.05717079570529858,0.011032520392941274
pair_058,SetA,4,446.5,477.5,107.33640038853686,0.7934290170669556,0.0,0.5495703841782883,0.5376572608947754,0.125,0.38859953451901674,194,58.0387801388003,0.046138275312357306,0.0012720214990864093
pair_058,SetA,5,446.5,471.5,112.99131165994325,0.7893787622451782,0.0,0.5704082786773692,0.5303006768226624,0.05,0.387203648686409,194,60.61765419413721,0.0448662538132709,0.006820679279344266
pair_058,SetA,6,437.5,483.5,98.82114357150009,0.7960913181304932,0.0,0.5017134868089963,0.5407267212867737,0.05,0.392109464854002,194,64.64131805586888,0.03804557453392663,0.0015978217640048586
pair_058,SetA,7,414.5,560.5,18.464861719375644,0.7896087765693665,0.0,0.5149488664382461,0.5248740315437317,0.05885254915624212,0.387774063507095,194,104.74015466858926,0.03644775276992177,0.00046082687809921585
pair_058,SetA,8,450.5,507.5,81.74289905322472,0.7904163599014282,0.0,0.517332929194991,0.5395874381065369,0.125,0.3926397543400526,194,50.064957804835906,0.035986925891822556,0.002013565855682714
pair_058,SetA,9,414.5,554.5,24.308121699995603,0.7924985885620117,0.0,0.5263308369350476,0.5335044264793396,0.16249999999999998,0.39138234592974186,194,101.3928005333712,0.03397336003613984,0.0009027457289081733
pair_058,SetA,10,428.5,477.5,102.56705762437586,0.7911636233329773,0.0,0.5190650467669137,0.5373931527137756,0.16249999999999998,0.38979811035096645,194,74.95665414091,0.03307061430723167,0.0012233695362651661
pair_058,SetA,11,392.5,530.5,50.823723618129506,0.7905933260917664,0.0,0.5147046985787833,0.533636748790741,0.05,0.3881720209028572,194,111.74300872985299,0.0318472447709665,6.090844247110677e-05
pair_058,SetA,12,459.5,501.5,91.56083211294526,0.7914011478424072,0.0,0.5530258115927669,0.5420488119125366,0.05,0.39029727037996054,194,40.527768258318886,0.031786336328495396,0.0006509842203375991
pair_058,SetA,13,427.5,578.5,17.80920855704852,0.8001775741577148,0.0,0.5425228089345998,0.5538509488105774,0.05,0.3957765116356313,194,106.85738158873257,0.031135352108157797,0.0012102320739611865
pair_058,SetA,14,633.5,509.5,234.15263391167292,0.7907902598381042,0.0,0.5136087734752406,0.5345718860626221,0.16249999999999998,0.3900173045694828,194,133.83758814324173,0.02992512003419661,0.0009052184559585168
pair_058,SetA,15,437.5,489.5,93.07891680994628,0.7904788851737976,0.0,0.4715871273315144,0.5302295088768005,0.1662132317597294,0.39114207681268454,194,63.37586291325744,0.029019901578238094,0.002353194092263401
pair_058,SetA,16,374.5,524.5,64.3108311719876,0.8007177710533142,0.0,0.5275987135179067,0.562633216381073,0.125,0.3929645325988531,194,127.8690736652143,0.026666707485974692,0.0017724877254467926
pair_058,SetA,17,370.5,500.5,87.13868627944977,0.7904421091079712,0.0,0.5164701102747559,0.5292283892631531,0.05885254915624212,0.3872663080692291,194,129.50096524736796,0.0248942197605279,0.0012093620860051078
pair_058,SetA,18,405.5,548.5,30.120884341678977,0.7998983860015869,0.0,0.5457793414987756,0.557277500629425,0.05,0.3964638742618263,194,106.21911315766104,0.023684857674522792,2.1369293316399196e-05
pair_058,SetA,19,352.5,500.5,96.58182597084252,0.7958498001098633,0.0,0.5161745182377245,0.543997049331665,0.11020817282989959,0.390266546048224,194,147.5008474551926,0.023663488381206393,0.0013078791942375996
pair_058,SetA,20,414.5,548.5,30.212885377731304,0.7915538549423218,0.0,0.5373491635321188,0.5359823703765869,0.16249999999999998,0.3918336592614651,194,98.2980162566875,0.022355609186968793,0.00011633102784246174
pair_059,SetA,1,614.5,423.5,0.1010568972230651,0.850341796875,0.0,0.7366396734011915,0.626067042350769,0.05,0.2933975327759981,67,137.70439353920412,0.8828512382778867,0.7552711430005439
pair_059,SetA,2,426.5,442.5,189.05182559442514,0.8137025237083435,0.0,0.7888527079146295,0.5596340894699097,0.05,0.2646932993084192,93,93.31934418972307,0.1275800952773428,0.012733092224505568
pair_059,SetA,3,467.5,380.5,153.23351901902407,0.8229988217353821,0.0,0.6890821653449707,0.5893005132675171,0.05,0.27770462445914745,93,123.84062338344393,0.11484700305283722,0.009429690006174093
pair_059,SetA,4,457.5,457.5,160.7370312664641,0.8218454718589783,0.0,0.6392210840129083,0.5843172073364258,0.125,0.27324463427066803,93,60.10407640085654,0.10541731304666313,0.010651449077987388
pair_059,SetA,5,446.5,473.5,175.3819960564353,0.8082748651504517,0.0,0.6658952706770283,0.5484315752983093,0.0875,0.2674102671444416,93,59.70343373709757,0.09476586396867574,0.030811613705158045
pair_059,SetA,6,426.5,627.5,277.51145612306675,0.8199353814125061,0.0,0.7150800992796487,0.581984281539917,0.05,0.2685686983168125,93,147.16827103693242,0.0639542502635177,0.002851607981952657
pair_059,SetA,7,476.5,441.5,139.26414510700755,0.8138079643249512,0.0,0.7358827356754529,0.5657007098197937,0.05,0.2694122362881899,93,63.04363568196238,0.06110264228156504,0.0174277875911064
pair_059,SetA,8,457.5,442.5,158.2403664798709,0.8056365251541138,0.0,0.6638813423505936,0.538241446018219,0.05,0.26171325147151947,93,71.50174823037545,0.04367485469045864,0.001701000065020962
pair_059,SetA,9,468.5,426.5,146.12173781919176,0.822230875492096,0.0,0.7890270339519683,0.5864438414573669,0.0875,0.2978081591427326,93,79.96561761157103,0.04197385462543768,0.007852479528137071
pair_059,SetA,10,449.5,442.5,166.18499743139037,0.8167926669120789,0.0,0.705356416664026,0.5772532224655151,0.05,0.2683044094592333,93,76.52777273643864,0.03412137509730061,0.003676512345018701
pair_059,SetA,11,434.5,442.5,181.0943206536239,0.8078994750976562,0.0,0.7765050550699525,0.5513647794723511,0.05,0.26082095690071583,93,87.15790268243035,0.030444862752281907,0.0005692466439029265
pair_059,SetA,12,457.5,626.5,256.7195690376282,0.8023474812507629,0.0,0.6644181492744754,0.5305887460708618,0.12961646096066226,0.2652136366814375,93,133.44849193602752,0.02987561610837898,0.001978904140966735
pair_059,SetA,13,465.5,457.5,152.92793542309033,0.8141912817955017,0.0,0.5804069963229911,0.5687193870544434,0.125,0.26957091875374317,93,54.740295943664755,0.027896711967412245,0.003625294313688649
pair_059,SetA,14,441.5,442.5,174.13469831960143,0.8040024638175964,0.0,0.7395459607562984,0.5576679706573486,0.09358541225631423,0.2644904740154743,93,82.02743443507178,0.024271417653723596,0.0036282899775574584
pair_059,SetA,15,633.5,607.5,185.01490280557985,0.7991753220558167,0.0,0.689013936382566,0.5381876826286316,0.125,0.2589926552027464,67,171.40157525530506,0.020643127676166138,0.0010883196633498793
pair_059,SetA,16,456.5,411.5,158.54129527668576,0.8170301914215088,0.0,0.6959213508116514,0.5787895321846008,0.09358541225631423,0.2822132222354412,93,98.61287948336161,0.01955480801281626,0.004607557407038505
pair_059,SetA,17,626.5,438.5,19.189324318167916,0.8087266683578491,0.0,0.7726876393059705,0.5712579488754272,0.14270509831248424,0.26405496522784233,67,140.65738515982727,0.014947250605777753,0.00016530465247827954
pair_059,SetA,18,444.5,396.5,172.2124337924469,0.8115387558937073,0.0,0.7877212670928397,0.5613241195678711,0.05,0.271491264924407,93,117.4414747863803,0.014781945953299474,0.0005597759241201903
pair_059,SetA,19,618.5,608.5,185.0872924802312,0.8021863698959351,0.0,0.7726882109427818,0.529264509677887,0.05,0.26386249577626586,67,160.66891423047582,0.014222170029179283,0.000448946556266986
pair_059,SetA,20,446.5,642.5,276.10756680549116,0.7991827726364136,0.0,0.7605614174428634,0.5323097109794617,0.05,0.26330165565013885,93,152.21202317819706,0.013773223472912297,0.0010397437221291925
pair_060,SetA,1,549.5,461.5,57.469159056032375,0.7192074656486511,0.0,0.30500964864803926,0.5294421315193176,0.125,0.49441704899072647,194,62.70964838045259,0.2611197386145248,0.054488044396016067
pair_060,SetA,2,567.5,492.5,26.528684431475888,0.7223098874092102,0.0,0.3786334280336275,0.5273579955101013,0.05,0.5045571625232697,194,67.91538853603062,0.20663169421850874,0.09859659830223721
pair_060,SetA,3,590.5,480.5,48.24914983344993,0.7109991908073425,0.0,0.4955669731843153,0.5185703635215759,0.1340990257669732,0.4939364492893219,194,92.57699498255492,0.10803509591627153,0.03842984867003424
pair_060,SetA,4,552.5,543.5,26.631867998416745,0.7169567942619324,0.0,0.4014330867944804,0.5139928460121155,0.125,0.4708426594734192,194,68.17990906418107,0.06960524724623729,0.0070338241334762935
pair_060,SetA,5,578.5,544.5,32.26897790865436,0.7129982113838196,0.0,0.4512050513988972,0.5200986266136169,0.16249999999999998,0.47278842329978943,194,90.23580220732788,0.062571423112761,0.008219538723339116
pair_060,SetA,6,601.5,532.5,43.857682306012165,0.7216500043869019,0.0,0.3942622226224687,0.5309766530990601,0.05,0.4671972393989563,194,106.57626377388166,0.05435188438942188,0.008050579414702316
pair_060,SetA,7,566.5,436.5,81.72995641029812,0.7148820757865906,0.0,0.4781862790237188,0.5385290384292603,0.16249999999999998,0.4748155400156975,194,91.94835506957153,0.04630130497471956,0.007296615657188754
pair_060,SetA,8,579.5,514.5,19.694375848844942,0.7208052277565002,0.0,0.3790554845891587,0.5399408936500549,0.0875,0.5015699118375778,194,80.81150908131836,0.03900468931753081,0.0011737954186002916
pair_060,SetA,9,382.5,519.5,177.6220604213056,0.712226927280426,0.0,0.364137015469191,0.5155110359191895,0.0875,0.47574180364608765,194,119.10709466694249,0.03783089389893052,0.003308228061869478
pair_060,SetA,10,369.5,441.5,205.3862548542711,0.7166869640350342,0.0,0.2920821725035089,0.5151509046554565,0.16249999999999998,0.49082405120134354,194,143.01223723863632,0.03452266583706104,0.00011645066009449007
pair_060,SetA,11,594.5,463.5,64.42346734424734,0.716330885887146,0.0,0.38846459143985546,0.5090544819831848,0.14270509831248424,0.4837213531136513,194,101.30399794677405,0.03440621517696655,0.00019638897294281532
pair_060,SetA,12,527.5,443.5,81.30852590859105,0.7112053632736206,0.0,0.2957371283216939,0.5159683227539062,0.19366069605669878,0.4862479045987129,194,62.83709095749102,0.034209826204023734,0.0012237195934995115
pair_060,SetA,13,543.5,448.5,71.4393197954975,0.715205729007721,0.0,0.36164959091964505,0.52959805727005,0.05,0.4900667890906334,194,67.41290677607664,0.03298610661052422,0.0001246905946936938
pair_060,SetA,14,561.5,483.5,34.5079930598446,0.7131702303886414,0.0,0.306813951025546,0.507682204246521,0.125,0.49728700518608093,194,63.67495583037337,0.03286141601583053,0.0012559264875293616
pair_060,SetA,15,499.5,657.5,152.1184328802389,0.7120087146759033,0.0,0.30263049681140936,0.5128085017204285,0.125,0.476108580827713,194,157.50079364879403,0.03160548952830117,0.004693017025957952
pair_060,SetA,16,566.5,522.5,7.822377698531767,0.7137309908866882,0.0,0.44057796918196196,0.525283694267273,0.16249999999999998,0.498360738158226,194,70.20327627682343,0.026912472502343215,0.0017264414088858822
pair_060,SetA,17,591.5,536.5,36.44126483104425,0.7159457206726074,0.0,0.37120117257022034,0.5197533369064331,0.05,0.4745507910847664,194,98.51142065770851,0.025186031093457333,0.0004647861795289178
pair_060,SetA,18,504.5,455.5,83.64727744189976,0.7144980430603027,0.0,0.3708973872837329,0.5256935954093933,0.12961646096066226,0.4885658770799637,194,44.72694937059759,0.024721244913928415,0.0003899323062427941
pair_060,SetA,19,582.5,441.5,79.68868051514323,0.7104412317276001,0.0,0.3755928735089097,0.49876439571380615,0.12961646096066226,0.4771962985396385,194,101.13604698622544,0.02433131260768562,0.000501235982851303
pair_060,SetA,20,572.5,531.5,18.3346422246259,0.7166258692741394,0.0,0.3517142317322989,0.5146668553352356,0.0875,0.4873918816447258,194,79.04745410195068,0.02383007662483432,0.00017409514864359654
pair_061,SetA,1,426.0,594.0,229.61084915966532,0.8574707508087158,0.0,0.7719914511304735,0.743037223815918,0.05,0.7270053327083588,191,119.63277142990545,0.03466018566259621,0.0016152119542168428
pair_061,SetA,2,455.0,593.0,208.54520229944904,0.8553818464279175,0.0,0.7691255621513502,0.7354618310928345,0.09358541225631423,0.7272238284349442,191,103.31505214633539,0.03304497370837937,0.0027417517965122803
pair_061,SetA,3,589.0,623.0,185.30158428496364,0.8583924174308777,0.0,0.7795810321323938,0.7417405247688293,0.05,0.715557411313057,191,151.82226450688975,0.030303221911867087,0.0027048055604625976
pair_061,SetA,4,580.0,450.0,18.790648631604117,0.8484365940093994,0.0,0.7599986007460983,0.7342720627784729,0.05,0.6998555809259415,191,94.33981132056604,0.02759841635140449,0.007858539809234146
pair_061,SetA,5,594.0,438.0,0.3515706681079973,0.8517186045646667,0.0,0.7631151808391918,0.7311306595802307,0.05,0.7185496985912323,191,112.60550608207397,0.019739876542170343,0.001900777981183245
pair_061,SetA,6,563.0,624.0,188.8335386177018,0.8562623858451843,0.0,0.7754459035505394,0.7375280857086182,0.0875,0.7067696005105972,191,139.08630414242805,0.017839098560987098,0.0014014012475084166
pair_061,SetA,7,417.0,571.0,221.7511057551697,0.8463245630264282,0.0,0.7594908634351114,0.7319504022598267,0.05,0.6942115873098373,191,109.22453936730518,0.01643769731347868,0.000981495117434528
pair_061,SetA,8,440.0,582.0,211.1875402995187,0.8550267815589905,0.0,0.7703086010795026,0.7354680895805359,0.09358541225631423,0.7187265306711197,191,101.6070863670443,0.015456202196044154,0.0016285850623330034
pair_061,SetA,9,603.0,611.0,173.44656890367062,0.853692352771759,0.0,0.7751043195272309,0.730796217918396,0.05,0.7274347692728043,191,151.42654985173505,0.01382761713371115,0.0026947704886073256
pair_061,SetA,10,578.0,635.0,197.8965121755317,0.8563669323921204,0.0,0.777391845959911,0.7418335676193237,0.05,0.6877424567937851,191,155.9134375222354,0.011132846645103825,0.0007957439212224037
pair_061,SetA,11,442.0,628.0,243.66361110062965,0.8497863411903381,0.0,0.7620950244129248,0.7323824167251587,0.09358541225631423,0.7131547927856445,191,140.52757736472938,0.010337102723881421,0.0007478555852093362
pair_061,SetA,12,579.0,577.0,140.06141114495583,0.8486583828926086,0.0,0.7664355961146894,0.7276588082313538,0.05,0.7137418389320374,191,110.3177229641729,0.009589247138672085,0.00045900681638554215
pair_061,SetA,13,574.0,427.0,22.954015911719114,0.8478196859359741,0.0,0.7467099311010547,0.7438881993293762,0.0875,0.7256369739770889,191,103.9471019317037,0.009130240322286542,0.00020084161094427282
pair_061,SetA,14,567.0,404.0,43.40763424484359,0.8554050326347351,0.0,0.772519444972106,0.7490723729133606,0.05,0.7206760942935944,191,117.06835610018618,0.00892939871134227,0.0004482486803039504
pair_061,SetA,15,425.0,571.0,215.40950061082157,0.8491271138191223,0.0,0.7661003515496003,0.731883704662323,0.05,0.6895842552185059,191,103.27632836231156,0.00848115003103832,0.0004855976317305385
pair_061,SetA,16,595.0,380.0,57.77796260349316,0.850396454334259,0.0,0.7587676527211273,0.7348301410675049,0.12961646096066226,0.7010399550199509,191,153.05227865013967,0.00799555239930778,0.00016379149885460513
pair_061,SetA,17,568.0,427.0,28.392108219594153,0.8546366095542908,0.0,0.7714192230367007,0.7429683804512024,0.09358541225631423,0.7231138497591019,191,99.76472322419383,0.007831760900453176,0.0002587290213201211
pair_061,SetA,18,596.0,403.0,34.81640505608932,0.8542110919952393,0.0,0.762261431755841,0.7457118034362793,0.05885254915624212,0.7256030440330505,191,136.4734406395618,0.007573031879133055,0.0006302119761256659
pair_061,SetA,19,564.0,566.0,131.750805187517,0.8583700060844421,0.0,0.7727013867185479,0.7417234778404236,0.1340990257669732,0.6957833766937256,191,91.93475947648963,0.006942819903007389,0.00022528190110945867
pair_061,SetA,20,566.0,381.0,63.42187014205029,0.8466945290565491,0.0,0.761840883240875,0.7337161302566528,0.05,0.6936996728181839,191,136.07718398026907,0.00671753800189793,0.0005088288700135536
pair_062,SetA,1,379.0,584.0,61.14047191426282,0.765815794467926,0.0,0.7850184761439019,0.6552605628967285,0.05,0.6076376214623451,190,147.29901561110313,0.9406649720662572,0.012719812651112883
pair_062,SetA,2,405.0,585.0,87.15966023877033,0.7392529845237732,0.0,0.7665162341530993,0.6424424648284912,0.05,0.5768033936619759,190,127.47548783981962,0.9279451594151443,0.0837091540888687
pair_062,SetA,3,344.0,583.0,26.128753131676486,0.7726521492004395,0.0,0.8144761361208245,0.6627886295318604,0.05,0.6127755865454674,190,176.70597047072292,0.8442360053262756,0.0542054765181601
pair_062,SetA,4,597.0,593.0,279.3256256305256,0.7254025340080261,0.0,0.7623926685932392,0.6030641794204712,0.05,0.5664064511656761,190,134.3800580443393,0.7900305288081155,0.03895207663553357
pair_062,SetA,5,549.0,591.0,231.28403629227824,0.7487659454345703,0.0,0.770012569176032,0.6252909898757935,0.05,0.5895712897181511,190,103.3537614216338,0.751078452172582,0.42776163350296215
pair_062,SetA,6,370.0,584.0,52.14749090085941,0.7772709131240845,0.0,0.8037721160570711,0.6793118119239807,0.125,0.6159749180078506,190,154.77725931156684,0.3233168186696198,0.011538033657090163
pair_062,SetA,7,396.0,585.0,78.16655214536674,0.7687957882881165,0.0,0.7765344717171687,0.6684060096740723,0.125,0.5969096720218658,190,134.31678971744373,0.31177878501252965,0.05774042519253597
pair_062,SetA,8,614.0,594.0,296.35225273697534,0.718830406665802,0.0,0.7789237474782842,0.6491289734840393,0.05,0.5713217034935951,190,147.75655653811103,0.2540383598199937,0.03380780850496995
pair_062,SetA,9,514.0,590.0,196.27241242203453,0.6556028723716736,0.0,0.7372270810455578,0.5444743037223816,0.125,0.5289620831608772,190,91.0823802938856,0.22023055131502373,0.022468090691343895
pair_062,SetA,10,479.0,588.0,161.22020695376145,0.626297116279602,0.0,0.5685294827716174,0.501998245716095,0.1662132317597294,0.499766007065773,190,90.47098982546837,0.19776246062367983,0.02271912081006694
pair_062,SetA,11,357.0,583.0,39.1191344830278,0.7567524909973145,0.0,0.751825802410611,0.6386480927467346,0.1662132317597294,0.6010478958487511,190,165.3420696616563,0.1750433398136129,0.046732350637532005
pair_062,SetA,12,492.0,589.0,174.2498472159091,0.6553326845169067,0.0,0.640256055529991,0.5431917309761047,0.16249999999999998,0.5189559012651443,190,89.35882720806042,0.1283109891760809,0.004581001880282334
pair_062,SetA,13,574.0,301.0,380.0251740578281,0.7373759746551514,0.0,0.749420809529443,0.6016321778297424,0.05,0.5873214527964592,190,212.31344752511558,0.12372998729579855,0.022333763100683024
pair_062,SetA,14,588.0,593.0,270.33314379713227,0.7785295248031616,0.0,0.8157914999201793,0.6730271577835083,0.1662132317597294,0.6100600808858871,190,128.03515142334936,0.10139622419511553,0.004140721985701493
pair_062,SetA,15,322.0,582.0,4.106229050911329,0.7701514959335327,0.0,0.791496653780821,0.6639466881752014,0.16249999999999998,0.6102920025587082,190,195.97959077414157,0.09725550220941404,0.005122973889215773
pair_062,SetA,16,540.0,591.0,222.29149544011875,0.7710822820663452,0.0,0.8121956427981925,0.6684107780456543,0.125,0.5963212698698044,190,99.40321926376429,0.09213252832019826,0.0013119831457807651
pair_062,SetA,17,501.0,589.0,183.2424780268244,0.6444271802902222,0.0,0.6562598249935494,0.5308473706245422,0.05,0.513631634414196,190,89.00561780022652,0.0908205451744175,0.008468655497438221
pair_062,SetA,18,575.0,592.0,257.3032345515443,0.7566289305686951,0.0,0.7670929880564474,0.6369449496269226,0.12961646096066226,0.6017913818359375,190,118.69709347747316,0.08235188967697928,0.005942245263465887
pair_062,SetA,19,566.0,592.0,248.31060793297465,0.7762962579727173,0.0,0.7982330917951603,0.6730647087097168,0.16249999999999998,0.6163218915462494,190,113.22543883774529,0.07640964441351339,0.01747916598325084
pair_062,SetA,20,331.0,582.0,13.10181726563507,0.7654683589935303,0.0,0.7790317722469058,0.6494524478912354,0.125,0.6075989603996277,190,187.8430195668713,0.05893047843026255,0.0005136584266464683
pair_063,SetA,1,612.5,489.5,0.6042933949573488,0.8566946983337402,0.0,0.6930291323421642,0.6490280628204346,0.05,0.33243593014776707,194,112.98893751159889,0.847948541733874,0.3755792113703751
pair_063,SetA,2,611.5,455.5,33.54593333806793,0.8133571743965149,0.0,0.6435381420636229,0.6068337559700012,0.05,0.36039418261498213,194,120.05207203542969,0.47236933036349893,0.18066822480128375
pair_063,SetA,3,474.5,495.5,138.51643749444221,0.8808350563049316,0.0,0.7383868548619644,0.7157308459281921,0.05,0.3444662152323872,194,25.894014752448104,0.2917011055622152,0.10383568022341683
pair_063,SetA,4,471.5,440.5,149.45898955490998,0.8033655881881714,0.0,0.6204163218041696,0.6105848550796509,0.0875,0.3857350144535303,194,65.97347952018296,0.18786542533879835,0.027364509429917055
pair_063,SetA,5,335.5,502.5,277.6921583497906,0.8842214941978455,0.0,0.7293519088998555,0.7204540967941284,0.05,0.34240648918785155,194,164.5189958636996,0.1605009159088813,0.018472427743890157
pair_063,SetA,6,469.5,395.5,171.1697491075286,0.8078600168228149,0.0,0.6462316114573248,0.6029993891716003,0.05885254915624212,0.37554100062698126,194,108.8600018372221,0.14202848816499114,0.023281944832103815
pair_063,SetA,7,478.5,595.5,171.44169065842587,0.8018543720245361,0.0,0.6487052591303238,0.6264033317565918,0.05,0.38097857614047825,194,97.89024466207039,0.11874654333288732,0.047092885502754395
pair_063,SetA,8,332.5,435.5,285.42697283572187,0.8106043934822083,0.0,0.6429628194401624,0.601664125919342,0.05,0.38276178017258644,194,179.48955401359711,0.07165365783013293,0.008602760590083497
pair_063,SetA,9,479.5,606.5,177.73048224228364,0.815183699131012,0.0,0.6830137461595192,0.6191544532775879,0.05,0.39229687536135316,194,108.45505981741931,0.06305089724004943,0.004559814875405278
pair_063,SetA,10,609.5,422.5,66.60320700766539,0.8152472972869873,0.0,0.6643374337766469,0.6343553066253662,0.05,0.3828019186621532,194,134.15103428598678,0.058491082364644155,0.009182321920983942
pair_063,SetA,11,616.5,555.5,66.58115416647215,0.8063451051712036,0.0,0.6236497983046373,0.6294926404953003,0.05,0.366642102249898,194,129.04456594525783,0.04930876044366021,0.013468383555608698
pair_063,SetA,12,610.5,444.5,44.580922167074846,0.8144956827163696,0.0,0.6909369107423607,0.6308415532112122,0.05,0.3822762419003993,194,123.65476133170125,0.035840376888051514,0.0009826971813624713
pair_063,SetA,13,609.5,411.5,77.59115135374897,0.8021170496940613,0.0,0.6057041570527191,0.6242647767066956,0.09358541225631423,0.3812249004840851,194,140.79240036308778,0.03485767970668904,0.002194017813873135
pair_063,SetA,14,472.5,462.5,142.8476846026408,0.8114336729049683,0.0,0.6573745515731534,0.6351146697998047,0.05885254915624212,0.3645003136480227,194,46.502688094345686,0.03266366189281591,0.007410247882627386
pair_063,SetA,15,480.5,617.5,184.46678655066881,0.8020331263542175,0.0,0.6253824068141812,0.6058834195137024,0.05,0.38402644149027765,194,119.10709466694249,0.025253414010188522,0.0021258108869266906
pair_063,SetA,16,610.5,433.5,55.5685001233724,0.8150571584701538,0.0,0.6286478126647417,0.6381591558456421,0.1340990257669732,0.38488630729261786,194,128.96705005543083,0.02312760312326183,0.0003964362782903491
pair_063,SetA,17,481.5,639.5,199.75351505766017,0.772333025932312,0.0,0.6362548162410645,0.5488877296447754,0.05,0.35991651588119566,194,140.72135587749287,0.022731166844971482,0.0020391880337110486
pair_063,SetA,18,478.5,584.5,164.83522948846172,0.8020782470703125,0.0,0.6421293911735949,0.6257451176643372,0.05,0.39083069982007146,194,87.19231617522269,0.020691978811260434,0.0008771783532459353
pair_063,SetA,19,477.5,562.5,154.02331460838317,0.7958599328994751,0.0,0.6173894044071688,0.5994766354560852,0.05,0.3726186156272888,194,66.42665127793211,0.0198148004580145,0.003373504993343896
pair_063,SetA,20,482.5,662.5,217.0043821897853,0.7392489910125732,0.0,0.5556300427407137,0.580891489982605,0.05,0.3595058601349592,194,163.43959128681152,0.016441295464670602,0.0006097787639211642
pair_064,SetA,1,556.0,450.0,4.832468991783728,0.7775226831436157,0.0,0.5699446599872069,0.6447523236274719,0.05,0.6749299168586731,194,75.07329751649384,0.8619817922384908,0.09832628913242014
pair_064,SetA,2,553.0,394.0,60.912626716477135,0.7883634567260742,0.0,0.6720272584378928,0.6700149178504944,0.05,0.6893506348133087,194,118.51160280748886,0.7636555031060707,0.0022628075703232664
pair_064,SetA,3,563.0,576.0,121.36191630944995,0.7872187495231628,0.0,0.6406846573158643,0.6633641719818115,0.05,0.6630356013774872,194,98.71676655968832,0.7613926955357474,0.2205262775965492
pair_064,SetA,4,555.0,430.0,24.85719384805061,0.7432659268379211,0.0,0.44211399551261854,0.5610968470573425,0.05,0.648502767086029,194,89.02246907382428,0.5408664179391982,0.030467700452222912
pair_064,SetA,5,551.0,359.0,95.96962768582583,0.7861727476119995,0.0,0.5810867874225877,0.6635124683380127,0.05,0.687096506357193,194,149.9399879951976,0.5103987174869753,0.04556191895898126
pair_064,SetA,6,567.0,642.0,187.48242235574077,0.734708845615387,0.0,0.397606259147667,0.5589753985404968,0.05,0.6591127514839172,194,157.01273833673497,0.46483679852799403,0.1858387468407362
pair_064,SetA,7,565.0,611.0,156.41896747404644,0.7225995659828186,0.0,0.6629022411520327,0.5454962253570557,0.05,0.6312808692455292,194,128.63125592172378,0.27899805168725783,0.05832565616153909
pair_064,SetA,8,549.0,323.0,132.0251394457031,0.7438950538635254,0.0,0.7348536746512728,0.5823649168014526,0.05,0.6170405447483063,194,183.65728953678914,0.22067239552571874,0.02022371836612935
pair_064,SetA,9,568.0,667.0,212.49917187768628,0.7915695905685425,0.0,0.6394212699663465,0.672720193862915,0.05,0.6948533356189728,194,180.31361568112376,0.2004486771595894,0.03840411086638465
pair_064,SetA,10,550.0,339.0,115.99438248294199,0.748953104019165,0.0,0.45818494429240897,0.5819900035858154,0.05,0.6536166965961456,194,168.5852899869974,0.16204456629320474,0.030028464606677574
pair_064,SetA,11,569.0,682.0,227.5315451393286,0.765827476978302,0.0,0.5972136098177735,0.624937891960144,0.05,0.6733388900756836,194,194.64069461446135,0.13201610168652717,0.019350167027046186
pair_064,SetA,12,557.0,465.0,10.200918651985381,0.742703378200531,0.0,0.5545287001296997,0.6142253875732422,0.16249999999999998,0.6406987309455872,194,66.88796603276258,0.11266593465948098,0.0056570963040326605
pair_064,SetA,13,303.0,479.0,254.44822632795754,0.7259241342544556,0.0,0.5337651081374877,0.5919749140739441,0.05,0.6282110512256622,194,198.11612756158948,0.10700883835544832,0.003982811454692731
pair_064,SetA,14,552.0,384.0,70.95356787704284,0.7280145883560181,0.0,0.7378224597720233,0.5691918134689331,0.16249999999999998,0.6577865481376648,194,127.12198865656563,0.10302602690075559,0.006010375064906176
pair_064,SetA,15,567.0,652.0,197.46693916682506,0.7928350567817688,0.0,0.6498417022376684,0.6701516509056091,0.16249999999999998,0.6950806379318237,194,166.1114083980989,0.09701565183584941,0.02643959095311793
pair_064,SetA,16,565.0,617.0,162.41001634311147,0.7349801659584045,0.0,0.5122658158750626,0.5675504207611084,0.0875,0.6470301449298859,194,133.843191832831,0.07057606088273148,0.01227969571083342
pair_064,SetA,17,564.0,454.0,7.746839679254813,0.5947569608688354,0.0,0.5663625724397683,0.385148286819458,0.05,0.4746738225221634,194,78.81624198095213,0.05829636517189806,0.0016595419343778256
pair_064,SetA,18,490.0,423.0,73.53925101392046,0.5735823512077332,0.0,0.46663966231847054,0.3785359263420105,0.05,0.4757234901189804,194,77.64663547121665,0.056636823237520235,0.00440691521549906
pair_064,SetA,19,309.0,590.0,281.830722013057,0.772304892539978,0.0,0.6465759892422365,0.6389892101287842,0.05,0.6462908089160919,194,211.14213222377006,0.052229908022021175,0.003635921149253818
pair_064,SetA,20,561.0,541.0,86.30490180144507,0.6559527516365051,0.0,0.4498206800621273,0.527410626411438,0.1662132317597294,0.573908269405365,194,73.49829930005184,0.04859398687276736,0.010234294517489521
pair_065,SetA,1,373.5,603.5,0.17947771023021353,0.8831689357757568,0.0,0.8043108212587073,0.7551824450492859,0.0,0.45667336136102676,141,163.4457096408468,0.9804954610221939,0.23381976551378036
pair_065,SetA,2,381.5,464.5,139.26046928523922,0.8804469704627991,0.0,0.7759241540154035,0.7545145153999329,0.05,0.4850155860185623,141,123.70327400679417,0.7466756955084135,0.18057999748616038
pair_065,SetA,3,383.5,432.5,171.32240769434276,0.8775796294212341,0.0,0.7696570522278549,0.7442432641983032,0.05,0.4692627638578415,141,134.6421182245734,0.5660956980222531,0.27255786609071425
pair_065,SetA,4,503.5,675.5,148.43430925298253,0.8795638084411621,0.0,0.7994366844887311,0.7455000877380371,0.05,0.37515272572636604,141,175.5348968154196,0.2935378319315389,0.1279876943552994
pair_065,SetA,5,505.5,643.5,137.74844186433324,0.875913679599762,0.0,0.8017931006246519,0.7334756851196289,0.05,0.3949834667146206,141,143.6053620168829,0.1655501375762395,0.05991802539261701
pair_065,SetA,6,379.5,496.5,107.19883037096778,0.8749257922172546,0.0,0.7837782861916891,0.7429872751235962,0.05,0.45046165958046913,141,120.5508191593902,0.10563211218362248,0.04422802873069135
pair_065,SetA,7,371.5,635.5,32.03346905358415,0.8749244809150696,0.0,0.7956945520633788,0.7436102032661438,0.05,0.4838101267814636,141,186.74180035546408,0.06140408345293113,0.020449766746944223
pair_065,SetA,8,515.5,461.5,200.72333746906503,0.8726204633712769,0.0,0.7918385771004757,0.7497206926345825,0.05,0.39778976887464523,141,41.50301193889427,0.040954316705986905,0.0042473388217465075
pair_065,SetA,9,504.5,654.5,140.39976194964646,0.8439759612083435,0.0,0.6920757066339145,0.6400316953659058,0.05,0.37151841074228287,141,154.56552008776083,0.0367069778842404,0.0024939095517798257
pair_065,SetA,10,513.5,504.5,171.34783141127926,0.8774412870407104,0.0,0.7446126528874724,0.7294036746025085,0.05,0.36027223616838455,141,14.230249470757707,0.03421306833246057,0.0017081745406231502
pair_065,SetA,11,371.5,646.5,43.01457121576928,0.8734564185142517,0.0,0.7510072291828747,0.7295526266098022,0.05,0.46743690222501755,141,194.87046979981343,0.03250489379183742,0.0008361960523063511
pair_065,SetA,12,506.5,621.5,134.0338133431868,0.849594235420227,0.0,0.7730770535319151,0.6460007429122925,0.05,0.3652215488255024,141,121.67374408638867,0.03166869773953107,0.008836174322640274
pair_065,SetA,13,518.5,418.5,234.97720603900268,0.7827515602111816,0.0,0.7641716628854855,0.5673386454582214,0.05,0.3780191969126463,141,83.57332110189232,0.022832523416890797,0.00017149090676644996
pair_065,SetA,14,520.5,386.5,262.03850180944295,0.7734014987945557,0.0,0.6611872107829255,0.5657268166542053,0.05885254915624212,0.3146956115961075,141,115.33646431202926,0.022661032510124347,0.00269222006292481
pair_065,SetA,15,516.5,450.5,209.33322308046178,0.8609066009521484,0.0,0.8093777046395714,0.6874038577079773,0.05,0.3779850881546736,141,52.17758139277826,0.019968812447199537,0.0006597396501616219
pair_065,SetA,16,519.5,397.5,252.42352574592417,0.7798096537590027,0.0,0.6875263450135539,0.6130010485649109,0.05,0.3462658189237118,141,104.33839178365747,0.019309072797037915,0.0002489708469550385
pair_065,SetA,17,507.5,611.5,134.06163623010548,0.8686870336532593,0.0,0.7956173996620707,0.7097655534744263,0.05,0.36272481083869934,141,111.751957477263,0.019060101950082876,0.0032339164313027677
pair_065,SetA,18,635.5,468.5,294.5985833351369,0.6338711380958557,0.0,0.4865488449276551,0.5981271266937256,0.11020817282989959,0.20531470701098442,141,139.11326320664037,0.01582618551878011,0.002044730132935161
pair_065,SetA,19,633.5,457.5,298.05522063904954,0.6285823583602905,0.0,0.5334595103020847,0.6004170775413513,0.05,0.20126018673181534,141,140.10174873997826,0.013781455385844948,0.0009047199484478394
pair_065,SetA,20,512.5,514.5,164.92610508943483,0.7741239070892334,0.0,0.8143941853318165,0.6175974607467651,0.05,0.36727511091157794,141,19.144189719076646,0.012876735437397108,0.0007988335462259782
pair_066,SetA,1,538.0,567.0,28.20084451684959,0.7792350053787231,0.0,0.7220351092797159,0.668677568435669,0.05,0.7201444208621979,200,77.02596964660685,0.8237719570133459,0.10567719082454186
pair_066,SetA,2,510.0,567.0,0.20091251620069484,0.7761808037757874,0.0,0.6761754627291656,0.6842767000198364,0.05,0.7679303884506226,200,67.7421582177598,0.7180947661888041,0.28410729067841545
pair_066,SetA,3,485.0,567.0,24.799156525753958,0.7821348905563354,0.0,0.6908048181275965,0.6945446729660034,0.05,0.7717752456665039,200,68.65857557508748,0.43398747551038863,0.018164366045214986
pair_066,SetA,4,517.0,567.0,7.200845939558488,0.7835056781768799,0.0,0.6927609150494957,0.6931149363517761,0.05,0.7748979926109314,200,69.12307863514182,0.41582310946517365,0.062056462867112694
pair_066,SetA,5,531.0,567.0,21.200844677923463,0.7866162061691284,0.0,0.7163433084397511,0.6885665059089661,0.05,0.7541923820972443,200,73.824115301167,0.35376664659806095,0.04854036322856509
pair_066,SetA,6,499.0,567.0,10.799157244943926,0.7790566682815552,0.0,0.7117529387885952,0.6919530034065247,0.05,0.7704243659973145,200,67.00746227100382,0.30522628336949587,0.10054891925814008
pair_066,SetA,7,501.0,332.0,235.15943483608018,0.7725144624710083,0.0,0.6569650404362783,0.6658895611763,0.05,0.7625361084938049,200,168.00297616411441,0.2046773641113558,0.016502240317588207
pair_066,SetA,8,471.0,567.0,38.79915632557834,0.7644938230514526,0.0,0.6544492850317633,0.6576256155967712,0.05,0.7565962970256805,200,73.00684899377592,0.18817512379376758,0.02088874010853395
pair_066,SetA,9,478.0,567.0,31.799156403633653,0.7758010625839233,0.0,0.6740387290032016,0.6829304099082947,0.0875,0.7678477466106415,200,70.51950084905593,0.16728638368523363,0.019209429423879543
pair_066,SetA,10,524.0,567.0,14.200844997793117,0.7874884605407715,0.0,0.7066568835748486,0.6952698826789856,0.05,0.7777076363563538,200,71.16881339463234,0.1480769542613541,0.046294326450741316
pair_066,SetA,11,532.0,412.0,156.5766630147185,0.6020358800888062,0.0,0.5324003155343585,0.4105149805545807,0.125,0.5735037624835968,200,93.637599285757,0.10178262781061277,0.0029876083475760817
pair_066,SetA,12,508.0,332.0,235.00164171518193,0.7843356728553772,0.0,0.6763177551283601,0.6899072527885437,0.05,0.7736144065856934,200,168.1903683330291,0.09879501946303669,0.010446785287828386
pair_066,SetA,13,536.0,332.0,236.45088046876688,0.780208945274353,0.0,0.7235526628297527,0.6910104751586914,0.05,0.7364455759525299,200,171.81385275931623,0.0883482341752083,0.012220610557181946
pair_066,SetA,14,464.0,567.0,45.79915627138316,0.749968945980072,0.0,0.6306021170896077,0.6301824450492859,0.05,0.7415845692157745,200,76.05918747922567,0.07612762361802636,5.347447014752982e-05
pair_066,SetA,15,658.0,568.0,148.20425327704865,0.7914137840270996,0.0,0.7084071873516842,0.7014110088348389,0.05,0.7224104404449463,200,172.01162751395617,0.07607414914787883,0.0034064621205825707
pair_066,SetA,16,679.0,568.0,169.20383015353363,0.7721481323242188,0.0,0.7239262817330794,0.6575694680213928,0.05,0.7630042433738708,200,191.48106956041372,0.07266768702729626,0.011084467503434947
pair_066,SetA,17,450.0,567.0,59.79915620105685,0.7073685526847839,0.0,0.5736055948535336,0.5535833239555359,0.05,0.7014705836772919,200,83.60023923410746,0.06158321952386131,0.00468546547636732
pair_066,SetA,18,439.0,567.0,70.79915616531213,0.6891552209854126,0.0,0.5904248713159158,0.5143304467201233,0.125,0.6835452318191528,200,90.60905032059435,0.05689775404749399,0.008927187690634407
pair_066,SetA,19,672.0,568.0,162.20395902141158,0.7822927832603455,0.0,0.7223859801949444,0.6808502078056335,0.05,0.7742914855480194,200,184.95404834715026,0.04797056635685958,0.005191646129638766
pair_066,SetA,20,432.0,566.0,77.80551526936662,0.7112428545951843,0.0,0.7013353853975541,0.5428557395935059,0.05,0.6835253834724426,200,94.76286192385707,0.04277892022722082,0.005371546855269027
pair_067,SetA,1,529.0,441.0,0.18933611752193316,0.8576924204826355,0.0,0.8269244981557197,0.6389659643173218,0.05,0.6690362244844437,184,65.7419196555744,0.6754532487130364,0.5223004360036393
pair_067,SetA,2,492.0,513.0,81.07627130071144,0.8490089178085327,0.0,0.8080328163352364,0.6319907307624817,0.05,0.6828662902116776,184,15.264337522473747,0.1531528127093971,0.020150521251624393
pair_067,SetA,3,498.0,443.0,31.007803051238252,0.8493900895118713,0.0,0.80971682503449,0.6369656324386597,0.05,0.6919026523828506,184,57.0350769263968,0.1330022914577727,0.06734142992997853
pair_067,SetA,4,485.0,458.0,47.16981683248263,0.848402202129364,0.0,0.8127010200911742,0.6320492625236511,0.0875,0.655230849981308,184,44.598206241955516,0.06566086152779417,0.0009423448218939395
pair_067,SetA,5,507.0,526.0,87.95458767940413,0.8523346781730652,0.0,0.8177245713319572,0.6415165066719055,0.05,0.6895008832216263,184,26.92582403567252,0.06471851670590023,0.0008479172506979937
pair_067,SetA,6,359.0,453.0,170.3670197487224,0.8453596234321594,0.0,0.8087245281871331,0.6149790287017822,0.05,0.6588873267173767,184,148.62705002791384,0.06387059945520224,0.0024633794438363235
pair_067,SetA,7,523.0,455.0,15.367243220797612,0.8519083857536316,0.0,0.8092116793121953,0.6456316113471985,0.12961646096066226,0.6967446357011795,184,50.53711507397311,0.061407220011365914,0.0017621848325807335
pair_067,SetA,8,535.0,524.0,83.39753863116002,0.8533459901809692,0.0,0.8152777023746484,0.6470815539360046,0.0875,0.6692410260438919,184,42.43819034784589,0.05964503517878518,0.007573963440144368
pair_067,SetA,9,493.0,527.0,93.36722934688095,0.8484402894973755,0.0,0.812295236020653,0.6296955943107605,0.0875,0.6567511558532715,184,27.892651361962706,0.05207107173864081,0.0024403836996582315
pair_067,SetA,10,363.0,508.0,179.01362943602646,0.8514434099197388,0.0,0.8105344907914401,0.6456589102745056,0.05,0.6853266507387161,184,137.23337786413333,0.04963068803898258,0.01448203290141025
pair_067,SetA,11,509.0,456.0,25.05159049374371,0.852055013179779,0.0,0.8056636973317812,0.6456919312477112,0.0875,0.6994985491037369,184,44.91102314577124,0.03514865513757233,0.002687110204523828
pair_067,SetA,12,493.0,471.0,46.92204081231584,0.8477429151535034,0.0,0.8022478047003941,0.6291566491127014,0.09358541225631423,0.6981229186058044,184,29.832867780352597,0.0324615449330485,0.004770521378648061
pair_067,SetA,13,534.0,510.0,69.36188940512885,0.852397620677948,0.0,0.8115085835457166,0.6454762816429138,0.125,0.6920495629310608,184,35.4400902933387,0.02769102355440044,0.002026896942718997
pair_067,SetA,14,515.0,442.0,13.98091092255717,0.8439295887947083,0.0,0.8111075686966635,0.6157182455062866,0.125,0.6884792149066925,184,59.90826320300064,0.025664126611681444,0.0052337627387837315
pair_067,SetA,15,661.0,487.0,139.90853601636996,0.8497255444526672,0.0,0.8085491552797428,0.640408456325531,0.0875,0.6820290684700012,184,161.5239920259526,0.020430363872897712,0.0008764155210863149
pair_067,SetA,16,495.0,499.0,67.34859619743857,0.8476793766021729,0.0,0.8122750567683308,0.6190675497055054,0.0875,0.7008184939622879,184,5.0990195135927845,0.019553948351811398,2.226067830151529e-05
pair_067,SetA,17,686.0,444.0,157.10078945764343,0.8444496393203735,0.0,0.8117700203576592,0.6052179336547852,0.05,0.6898569166660309,184,194.24726510301247,0.019531687673509882,0.0007177617133466048
pair_067,SetA,18,533.0,496.0,55.32625013465872,0.8482223749160767,0.0,0.8010006473915379,0.6326613426208496,0.125,0.694090723991394,184,33.24154027718932,0.018813925960163277,0.0009463569386976671
pair_067,SetA,19,326.0,525.0,219.69705671116378,0.84527587890625,0.0,0.8171171497344656,0.6133785247802734,0.05,0.695721834897995,184,175.78680269007683,0.01786756902146561,0.0016745013290821384
pair_067,SetA,20,511.0,484.0,46.75187356715485,0.8511295318603516,0.0,0.817913614486256,0.6337922215461731,0.05,0.7169485837221146,184,19.4164878389476,0.016193067692383472,0.00042261829541123674
pair_068,SetA,1,346.0,509.0,49.85803840011757,0.7531512379646301,0.0,0.6380124103987591,0.610735297203064,0.05,0.0985241272719577,189,154.26276284314372,0.037255540553404305,0.003663734238893844
pair_068,SetA,2,530.0,561.0,151.70879213067386,0.7451289892196655,0.0,0.6400011627604649,0.5779534578323364,0.16249999999999998,0.08318921830505133,189,67.97793759742936,0.03359180631451046,0.00683496042977335
pair_068,SetA,3,517.0,562.0,138.88392620426774,0.7386586666107178,0.0,0.5986610762332908,0.5673493146896362,0.05,0.09570068307220936,189,64.28841264178172,0.02675684588473711,0.0045069259038088075
pair_068,SetA,4,500.0,559.0,121.65904405757942,0.7438000440597534,0.0,0.5976734446713862,0.5625913739204407,0.0875,0.0960683599114418,189,59.0,0.022249919980928304,0.003918619100613457
pair_068,SetA,5,331.0,488.0,75.57481716308375,0.7462271451950073,0.0,0.6290277942583608,0.6063179969787598,0.05,0.09196472796611488,189,169.42549985170473,0.018331300880314847,0.0012073208012105471
pair_068,SetA,6,363.0,512.0,37.91630190321882,0.7501219511032104,0.0,0.6317525434629927,0.5956212878227234,0.05,0.0965973362326622,189,137.5245432641025,0.0171239800791043,0.002339544966121968
pair_068,SetA,7,501.0,572.0,124.66413897738808,0.7482967972755432,0.0,0.6479511776695084,0.5689620971679688,0.0875,0.08958960603922606,189,72.00694410957877,0.014784435112982332,0.006680273148169684
pair_068,SetA,8,353.0,513.0,42.30658603645406,0.7468787431716919,0.0,0.6141630176518703,0.5848270058631897,0.125,0.09405973553657532,189,147.57371039585607,0.008104161964812649,0.0008629548715365122
pair_068,SetA,9,525.0,539.0,146.18852668328694,0.7438487410545349,0.0,0.6514313149177551,0.5653658509254456,0.05,0.08722033072263002,189,46.32493928760188,0.007241207093276136,0.0010113505945037477
pair_068,SetA,10,526.0,468.0,166.59082910499856,0.7468381524085999,0.0,0.6202880799754432,0.5758419036865234,0.125,0.07133097387850285,189,41.23105625617661,0.006229856498772389,0.000918531242656959
pair_068,SetA,11,523.0,557.0,144.3936784654914,0.7413874268531799,0.0,0.6587733852483935,0.5737348198890686,0.16249999999999998,0.09353375528007746,189,61.465437442517235,0.00531132525611543,0.000970173109750192
pair_068,SetA,12,370.0,476.0,70.94900830853217,0.7447682619094849,0.0,0.6345973829499143,0.5986697673797607,0.125,0.08878763695247471,189,132.19682295728592,0.004341152146365238,0.0002139635924883589
pair_068,SetA,13,526.0,508.0,151.92896939324967,0.7339162230491638,0.0,0.5871841582078956,0.5606856346130371,0.05,0.08996285125613213,189,27.202941017470888,0.004127188553876879,0.000485862744951617
pair_068,SetA,14,370.0,516.0,31.68073829582143,0.7439938187599182,0.0,0.6106820832194498,0.5859004855155945,0.0875,0.0971238249912858,189,130.98091464026353,0.003641325808925262,7.177487495263696e-05
pair_068,SetA,15,346.0,549.0,33.10183366690972,0.7451878786087036,0.0,0.6079718485405431,0.5781949162483215,0.05,0.10046043433248997,189,161.60754932861275,0.003569550933972625,0.0005044204615960494
pair_068,SetA,16,361.0,530.0,24.33300221883147,0.7477721571922302,0.0,0.6422996644969838,0.5884517431259155,0.09358541225631423,0.09867391269654036,189,142.20056258679148,0.0030651304723765755,1.5737278770003651e-06
pair_068,SetA,17,344.0,567.0,40.62241301396779,0.7456498742103577,0.0,0.6186321962104955,0.5779494047164917,0.0875,0.1027316888794303,189,169.77926846349644,0.003063556744499575,9.933181526954049e-05
pair_068,SetA,18,368.0,574.0,29.732568421481993,0.7324174642562866,0.0,0.5827694520912323,0.5425207018852234,0.0875,0.09598840028047562,189,151.32745950421557,0.0029642249292300346,9.189629392649876e-05
pair_068,SetA,19,342.0,585.0,53.48485286548895,0.7325069308280945,0.0,0.612077578152212,0.5349595546722412,0.0875,0.08742512669414282,189,179.41293152947478,0.002872328635303536,5.239550682767423e-05
pair_068,SetA,20,339.0,545.0,40.02134634366349,0.7363593578338623,0.0,0.625266013297078,0.5642120242118835,0.0875,0.09765034820884466,189,167.17057157286985,0.0028199331284758616,0.00015960955704459514
pair_069,SetA,1,473.0,555.0,0.6121705750699105,0.8733513951301575,0.0,0.859939542345145,0.5892730951309204,0.05,0.6642885804176331,200,61.26989472816156,0.6246967873856644,0.21616061459859343
pair_069,SetA,2,653.0,553.0,180.43532996171194,0.8697476983070374,0.0,0.8440703656468389,0.6032294631004333,0.0875,0.6668763905763626,200,161.91973320136123,0.40853617278707094,0.2965873171458978
pair_069,SetA,3,473.0,569.0,14.443495550037103,0.5469064116477966,0.0,0.6579199853176776,0.521739661693573,0.125,0.5041572228074074,200,74.09453421137081,0.11194885564117311,0.017422982821535496
pair_069,SetA,4,556.0,554.0,83.43046006433852,0.7143694162368774,0.0,0.6186900930385981,0.5243837237358093,0.09358541225631423,0.49193380028009415,200,77.79460135510689,0.09452587281963762,0.02941814479593799
pair_069,SetA,5,534.0,554.0,61.431140040367865,0.7100837826728821,0.0,0.6043353821973345,0.5265325903892517,0.0875,0.4898090437054634,200,63.812224534175265,0.06510772802369963,0.010993697093023107
pair_069,SetA,6,292.0,556.0,180.5771575042243,0.8753907084465027,0.0,0.8607939914001643,0.6137496829032898,0.05,0.5933863595128059,200,215.40659228538016,0.05411403093067652,0.00043405131605723374
pair_069,SetA,7,426.0,555.0,46.573490151272296,0.5573719143867493,0.0,0.5411811478627332,0.42222824692726135,0.09358541225631423,0.36088599264621735,200,92.20086767487604,0.05367997961461929,0.003344352256743101
pair_069,SetA,8,653.0,481.0,194.84855837168533,0.7056646347045898,0.0,0.8002406175788956,0.6011818051338196,0.05,0.6359946578741074,200,154.17522498767434,0.05033562735787619,0.00778665873499506
pair_069,SetA,9,653.0,466.0,200.99215560918444,0.700362503528595,0.0,0.7964023263550108,0.5775569081306458,0.05,0.6293140053749084,200,156.7322557739791,0.04254896862288113,0.0015691904409367574
pair_069,SetA,10,472.0,482.0,72.5651139254705,0.7037221193313599,0.0,0.8001297271606458,0.5972321033477783,0.05,0.6347346007823944,200,33.28663395418648,0.04097977818194437,1.2994820145252606e-05
pair_069,SetA,11,653.0,452.0,207.54181941366818,0.7057073712348938,0.0,0.7945958917895828,0.5821762681007385,0.05,0.6196617186069489,200,160.3527361787132,0.04096678336179912,0.0004460247515332069
pair_069,SetA,12,472.0,468.0,86.56475003213232,0.7081636190414429,0.0,0.8001939879242388,0.6010108590126038,0.05,0.6355717182159424,200,42.5205832509386,0.04052075861026591,0.0003555894027415449
pair_069,SetA,13,472.0,439.0,115.56427672138625,0.6975609660148621,0.0,0.788836749680645,0.5747324228286743,0.05,0.6039638966321945,200,67.11929677819934,0.040165169207524366,0.0003225116956263249
pair_069,SetA,14,653.0,495.0,190.00579072863815,0.7014262080192566,0.0,0.7983854725982991,0.5894206762313843,0.05,0.630295991897583,200,153.08167754502824,0.03984265751189804,0.00582689088021611
pair_069,SetA,15,653.0,510.0,185.85024776284936,0.6982930302619934,0.0,0.7913496791440069,0.5734740495681763,0.05,0.6080657243728638,200,153.32644912082193,0.03401576663168193,1.1072777742218709e-05
pair_069,SetA,16,472.0,511.0,43.56661167689002,0.7050841450691223,0.0,0.7969224699903628,0.601500391960144,0.05,0.6059133112430573,200,30.083217912982647,0.03400469385393971,0.0017866111265915155
pair_069,SetA,17,451.0,555.0,21.57586737364422,0.5590159296989441,0.0,0.39318082011335087,0.4262769818305969,0.14270509831248424,0.36618244647979736,200,73.66138744281159,0.0322180827273482,0.0012268840683721943
pair_069,SetA,18,472.0,497.0,57.565700222562825,0.699801504611969,0.0,0.7956089247426716,0.5823778510093689,0.05,0.6340311765670776,200,28.160255680657446,0.030991198658976003,0.0019818290146132594
pair_069,SetA,19,472.0,453.0,101.56447147023458,0.6982892155647278,0.0,0.7923135236428691,0.5788300633430481,0.05,0.6202220022678375,200,54.70831746635972,0.029009369644362744,0.001686669357772258
pair_069,SetA,20,581.0,554.0,108.43002229365081,0.7061757445335388,0.0,0.6058382229022987,0.501461386680603,0.09358541225631423,0.49076224118471146,200,97.3498844375277,0.027322700286590486,0.0013099899180250354
pair_070,SetB,1,542.5,353.5,133.45133560164737,0.3993212580680847,0.0,0.16045222967647474,0.28447598218917847,0.0875,0.23333939537405968,196,152.54015864682978,0.20746763889655434,0.017474740726929866
pair_070,SetB,2,551.5,367.5,120.4585248659678,0.3526313304901123,0.0,0.010773640399618166,0.21026906371116638,0.125,0.22691286727786064,196,142.15660378610625,0.18999289816962447,0.06777467016045972
pair_070,SetB,3,530.5,593.5,106.87703608671407,0.3590211868286133,0.0,0.1315278396177606,0.25727757811546326,0.0875,0.2239704169332981,196,98.34886882928548,0.12221822800916475,0.06643764830320706
pair_070,SetB,4,538.5,366.5,120.26451829948378,0.3389034569263458,0.0,0.3606064819631257,0.2483748197555542,0.16249999999999998,0.20844053849577904,196,138.94063480494106,0.0557805797059577,0.009771478498099853
pair_070,SetB,5,540.5,335.5,151.31998196735432,0.341989666223526,0.0,0.15634365823066507,0.24548938870429993,0.11020817282989959,0.21525133773684502,196,169.4122191578872,0.046009101207857846,0.007641327731934072
pair_070,SetB,6,529.5,557.5,70.96246296641566,0.38935986161231995,0.0,0.0746872782697896,0.2921222746372223,0.125,0.2265089489519596,196,64.62584622269948,0.03836777347592377,0.0010082950448296185
pair_070,SetB,7,656.5,503.5,123.65169683889849,0.3382534682750702,0.0,0.12849447616026957,0.18773230910301208,0.125,0.19699499011039734,196,156.5391324876946,0.037359478431094155,0.005833888032546482
pair_070,SetB,8,534.5,473.5,13.189781203717889,0.3644196391105652,0.0,0.08166910555455835,0.26044467091560364,0.16249999999999998,0.20841720327734947,196,43.502873468312416,0.03152559039854767,0.0011977813502766811
pair_070,SetB,9,547.5,331.5,155.7665309055794,0.3733758330345154,0.0,0.010972976192441267,0.24397093057632446,0.05,0.2284804806113243,196,175.06712998161592,0.030327809048270992,0.0056390349021413246
pair_070,SetB,10,654.5,485.5,120.50817441101567,0.3372192680835724,0.0,0.1412738201820551,0.19474545121192932,0.05885254915624212,0.18826468288898468,196,155.17892898199807,0.024688774146129668,0.0008300228764438339
pair_070,SetB,11,533.5,544.5,57.82193149935896,0.387629896402359,0.0,0.26861384910373165,0.28462281823158264,0.05,0.237233467400074,196,55.70008976653449,0.023858751269685834,0.0002176615264387928
pair_070,SetB,12,531.5,526.5,39.89804169446763,0.38907238841056824,0.0,0.23069117375930703,0.2942543923854828,0.0875,0.23418931663036346,196,41.16430492550555,0.02364108974324704,0.0002257480908713569
pair_070,SetB,13,315.5,561.5,230.95281856958576,0.33948540687561035,0.0,0.042966846979414025,0.18779802322387695,0.14270509831248424,0.2242678441107273,196,194.48007610035532,0.023415341652375684,0.000638312768459711
pair_070,SetB,14,320.5,477.5,213.69488431681754,0.3471776843070984,0.0,0.09751445938169441,0.21549732983112335,0.14270509831248424,0.2266252599656582,196,180.904671028694,0.022777028883915973,0.0002494486112177459
pair_070,SetB,15,663.5,499.5,130.13538081128146,0.3406181037425995,0.0,-0.029935330732138322,0.17194777727127075,0.09358541225631423,0.19173744320869446,196,163.50076452420643,0.022527580272698227,0.0002868515733004187
pair_070,SetB,16,544.5,371.5,115.65803476251271,0.37146201729774475,0.0,0.1398274143165818,0.25476178526878357,0.12961646096066226,0.22516589611768723,196,135.98713174414704,0.02224072869939781,0.0013515297493439452
pair_070,SetB,17,358.5,564.5,191.97741825175882,0.33415675163269043,0.0,0.3562304288723263,0.1749265044927597,0.05,0.19801457971334457,196,155.50723455839602,0.020889198950053863,0.00192308707694697
pair_070,SetB,18,527.5,695.5,208.920855100686,0.35202842950820923,0.0,0.04335380576130468,0.22236645221710205,0.17694368026754387,0.2093770131468773,196,197.42466917789176,0.018966111873106893,0.0009964922052612055
pair_070,SetB,19,540.5,384.5,102.38689561203597,0.3572835922241211,0.0,0.353461379450307,0.26683878898620605,0.16249999999999998,0.21811005473136902,196,122.39485283295208,0.017969619667845688,0.0014602628824667112
pair_070,SetB,20,548.5,309.5,177.77273741131884,0.37014469504356384,0.0,0.09248633443688664,0.24530081450939178,0.05885254915624212,0.22933273017406464,196,196.57695694053257,0.016509356785378976,0.0005101728552441946
pair_071,SetB,1,557.0,576.0,0.1969157821608585,0.8054103851318359,0.0,0.7461839989005392,0.5680902600288391,0.05,0.43981969729065895,69,95.0,0.5924320754430569,0.0638903893569226
pair_071,SetB,2,552.0,376.0,200.14437809363235,0.7939490675926208,0.0,0.7288333620562304,0.5403867363929749,0.05,0.4430361930280924,69,134.46189051177288,0.5285416860861343,0.13596474027695477
pair_071,SetB,3,556.0,526.0,50.09301958689089,0.792560875415802,0.0,0.7231852684945681,0.5541880130767822,0.05,0.4578966312110424,69,61.741396161732524,0.3925769458091795,0.10221684972649242
pair_071,SetB,4,552.0,363.0,213.14083327442077,0.7939470410346985,0.0,0.7359766822439922,0.5361071825027466,0.05,0.46066550724208355,69,146.53668482670133,0.2903600960826871,0.038314776039811926
pair_071,SetB,5,555.0,501.0,75.10838509382542,0.7953830361366272,0.0,0.7365120008944612,0.5685012340545654,0.05,0.44312640465795994,69,55.00909015790027,0.25204532004287517,0.0007967678753963425
pair_071,SetB,6,400.0,567.0,157.0859888081202,0.7954363226890564,0.0,0.7364632561789115,0.5731338262557983,0.05,0.35486097633838654,131,120.37026210821342,0.2512485521674788,0.0709770901053815
pair_071,SetB,7,551.0,338.0,238.15745570732017,0.7936585545539856,0.0,0.7387730853521948,0.5425925850868225,0.05,0.4612649027258158,69,169.83815825661793,0.18027146206209732,0.019928054003470558
pair_071,SetB,8,396.0,379.0,254.3757555523802,0.791736900806427,0.0,0.7324274478757994,0.5265322327613831,0.05,0.3612796813249588,131,159.55249919697278,0.16034340805862676,0.06248225815121039
pair_071,SetB,9,399.0,517.0,168.520858398396,0.7969780564308167,0.0,0.7370202486784583,0.5576364994049072,0.05,0.37555282935500145,131,102.42070103255493,0.09786114990741637,0.02162618495131928
pair_071,SetB,10,556.0,551.0,25.099754498699916,0.7912948131561279,0.0,0.7310956920057006,0.5517686605453491,0.09358541225631423,0.45833874493837357,69,75.7429864739964,0.07623496495609709,0.001137891749440248
pair_071,SetB,11,552.0,351.0,225.13792443283404,0.791708767414093,0.0,0.7174756234970119,0.5399040579795837,0.05,0.462517574429512,69,157.8131806916013,0.07509707320665684,0.016905713716780867
pair_071,SetB,12,396.0,367.0,263.7822875438272,0.7946138978004456,0.0,0.7192862347413851,0.5620099902153015,0.05,0.3728697933256626,131,168.8342382338369,0.05819135948987598,0.02514816419019867
pair_071,SetB,13,400.0,580.0,156.8718112134787,0.7832207083702087,0.0,0.7186076424102728,0.5285161733627319,0.05,0.3492026552557945,131,128.06248474865697,0.03304319529967731,0.002658414634090122
pair_071,SetB,14,395.0,354.0,274.7889806977602,0.7943352460861206,0.0,0.7419607411056646,0.546457052230835,0.05,0.3779890276491642,131,179.836036433191,0.030384780665587186,0.0006626499131929392
pair_071,SetB,15,553.0,426.0,150.1349401271386,0.7218359112739563,0.0,0.6264301423055465,0.46441617608070374,0.125,0.4138689674437046,69,91.02197536858887,0.029722130752394247,0.0018440486261103138
pair_071,SetB,16,562.0,551.0,25.614876304646028,0.6165115833282471,0.0,0.5868745565606412,0.37521249055862427,0.05,0.30356962606310844,69,80.2807573457052,0.027878082126283933,0.004298943852061029
pair_071,SetB,17,400.0,555.0,158.23425068181328,0.7796564698219299,0.0,0.7062208787377002,0.5119674205780029,0.05,0.3751444108784199,131,114.12712210513327,0.023579138274222904,0.0006848112472215284
pair_071,SetB,18,557.0,563.0,13.087455912163769,0.7668287754058838,0.0,0.7088697095795676,0.4811785817146301,0.05,0.4284636890515685,69,84.95881355103778,0.022894327027001376,0.0005381358430425823
pair_071,SetB,19,554.0,438.0,138.1151116762294,0.7185772657394409,0.0,0.6316585259533238,0.4675426781177521,0.05,0.4157111467793584,69,82.21921916437786,0.022356191183958794,0.0030950299162937796
pair_071,SetB,20,551.0,313.0,263.15069189424867,0.7992496490478516,0.0,0.7406179085631244,0.5497995018959045,0.05,0.44788549095392227,69,193.82982226685345,0.019261161267665014,0.00022002025818525922
pair_072,SetB,1,653.0,514.0,260.2117025264246,0.28347310423851013,0.0,0.1732052484931129,0.14163485169410706,0.12961646096066226,0.2929576188325882,200,153.63918770938616,0.21063135242453024,0.04609663299156011
pair_072,SetB,2,421.0,377.0,250.29861052611113,0.36544081568717957,0.0,0.2551602091399686,0.1569189429283142,0.0875,0.3697678744792938,200,146.18481453283715,0.16453471943297013,0.03889092650875364
pair_072,SetB,3,649.0,537.0,247.3253201282265,0.3537423610687256,0.0,0.22569776720365717,0.13703817129135132,0.0875,0.33048297464847565,200,153.52524222420234,0.12564379292421649,0.01490243801939399
pair_072,SetB,4,650.0,435.0,300.755994825142,0.2868044376373291,0.0,0.19620291218759656,0.12496206909418106,0.14270509831248424,0.29317858815193176,200,163.47782724271815,0.1107413549048225,0.019222539134356537
pair_072,SetB,5,421.0,349.0,278.29758762383767,0.35427916049957275,0.0,0.28781470088433037,0.13714362680912018,0.09358541225631423,0.3467711806297302,200,170.41713528867922,0.09151881577046596,0.008373030052955532
pair_072,SetB,6,376.0,395.0,236.1884275666279,0.2899041473865509,0.0,0.22725309965835405,0.13843084871768951,0.16249999999999998,0.2826617956161499,200,162.48384535085327,0.08314578571751043,0.020810230054593683
pair_072,SetB,7,653.0,528.0,254.42887750553712,0.3221621513366699,0.0,0.14742292894117126,0.12361492961645126,0.17694368026754387,0.29310598969459534,200,155.54099138169335,0.06233555566291674,0.0030004383352550054
pair_072,SetB,8,343.0,557.0,103.33258760112587,0.2847384810447693,0.0,0.21107898472134518,0.11285985261201859,0.12961646096066226,0.28249408304691315,200,167.0269439342048,0.05933511732766174,0.003133657582036299
pair_072,SetB,9,421.0,363.0,264.2980719836502,0.3716205954551697,0.0,0.27205128753700686,0.15589794516563416,0.1340990257669732,0.35986143350601196,200,158.14550262337528,0.05620145974562544,0.0018573906971596568
pair_072,SetB,10,652.0,625.0,233.26719379023817,0.34381991624832153,0.0,0.2220109080016251,0.16297967731952667,0.05,0.3440614193677902,200,196.7968495682794,0.05434406904846578,0.0025656050981347836
pair_072,SetB,11,432.0,340.0,287.59410731958224,0.28606918454170227,0.0,0.20003103792682436,0.14425478875637054,0.12961646096066226,0.2805803120136261,200,173.85051049680584,0.051778463950331,0.0015973602684684965
pair_072,SetB,12,362.0,395.0,239.11881190193404,0.2958524823188782,0.0,0.21999622971419355,0.13145631551742554,0.16249999999999998,0.2879900485277176,200,173.4041521994211,0.0501811036818625,0.0002017310703390507
pair_072,SetB,13,649.0,546.0,244.18358255692146,0.3489333689212799,0.0,0.2683604138834694,0.13221007585525513,0.0875,0.34419941902160645,200,155.93909067324972,0.04997937261152345,0.002998611869177825
pair_072,SetB,14,659.0,588.0,243.44714433818473,0.29989689588546753,0.0,0.22365598762639724,0.15400588512420654,0.16249999999999998,0.29682551324367523,200,181.72781845386248,0.046980760742345626,0.004543183868452302
pair_072,SetB,15,652.0,560.0,242.76754597116314,0.35007721185684204,0.0,0.2699881992118785,0.1768312156200409,0.17694368026754387,0.3476923257112503,200,163.41358572652396,0.04243757687389332,0.0006881522307441781
pair_072,SetB,16,420.0,530.0,97.2965504499277,0.351816862821579,0.0,0.22122361837254179,0.15604428946971893,0.16249999999999998,0.331677570939064,200,85.44003745317531,0.041749424643149145,0.0029198090356581177
pair_072,SetB,17,420.0,544.0,83.29791297795198,0.3421687185764313,0.0,0.1798882230747825,0.1397925466299057,0.11020817282989959,0.3318844884634018,200,91.30169768410661,0.03882961560749103,0.004388229014454431
pair_072,SetB,18,357.0,534.0,111.87072530612186,0.28550851345062256,0.0,0.23216115526655512,0.12934762239456177,0.09358541225631423,0.26253780722618103,200,146.98639392814562,0.034441386593036596,8.357576150800489e-05
pair_072,SetB,19,419.0,553.0,74.28888465837507,0.33954402804374695,0.0,0.2725935694391197,0.13607482612133026,0.0875,0.3336004912853241,200,96.79876032264049,0.03435781083152859,0.0011731760549307316
pair_072,SetB,20,659.0,611.0,240.8074826022797,0.29396161437034607,0.0,0.22861127690212293,0.13554222881793976,0.16249999999999998,0.2931848466396332,200,193.91235133430774,0.03318463477659786,0.0003009621664699508
pair_073,SetB,1,512.0,575.0,164.6318859693069,0.7394641637802124,0.0,0.7059470049079895,0.4455466866493225,0.05,0.3626735801808536,135,75.95393340703298,0.5465338049717159,0.22748595161748425
pair_073,SetB,2,364.0,567.0,212.26211915968995,0.7485293745994568,0.0,0.7218748646100974,0.4612652063369751,0.05,0.3615300739184022,60,151.60804727981954,0.31904785335423164,0.011629778746445885
pair_073,SetB,3,508.0,434.0,23.57516026934227,0.7459096312522888,0.0,0.709333330348338,0.4551462233066559,0.05,0.3646799735724926,135,66.48308055437865,0.30741807460778575,0.04430988591241519
pair_073,SetB,4,513.0,622.0,211.6415964297143,0.7470831274986267,0.0,0.7121875187401189,0.4372800290584564,0.05,0.35840163147076964,135,122.6906679417795,0.26310818869537056,0.13371095212320297
pair_073,SetB,5,658.0,548.0,204.02653395239747,0.7452964782714844,0.0,0.7130034986753826,0.46196141839027405,0.05,0.36164152529090643,135,165.13025161974412,0.1293972365721676,0.0007210934776124556
pair_073,SetB,6,508.0,422.0,11.58513605808696,0.7354702949523926,0.0,0.7025812671847116,0.430338978767395,0.05,0.363634895067662,135,78.40918313565064,0.12867614309455513,0.06750801566140822
pair_073,SetB,7,364.0,579.0,221.26179072402718,0.7387721538543701,0.0,0.7086969374268425,0.44058674573898315,0.05,0.35951471577755,60,157.2800050864699,0.06116812743314691,0.0020674886154345637
pair_073,SetB,8,512.0,587.0,176.62737806481658,0.7416314482688904,0.0,0.7077980062148116,0.4410518705844879,0.05,0.36388769978657365,135,87.82368700982668,0.059100638817712346,0.005339331727328006
pair_073,SetB,9,658.0,536.0,196.1358043611314,0.7410678267478943,0.0,0.7095207701704862,0.4504408836364746,0.05,0.3634488498792052,135,162.04937519163718,0.05376130709038434,0.011265367053219719
pair_073,SetB,10,511.0,540.0,129.6176038219518,0.7378418445587158,0.0,0.6958161817999136,0.44049590826034546,0.05,0.3607566397404298,135,41.48493702538308,0.04249594003716462,0.006012569183486832
pair_073,SetB,11,364.0,555.0,203.57218480411714,0.7422390580177307,0.0,0.7160151869491951,0.44491592049598694,0.05,0.36122153303585947,60,146.70037491431302,0.03648337085367779,0.0018021492831743133
pair_073,SetB,12,507.0,387.0,23.436738685618813,0.7386435866355896,0.0,0.7017406776247135,0.44277605414390564,0.05,0.3670054329559207,135,113.21660655575224,0.034681221570503476,0.0014483143740833052
pair_073,SetB,13,507.0,410.0,0.5433798666598878,0.7348548769950867,0.0,0.7199139458382895,0.422037810087204,0.05,0.3622118735220283,135,90.27181176868004,0.03323290719642017,0.0060397614502275335
pair_073,SetB,14,513.0,646.0,235.63384932517573,0.6487290263175964,0.0,0.6409039571993622,0.39636683464050293,0.09358541225631423,0.35688706268410897,135,146.57762448614045,0.027193145746192637,0.00014930550511810595
pair_073,SetB,15,506.0,352.0,58.44951721743796,0.6807800531387329,0.0,0.6777816602923661,0.3839614689350128,0.05,0.3550830010790378,135,148.12157169028418,0.02704384024107453,0.0017665833442302298
pair_073,SetB,16,655.0,430.0,148.96415244470305,0.7386893630027771,0.0,0.7143677563087036,0.4458557367324829,0.05,0.3636672600405291,135,170.07351351694948,0.0252772568968443,0.00010960393638582283
pair_073,SetB,17,659.0,595.0,238.89188771939493,0.7525977492332458,0.0,0.7230424516066785,0.4527404308319092,0.05,0.3580793822184205,135,185.21878954360974,0.02516765296045848,0.002058852276872407
pair_073,SetB,18,506.0,575.0,164.57087837289507,0.5776209235191345,0.0,0.5029452684008875,0.2965041399002075,0.16249999999999998,0.23278032895177603,135,75.23961722390672,0.023108800683586072,0.0
pair_073,SetB,19,502.0,422.0,12.733087139407358,0.5688924193382263,0.0,0.494671555940306,0.27915284037590027,0.16249999999999998,0.2301455237902701,135,78.02563681252464,0.023108800683586072,0.0013424000094275981
pair_073,SetB,20,659.0,583.0,229.74716802149098,0.7491410970687866,0.0,0.7176906161617833,0.448811411857605,0.05,0.35563139989972115,135,179.3599732381782,0.021766400674158474,0.001302376984144378
pair_074,SetB,1,551.0,563.0,0.06458185961796825,0.576434850692749,0.0,0.5676371211211374,0.3335287272930145,0.05,0.5628262758255005,200,81.05553651663777,0.8954552290867855,0.10828645974941087
pair_074,SetB,2,551.0,574.0,11.064527718667335,0.5546610355377197,0.0,0.5466822922516879,0.2926954925060272,0.05,0.5403911471366882,200,89.87213138676528,0.7871687693373747,0.006445050432340893
pair_074,SetB,3,551.0,552.0,10.935472920547408,0.5709922313690186,0.0,0.5590665892151689,0.32363149523735046,0.05,0.5569471120834351,200,72.83543093852057,0.7807237189050338,0.01041414293530707
pair_074,SetB,4,554.0,443.0,119.97292063143409,0.5589345693588257,0.0,0.5580073230339926,0.31814906001091003,0.05,0.5252761840820312,200,78.5175139698144,0.7703095759697267,0.03327895223935884
pair_074,SetB,5,553.0,492.0,70.96358695401429,0.5757014155387878,0.0,0.5574509334194435,0.32691049575805664,0.05,0.5640280842781067,200,53.600373133029585,0.7370306237303679,0.01870576596226836
pair_074,SetB,6,552.0,525.0,37.94858080473623,0.5706381797790527,0.0,0.5500874743806498,0.3195088505744934,0.05,0.5546994209289551,200,57.697486947006624,0.7183248577680995,0.0
pair_074,SetB,7,552.0,514.0,48.94563496649144,0.5681918263435364,0.0,0.5494118658268972,0.3164326846599579,0.05,0.5546208322048187,200,53.85164807134504,0.7183248577680995,0.0
pair_074,SetB,8,553.0,481.0,81.95981375381096,0.5753695964813232,0.0,0.5564459068348226,0.31567293405532837,0.05,0.5595917999744415,200,56.302753041036986,0.7183248577680995,0.08123759451174872
pair_074,SetB,9,553.0,503.0,59.96874416060847,0.5526872873306274,0.0,0.5266778681212115,0.2876106798648834,0.05,0.5384823381900787,200,53.08483775994799,0.6370872632563508,0.06104059877527024
pair_074,SetB,10,553.0,470.0,92.95693340326376,0.5434828996658325,0.0,0.523545191077591,0.28054022789001465,0.05,0.5323845148086548,200,60.90155991434045,0.5760466644810806,0.3619725369968455
pair_074,SetB,11,558.0,312.0,251.0330143482798,0.559706449508667,0.0,0.5476327244098522,0.3151859939098358,0.05,0.5258055627346039,200,196.74348782107123,0.21407412748423507,0.017316050512219905
pair_074,SetB,12,485.0,583.0,68.98503664913643,0.39660659432411194,0.0,0.4065311276553393,0.18393532931804657,0.12961646096066226,0.36788439750671387,200,84.34453153583817,0.19675807697201517,0.0
pair_074,SetB,13,427.0,456.0,163.74325302209664,0.39996370673179626,0.0,0.39877413458401756,0.18706576526165009,0.125,0.3851044327020645,200,85.23496934944014,0.19675807697201517,0.011667787392781848
pair_074,SetB,14,418.0,483.0,155.17533669748036,0.40247005224227905,0.0,0.4005017507042917,0.18643984198570251,0.16249999999999998,0.3858293741941452,200,83.74365647617735,0.18509028957923332,0.1051394002540397
pair_074,SetB,15,554.0,454.0,108.97670066421057,0.5674428939819336,0.0,0.5635136158119296,0.308919757604599,0.16249999999999998,0.5501690208911896,200,70.9365914038728,0.07995088932519362,0.0068689471569707145
pair_074,SetB,16,543.0,563.0,8.002911772111021,0.4129408895969391,0.0,0.44755324172776784,0.208932563662529,0.16249999999999998,0.40197403728961945,200,76.27581530209953,0.0730819421682229,0.014526258348770797
pair_074,SetB,17,477.0,572.0,74.55573824111549,0.3966017961502075,0.0,0.391905771944578,0.1831982582807541,0.09358541225631423,0.37729623913764954,200,75.58438992278762,0.05855568381945211,0.0
pair_074,SetB,18,461.0,566.0,90.05480902149378,0.39768970012664795,0.0,0.3921160000457897,0.19154632091522217,0.09358541225631423,0.38280051946640015,200,76.66159403508382,0.05855568381945211,0.0005833508409404664
pair_074,SetB,19,562.0,454.0,109.48917234887361,0.4430850148200989,0.0,0.4048219598625906,0.21255044639110565,0.16249999999999998,0.4271438866853714,200,77.20103626247513,0.05797233297851164,0.015098082712780361
pair_074,SetB,20,385.0,493.0,180.13286950057017,0.40277335047721863,0.0,0.4124701955828609,0.19224616885185242,0.14270509831248424,0.38870780169963837,200,115.2128465059344,0.04287425026573128,0.0014843209651286687
pair_075,SetB,1,449.0,499.0,37.10046096833065,0.6901665329933167,0.0,0.6311343877821841,0.48681676387786865,0.05,0.652820959687233,200,51.0098029794274,0.04297988585425402,0.0007930016612779089
pair_075,SetB,2,431.0,499.0,26.442369563412615,0.6795937418937683,0.0,0.6197631672150807,0.47366780042648315,0.0875,0.6472945511341095,200,69.00724599634447,0.04218688419297611,0.004963699708973687
pair_075,SetB,3,440.0,474.0,53.005087229964616,0.6792497634887695,0.0,0.6405685400026969,0.46618032455444336,0.05,0.6724704205989838,200,65.39113089708727,0.03722318448400242,0.012196469615771463
pair_075,SetB,4,458.0,499.0,44.25004917545171,0.6883565187454224,0.0,0.632994120536215,0.48562121391296387,0.05,0.6521395146846771,200,42.01190307520001,0.025026714868230958,0.001385306583474931
pair_075,SetB,5,437.0,499.0,29.205262198896087,0.6819206476211548,0.0,0.623653549401983,0.4760013520717621,0.0875,0.650958850979805,200,63.00793600809346,0.023641408284756027,0.0021701541988045567
pair_075,SetB,6,591.0,499.0,171.57842840582512,0.6795680522918701,0.0,0.5998532256647268,0.4600794017314911,0.05885254915624212,0.6493028998374939,200,91.00549433962765,0.02147125408595147,0.002528770501396712
pair_075,SetB,7,437.0,511.0,20.19016682321087,0.6789718866348267,0.0,0.6437649309897101,0.4633776843547821,0.12961646096066226,0.6424251794815063,200,63.953107821277925,0.01894248358455476,0.0006911140690643372
pair_075,SetB,8,606.0,462.0,194.7936097362444,0.6906540989875793,0.0,0.6295744290695408,0.4754256308078766,0.09358541225631423,0.6728436648845673,200,112.60550608207397,0.01825136951549042,0.0009403037051415944
pair_075,SetB,9,443.0,462.0,65.30480833753691,0.6824641823768616,0.0,0.6183198451790739,0.4720248579978943,0.05,0.6763295531272888,200,68.5054742338158,0.017311065810348827,0.0043620953454828
pair_075,SetB,10,431.0,314.0,209.78396032041633,0.6888203024864197,0.0,0.6362108501338453,0.48095014691352844,0.11020817282989959,0.6629927903413773,200,198.38598740838526,0.012948970464866027,0.00019193945139974085
pair_075,SetB,11,464.0,314.0,213.88297357105824,0.6916549205780029,0.0,0.6458442920837705,0.4804731011390686,0.05,0.6635512113571167,200,189.45184084616332,0.012757031013466286,0.0033383900587212103
pair_075,SetB,12,427.0,511.0,13.834574432153198,0.6759278178215027,0.0,0.6537690166506724,0.46346837282180786,0.05,0.64039346575737,200,73.824115301167,0.009418640954745075,0.0024417820564777643
pair_075,SetB,13,603.0,499.0,183.46294982412448,0.6786391735076904,0.0,0.605393269758657,0.4593067765235901,0.05885254915624212,0.6506906151771545,200,103.00485425454472,0.006976858898267311,0.00019741359253725322
pair_075,SetB,14,588.0,474.0,174.01724223301716,0.6775427460670471,0.0,0.6361371460650624,0.4570893943309784,0.05885254915624212,0.6661422401666641,200,91.76055797563569,0.006779445305730058,0.0010579501291232253
pair_075,SetB,15,449.0,462.0,67.54603188922803,0.686274528503418,0.0,0.6217005749806439,0.476091206073761,0.11020817282989959,0.6800740659236908,200,63.60031446463138,0.0057214951766068325,0.00041702295708452054
pair_075,SetB,16,437.0,314.0,210.1500855096095,0.6924485564231873,0.0,0.640637582885587,0.48407718539237976,0.125,0.6644935458898544,200,196.3797341886377,0.005304472219522312,0.0004470757435845827
pair_075,SetB,17,419.0,659.0,135.46331112423988,0.6799318194389343,0.0,0.6341517511950072,0.46379902958869934,0.05,0.6739849001169205,200,178.4432682955566,0.004857396475937729,0.0002912407371686871
pair_075,SetB,18,443.0,511.0,25.167265809524558,0.6836547255516052,0.0,0.6485348190127005,0.47462576627731323,0.05,0.6442199647426605,200,58.05170109479997,0.004566155738769042,0.0001442523518127934
pair_075,SetB,19,458.0,314.0,212.76319689180227,0.6950120329856873,0.0,0.6476018450569941,0.47900208830833435,0.05,0.6663879305124283,200,190.68298298484845,0.004421903386956249,2.6408042594431788e-05
pair_075,SetB,20,597.0,499.0,177.51874697110455,0.6778808832168579,0.0,0.6010089744923338,0.4589710235595703,0.12961646096066226,0.6492106467485428,200,97.0051545022222,0.004395495344361817,0.0004078852136651266
pair_076,SetB,1,369.0,414.0,26.710712697045906,0.23045220971107483,0.0,0.17163789275785885,0.08699348568916321,0.16249999999999998,0.21626237407326698,197,156.70673246545599,0.09168770302504696,0.03946606298450291
pair_076,SetB,2,375.0,396.0,9.20982386071298,0.22664791345596313,0.0,0.19112671210215165,0.08705206960439682,0.18713203435596426,0.21887239441275597,197,162.60688792299052,0.05222164004054405,0.0022382798653881597
pair_076,SetB,3,348.0,564.0,178.15566691132148,0.22376574575901031,0.0,0.16837478097734707,0.06767119467258453,0.1662132317597294,0.21740176901221275,197,164.92422502470643,0.04998336017515589,0.011256523554187055
pair_076,SetB,4,359.0,392.0,13.453191228452713,0.22596308588981628,0.0,0.17479152603121414,0.08849739283323288,0.16249999999999998,0.21866603195667267,197,177.6091213873882,0.03872683662096883,0.004024347211063158
pair_076,SetB,5,359.0,423.0,37.76085788469771,0.2315390408039093,0.0,0.17597183486739015,0.08498673886060715,0.125,0.21570054441690445,197,160.65490966665163,0.034702489409905675,0.002532893760939972
pair_076,SetB,6,365.0,370.0,18.647132453483806,0.22984082996845245,0.0,0.19049833411427627,0.09086962789297104,0.14270509831248424,0.22642216458916664,197,187.41664813991312,0.0321695956489657,0.0002545053765671476
pair_076,SetB,7,391.0,585.0,198.5242042889288,0.22387515008449554,0.0,0.18932647975088884,0.08313257992267609,0.0875,0.1833246424794197,197,138.2244551445221,0.031915090272398555,0.0022351439439597873
pair_076,SetB,8,589.0,353.0,220.05873285681977,0.22350534796714783,0.0,0.168781212339805,0.11936668306589127,0.1662132317597294,0.2102203369140625,197,171.8429515575195,0.029679946328438768,0.0014097164244699645
pair_076,SetB,9,332.0,586.0,202.498676106647,0.22556021809577942,0.0,0.1885291334484184,0.08851730078458786,0.18713203435596426,0.2032937854528427,197,188.73261509341728,0.028270229903968803,0.001985921621205134
pair_076,SetB,10,358.0,568.0,181.09410198577712,0.22700698673725128,0.0,0.18499092739374678,0.08851756155490875,0.2,0.21715404838323593,197,157.4420528321452,0.02628430828276367,0.0005727963691165953
pair_076,SetB,11,338.0,542.0,158.19913980190572,0.23304413259029388,0.0,0.18249088676677727,0.0770474299788475,0.1662132317597294,0.20635370910167694,197,167.35590817177624,0.025711511913647074,0.0014975158625176906
pair_076,SetB,12,355.0,401.0,21.485086677326873,0.2245793342590332,0.0,0.18985040282441878,0.09167880564928055,0.05,0.2170979417860508,197,175.5733464965568,0.024213996051129383,0.0008201922830961446
pair_076,SetB,13,365.0,590.0,202.68805441525282,0.22611331939697266,0.0,0.18110192946006565,0.0986238345503807,0.1662132317597294,0.19164419174194336,197,162.24980739587951,0.02339380376803324,0.0015335895025458367
pair_076,SetB,14,359.0,414.0,29.43571877192044,0.2392096072435379,0.0,0.19040340733157463,0.10693138837814331,0.16249999999999998,0.2262786328792572,197,165.1575005865613,0.021860214265487402,0.00276067806739088
pair_076,SetB,15,345.0,577.0,191.44292569716407,0.22649811208248138,0.0,0.18665446482097747,0.09618658572435379,0.14270509831248424,0.20416872575879097,197,173.07223925286226,0.019099536198096522,3.9460915847912975e-05
pair_076,SetB,16,348.0,555.0,169.239536763869,0.22789865732192993,0.0,0.1805640464771716,0.08593983948230743,0.125,0.2224859483540058,197,161.64467204334326,0.01906007528224861,0.002589110625914614
pair_076,SetB,17,349.0,401.0,26.408494270471472,0.24471697211265564,0.0,0.19175071627960916,0.09181580692529678,0.125,0.23200348019599915,197,180.5602392554906,0.016470964656333995,0.001189026337581731
pair_076,SetB,18,369.0,427.0,39.66754983113595,0.2252594381570816,0.0,0.20529642160981615,0.10929272323846817,0.11020817282989959,0.21184751391410828,197,149.96666296213968,0.015281938318752264,0.00022287636425450189
pair_076,SetB,19,365.0,392.0,8.073954057835675,0.2355152815580368,0.0,0.1876061602503144,0.10677891224622726,0.16249999999999998,0.22374683246016502,197,172.8843544106869,0.015059061954497762,0.0011498469144647933
pair_076,SetB,20,351.0,533.0,147.03621257570555,0.23020267486572266,0.0,0.18451206218795382,0.0919409915804863,0.19366069605669878,0.19603070616722107,197,152.6106156202772,0.013909215040032969,0.001840934943053445
pair_077,SetB,1,419.0,470.0,150.46713034156207,0.7336682081222534,0.0,0.7104264132938422,0.47629082202911377,0.05,0.5450210198760033,187,86.37708029332781,0.8771532009044772,0.03295623136461001
pair_077,SetB,2,558.0,478.0,11.237379490306482,0.7414493560791016,0.0,0.7167992388856426,0.5196971297264099,0.05,0.5511927157640457,187,62.03224967708329,0.8441969695398672,0.01178314824273885
pair_077,SetB,3,436.0,471.0,133.43774898735478,0.7391663193702698,0.0,0.7125015729494268,0.48656079173088074,0.05,0.609523095190525,187,70.26378868236469,0.8324138212971284,0.009301943923884615
pair_077,SetB,4,600.0,480.0,30.81247451936219,0.7196719646453857,0.0,0.693401909730982,0.46005409955978394,0.05,0.5572763010859489,187,101.9803902718557,0.8231118773732438,0.03681895691705006
pair_077,SetB,5,578.0,479.0,8.790409050779228,0.7378456592559814,0.0,0.7091997139378552,0.5084260702133179,0.05,0.6067084521055222,187,80.77747210701756,0.7862929204561937,0.10295604972345329
pair_077,SetB,6,463.0,473.0,106.3681224972666,0.7335445880889893,0.0,0.7146378229498487,0.4881347417831421,0.05,0.5827392339706421,187,45.803929962395145,0.6833368707327404,0.03161209756464811
pair_077,SetB,7,456.0,472.0,113.41351528051301,0.7253078818321228,0.0,0.6957434472941344,0.47746896743774414,0.05885254915624212,0.5753601267933846,187,52.15361924162119,0.6517247731680923,0.17264855324342715
pair_077,SetB,8,308.0,464.0,261.6286546004643,0.7573399543762207,0.0,0.7250817568921873,0.5527966022491455,0.05,0.6133626252412796,187,195.34584715319647,0.47907621992466515,0.006780356582179736
pair_077,SetB,9,444.0,472.0,125.39440673630696,0.7376383543014526,0.0,0.7148125044432058,0.4954065978527069,0.08106601717798213,0.6189559102058411,187,62.609903369994115,0.4722958633424854,0.09223212937003122
pair_077,SetB,10,606.0,481.0,36.8563192775536,0.688594400882721,0.0,0.6929772940307197,0.45237216353416443,0.05,0.5764640271663666,187,107.68936809174804,0.3800637339724542,0.09499593705057918
pair_077,SetB,11,322.0,465.0,247.59465139165167,0.7492215037345886,0.0,0.7200476332072216,0.525756299495697,0.05,0.5847607403993607,187,181.4083790788066,0.285067796921875,0.08922696464077173
pair_077,SetB,12,572.0,479.0,2.7994977252419226,0.748019278049469,0.0,0.721937351580115,0.5212134122848511,0.09358541225631423,0.6125839054584503,187,75.0,0.19584083228110327,0.03520842536736024
pair_077,SetB,13,314.0,464.0,255.63839111490165,0.7348989248275757,0.0,0.7048847445558797,0.5000858306884766,0.05,0.580494299530983,187,189.45184084616332,0.16063240691374303,0.006059464839261508
pair_077,SetB,14,588.0,480.0,18.829242642060006,0.7345691919326782,0.0,0.7073918039971945,0.4924588203430176,0.125,0.6126588881015778,187,90.24411338142782,0.15457294207448152,0.033641116268166266
pair_077,SetB,15,414.0,649.0,230.39998815992297,0.6785265207290649,0.0,0.6820349376940065,0.43126460909843445,0.05,0.5397842973470688,187,172.03778654702577,0.12093182580631526,0.02238618000247955
pair_077,SetB,16,436.0,561.0,156.57182101921708,0.5935841202735901,0.0,0.5899518386733271,0.4103221595287323,0.125,0.5278587266802788,187,88.41379982785493,0.09854564580383571,0.014430998259629763
pair_077,SetB,17,430.0,471.0,139.42811320191458,0.75006502866745,0.0,0.7260838793962684,0.5147626399993896,0.16249999999999998,0.6063558161258698,187,75.76938695805846,0.08411464754420594,0.015085378192083429
pair_077,SetB,18,717.0,487.0,148.01754178429175,0.7445691823959351,0.0,0.7219600679424214,0.5147979855537415,0.05,0.6147794276475906,187,217.38905216224666,0.06902926935212252,0.00016343236684181195
pair_077,SetB,19,440.0,494.0,130.11329916037292,0.58875572681427,0.0,0.5887467912335811,0.4020335376262665,0.14270509831248424,0.5114619210362434,187,60.29925372672534,0.0688658369852807,0.009926084239290103
pair_077,SetB,20,564.0,478.0,5.264294974215204,0.7219783663749695,0.0,0.6879003544668415,0.4769367277622223,0.16249999999999998,0.5433145835995674,187,67.67569726275453,0.0589397527459906,0.01492497236322348
pair_078,SetB,1,356.0,548.0,231.9187590169905,0.574977457523346,0.0,0.6106325186845569,0.40984588861465454,0.05,0.40209516882896423,159,151.7893276880822,0.7148384369055811,0.06541606326176153
pair_078,SetB,2,636.0,530.0,48.659232330785976,0.5856170654296875,0.0,0.6130976092845544,0.4383569657802582,0.05,0.4166206493973732,159,139.26952286842948,0.6494223736438196,0.3051201723491215
pair_078,SetB,3,571.0,534.0,16.464108984601847,0.5755410194396973,0.0,0.6017811905170372,0.4213358163833618,0.11020817282989959,0.4077589362859726,159,78.7210264160726,0.34430220129469813,0.11487681743469164
pair_078,SetB,4,604.0,532.0,16.596843214995072,0.5590593814849854,0.0,0.5962034258603133,0.40292292833328247,0.125,0.398487851023674,159,108.81176406988355,0.2294253838600065,0.047736961120444815
pair_078,SetB,5,596.0,538.0,9.871672290571079,0.5010066628456116,0.0,0.47936849076982435,0.35176047682762146,0.16249999999999998,0.37397734820842743,159,103.24727599312246,0.18168842273956168,0.002927250516685187
pair_078,SetB,6,413.0,544.0,174.77981496878138,0.5643275380134583,0.0,0.607860826028031,0.41978928446769714,0.0875,0.3779061809182167,159,97.49358953285082,0.1787611722228765,0.08044926046504405
pair_078,SetB,7,555.0,535.0,32.49513873639729,0.5785106420516968,0.0,0.6047709998427915,0.42949366569519043,0.125,0.4117007851600647,159,65.19202405202648,0.09831191175783244,0.0011403399749393972
pair_078,SetB,8,607.0,521.0,22.993495700075517,0.45782965421676636,0.0,0.4299109012882466,0.2576810121536255,0.1662132317597294,0.36085907369852066,159,109.04127658827184,0.09717157178289304,0.004170271099839182
pair_078,SetB,9,340.0,549.0,247.94995047553806,0.5711033344268799,0.0,0.615283256646365,0.40456244349479675,0.125,0.4055420458316803,159,167.3349933516597,0.09300130068305386,0.004858388834814667
pair_078,SetB,10,628.0,530.0,40.67849334964847,0.5571457147598267,0.0,0.5755793867908912,0.3983745872974396,0.05,0.3933429419994354,159,131.46862743635836,0.08814291184823919,0.011890786361251862
pair_078,SetB,11,648.0,529.0,60.698955503933846,0.5683853030204773,0.0,0.5870049695753676,0.4256884455680847,0.125,0.4062376990914345,159,150.81445554057476,0.07625212548698733,0.005245517836733646
pair_078,SetB,12,530.0,401.0,144.03382404417027,0.4583752155303955,0.0,0.44514066735690005,0.18739935755729675,0.16249999999999998,0.3516237512230873,159,103.4456378974,0.07100660765025368,0.005543922884280461
pair_078,SetB,13,401.0,545.0,186.8190070958368,0.5696520805358887,0.0,0.6135452252494582,0.4126904606819153,0.125,0.40164152532815933,159,108.74741376235114,0.06546268476597322,0.01747936062538473
pair_078,SetB,14,559.0,410.0,126.3279957701341,0.4496590197086334,0.0,0.44443404741934756,0.22059310972690582,0.0875,0.34319954365491867,159,107.61505470890214,0.04798332414058849,0.0003786478309272187
pair_078,SetB,15,368.0,547.0,219.87940579378514,0.558506965637207,0.0,0.590120472086722,0.39610329270362854,0.05,0.3934158906340599,159,140.11780757633915,0.047604676309661274,0.0033838295797374504
pair_078,SetB,16,563.0,529.0,24.777799183712965,0.4927822947502136,0.0,0.46776432663583023,0.3279082775115967,0.09358541225631423,0.37164925038814545,159,69.35416353759881,0.044220846729923824,0.0016650515182833892
pair_078,SetB,17,531.0,352.0,189.67664477884358,0.462680459022522,0.0,0.44408722077787643,0.20064592361450195,0.16249999999999998,0.3528633117675781,159,151.21177202850313,0.042555795211640435,0.0028432631924854845
pair_078,SetB,18,510.0,538.0,77.59448055889216,0.5033117532730103,0.0,0.5154212711111144,0.3463464081287384,0.14270509831248424,0.37145716696977615,159,39.293765408777,0.03971253201915495,0.005466554955651633
pair_078,SetB,19,535.0,542.0,53.19103723711237,0.4912446141242981,0.0,0.48295985373704126,0.3249163329601288,0.16249999999999998,0.3672081381082535,159,54.67174773134658,0.03424597706350332,0.005612207026584496
pair_078,SetB,20,548.0,617.0,92.72042880342129,0.4561444818973541,0.0,0.4381535554312061,0.19121813774108887,0.12961646096066226,0.3494115248322487,159,126.46343345014795,0.02863377003691882,0.0007052978440614706
pair_079,SetB,1,437.0,499.0,13.266356053735084,0.7983464002609253,0.0,0.760901445060438,0.5475066304206848,0.05,0.5440642386674881,81,63.00793600809346,0.5831717422997712,0.14977431900276278
pair_079,SetB,2,599.0,373.0,213.23540621441208,0.7946797013282776,0.0,0.7610706804665686,0.5604824423789978,0.05,0.5392613410949707,119,161.02794788483146,0.4333974232970084,0.035639342152580245
pair_079,SetB,3,439.0,552.0,39.7713791532575,0.7991829514503479,0.0,0.7692164536803338,0.5410423874855042,0.05,0.5551143363118172,81,80.15609770940699,0.3977580811444282,0.05928257794035757
pair_079,SetB,4,432.0,366.0,146.36029694049893,0.7911821007728577,0.0,0.7502156420242252,0.526544451713562,0.05,0.5345702022314072,81,150.2664300500947,0.3384755032040706,0.05983337076554285
pair_079,SetB,5,438.0,512.0,0.5475035745803775,0.7923539876937866,0.0,0.7589178324393899,0.5258714556694031,0.05,0.5424985438585281,81,63.150613615387776,0.27864213243852776,0.04918255294999091
pair_079,SetB,6,604.0,506.0,166.60131495837237,0.7974852323532104,0.0,0.761386125557278,0.539952278137207,0.05,0.5447721183300018,119,104.17293314484334,0.22945957948853685,0.06932293467136763
pair_079,SetB,7,431.0,339.0,173.3788038708681,0.7897482514381409,0.0,0.7540252771915801,0.5145958065986633,0.05,0.5493004694581032,81,175.16278143486988,0.16013664481716922,0.023154823076162845
pair_079,SetB,8,440.0,565.0,52.80214159455912,0.7697393298149109,0.0,0.7413258573642549,0.46918749809265137,0.05,0.5238368883728981,81,88.45903006477066,0.13698182174100637,0.007104951608134624
pair_079,SetB,9,440.0,579.0,66.78989061654644,0.7923368215560913,0.0,0.7502338564309209,0.5292531251907349,0.05,0.5366458147764206,81,99.20181449953424,0.12987687013287175,0.007459997163444559
pair_079,SetB,10,606.0,559.0,174.84783253637,0.7846792936325073,0.0,0.7540861404639674,0.4981718361377716,0.05,0.5289402529597282,119,121.31364309095659,0.12241687296942719,0.013723433660429413
pair_079,SetB,11,605.0,533.0,168.76351807981743,0.7896774411201477,0.0,0.7447035667081019,0.5171176195144653,0.05,0.5550737008452415,119,110.06361796706484,0.10869343930899777,0.004121194985925197
pair_079,SetB,12,605.0,546.0,170.84923466450405,0.7899571657180786,0.0,0.7618210852669054,0.5293437242507935,0.05,0.5540590658783913,119,114.63420083029322,0.10457224432307258,0.02143566420578928
pair_079,SetB,13,439.0,539.0,26.78482124230534,0.7896890640258789,0.0,0.7416307065226375,0.5249631404876709,0.05,0.5639511048793793,81,72.40165743959182,0.0831365801172833,0.006133702920906925
pair_079,SetB,14,433.0,379.0,133.33281695715695,0.7793099880218506,0.0,0.7446828316827917,0.5128980278968811,0.05,0.5314057916402817,81,138.31124321616085,0.07700287719637637,0.018887742520718592
pair_079,SetB,15,603.0,493.0,166.60040392699858,0.7890507578849792,0.0,0.754232105612515,0.5303680896759033,0.05,0.5389138385653496,119,103.23759005323593,0.05811513467565778,0.006143629818779889
pair_079,SetB,16,438.0,526.0,13.752203160313867,0.7846335172653198,0.0,0.7387160509050025,0.4938937723636627,0.05,0.53811414539814,81,67.23094525588644,0.05197150485687789,0.014345807038752385
pair_079,SetB,17,606.0,573.0,179.0993798824129,0.7782020568847656,0.0,0.7422303178808819,0.49579426646232605,0.05,0.5299738049507141,119,128.70508925446578,0.037625697818125504,0.014912620171365062
pair_079,SetB,18,446.0,565.0,53.421641641479134,0.604885458946228,0.0,0.5339568072273622,0.3515051305294037,0.125,0.45627114921808243,81,84.50443775329198,0.022713077646760442,0.005167537654300464
pair_079,SetB,19,604.0,519.0,166.62032918173193,0.7772939205169678,0.0,0.7650890439581418,0.4889677166938782,0.05,0.5386151671409607,119,105.72133181151285,0.017545539992459978,0.00016864183743333164
pair_079,SetB,20,433.0,552.0,39.9994620095498,0.5995528101921082,0.0,0.546207209731339,0.3179115951061249,0.05885254915624212,0.4758072569966316,81,84.81155581640984,0.017376898155026646,0.0003216657800423281
pair_080,SetB,1,669.0,448.0,268.0757556445033,0.4457893371582031,0.0,0.37273159834256275,0.2355722188949585,0.05,0.17990632448345423,192,176.81911661356077,0.2939276798047048,0.04354385328169741
pair_080,SetB,2,414.0,456.0,12.95130469473204,0.43071308732032776,0.0,0.37337675945969573,0.21975454688072205,0.05,0.15608714893460274,192,96.60227740586657,0.2503838265230074,0.19380648837099018
pair_080,SetB,3,495.0,669.0,232.27198181664136,0.42827165126800537,0.0,0.36057927057634875,0.2167779505252838,0.05,0.17608885280787945,192,169.07394831847986,0.056577338152017216,0.009458261456034699
pair_080,SetB,4,469.0,661.0,215.42193182220475,0.3135932683944702,0.0,0.30501943217133376,0.13838525116443634,0.1340990257669732,0.1445307545363903,192,163.95731151735808,0.04711907669598252,0.0014994324664432054
pair_080,SetB,5,408.0,672.0,215.5400493535005,0.43910789489746094,0.0,0.338776724285761,0.199513241648674,0.05,0.15339720132760704,192,195.05896544378575,0.04561964422953931,0.020001282389316942
pair_080,SetB,6,624.0,449.0,223.06722316900039,0.39124342799186707,0.0,0.3470053648226197,0.13654470443725586,0.05,0.14818629436194897,192,134.07833531186162,0.02561836184022237,0.0020572527038171876
pair_080,SetB,7,382.0,457.0,19.066130019095656,0.31729939579963684,0.0,0.29843336456026104,0.1987062692642212,0.05,0.1450055881869048,192,125.59060474414477,0.023561109136405183,0.0014340078787290038
pair_080,SetB,8,459.0,446.0,58.895254252009394,0.31837910413742065,0.0,0.2813484360174776,0.1667160540819168,0.125,0.148403974249959,192,67.80117993073571,0.02212710125767618,0.0013069501408729464
pair_080,SetB,9,640.0,449.0,239.05862016905226,0.4333179295063019,0.0,0.3644074949271626,0.22338080406188965,0.0875,0.1802209373563528,192,149.0,0.020820151116803232,0.004322167264036107
pair_080,SetB,10,582.0,451.0,181.02444614651003,0.3201063573360443,0.0,0.23608375669990755,0.1922200471162796,0.125,0.13878521062724758,192,95.524865872714,0.016497983852767125,0.003080662683503566
pair_080,SetB,11,524.0,453.0,122.99055381682864,0.33950111269950867,0.0,0.2796443398930287,0.15529289841651917,0.12961646096066226,0.15505291195586324,192,52.773099207835045,0.01341732116926356,0.0003843777893930804
pair_080,SetB,12,527.0,668.0,246.09447884180764,0.37670159339904785,0.0,0.3530069187440641,0.19799698889255524,0.09358541225631423,0.15440927096642554,192,170.1558109498468,0.013032943379870479,0.00011402488517130854
pair_080,SetB,13,388.0,457.0,13.068339535152337,0.363892525434494,0.0,0.35008500610803417,0.214552640914917,0.05,0.1546073192730546,192,119.97082978791136,0.01291891849469917,0.0001367533339501001
pair_080,SetB,14,604.0,450.0,203.04505766341578,0.35400962829589844,0.0,0.3378029077734138,0.19508296251296997,0.05,0.14280890580266714,192,115.39497389401325,0.01278216516074907,0.0007852936399883499
pair_080,SetB,15,440.0,662.0,209.08615885029405,0.31962597370147705,0.0,0.30741591668200124,0.1560383141040802,0.05885254915624212,0.15353652834892273,192,172.75416058665562,0.01199687152076072,0.0007405356927880982
pair_080,SetB,16,333.0,459.0,68.10462404180804,0.3340509533882141,0.0,0.267391194898974,0.1962411254644394,0.05,0.14859645627439022,192,171.95929750961417,0.011256335827972622,0.00110642964632994
pair_080,SetB,17,688.0,439.0,287.476208840653,0.3183947801589966,0.0,0.2913386996774695,0.1279994547367096,0.12961646096066226,0.14953618217259645,192,197.6486782146544,0.010149906181642682,4.436814758493508e-05
pair_080,SetB,18,617.0,441.0,216.49940217529968,0.32241958379745483,0.0,0.2950424714703357,0.11148443818092346,0.16249999999999998,0.13087202981114388,192,131.03434664239754,0.010105538034057747,1.2409214853979778e-05
pair_080,SetB,19,550.0,667.0,257.8038308857341,0.33445435762405396,0.0,0.29453120311339376,0.18142558634281158,0.09358541225631423,0.1466930080205202,192,174.3244102241565,0.010093128819203767,0.0007611992520895668
pair_080,SetB,20,611.0,450.0,210.04151253952386,0.4049392640590668,0.0,0.345938817117291,0.20804566144943237,0.0875,0.16259549744427204,192,121.74152947946727,0.0093319295671142,0.00016210857930776604
pair_081,SetB,1,475.5,413.5,270.4132779805538,0.6897459030151367,0.0,0.6158059037544936,0.4307546019554138,0.05,0.6041659116744995,200,89.9027252089724,0.3751895289416189,0.041231258489536016
pair_081,SetB,2,476.5,626.5,167.0689017149246,0.7410194873809814,0.0,0.6719948597960457,0.4416532814502716,0.05,0.638679027557373,200,128.6642918606402,0.3339582704520829,0.04698643731640717
pair_081,SetB,3,476.5,559.5,179.57172264316875,0.6830496788024902,0.0,0.662491353603322,0.36456793546676636,0.05885254915624212,0.6278949230909348,200,63.97265040624782,0.2869718331356757,0.04927684865917045
pair_081,SetB,4,643.5,625.5,0.1697208768895147,0.7512713074684143,0.0,0.6444533933897156,0.4515550434589386,0.05,0.6418937146663666,200,190.6370897805566,0.23769498447650525,0.13123710234853725
pair_081,SetB,5,642.5,412.5,212.84584044122911,0.6856259703636169,0.0,0.6736855315895094,0.3911128640174866,0.05,0.5933747887611389,200,167.21991508190644,0.10645788212796801,0.0004897179719493272
pair_081,SetB,6,476.5,546.5,184.73474541186116,0.688882052898407,0.0,0.6612479201174462,0.3939587473869324,0.05,0.6292705833911896,200,52.100863716449076,0.10596816415601869,0.014860851262069555
pair_081,SetB,7,642.5,545.5,79.85027764855997,0.6814173460006714,0.0,0.6087561275368155,0.37957337498664856,0.05,0.6232855916023254,200,149.5877668795146,0.09110731289394913,0.016168288509097087
pair_081,SetB,8,476.5,533.5,190.64587263231056,0.685235857963562,0.0,0.6195793239948747,0.38932427763938904,0.05,0.6020005941390991,200,40.92065493122025,0.07493902438485205,0.0008581530074467936
pair_081,SetB,9,643.5,558.5,66.84320801682128,0.6843538284301758,0.0,0.6143654663603052,0.393451064825058,0.05,0.6298732310533524,200,154.966125330667,0.07408087137740525,0.005363191609895082
pair_081,SetB,10,642.5,518.5,106.84848324744296,0.6878945231437683,0.0,0.6434732964050448,0.3850032389163971,0.05,0.6078531742095947,200,143.69585936971183,0.06871767976751017,0.001425031818176034
pair_081,SetB,11,470.5,559.5,185.1669039876387,0.536102294921875,0.0,0.528470287423596,0.2244279682636261,0.08106601717798213,0.48441140353679657,200,66.41159537309731,0.06729264794933414,0.0
pair_081,SetB,12,475.5,439.5,250.5663499544346,0.5633783936500549,0.0,0.5066546739083014,0.2945062816143036,0.0875,0.5323352664709091,200,65.2725056972689,0.06729264794933414,0.00374184049537582
pair_081,SetB,13,476.5,573.5,174.923968142328,0.6803722381591797,0.0,0.6035344832423476,0.3812011778354645,0.05,0.6096962988376617,200,77.16540675717326,0.06355080745395832,0.014851114922744171
pair_081,SetB,14,642.5,505.5,119.84790762307502,0.6797921657562256,0.0,0.6159585915124217,0.38823825120925903,0.05,0.6008933186531067,200,142.60610085126092,0.048699692531214145,0.0072135305676495065
pair_081,SetB,15,476.5,586.5,171.52105422165567,0.6821851134300232,0.0,0.6483637969105278,0.37697887420654297,0.05,0.647674024105072,200,89.63537248207317,0.04148616196356464,0.005262056237513919
pair_081,SetB,16,476.5,599.5,169.05191348209615,0.6791846752166748,0.0,0.6484964266517732,0.34462010860443115,0.05,0.6104334592819214,200,102.23746866975922,0.03622410572605072,0.014360760332143684
pair_081,SetB,17,476.5,519.5,197.77122564749436,0.6749988198280334,0.0,0.6731629211965586,0.3547011911869049,0.05,0.5982806533575058,200,30.53686296920494,0.021863345393907035,0.001086798449032731
pair_081,SetB,18,643.5,585.5,39.84322936526431,0.6819570064544678,0.0,0.5982605756024303,0.38766729831695557,0.05,0.6460026502609253,200,167.04041427151694,0.020776546944874304,0.007307577931240726
pair_081,SetB,19,474.5,359.5,315.0484625654667,0.6761564016342163,0.0,0.6535394914634808,0.3552122414112091,0.05,0.5969351381063461,200,142.79530804616795,0.013468969013633578,0.0009876928548449779
pair_081,SetB,20,309.5,534.5,346.19624184382803,0.6859604716300964,0.0,0.6527940844450731,0.39877885580062866,0.05,0.6115705668926239,200,193.59881197982594,0.0124812761587886,0.0016525272249143935
pair_082,SetB,1,344.0,503.0,35.24618251851031,0.588083803653717,0.0,0.5127402438920299,0.32011985778808594,0.05,0.08971618372015655,198,156.02884348735012,0.013503463388835549,0.0013810541085658296
pair_082,SetB,2,346.0,468.0,28.72585458267655,0.5900039076805115,0.0,0.5133979872051097,0.3250769078731537,0.125,0.08917390662827529,198,157.2895419282541,0.01212240928026972,0.0017867638579895616
pair_082,SetB,3,561.0,544.0,199.59801428193074,0.5912002921104431,0.0,0.5108867057622228,0.3254883289337158,0.11020817282989959,0.09486168215516955,198,75.21303078589507,0.010335645422280158,0.005567511181729625
pair_082,SetB,4,551.0,567.0,198.93540883638872,0.5886375904083252,0.0,0.4907834842383268,0.3316487967967987,0.05,0.0916152591817081,198,84.20213774008353,0.004768134240550533,0.00043493780632287114
pair_082,SetB,5,352.0,439.0,46.3966658218874,0.5818238258361816,0.0,0.5106330314096493,0.31428924202919006,0.0875,0.08579935412853956,198,160.0781059358212,0.004333196434227662,9.408581648532362e-05
pair_082,SetB,6,360.0,533.0,53.21604772628043,0.5906703472137451,0.0,0.5134905712407176,0.3138286769390106,0.1340990257669732,0.08354326663538814,198,143.83671297690307,0.004239110617742338,0.0006374605588030059
pair_082,SetB,7,600.0,470.0,228.68241730496896,0.5778160095214844,0.0,0.5295240142489857,0.30655941367149353,0.05,0.07098144013434649,198,104.4030650891055,0.0036016500589393322,0.0005834436136459703
pair_082,SetB,8,375.0,417.0,64.15126642764373,0.584617018699646,0.0,0.5092993169265438,0.3176388144493103,0.05885254915624212,0.07933222920837579,198,150.04665940966495,0.003018206445293362,2.7679812713797807e-05
pair_082,SetB,9,305.0,495.0,68.02870455747258,0.5952935814857483,0.0,0.5235597765053731,0.33820390701293945,0.05,0.09033631675993092,198,195.0640920313116,0.002990526632579564,9.625422349057678e-05
pair_082,SetB,10,332.0,479.0,39.638788669135735,0.5879036784172058,0.0,0.5232998264816205,0.3227325975894928,0.0875,0.08775944635272026,198,169.30741271426953,0.0028942724090889873,0.00033499977111999197
pair_082,SetB,11,315.0,472.0,57.305977525530295,0.5917460918426514,0.0,0.5364533200214076,0.3209848403930664,0.05,0.08650808408856392,198,187.1069213043708,0.0025592726379689954,9.028731975742506e-07
pair_082,SetB,12,592.0,458.0,221.61782172792923,0.5804443955421448,0.0,0.5107801774621212,0.3109104335308075,0.125,0.07723248819820583,198,101.13357503816425,0.002558369764771421,0.00017361892713671718
pair_082,SetB,13,323.0,490.0,49.400813117017044,0.5856373906135559,0.0,0.5040535829478756,0.303959459066391,0.05,0.08897065371274948,198,177.28226081590904,0.002384750837634704,6.16153609939757e-05
pair_082,SetB,14,309.0,501.0,65.68484743282706,0.5935859680175781,0.0,0.5349610835738611,0.3287365734577179,0.05,0.08821048540994525,198,191.0026177831079,0.0023231354766407282,2.7606699990272675e-06
pair_082,SetB,15,330.0,438.0,59.862512209457634,0.5850467681884766,0.0,0.508804983923311,0.33228278160095215,0.05,0.08223257306963205,198,180.95303258028034,0.002320374806641701,0.00023197741471300218
pair_082,SetB,16,381.0,546.0,65.61860087742998,0.5838329792022705,0.0,0.5128666089137758,0.3206786513328552,0.14270509831248424,0.07706704223528504,198,127.58134659894448,0.0020883973919286988,5.1961278909475484e-05
pair_082,SetB,17,569.0,556.0,211.16002553111605,0.586699366569519,0.0,0.5356198294217047,0.3044258952140808,0.16249999999999998,0.08449719566851854,198,88.86506625215557,0.0020364361130192233,4.298820672014739e-05
pair_082,SetB,18,301.0,489.0,71.03034636873181,0.5933980941772461,0.0,0.5080991468249239,0.3383992612361908,0.14270509831248424,0.08761947276070714,198,199.3037882229036,0.001993447906299076,3.8764142634334624e-05
pair_082,SetB,19,350.0,474.0,22.710553934480696,0.589346170425415,0.0,0.5225479683367237,0.32012316584587097,0.16249999999999998,0.08890191442333162,198,152.2366578718805,0.0019546837636647413,1.8119228927236143e-06
pair_082,SetB,20,584.0,440.0,216.34692886881098,0.5789507627487183,0.0,0.5307798070526181,0.3078661859035492,0.16249999999999998,0.07920970395207405,198,103.22790320451152,0.0019528718407720177,6.521459918152695e-05
pair_083,SetB,1,611.5,430.5,262.7504871705289,0.6838166117668152,0.0,0.6084031541584441,0.34452974796295166,0.14270509831248424,0.6111412346363068,200,131.38683343470913,0.02680402004662042,0.011201161030439525
pair_083,SetB,2,433.5,459.5,179.875222560767,0.681376576423645,0.0,0.6065431959995587,0.31458234786987305,0.0875,0.6164960265159607,200,77.86205751198719,0.015602859016180895,0.002763055847376846
pair_083,SetB,3,627.5,399.5,297.1340533209776,0.683163046836853,0.0,0.6080784875648229,0.3382227420806885,0.11020817282989959,0.6187421530485153,200,162.34685090878727,0.01283980316880405,0.002000361369510057
pair_083,SetB,4,435.5,444.5,194.6402795736522,0.6825858950614929,0.0,0.6327964390062908,0.3450390696525574,0.11020817282989959,0.6187905520200729,200,85.091127622097,0.010839441799293992,0.0011243796527175484
pair_083,SetB,5,611.5,385.5,299.6412839092298,0.6860037446022034,0.0,0.6171210860899643,0.33514320850372314,0.05885254915624212,0.6147197932004929,200,159.82021148778398,0.009715062146576444,0.0004095015861349527
pair_083,SetB,6,450.5,443.5,195.02372660599548,0.6775419116020203,0.0,0.5980779975559707,0.31980836391448975,0.09358541225631423,0.6150535196065903,200,75.11657606680433,0.009305560560441491,0.00012133142023413625
pair_083,SetB,7,666.5,606.5,217.87848766398423,0.6834431290626526,0.0,0.6104856897502245,0.34207335114479065,0.14270509831248424,0.6143468469381332,200,197.64741334001818,0.009184229140207355,0.0004743545185890586
pair_083,SetB,8,484.5,440.5,200.8388151213277,0.681824803352356,0.0,0.6129313241338863,0.3423779606819153,0.05,0.5981963872909546,200,61.48577071160449,0.008709874621618296,0.00040003495023263093
pair_083,SetB,9,652.5,622.5,202.14833908139258,0.6830095052719116,0.0,0.6180922309323206,0.3417217433452606,0.08106601717798213,0.6116871386766434,200,195.60802642018552,0.008309839671385665,0.0004370283348138649
pair_083,SetB,10,647.5,367.5,334.76949903485,0.686356782913208,0.0,0.6352743499149975,0.32638922333717346,0.05885254915624212,0.6206696629524231,200,198.2738005889835,0.0078728113365718,0.0008512229556871479
pair_083,SetB,11,613.5,415.5,275.9520995563801,0.687140941619873,0.0,0.6248217747655206,0.3378182649612427,0.05,0.6128179728984833,200,141.50088338946864,0.007021588380884652,4.414348204214054e-06
pair_083,SetB,12,612.5,445.5,251.6826367109015,0.6860573291778564,0.0,0.620966093512783,0.34873688220977783,0.1662132317597294,0.6096538305282593,200,125.00599985600691,0.007017174032680438,4.1397121098600206e-05
pair_083,SetB,13,445.5,473.5,165.11433565452023,0.6804298758506775,0.0,0.6371775808717683,0.3187822699546814,0.16249999999999998,0.6091066002845764,200,60.60115510450275,0.006975776911581838,0.0006250796672266365
pair_083,SetB,14,443.5,443.5,195.16680458477285,0.6781248450279236,0.0,0.6171002037390921,0.3223821520805359,0.05885254915624212,0.6171031147241592,200,79.90306627407988,0.006350697244355202,0.00040243613569865624
pair_083,SetB,15,433.5,414.5,224.70464215433296,0.6852049827575684,0.0,0.615330915331666,0.3422239124774933,0.12961646096066226,0.621887132525444,200,108.3166653844181,0.005948261108656545,0.0001864879506134889
pair_083,SetB,16,624.5,459.5,249.3106451178925,0.6811227798461914,0.0,0.6340240891302622,0.3405595123767853,0.05,0.6111628711223602,200,130.92173234417578,0.0057617731580430565,0.00010393166087526058
pair_083,SetB,17,485.5,455.5,186.24865307631134,0.6847894787788391,0.0,0.6227541418747768,0.3463248014450073,0.125,0.5974130928516388,200,46.80277769534624,0.005657841497167796,0.0003238901946570399
pair_083,SetB,18,636.5,413.5,291.6337085037947,0.6793349981307983,0.0,0.6161375594196328,0.3342236578464508,0.05,0.6209283322095871,200,161.599814356329,0.005333951302510756,0.00020752176245342202
pair_083,SetB,19,474.5,411.5,228.23742956231953,0.681195855140686,0.0,0.599845161223624,0.33197855949401855,0.19366069605669878,0.613867312669754,200,92.10048859805251,0.005126429540057334,8.353807104363817e-05
pair_083,SetB,20,651.5,607.5,202.89805292304888,0.6799113154411316,0.0,0.620800394789137,0.3439899682998657,0.09358541225631423,0.6134807467460632,200,185.76463603172698,0.005042891469013696,0.0006682045171595343
pair_084,SetB,1,456.5,529.5,20.681808228757934,0.5668906569480896,0.0,0.35244310334640605,0.43972256779670715,0.05,0.32167716324329376,196,52.55949010407159,0.8853386279932223,0.0615312322374858
pair_084,SetB,2,462.5,633.5,83.49116093559336,0.5514390468597412,0.0,0.4090116604754932,0.45209217071533203,0.05,0.3072865195572376,196,138.66686698703478,0.8238073957557365,0.6464158103206871
pair_084,SetB,3,649.5,554.5,191.8926236152193,0.4897584319114685,0.0,0.2688943909161782,0.24332503974437714,0.16249999999999998,0.29197854548692703,196,159.12416535523445,0.17739158543504938,0.010320344582141955
pair_084,SetB,4,650.5,564.5,193.3765158007401,0.48950445652008057,0.0,0.17805677853321944,0.24303124845027924,0.16249999999999998,0.2940770387649536,196,163.73912177607403,0.16707124085290742,0.0016714227681766114
pair_084,SetB,5,634.5,560.5,177.14594765323994,0.4985995590686798,0.0,0.11230754862659052,0.256293386220932,0.125,0.30019378289580345,196,147.48050718654312,0.1653998180847308,0.0179564590578164
pair_084,SetB,6,446.5,357.5,192.97221930239368,0.5412107110023499,0.0,0.23789853223370727,0.4054470360279083,0.05885254915624212,0.29934893921017647,196,152.21202317819706,0.1474433590269144,0.004523489852125667
pair_084,SetB,7,566.5,538.5,109.46494069110217,0.49402835965156555,0.0,0.14448531041311652,0.2470228224992752,0.125,0.2893079183995724,196,76.84074440035052,0.14291986917478874,0.027646152771840515
pair_084,SetB,8,640.5,528.5,184.12053202568197,0.48298144340515137,0.0,0.18896252201911337,0.2346494346857071,0.14270509831248424,0.28996018320322037,196,143.3614313544616,0.11527371640294823,7.145401415209474e-05
pair_084,SetB,9,459.5,581.5,31.404706223624114,0.5720192790031433,0.0,0.5673302810890548,0.4527149200439453,0.1662132317597294,0.32788652926683426,196,91.0082413850526,0.11520226238879613,0.010203019287305923
pair_084,SetB,10,461.5,612.5,62.46890183390033,0.5751250386238098,0.0,0.40596802124298126,0.46756109595298767,0.12961646096066226,0.3286615461111069,196,118.90542460291708,0.10499924310149021,0.010205255398898383
pair_084,SetB,11,457.5,550.5,0.3839917327157892,0.5346013307571411,0.0,0.24782283433186142,0.39112475514411926,0.125,0.3031548745930195,196,66.00378777009695,0.09479398770259183,0.006394530760003125
pair_084,SetB,12,396.5,574.5,65.82622531030802,0.484977126121521,0.0,0.20569958265143248,0.24047617614269257,0.12961646096066226,0.29282745346426964,196,127.52450744856849,0.0883994569425887,0.00476148757309687
pair_084,SetB,13,450.5,498.5,52.14290624394617,0.5547485947608948,0.0,0.17750311101116695,0.3944852948188782,0.125,0.3096551112830639,196,49.52272205765753,0.08363796936949183,0.007421248576771011
pair_084,SetB,14,455.5,513.5,36.71283926141066,0.5659957528114319,0.0,0.5211892940881835,0.4456634223461151,0.12961646096066226,0.31964559853076935,196,46.502688094345686,0.07621672079272082,0.0014762425723667538
pair_084,SetB,15,447.5,514.5,37.068057675539016,0.49650704860687256,0.0,0.22282819460943237,0.293408066034317,0.1340990257669732,0.29691481962800026,196,54.46558546458488,0.07474047822035407,0.013137817516158404
pair_084,SetB,16,446.5,368.5,181.99173007372926,0.5297044515609741,0.0,0.1583647878069775,0.3876195251941681,0.1662132317597294,0.28961025923490524,196,141.9665453548828,0.061602660704195664,0.0002542762523190592
pair_084,SetB,17,376.5,565.5,82.59570095087535,0.4843960702419281,0.0,0.2966286574908734,0.24973413348197937,0.16249999999999998,0.2883039563894272,196,139.79449202311227,0.061348384451876604,0.0026543331085955232
pair_084,SetB,18,589.5,594.5,139.10294070170409,0.4890711307525635,0.0,0.3318879534469303,0.27309271693229675,0.125,0.2919030599296093,196,130.15567601914256,0.05869405134328108,0.004520803880168615
pair_084,SetB,19,445.5,347.5,203.01374228654933,0.5671678185462952,0.0,0.5699683025575073,0.44742369651794434,0.16249999999999998,0.31591179966926575,196,161.94597864720197,0.054173247463112466,0.000635428148077398
pair_084,SetB,20,449.5,545.5,9.388771121846997,0.5339345932006836,0.0,0.5405205283672229,0.35736334323883057,0.05,0.3202584683895111,196,67.97425983414604,0.05353781931503507,0.0004220877376792595
pair_085,SetB,1,643.0,475.0,158.96185884395823,0.7754390835762024,0.0,0.6826096084050504,0.5446476340293884,0.05,0.2849221471697092,199,145.16886718577092,0.13307955206070238,0.07256476555305558
pair_085,SetB,2,649.0,475.0,164.62785460716395,0.7726643681526184,0.0,0.6829510285234145,0.5455299019813538,0.16249999999999998,0.2926028836518526,199,151.08275877809487,0.060514786507646794,0.0003482616785113399
pair_085,SetB,3,376.0,481.0,126.36594792145429,0.777446448802948,0.0,0.68622080513571,0.5487669110298157,0.09358541225631423,0.28804514184594154,199,125.44720004846661,0.060166524829135454,0.006701197224937096
pair_085,SetB,4,513.0,540.0,23.02905559070492,0.7727417945861816,0.0,0.6830486039566088,0.547186017036438,0.05,0.29546825401484966,199,42.05948168962618,0.05346532760419836,0.0006299677621543695
pair_085,SetB,5,506.0,326.0,202.62405084342302,0.7693089842796326,0.0,0.6831194639410221,0.540947675704956,0.05,0.28563630813732743,199,174.1034175425629,0.05283535984204399,0.005044200082938856
pair_085,SetB,6,514.0,495.0,39.18829845540769,0.7740125060081482,0.0,0.6828723424059847,0.5457729697227478,0.05,0.2846703063696623,199,14.866068747318506,0.04779115975910513,0.00013800449733709919
pair_085,SetB,7,674.0,487.0,185.42776549320283,0.7716229557991028,0.0,0.6745297102258111,0.545784056186676,0.09358541225631423,0.2906762883067131,199,174.4849563716024,0.04765315526176803,0.0015150452883568033
pair_085,SetB,8,499.0,360.0,168.3196509704915,0.7740017175674438,0.0,0.6805673104686922,0.5491189956665039,0.05,0.2875282969325781,199,140.00357138301865,0.04613810997341123,0.006994778286407231
pair_085,SetB,9,531.0,327.0,204.73757321491854,0.7721649408340454,0.0,0.6776467295560565,0.5492321252822876,0.16249999999999998,0.2858162196353078,199,175.75551200460256,0.039143331687004,0.003028418781061054
pair_085,SetB,10,665.0,498.0,174.42599317522712,0.7781991362571716,0.0,0.6815682965423719,0.5568622350692749,0.09358541225631423,0.2937544882297516,199,165.01212076693034,0.036114912905942945,0.004456868203046686
pair_085,SetB,11,500.0,326.0,202.33400118311076,0.7812078595161438,0.0,0.6902009917531919,0.558707058429718,0.05,0.28835880383849144,199,174.0,0.03165804470289626,0.0003158268783386292
pair_085,SetB,12,516.0,360.0,169.7565975592189,0.7783653736114502,0.0,0.6924502609914172,0.5484073758125305,0.11020817282989959,0.28177397698163986,199,140.91131963046828,0.03134221782455763,0.001805557046481842
pair_085,SetB,13,393.0,470.0,115.89647323639129,0.7726843357086182,0.0,0.6833738837960888,0.5380797386169434,0.05,0.2904944457113743,199,111.12605455067681,0.029536660778075787,0.002839722401553644
pair_085,SetB,14,508.0,495.0,36.36295904349782,0.7697523236274719,0.0,0.6764492368088137,0.5213667750358582,0.1340990257669732,0.2847057683393359,199,9.433981132056603,0.026696938376522143,0.0008247935167340036
pair_085,SetB,15,512.0,304.0,225.00588510217187,0.774560272693634,0.0,0.6805056529076017,0.5535740852355957,0.05,0.29140687361359596,199,196.36700333813724,0.02587214485978814,0.003098588789097481
pair_085,SetB,16,645.0,520.0,152.0105792549047,0.7773078680038452,0.0,0.6913488752618411,0.5577742457389832,0.05,0.29987181536853313,199,146.37281168304446,0.02277355607069066,9.836855704344408e-05
pair_085,SetB,17,528.0,338.0,193.37503124945394,0.7808340787887573,0.0,0.6883611326860973,0.5693076848983765,0.09358541225631423,0.2824520692229271,199,164.40194646049662,0.022675187513647214,0.00037476149356767754
pair_085,SetB,18,382.0,481.0,120.82140017198405,0.7714349627494812,0.0,0.6829606751904589,0.5393432974815369,0.08106601717798213,0.2846558056771755,199,119.5198728245642,0.022300426020079537,0.0013231420107199209
pair_085,SetB,19,637.0,475.0,153.32127908967982,0.7687090039253235,0.0,0.6793312900304584,0.541265070438385,0.12961646096066226,0.28632364608347416,199,139.26234236145822,0.020977284009359616,0.0013979621751042635
pair_085,SetB,20,385.0,470.0,122.8795422953941,0.7708451747894287,0.0,0.6792685542094616,0.5337243676185608,0.09358541225631423,0.281561728566885,199,118.84864324004712,0.019579321834255353,0.00488102215437046
pair_086,SetB,1,524.0,405.0,66.82924114827752,0.1774994283914566,0.0,0.15081241239322846,0.09736049920320511,0.0875,0.07955055427737534,171,97.98469268207153,0.041314028341969185,0.011638120377928149
pair_086,SetB,2,526.0,429.0,73.82584795751927,0.1789853721857071,0.0,0.15358418597831316,0.08791031688451767,0.09358541225631423,0.08134383242577314,171,75.61084578286372,0.029675907964041036,0.014131628263342895
pair_086,SetB,3,525.0,417.0,69.37724158216938,0.1750500500202179,0.0,0.1590482207018341,0.0929626002907753,0.125,0.07936973450705409,171,86.68333173107735,0.015544279700698141,0.0017125523363968383
pair_086,SetB,4,507.0,378.0,55.31602560289942,0.17485301196575165,0.0,0.11572365147374428,0.08049103617668152,0.125,0.07200047327205539,171,122.20065466273084,0.013831727364301303,0.0020274464349461976
pair_086,SetB,5,508.0,390.0,52.20073625531239,0.17136958241462708,0.0,0.1294747160361526,0.0859120637178421,0.0875,0.07792470278218389,171,110.2905254316979,0.011804280929355105,0.0013041273095434468
pair_086,SetB,6,526.0,352.0,85.10934448693293,0.16295155882835388,0.0,0.1425662029423657,0.10405027121305466,0.16249999999999998,0.06373782327864319,171,150.2664300500947,0.010500153619811659,0.00021833175296276028
pair_086,SetB,7,532.0,388.0,76.0944968491271,0.16553016006946564,0.0,0.15851547923780013,0.07127028703689575,0.09358541225631423,0.06492420611903071,171,116.48175822848829,0.010281821866848898,0.0021825652904417445
pair_086,SetB,8,514.0,426.0,61.576690373249846,0.16757282614707947,0.0,0.1340617337902276,0.09371279925107956,0.17694368026754387,0.07593073090538383,171,75.31268153505093,0.008099256576407154,0.000290114570332037
pair_086,SetB,9,533.0,400.0,75.79859251871288,0.16642601788043976,0.0,0.16023342533395832,0.09307955950498581,0.16249999999999998,0.06970122782513499,171,105.30432089900205,0.007809142006075117,5.7133519135403946e-05
pair_086,SetB,10,519.0,381.0,65.28728603506426,0.16012385487556458,0.0,0.14607307654360197,0.08698875457048416,0.16249999999999998,0.07589941914193332,171,120.50726119201282,0.007752008486939713,7.207992735104758e-05
pair_086,SetB,11,520.0,389.0,64.1299045544218,0.17155398428440094,0.0,0.14588123029947422,0.0746762603521347,0.19366069605669878,0.07341952435672283,171,112.78741064498288,0.007679928559588665,1.9523002242454943e-05
pair_086,SetB,12,467.0,600.0,198.0958900538642,0.15911446511745453,0.0,0.13036579719921235,0.03683518245816231,0.16249999999999998,0.0718536120839417,171,105.30432089900205,0.00766040555734621,0.001331454402981433
pair_086,SetB,13,527.0,360.0,81.50960347916295,0.17033617198467255,0.0,0.13348351528886196,0.0906561091542244,0.19366069605669878,0.07037871656939387,171,142.57980221616245,0.006328951154364777,0.00043799935346841654
pair_086,SetB,14,319.0,421.0,139.5117511999904,0.17071600258350372,0.0,0.12551439552445787,0.07773345708847046,0.19366069605669878,0.0716604720801115,171,197.48924021323288,0.005890951800896361,0.00035172227793996234
pair_086,SetB,15,490.0,436.0,47.1159387651373,0.1587841659784317,0.0,0.1267921474787153,0.07515143603086472,0.09358541225631423,0.07477327948436141,171,64.77653896280658,0.005539229522956398,0.0001708887809463962
pair_086,SetB,16,528.0,372.0,76.92119107519353,0.17726656794548035,0.0,0.13277648334291953,0.08283253759145737,0.17694368026754387,0.06649490958079696,171,131.0267148332736,0.005368340742010002,0.00017827719516739105
pair_086,SetB,17,526.0,344.0,90.05510560469742,0.1681874692440033,0.0,0.10950404621299888,0.10359922796487808,0.11020817282989959,0.07525167043786496,171,158.15182578775372,0.005190063546842611,0.0001616938918776933
pair_086,SetB,18,327.0,603.0,239.3804622980337,0.16624940931797028,0.0,0.1282994057115296,0.07245686650276184,0.05,0.07246109936386347,171,201.34050759844627,0.005028369654964918,0.00014287107946544218
pair_086,SetB,19,515.0,365.0,68.67988718343179,0.1744592934846878,0.0,0.13967432374030905,0.08764378726482391,0.14270509831248424,0.07448942260816693,171,135.83077707206124,0.004885498575499476,0.00013755587830953375
pair_086,SetB,20,511.0,345.0,78.46390796074607,0.16657038033008575,0.0,0.13228236514537126,0.09989800304174423,0.1662132317597294,0.07968912972137332,171,155.3898323572041,0.004747942697189942,0.0001891696471784327
pair_087,SetB,1,562.0,484.0,0.35974940726065907,0.8188492059707642,0.0,0.6589995917742464,0.6008747816085815,0.05,0.6164033561944962,200,64.03124237432849,0.33492524720139333,0.2631385302859798
pair_087,SetB,2,562.0,445.0,38.74738892213291,0.8133603930473328,0.0,0.7155212387896313,0.61484295129776,0.09358541225631423,0.586318239569664,200,82.87943049997388,0.07178671691541355,0.004552204119658454
pair_087,SetB,3,562.0,471.0,12.749104381028463,0.8169733285903931,0.0,0.6742231129685634,0.6058899760246277,0.05,0.6206880435347557,200,68.4470598345904,0.0672345127957551,0.021754015831340658
pair_087,SetB,4,398.0,649.0,232.63926576794907,0.8202807307243347,0.0,0.7236736934848712,0.6169262528419495,0.05,0.5832816287875175,200,180.56854654119581,0.04548049696441444,0.008415096718117493
pair_087,SetB,5,561.0,561.0,77.25704138861313,0.7173094153404236,0.0,0.6378191501752406,0.5455324649810791,0.12961646096066226,0.5476850047707558,200,86.2670273047588,0.037065400246296946,0.00901554036061598
pair_087,SetB,6,394.0,481.0,167.76717671704617,0.6714777946472168,0.0,0.6781093171691855,0.4800257384777069,0.14270509831248424,0.45750703662633896,200,107.68936809174804,0.028049859885680966,0.003910843824016307
pair_087,SetB,7,400.0,494.0,162.06936485247624,0.8117226958274841,0.0,0.7479152430898235,0.5868754386901855,0.11020817282989959,0.6100297644734383,200,100.17983829094555,0.02413901606166466,4.067462594765231e-05
pair_087,SetB,8,564.0,329.0,154.76298157592674,0.8201237320899963,0.0,0.6921548631754482,0.605661153793335,0.05,0.6033542528748512,200,182.58422713914803,0.024098341435717006,0.0005178702700952935
pair_087,SetB,9,563.0,432.0,51.7617716562313,0.7007304430007935,0.0,0.6429474846106294,0.5280110239982605,0.0875,0.5489629879593849,200,92.69843580125827,0.023580471165621713,0.0025681478903835687
pair_087,SetB,10,561.0,535.0,51.25886196441111,0.8092255592346191,0.0,0.7366711058384305,0.5670819878578186,0.0875,0.591641940176487,200,70.32780389006896,0.021012323275238144,0.00017428990321072257
pair_087,SetB,11,400.0,533.0,169.0776398434697,0.8169945478439331,0.0,0.6880368889445194,0.6086913347244263,0.0875,0.5917082205414772,200,105.30432089900205,0.02083803337202742,0.0016674376093259238
pair_087,SetB,12,553.0,664.0,180.46544457612322,0.6707820892333984,0.0,0.649695885535035,0.44896647334098816,0.125,0.46517182514071465,200,172.35138525698017,0.019170595762701498,0.00036593299187403366
pair_087,SetB,13,562.0,458.0,25.74781360427898,0.8161991238594055,0.0,0.6952903002320341,0.6071752309799194,0.11020817282989959,0.6190679222345352,200,74.88658090739622,0.018804662770827464,0.0045378605755823035
pair_087,SetB,14,401.0,443.0,165.8286390025394,0.818823516368866,0.0,0.6556271155591272,0.6040200591087341,0.12961646096066226,0.5864776894450188,200,114.23659658795863,0.01426680219524516,0.003194187276106382
pair_087,SetB,15,401.0,456.0,163.12181727332552,0.8079496026039124,0.0,0.6226798853196354,0.5716252326965332,0.05,0.6110368818044662,200,108.33743581975715,0.011072614919138779,0.0014495996942810868
pair_087,SetB,16,395.0,443.0,171.65102338895545,0.6621400117874146,0.0,0.5459991518990625,0.44775351881980896,0.05885254915624212,0.43187136203050613,200,119.47384651043926,0.009623015224857692,3.7277970611853534e-05
pair_087,SetB,17,398.0,623.0,214.95080475033146,0.6681714057922363,0.0,0.6516464664250228,0.5102484822273254,0.09358541225631423,0.4951709806919098,200,159.7904878270293,0.009585737254245838,0.0002273586838962751
pair_087,SetB,18,394.0,468.0,168.48215284264066,0.6569742560386658,0.0,0.6946817683330135,0.44617530703544617,0.1340990257669732,0.44588249921798706,200,110.72488428533127,0.009358378570349563,5.3738796991454826e-05
pair_087,SetB,19,402.0,365.0,199.04549626795128,0.739098846912384,0.0,0.6571456108005986,0.5315099358558655,0.09358541225631423,0.5544279590249062,200,166.82026255823962,0.009304639773358108,0.0004175025764600361
pair_087,SetB,20,400.0,546.0,173.31139042819927,0.720388650894165,0.0,0.6399843481386565,0.5653942227363586,0.05,0.5627184957265854,200,110.07270324653611,0.008887137196898072,0.0004974280126679095
pair_088,SetB,1,581.0,357.0,278.7754086203702,0.49807068705558777,0.0,0.4587770218132553,0.3681497275829315,0.05,0.37965598702430725,200,164.34719346554112,0.9344780830472951,0.040913118370435986
pair_088,SetB,2,583.0,636.0,0.35811793522282404,0.5216779708862305,0.0,0.4792599344052083,0.4027726650238037,0.05,0.39335885643959045,200,159.3267083699403,0.8935649646768591,0.040793325988888185
pair_088,SetB,3,582.0,496.0,139.77193747808286,0.48175525665283203,0.0,0.46731304614451585,0.32155871391296387,0.05,0.38062845170497894,200,82.09750300709517,0.8527716386879709,0.42989143333210045
pair_088,SetB,4,582.0,457.0,178.77067630711986,0.4685131013393402,0.0,0.4487253809354903,0.2967701852321625,0.05,0.3668917790055275,200,92.59049627256569,0.42288020535587045,0.019946536096078382
pair_088,SetB,5,582.0,513.0,122.77273796744905,0.46927931904792786,0.0,0.4440637325188584,0.30380013585090637,0.05885254915624212,0.37633180618286133,200,83.02409288875127,0.40293366925979207,0.07113423491810222
pair_088,SetB,6,582.0,502.0,133.77219677239088,0.47039923071861267,0.0,0.4450999977458797,0.298801988363266,0.05,0.37169504538178444,200,82.02438661763951,0.33179943434168985,0.1277033636916241
pair_088,SetB,7,583.0,580.0,55.76681600859637,0.467286080121994,0.0,0.4398679345241928,0.2782755494117737,0.05,0.3685513958334923,200,115.27792503337315,0.20409607065006574,0.05679060345357867
pair_088,SetB,8,583.0,630.0,5.772531985304346,0.4842456579208374,0.0,0.4485278205126332,0.37758249044418335,0.16249999999999998,0.3805805370211601,200,154.23683088030563,0.14730546719648707,0.10098149108944454
pair_088,SetB,9,591.0,552.0,84.12195224569425,0.388492614030838,0.0,0.31623716785861444,0.19035181403160095,0.125,0.33339282870292664,200,104.80935072788114,0.04632397610704253,0.0057799564827041156
pair_088,SetB,10,495.0,637.0,88.27985268941542,0.39432036876678467,0.0,0.3285923436461009,0.25277164578437805,0.1662132317597294,0.3428509011864662,200,137.09121051329294,0.040544019624338415,0.0008047309989362081
pair_088,SetB,11,582.0,485.0,150.77151570394344,0.483113169670105,0.0,0.46029163384938543,0.3215258717536926,0.1662132317597294,0.38367197662591934,200,83.3606621854697,0.03973928862540221,0.007049576834681853
pair_088,SetB,12,583.0,563.0,72.76666191388632,0.4558389484882355,0.0,0.4361322795768525,0.26176881790161133,0.05885254915624212,0.3570825569331646,200,104.20172743289815,0.032689711790720354,0.0010755212566308375
pair_088,SetB,13,590.0,457.0,178.8927472804716,0.39160075783729553,0.0,0.3164460193397094,0.2095039039850235,0.125,0.3354729786515236,200,99.74467404327912,0.031614190534089516,0.0009850016309140876
pair_088,SetB,14,582.0,474.0,161.77115128771206,0.47395890951156616,0.0,0.44516911410782667,0.29235875606536865,0.12961646096066226,0.3749919459223747,200,86.02325267042627,0.03062918890317543,0.0022906347906006402
pair_088,SetB,15,583.0,619.0,16.768350151661405,0.42349040508270264,0.0,0.4228517902438774,0.2601633667945862,0.14270509831248424,0.34739094972610474,200,145.08618128546908,0.028338554112574788,1.5985943564819638e-05
pair_088,SetB,16,397.0,358.0,334.441338244643,0.4265483319759369,0.0,0.37570672434283575,0.28557702898979187,0.12961646096066226,0.34723056852817535,200,175.4223474931287,0.02832256816900997,0.0022459179575947293
pair_088,SetB,17,491.0,631.0,92.39424282283983,0.4006703794002533,0.0,0.3483099451382803,0.2812541127204895,0.1662132317597294,0.3547353222966194,200,131.30879635424276,0.02607665021141524,0.00020714405443322467
pair_088,SetB,18,582.0,541.0,94.77468242301501,0.4413175880908966,0.0,0.42095780672319827,0.2613376975059509,0.05,0.34729044511914253,200,91.67878707749138,0.025869506156982015,0.003517970171014056
pair_088,SetB,19,589.0,356.0,279.8248042732244,0.41587111353874207,0.0,0.3544494366682784,0.2865544557571411,0.16249999999999998,0.336300041526556,200,169.28378540191025,0.02235153598596796,0.00020518998577557027
pair_088,SetB,20,589.0,362.0,273.82608935140297,0.3986002504825592,0.0,0.3180143073422358,0.2794751524925232,0.16249999999999998,0.3326195105910301,200,164.21023110634732,0.02214634600019239,0.0003549552961004433
pair_089,SetB,1,615.0,401.0,0.2064131811643376,0.814505398273468,0.0,0.7708336197546868,0.6014209389686584,0.05,0.36745205521583557,144,151.74320413119,0.9071246016721268,0.2687607195688346
pair_089,SetB,2,478.0,393.0,137.07252140012682,0.7985009551048279,0.0,0.7554787630475379,0.5681747794151306,0.05,0.37051471322774887,144,109.23827168167757,0.6383638821032922,0.01780434769610384
pair_089,SetB,3,604.0,576.0,175.2154577435956,0.7443608045578003,0.0,0.6697700481016742,0.4550885856151581,0.05,0.36263763159513474,144,128.80993750483694,0.6205595344071884,0.2331053340212848
pair_089,SetB,4,468.0,568.0,222.28051311021417,0.7471824288368225,0.0,0.6823416282739215,0.48192325234413147,0.05,0.3704469781368971,144,75.15317691222374,0.38745420038590356,0.22361353550161311
pair_089,SetB,5,336.0,483.0,290.6055258787717,0.697368323802948,0.0,0.6299460061742667,0.47672829031944275,0.05,0.4521011672914028,144,164.87874332369228,0.16384066488429044,0.02770696810959472
pair_089,SetB,6,342.0,385.0,273.3076032590945,0.7866658568382263,0.0,0.7320131373769578,0.5193976163864136,0.05,0.3746260777115822,144,195.420060382756,0.13613369677469572,0.08640248840917836
pair_089,SetB,7,334.0,505.0,299.4288451053866,0.6865203976631165,0.0,0.6193274264050423,0.44986188411712646,0.05,0.4285851866006851,144,166.0752841334315,0.04973120836551736,0.005839048523239715
pair_089,SetB,8,335.0,494.0,294.8433524368686,0.6902173161506653,0.0,0.6198294666313294,0.4695590138435364,0.05,0.4578539952635765,144,165.10905486980417,0.043892159842277644,0.022165214581846986
pair_089,SetB,9,611.0,467.0,65.99166731729703,0.6859052181243896,0.0,0.6218496770144926,0.4435446560382843,0.05,0.4526435323059559,144,115.80155439371269,0.021726945260430657,0.006964644346127476
pair_089,SetB,10,467.0,579.0,231.2912823983519,0.5668186545372009,0.0,0.45993452490167286,0.36864346265792847,0.12961646096066226,0.4214507080614567,144,85.61541917201598,0.01476230091430318,0.0015090889929429366
pair_089,SetB,11,460.0,688.0,325.9957266444686,0.6889752149581909,0.0,0.6242272548690639,0.47724777460098267,0.05,0.45240236818790436,144,192.2082204277434,0.013253211921360244,0.00022980476088986686
pair_089,SetB,12,611.0,456.0,55.01393451415049,0.6855041980743408,0.0,0.6198684014154923,0.44083109498023987,0.08106601717798213,0.43566636368632317,144,119.4026800369238,0.013023407160470377,0.0005551865919229716
pair_089,SetB,13,462.0,567.0,225.55231698938678,0.5666345357894897,0.0,0.46519700741303327,0.29127630591392517,0.16249999999999998,0.19619443453848362,144,77.02596964660685,0.012468220568547406,0.00022701208688848291
pair_089,SetB,14,477.0,415.0,138.528964814265,0.589551568031311,0.0,0.5338184982519848,0.3784104287624359,0.09358541225631423,0.38099756091833115,144,88.05679985100527,0.012241208481658923,0.0025368440492028396
pair_089,SetB,15,471.0,513.0,182.22184217200396,0.6761786341667175,0.0,0.6110920480799704,0.4331530034542084,0.0875,0.4206357318907976,144,31.78049716414141,0.009704364432456083,0.00015965837438954196
pair_089,SetB,16,476.0,426.0,141.0436276385642,0.5867829322814941,0.0,0.5857906527606236,0.37254592776298523,0.16249999999999998,0.4011623151600361,144,77.79460135510689,0.009544706058066541,0.00032094918044618496
pair_089,SetB,17,609.0,500.0,99.05215257516889,0.6863549947738647,0.0,0.6309855579556638,0.39295902848243713,0.05,0.4477706700563431,144,109.0,0.009223756877620356,0.0002352033259717598
pair_089,SetB,18,608.0,522.0,121.07322949066067,0.6620713472366333,0.0,0.6070925514984038,0.35802969336509705,0.05885254915624212,0.4195055738091469,144,110.21796586763884,0.008988553551648596,0.0033951547284271763
pair_089,SetB,19,607.0,532.0,131.11444257939678,0.5909309983253479,0.0,0.5838833520760571,0.3988655209541321,0.08106601717798213,0.3870162961538881,144,111.68258592994702,0.00559339882322142,0.00030420572229779633
pair_089,SetB,20,466.0,601.0,249.2048460263119,0.5780274271965027,0.0,0.5881296231582707,0.37650930881500244,0.05,0.4098413623869419,144,106.56922632730333,0.005289193100923624,0.00013151485612706952
pair_090,SetB,1,348.0,417.0,0.520674180839408,0.4490377902984619,0.0,0.46074922398824625,0.3108518421649933,0.05,0.2643857039511204,164,173.18487231857176,0.8747887556549195,0.20600788243294166
pair_090,SetB,2,363.0,602.0,185.0867976504657,0.4260377287864685,0.0,0.4512560943362909,0.25085413455963135,0.05,0.24303189292550087,164,170.8010538609174,0.6687808732219779,0.3029020373460909
pair_090,SetB,3,359.0,553.0,135.92381002155125,0.4215812385082245,0.0,0.4661826719081029,0.24112068116664886,0.05,0.2607530113309622,164,150.63200191194434,0.365878835875887,0.03678619884327844
pair_090,SetB,4,601.0,509.0,269.0093492920433,0.42919665575027466,0.0,0.4403124647770096,0.25490057468414307,0.11020817282989959,0.2705966383218765,164,101.40019723846694,0.32909263703260855,0.003604242427044435
pair_090,SetB,5,366.0,548.0,131.7124326175566,0.3615347146987915,0.0,0.3516970077298596,0.19289235770702362,0.16249999999999998,0.23687027767300606,164,142.33762678926468,0.3254883946055641,0.023386755408025872
pair_090,SetB,6,592.0,397.0,244.83863955604517,0.4371960759162903,0.0,0.4301094736030144,0.31664830446243286,0.125,0.26217177137732506,164,138.10503249338888,0.30210163919753824,0.05042477775153431
pair_090,SetB,7,600.0,499.0,264.8234866541185,0.421842485666275,0.0,0.4495551307654677,0.2192324548959732,0.05,0.26567769050598145,164,100.00499987500625,0.25167686144600393,0.07162940329083506
pair_090,SetB,8,364.0,612.0,195.13501374020225,0.3643955588340759,0.0,0.36392263378002204,0.24588195979595184,0.16249999999999998,0.2318532057106495,164,176.1817243643619,0.18004745815516887,0.017277103180694475
pair_090,SetB,9,517.0,560.0,221.02895706495366,0.32374250888824463,0.0,0.29229217142141073,0.11825918406248093,0.12961646096066226,0.1885362733155489,164,62.36184731067546,0.1627703549744744,0.02837642785306932
pair_090,SetB,10,601.0,553.0,286.97082529127437,0.4403231143951416,0.0,0.4055336748952506,0.2759433686733246,0.16249999999999998,0.2637634240090847,164,114.06138698087096,0.13439392712140508,0.0037388389891271356
pair_090,SetB,11,357.0,529.0,111.84069781826348,0.43409571051597595,0.0,0.4588789699551641,0.2492215782403946,0.16249999999999998,0.2697916217148304,164,145.91093173576817,0.13065508813227794,0.024712923968217212
pair_090,SetB,12,360.0,563.0,145.97202832618046,0.447127103805542,0.0,0.4590182152569209,0.2789326012134552,0.14270509831248424,0.2805650159716606,164,153.52198539622916,0.10594216416406073,0.032536753206259636
pair_090,SetB,13,607.0,494.0,270.03400130150965,0.3476714491844177,0.0,0.3223245169171416,0.19275633990764618,0.14270509831248424,0.2355455942451954,164,107.16809226630845,0.07340541095780109,0.003570504075218084
pair_090,SetB,14,492.0,562.0,203.97023893323197,0.3225000500679016,0.0,0.25898071570983733,0.14243808388710022,0.05885254915624212,0.18828579783439636,164,62.51399843235114,0.06983490688258301,0.00724066324744517
pair_090,SetB,15,607.0,582.0,306.79441158951516,0.4152993857860565,0.0,0.43838551708210005,0.24184982478618622,0.05,0.24654129147529602,164,134.80726983364065,0.06259424363513784,0.0017584242533341954
pair_090,SetB,16,361.0,573.0,156.0204601215613,0.45781567692756653,0.0,0.4255736011602482,0.24884749948978424,0.16249999999999998,0.26444923132658005,164,157.00318468107582,0.060835819381803644,0.009118860447481093
pair_090,SetB,17,593.0,500.0,258.489376400375,0.35842493176460266,0.0,0.31004110069307134,0.18903017044067383,0.16249999999999998,0.22776548564434052,164,93.0,0.05171695893432255,0.004479983779543367
pair_090,SetB,18,587.0,339.0,251.546273302097,0.4214169681072235,0.0,0.4358140663749431,0.24007238447666168,0.05885254915624212,0.2632778286933899,164,183.0027322200409,0.04723697515477918,0.0012342738679359117
pair_090,SetB,19,580.0,345.0,243.04856404851697,0.33252084255218506,0.0,0.30032559685233495,0.1383374035358429,0.125,0.21146664395928383,164,174.42763542512407,0.04600270128684327,0.0007384485721778286
pair_090,SetB,20,593.0,407.0,245.20299823317714,0.3715090751647949,0.0,0.3459225950826501,0.23190194368362427,0.05,0.23564321547746658,164,131.52186130069785,0.04526425271466544,0.011438609682510682
pair_091,SetB,1,502.0,581.0,132.36507499030088,0.7580002546310425,0.0,0.685389136371956,0.6019151210784912,0.05,0.6192149966955185,188,81.02468759581859,0.2655517482459531,0.043245837469554016
pair_091,SetB,2,579.0,586.0,206.90552918912434,0.7613094449043274,0.0,0.6705563428806232,0.6160276532173157,0.0875,0.628975972533226,188,116.77756633874505,0.2223059107763991,0.0766609988037012
pair_091,SetB,3,513.0,421.0,172.3365559604594,0.7539799213409424,0.0,0.6726006729655496,0.576742947101593,0.11020817282989959,0.6314798593521118,188,80.06247560499239,0.1456449119726979,0.013929028899271112
pair_091,SetB,4,565.0,585.0,193.17388827629065,0.7581148147583008,0.0,0.6862763312708768,0.6073294878005981,0.05,0.626457467675209,188,107.00467279516349,0.1317158830734268,0.06278174721802052
pair_091,SetB,5,524.0,411.0,187.18484146452676,0.7575387358665466,0.0,0.6860959906105881,0.5986348390579224,0.05,0.6530878245830536,188,92.17917335276988,0.06893413585540628,0.009389441841716972
pair_091,SetB,6,592.0,587.0,219.70917917568946,0.7621645331382751,0.0,0.6616371357638366,0.6009383201599121,0.05,0.6280300617218018,188,126.62148316932637,0.05954469401368931,0.009429163216804384
pair_091,SetB,7,527.0,572.0,153.05729753339494,0.7503291368484497,0.0,0.6700035770083292,0.6067642569541931,0.05,0.6541701108217239,188,76.89603370785778,0.050115530796884925,0.006349476281418173
pair_091,SetB,8,611.0,588.0,238.35577981756927,0.7620581388473511,0.0,0.6822579180081234,0.6074830889701843,0.09358541225631423,0.6289368271827698,188,141.65097952361643,0.04376605451546675,0.006248250153867464
pair_091,SetB,9,599.0,523.0,219.38147020907567,0.7495073676109314,0.0,0.6735656541357362,0.597408652305603,0.05,0.6395970582962036,188,101.6366075781753,0.03751780436159929,0.0004526320855783722
pair_091,SetB,10,542.0,348.0,244.03576244417488,0.7511891722679138,0.0,0.667244878006674,0.6044999957084656,0.05,0.6254557073116302,188,157.69590990257166,0.037065172276020915,0.0003561760139938752
pair_091,SetB,11,517.0,357.0,221.0552648110231,0.7581486701965332,0.0,0.6833423869713702,0.6110431551933289,0.05,0.6509825587272644,188,144.00694427700353,0.03670899626202704,0.005980456348585773
pair_091,SetB,12,516.0,582.0,145.74724688459375,0.7551339864730835,0.0,0.6664341456269356,0.6164025664329529,0.05,0.626536950469017,188,83.54639429682169,0.030728539913441266,0.0023448249022760548
pair_091,SetB,13,646.0,419.0,288.5781609449635,0.7562128305435181,0.0,0.6748376778499783,0.6004222631454468,0.05,0.6219950318336487,188,166.96406799069075,0.02838371501116521,0.002332801822902228
pair_091,SetB,14,387.0,338.0,192.41403793849193,0.7509254217147827,0.0,0.6664590970663689,0.5936421751976013,0.05,0.6292175501585007,188,197.51708786836647,0.026050913188262984,0.0015310630178206608
pair_091,SetB,15,538.0,562.0,161.40883706294906,0.7502700686454773,0.0,0.670781627269452,0.6032220721244812,0.05,0.6521203368902206,188,72.71863585079137,0.024519850170442323,0.00011413604140547012
pair_091,SetB,16,390.0,413.0,117.72500553326898,0.7519527077674866,0.0,0.6774939712868153,0.5665319561958313,0.05,0.6338619887828827,188,140.24621207005913,0.024405714129036853,0.002708394680404659
pair_091,SetB,17,493.0,559.0,116.84608471651933,0.7542645335197449,0.0,0.6779706501687068,0.604765772819519,0.05,0.638471707701683,188,59.413803110051795,0.021697319448632194,0.0016768051435073345
pair_091,SetB,18,377.0,573.0,42.81072879815743,0.7502222061157227,0.0,0.6700679958302392,0.5836522579193115,0.11020817282989959,0.6211637854576111,188,143.0314650697531,0.02002051430512486,0.0013194965340147594
pair_091,SetB,19,393.0,574.0,45.68969667150767,0.7587656378746033,0.0,0.6762316319233563,0.6019634008407593,0.05,0.5880149900913239,188,130.09611831257686,0.0187010177711101,0.0005273086315937398
pair_091,SetB,20,399.0,403.0,128.7261057328366,0.7519776225090027,0.0,0.6767916878013314,0.5979911088943481,0.05,0.6223097145557404,188,140.03570973148243,0.01817370913951636,0.0009564559364984883
pair_092,SetB,1,395.0,370.0,0.23575506796076695,0.564482569694519,0.0,0.5291028597287671,0.4160732328891754,0.05,0.33246761932969093,164,167.10774967068403,0.9094843556245098,0.3619545327050132
pair_092,SetB,2,411.0,560.0,190.45972016845926,0.5524611473083496,0.0,0.5312699527492636,0.3942829966545105,0.05,0.3237593434751034,164,107.33592129385204,0.5475298229194966,0.05757446936465177
pair_092,SetB,3,414.0,597.0,227.58093663563469,0.5461094379425049,0.0,0.5348259439726579,0.3783433735370636,0.05,0.32096657156944275,164,129.634100452003,0.4899553535548448,0.1559262212629028
pair_092,SetB,4,401.0,396.0,26.48745475720619,0.5565504431724548,0.0,0.5429820377026912,0.3748841881752014,0.125,0.3305111192166805,164,143.58621103713267,0.33402913229194203,0.09121401637445392
pair_092,SetB,5,416.0,618.0,248.67479165858506,0.5478498339653015,0.0,0.5215606025681332,0.39736631512641907,0.125,0.3081269934773445,164,144.84474446799925,0.2428151159174881,0.014833864356553789
pair_092,SetB,6,678.0,559.0,340.25549894950944,0.5533336400985718,0.0,0.49235928296363585,0.40525269508361816,0.05,0.3208807483315468,164,187.52333188166213,0.22798125156093432,0.011959360002349956
pair_092,SetB,7,392.0,333.0,37.33467379189348,0.5514200925827026,0.0,0.5061560997534382,0.37654373049736023,0.05,0.32689589634537697,164,198.8793604173143,0.21602189155858437,0.07018795708441225
pair_092,SetB,8,398.0,359.0,11.63647481886475,0.5486452579498291,0.0,0.5310676580944279,0.3661184012889862,0.0875,0.3254211060702801,164,174.0258601472781,0.14583393447417212,0.013697635839459543
pair_092,SetB,9,393.0,349.0,21.306954122167443,0.557794451713562,0.0,0.5422717526531571,0.41495534777641296,0.05,0.3270963430404663,164,185.06755523321746,0.13213629863471257,0.02907348630863711
pair_092,SetB,10,399.0,423.0,52.937148776394174,0.538230836391449,0.0,0.5355308510058324,0.3592589199542999,0.0875,0.3119372986257076,164,127.00393694685216,0.10306281232607546,0.0028568491397120005
pair_092,SetB,11,664.0,395.0,270.22179552059566,0.5625169277191162,0.0,0.5586284431237393,0.41197144985198975,0.05885254915624212,0.32750609517097473,164,194.7331507473753,0.10020596318636346,0.024037431792838182
pair_092,SetB,12,668.0,533.0,317.9176132938287,0.5217453241348267,0.0,0.48929891860736907,0.39893075823783875,0.05,0.3018314279615879,164,171.2103968805633,0.07616853139352528,0.00819400954717625
pair_092,SetB,13,503.0,563.0,221.01108710861345,0.5123577117919922,0.0,0.5044866200476918,0.31341850757598877,0.14270509831248424,0.30184563249349594,164,63.071388124885914,0.06797452184634903,0.01687659953982426
pair_092,SetB,14,398.0,407.0,36.90844474855369,0.5676678419113159,0.0,0.543622269512626,0.42992669343948364,0.2,0.3324183225631714,164,138.03260484392808,0.05109792230652477,0.0016932526381812987
pair_092,SetB,15,675.0,522.0,318.5649491894465,0.5187578797340393,0.0,0.4755618374998333,0.41536539793014526,0.12961646096066226,0.2988336384296417,164,176.3774361986249,0.04940466966834347,0.0034241782319302735
pair_092,SetB,16,411.0,608.0,238.32274493676587,0.5136219263076782,0.0,0.508197664458328,0.3951945900917053,0.12961646096066226,0.3038999065756798,164,139.94641831786907,0.045980491436413196,0.00013605810636889426
pair_092,SetB,17,515.0,328.0,127.28929400195385,0.5208868980407715,0.0,0.5075612820282035,0.31232360005378723,0.05,0.30743715912103653,164,172.6528308484978,0.0458444333300443,0.011600696028361189
pair_092,SetB,18,490.0,410.0,103.06904924389463,0.5184382796287537,0.0,0.5047539276118355,0.2951439619064331,0.16249999999999998,0.30317895859479904,164,90.55385138137417,0.03424373730168311,0.001728003247021194
pair_092,SetB,19,450.0,408.0,66.79409205788185,0.5176597237586975,0.0,0.50864636259695,0.30114543437957764,0.09358541225631423,0.30996398627758026,164,104.70912090166739,0.03251573405466192,0.003349095404436373
pair_092,SetB,20,403.0,417.0,47.472671570104055,0.5396361351013184,0.0,0.5144968262640036,0.3479772210121155,0.125,0.3147897236049175,164,127.66362050325849,0.029166638650225545,0.0011896716329082638
pair_093,SetB,1,410.5,506.5,156.6781691362187,0.7137622237205505,0.0,0.7416592635299027,0.4693163335323334,0.05,0.5482556894421577,194,89.73572309844057,0.9106290040794967,0.009623517676238369
pair_093,SetB,2,567.5,513.5,0.4862669458840429,0.7963955998420715,0.0,0.6544108310264293,0.5102346539497375,0.05,0.5473069623112679,194,68.8367634335026,0.9010054864032583,0.0035261689579417776
pair_093,SetB,3,624.5,516.5,57.55606058236987,0.6987925171852112,0.0,0.7224918052027838,0.43823832273483276,0.05,0.5156215131282806,194,125.58861413360687,0.8974793174453165,0.03186243717996251
pair_093,SetB,4,433.5,507.5,133.65647840859555,0.7114132046699524,0.0,0.6614185676659307,0.4688389301300049,0.05,0.5246289297938347,194,66.9215959164155,0.865616880265354,0.01958431931000071
pair_093,SetB,5,582.5,514.5,15.509352715228518,0.7121794819831848,0.0,0.7340319361509732,0.46245160698890686,0.05,0.5613848119974136,194,83.7645509747411,0.8460325609553533,0.07152715811739785
pair_093,SetB,6,376.5,505.5,190.68941485458228,0.7857115864753723,0.0,0.6464891448014594,0.4748372733592987,0.05,0.5564778596162796,194,123.62240897183649,0.7745054028379554,0.01857321601822204
pair_093,SetB,7,612.5,515.5,45.52235475715625,0.712390124797821,0.0,0.6951964726221871,0.4618588984012604,0.05,0.5411057844758034,194,113.5627579798941,0.7559321868197334,0.34007628214682256
pair_093,SetB,8,605.5,515.5,38.52980091247778,0.7064552903175354,0.0,0.6148982671624881,0.44785571098327637,0.05,0.540122926235199,194,106.6325466262529,0.41585590467291084,0.23228179485079314
pair_093,SetB,9,574.5,513.5,7.481689636965192,0.7015523910522461,0.0,0.7045455574733543,0.42104172706604004,0.09358541225631423,0.5064185336232185,194,75.71327492586752,0.1835741098221177,0.0029045208140965617
pair_093,SetB,10,441.5,507.5,125.66525451052279,0.688126266002655,0.0,0.6632546037841749,0.4121643602848053,0.0875,0.5031183511018753,194,58.9788097540125,0.18066958900802113,0.008445001140644726
pair_093,SetB,11,418.5,506.5,148.6867534600331,0.7016785740852356,0.0,0.7286076279639953,0.4305665194988251,0.125,0.5344346165657043,194,81.75879157619687,0.1722245878673764,0.022770667395765526
pair_093,SetB,12,425.5,507.5,141.64869307544024,0.7018095850944519,0.0,0.6414835034195158,0.4490804970264435,0.125,0.5358340889215469,194,74.87656509215684,0.14945392047161088,0.036648386789569276
pair_093,SetB,13,565.5,544.5,30.96844314034977,0.6667993068695068,0.0,0.5693346132756456,0.38948696851730347,0.09358541225631423,0.517984464764595,194,79.1864887465027,0.1128055336820416,0.0027663133035450427
pair_093,SetB,14,631.5,516.5,64.5479615018371,0.7069999575614929,0.0,0.7143696770217254,0.46233609318733215,0.14270509831248424,0.5182873159646988,194,132.53112841894918,0.11003922037849656,0.006253035895829026
pair_093,SetB,15,593.5,514.5,26.49774011552927,0.707175612449646,0.0,0.7051696857803309,0.4437282383441925,0.14270509831248424,0.5387369692325592,194,94.6176516301266,0.10378618448266753,0.050554151223960384
pair_093,SetB,16,389.5,383.5,220.06989651395654,0.57749342918396,0.0,0.5296360537556489,0.3742741346359253,0.12961646096066226,0.5139926001429558,194,160.5692996808543,0.05323203325870715,0.007572545723249564
pair_093,SetB,17,369.5,504.5,197.7267087221334,0.6973409056663513,0.0,0.6588617778622989,0.4080291986465454,0.12961646096066226,0.5108983814716339,194,130.57756315692217,0.04565948753545759,0.0034933176801799776
pair_093,SetB,18,375.5,535.5,192.77022936047177,0.6598275303840637,0.0,0.5308375620900645,0.40291786193847656,0.125,0.5121970549225807,194,129.46234973921955,0.04216616985527761,0.00044384447272608624
pair_093,SetB,19,464.5,508.5,102.6438586955122,0.5781874656677246,0.0,0.6568444362455669,0.34621745347976685,0.05,0.4592289701104164,194,36.50342449688796,0.04172232538255152,0.003925733648322133
pair_093,SetB,20,383.5,505.5,183.6959230953812,0.7086290121078491,0.0,0.6588591986207137,0.45730966329574585,0.12961646096066226,0.5193223059177399,194,116.62975606593713,0.03779659173422939,0.0063577688672332225
pair_094,SetB,1,571.5,537.5,137.38547806523434,0.4508199393749237,0.0,0.3272865756543312,0.22039532661437988,0.16249999999999998,0.3956214487552643,200,80.73722809212613,0.18815010931275475,0.061750918022254825
pair_094,SetB,2,447.5,557.5,83.33395330572586,0.45145270228385925,0.0,0.25511180144709794,0.21912406384944916,0.2,0.3756372630596161,200,77.86205751198719,0.12639919129049992,0.0010038576610310601
pair_094,SetB,3,481.5,589.5,119.64735761518713,0.4526219964027405,0.0,0.3202586627103788,0.20781145989894867,0.18713203435596426,0.39559613168239594,200,91.39201278011114,0.12539533362946886,0.04693327026714286
pair_094,SetB,4,563.5,543.5,133.3551427429743,0.45840656757354736,0.0,0.26508786295166387,0.23360085487365723,0.0875,0.4073500409722328,200,76.97077367416804,0.078462063362326,0.015839795020047676
pair_094,SetB,5,460.5,584.5,110.84837813342423,0.4484483003616333,0.0,0.31452291609550886,0.20813225209712982,0.2,0.38495928794145584,200,93.27647077371657,0.06262226834227833,0.004283370381882569
pair_094,SetB,6,535.5,588.5,143.0044579347683,0.4507705867290497,0.0,0.27868053072643384,0.21061620116233826,0.19366069605669878,0.3958326131105423,200,95.35460135724966,0.05833889796039576,0.00021895410760121303
pair_094,SetB,7,568.5,587.5,164.26507497588167,0.4509296417236328,0.0,0.30497012959214687,0.21232222020626068,0.1662132317597294,0.38915129005908966,200,111.12380483046826,0.058119943852794544,0.001821745837799621
pair_094,SetB,8,518.5,577.5,124.19293899425071,0.44962388277053833,0.0,0.33354551459928256,0.21398933231830597,0.2,0.40379204601049423,200,79.67747485958625,0.05629819801499492,0.0028976615223436086
pair_094,SetB,9,526.5,555.5,111.9339009606377,0.4518149495124817,0.0,0.26840795137162665,0.22195546329021454,0.12961646096066226,0.40520302951335907,200,61.50203248673982,0.053400536492651314,0.013963533353656257
pair_094,SetB,10,545.5,499.5,99.2119078522903,0.4500170350074768,0.0,0.310815738820104,0.22263368964195251,0.16249999999999998,0.40091225504875183,200,45.50274716981382,0.03943700313899506,0.003926618427502887
pair_094,SetB,11,536.5,311.5,184.4596817115956,0.4507102072238922,0.0,0.3131477488148324,0.20978175103664398,0.125,0.3916073963046074,200,192.0013020789182,0.03551038471149217,0.0048862359638970725
pair_094,SetB,12,506.5,594.5,133.09791344982705,0.44886842370033264,0.0,0.3087255066368466,0.22427168488502502,0.12961646096066226,0.39186087250709534,200,94.72328119316813,0.030624148747595097,0.00036567389170331227
pair_094,SetB,13,589.5,581.5,176.3387677724915,0.4481283724308014,0.0,0.2643427245356694,0.20679312944412231,0.16249999999999998,0.3797339051961899,200,121.04751133336033,0.030258474855891785,0.005208943156392115
pair_094,SetB,14,441.5,319.5,154.9021433595858,0.4510023593902588,0.0,0.2703636198750123,0.21068613231182098,0.12961646096066226,0.36735478788614273,200,189.74324757418904,0.02504953169949967,0.0019439102446594247
pair_094,SetB,15,557.5,471.5,107.96320254710004,0.4587635099887848,0.0,0.3002294285993228,0.22512806951999664,0.16249999999999998,0.406404584646225,200,64.17554051194271,0.023105621454840245,9.062639087926289e-05
pair_094,SetB,16,511.5,461.5,63.21678158795414,0.44859936833381653,0.0,0.30952327407927926,0.22114968299865723,0.14270509831248424,0.4009217470884323,200,40.18084120572888,0.023014995063960982,0.0011392506303859566
pair_094,SetB,17,580.5,559.5,156.26920778376922,0.45076292753219604,0.0,0.29672038675228596,0.22458615899085999,0.0875,0.39172235131263733,200,100.10244752252564,0.021875744433575026,0.0028818321280060614
pair_094,SetB,18,520.5,483.5,71.53780254168386,0.45222151279449463,0.0,0.28321145870353354,0.22423574328422546,0.2,0.40532518178224564,200,26.315394733881533,0.018993912305568964,0.0028868058405188066
pair_094,SetB,19,455.5,551.5,77.53530331903549,0.46498051285743713,0.0,0.32425057576416416,0.22846949100494385,0.05,0.39264465868473053,200,68.06247130394253,0.016107106465050158,0.0016290882496483219
pair_094,SetB,20,464.5,573.5,100.42419518686067,0.4567696750164032,0.0,0.2965383495693096,0.2159409523010254,0.05,0.3979157879948616,200,81.62413858657254,0.014478018215401836,2.9951605385559674e-05
pair_095,SetB,1,631.0,614.0,0.278223824473799,0.8129181861877441,0.0,0.765548351270613,0.5868149399757385,0.05,0.29970881901681423,166,173.65770930194836,0.6368773748596401,0.04986640808978493
pair_095,SetB,2,456.0,624.0,175.38490764019573,0.6537076234817505,0.0,0.607061580112982,0.4961135983467102,0.05,0.1029387041926384,166,131.5750736271882,0.5870109667698552,0.007626593919243474
pair_095,SetB,3,598.0,616.0,33.15990786637243,0.6595432162284851,0.0,0.6121287940870277,0.48108354210853577,0.05,0.10647355951368809,166,151.85519418182574,0.5793843728506117,0.0010021972995313266
pair_095,SetB,4,494.0,622.0,137.3325334363382,0.8058041930198669,0.0,0.7639934334305598,0.5723634362220764,0.05,0.2973753744736314,166,122.14745187681976,0.5783821755510804,0.36366981926819825
pair_095,SetB,5,621.0,439.0,175.54543482950567,0.7084437608718872,0.0,0.7188040589000853,0.4721742570400238,0.05,0.3290303524117917,166,135.50645741070792,0.21471235628288216,0.04385003488733524
pair_095,SetB,6,565.0,618.0,66.2199484363746,0.6512420773506165,0.0,0.6058974060619218,0.47516757249832153,0.09358541225631423,0.10768377967178822,166,134.71822445385777,0.1708623213955469,0.04886600532323389
pair_095,SetB,7,347.0,454.0,326.1931974062336,0.6918290853500366,0.0,0.702667326561637,0.43741491436958313,0.05,0.2811623029410839,166,159.76545308670458,0.12199631607231302,0.011544489592980989
pair_095,SetB,8,439.0,625.0,192.41421665052613,0.6538029313087463,0.0,0.6032983260672269,0.4637768268585205,0.0875,0.10453532263636589,166,139.0898989862312,0.11045182647933204,0.04971162832436589
pair_095,SetB,9,484.0,447.0,222.74727163542693,0.694049060344696,0.0,0.7029197047016811,0.43214288353919983,0.05,0.3166312640532851,166,55.362442142665635,0.060740198154966146,0.0062689988979861624
pair_095,SetB,10,563.0,442.0,185.2319873096902,0.5371609330177307,0.0,0.5385510662163722,0.3998413681983948,0.09358541225631423,0.1348798954859376,166,85.63293758829018,0.054471199256979984,0.0006776829636107734
pair_095,SetB,11,357.0,630.0,274.5657882395208,0.7890700697898865,0.0,0.7461422774108212,0.5105838775634766,0.05,0.24093936756253242,166,193.25889371514057,0.05379351629336921,0.005986116531048864
pair_095,SetB,12,462.0,624.0,169.39450705353852,0.6425329446792603,0.0,0.6081583724578001,0.4641912877559662,0.16249999999999998,0.10013081319630146,166,129.6919426949878,0.047807399762320346,0.007213326511908126
pair_095,SetB,13,426.0,626.0,205.44995620623882,0.6397449970245361,0.0,0.6036799869197425,0.4463966190814972,0.0875,0.09169941116124392,166,146.12323566086263,0.04059407325041222,0.00642003729771258
pair_095,SetB,14,445.0,625.0,186.42388248608847,0.6363807320594788,0.0,0.5938822208939252,0.4303577244281769,0.125,0.10650549735873938,166,136.56500283747664,0.03417403595269964,0.0016988618169533135
pair_095,SetB,15,582.0,617.0,49.19061525982865,0.65860915184021,0.0,0.6193987744197385,0.4819798469543457,0.16249999999999998,0.10129964537918568,166,142.87407042567241,0.032475174135746326,0.001900520833968411
pair_095,SetB,16,433.0,625.0,198.40513495694685,0.6473806500434875,0.0,0.5843480430973255,0.448361873626709,0.09358541225631423,0.09903965145349503,166,141.8238343861849,0.030574653301777915,0.002487510531680788
pair_095,SetB,17,604.0,616.0,27.17006959243256,0.6353834271430969,0.0,0.6153594781265523,0.46910157799720764,0.16249999999999998,0.10142648592591286,166,155.79473675320358,0.028087142770097127,0.00469249747633781
pair_095,SetB,18,430.0,450.0,259.66541018949346,0.5345955491065979,0.0,0.5521549483989554,0.344001829624176,0.05885254915624212,0.1243374077603221,166,86.02325267042627,0.023394645293759318,0.011158780179785102
pair_095,SetB,19,474.0,623.0,157.35715136384147,0.527729332447052,0.0,0.5662972860993236,0.43344366550445557,0.09358541225631423,0.06408673711121082,166,125.7179382586272,0.012235865113974216,0.00021939191324837036
pair_095,SetB,20,576.0,617.0,55.182274669400556,0.6438686847686768,0.0,0.5895456253672882,0.4539724588394165,0.1662132317597294,0.10425231046974659,166,139.51702405083043,0.012016473200725845,0.0012601846859765717
pair_096,SetB,1,505.0,419.0,31.625826632224026,0.6007341146469116,0.0,0.4774248120096606,0.40487155318260193,0.05,0.5095899850130081,200,81.15417426109393,0.8817033400147593,0.173634781055524
pair_096,SetB,2,505.0,440.0,10.627613717772492,0.6055260896682739,0.0,0.5279846856201226,0.4218955636024475,0.05,0.5170308724045753,200,60.207972893961475,0.7080685589592353,0.04192196108420987
pair_096,SetB,3,506.0,508.0,57.38012209924764,0.556442379951477,0.0,0.4938530582339151,0.33327433466911316,0.05,0.46701984107494354,200,10.0,0.6661465978750254,0.03921943847232401
pair_096,SetB,4,505.0,456.0,5.380395854710208,0.5907626748085022,0.0,0.513226916322528,0.38975921273231506,0.05,0.5025397688150406,200,44.28317965096906,0.6269271594027014,0.20582678985524544
pair_096,SetB,5,505.0,466.0,15.376937713354396,0.5459603667259216,0.0,0.5243379766083872,0.31532663106918335,0.05,0.45861364901065826,200,34.36568055487916,0.42110036954745594,0.017767321454884466
pair_096,SetB,6,508.0,677.0,226.3919124384359,0.6002744436264038,0.0,0.5086070301555852,0.41487836837768555,0.05,0.4971398413181305,200,177.18069872308325,0.4033330480925715,0.07229878145381258
pair_096,SetB,7,505.0,472.0,21.37641564370836,0.5424301624298096,0.0,0.4548407521829581,0.3260922133922577,0.05,0.4579438716173172,200,28.442925306655784,0.3310342666387589,0.02379519808916486
pair_096,SetB,8,505.0,430.0,20.626308914761946,0.5612927675247192,0.0,0.41318412076389477,0.333119660615921,0.09358541225631423,0.4742673859000206,200,70.178344238091,0.30723906854959404,0.10026873438869216
pair_096,SetB,9,508.0,667.0,216.39269041177297,0.5361219048500061,0.0,0.38972103556418103,0.3076491355895996,0.05,0.4240986406803131,200,167.19150696132863,0.20697033416090188,0.11138128764881076
pair_096,SetB,10,506.0,535.0,84.3785079722287,0.5819673538208008,0.0,0.5045800180765225,0.3911907970905304,0.125,0.48407285660505295,200,35.510561809129406,0.09558904651209112,0.017118910229428352
pair_096,SetB,11,498.0,498.0,47.92497761467608,0.5407215356826782,0.0,0.4863611796626399,0.32655972242355347,0.09358541225631423,0.5037829205393791,200,2.8284271247461903,0.07847013628266276,0.022707182984260908
pair_096,SetB,12,497.0,419.0,32.68056809942452,0.54534912109375,0.0,0.4897080611573805,0.31671249866485596,0.125,0.5035681277513504,200,81.05553651663777,0.055762953298401856,0.007179321357915949
pair_096,SetB,13,506.0,482.0,31.384301362598045,0.5770943760871887,0.0,0.4528454882695164,0.3626035749912262,0.16249999999999998,0.48944585770368576,200,18.973665961010276,0.04858363194048591,0.0020452213181592904
pair_096,SetB,14,506.0,519.0,68.37931062390338,0.6046401262283325,0.0,0.5225461345735474,0.4295136332511902,0.16249999999999998,0.5088641196489334,200,19.924858845171276,0.046538410622326616,0.00138966644799806
pair_096,SetB,15,506.0,498.0,47.381186754212585,0.6027659773826599,0.0,0.48546746944555164,0.42061594128608704,0.1662132317597294,0.5123767405748367,200,6.324555320336759,0.045148744174328556,0.006286108661857075
pair_096,SetB,16,508.0,661.0,210.39319269242822,0.5837843418121338,0.0,0.49894371952476047,0.39902013540267944,0.1662132317597294,0.463719442486763,200,161.19863522995473,0.03886263551247148,0.0042319953626828305
pair_096,SetB,17,497.0,409.0,42.43251085446306,0.4916360378265381,0.0,0.37134660738535225,0.2260178029537201,0.11020817282989959,0.4388267993927002,200,91.0494371207203,0.03463064014978865,0.0002870093244371069
pair_096,SetB,18,407.0,494.0,107.38868968919391,0.45236432552337646,0.0,0.45799077994346293,0.24144123494625092,0.0875,0.43932871520519257,200,93.1933474020544,0.034343630825351544,0.0013189069315287516
pair_096,SetB,19,513.0,424.0,27.732959921100313,0.4543619453907013,0.0,0.41216931050230565,0.28166908025741577,0.09358541225631423,0.4161493740975857,200,77.10382610480494,0.03302472389382279,0.0028985073853261337
pair_096,SetB,20,506.0,529.0,78.37877056504053,0.5347537994384766,0.0,0.5045148328964223,0.29996517300605774,0.05,0.4335993602871895,200,29.614185789921695,0.03012621650849666,0.0026969971971135404
pair_097,SetB,1,398.5,585.5,185.30230995044542,0.7453221678733826,0.0,0.6803676010954212,0.40896284580230713,0.05,0.6995456218719482,200,132.71209439986998,0.1663857092240492,0.04237296695938242
pair_097,SetB,2,398.5,407.5,149.00725131617966,0.7584707140922546,0.0,0.7066646329767993,0.4517424702644348,0.05,0.7002552598714828,200,137.3262538628357,0.12401274226466677,0.025972152343728544
pair_097,SetB,3,537.5,473.5,11.09412265711614,0.7556130290031433,0.0,0.6930796024320549,0.4466365873813629,0.05,0.7276694923639297,200,45.91840589567543,0.09804058992093823,0.015631625491730944
pair_097,SetB,4,398.5,485.5,140.42867532985966,0.7545496225357056,0.0,0.6822007782978008,0.4271724820137024,0.05,0.7191528528928757,200,102.5304832720494,0.08240896442920728,0.016859003169070477
pair_097,SetB,5,536.5,429.5,32.92041637528275,0.7456269264221191,0.0,0.6767279256811642,0.41855257749557495,0.05,0.7230266481637955,200,79.3882862896032,0.0655499612601368,0.002064497964891207
pair_097,SetB,6,398.5,607.5,200.5906961475201,0.7535173892974854,0.0,0.6921947762201092,0.43650197982788086,0.05,0.7229911386966705,200,147.84620387416106,0.0634854632952456,0.013174120159021876
pair_097,SetB,7,399.5,629.5,216.3984099206371,0.7536870837211609,0.0,0.6900369523717607,0.44988927245140076,0.05,0.7291085124015808,200,163.92223766164247,0.05031134313622372,0.0018258489642515863
pair_097,SetB,8,398.5,418.5,145.31345979912192,0.7508114576339722,0.0,0.7103516471996829,0.43612661957740784,0.05,0.7276106923818588,200,130.17104132640256,0.048485494171972135,0.01552160469707857
pair_097,SetB,9,537.5,462.5,0.48877760099964623,0.7591485381126404,0.0,0.6886537787233893,0.44134238362312317,0.05,0.726067990064621,200,53.033008588991066,0.032963889474893565,0.001699916670419431
pair_097,SetB,10,535.5,307.5,154.92377532521218,0.7514702081680298,0.0,0.6790320819999085,0.4325001537799835,0.05,0.7035581320524216,200,195.74600889928766,0.031263972804474134,0.0006458632043191345
pair_097,SetB,11,536.5,418.5,43.91939389761755,0.7393810749053955,0.0,0.6548409250321066,0.40429210662841797,0.0875,0.716699942946434,200,89.30005599102388,0.030618109600155,0.001897887901407578
pair_097,SetB,12,398.5,463.5,138.52267520851356,0.7447444796562195,0.0,0.6725035136636268,0.40069085359573364,0.05,0.7239178717136383,200,107.86333946248837,0.02872022169874742,0.005769559334983101
pair_097,SetB,13,537.5,584.5,122.08461585961945,0.7403077483177185,0.0,0.6732829848286178,0.42336106300354004,0.14270509831248424,0.7020266950130463,200,92.44728227481866,0.02295066236376432,0.005039225830269958
pair_097,SetB,14,398.5,474.5,139.04449719752031,0.7513961791992188,0.0,0.6654332622366013,0.42107510566711426,0.05,0.7269259542226791,200,104.65419246260515,0.017911436533494363,0.0011146918638888365
pair_097,SetB,15,398.5,618.5,208.68509298686055,0.7531711459159851,0.0,0.6918134488629719,0.44057950377464294,0.05885254915624212,0.7254750579595566,200,156.02724121127054,0.016796744669605526,0.0016132692005340725
pair_097,SetB,16,399.5,640.5,225.00024993356783,0.7505167126655579,0.0,0.6926931139575466,0.4480110704898834,0.05885254915624212,0.7265153527259827,200,172.74403028759053,0.015183475469071454,5.6529454083992237e-05
pair_097,SetB,17,675.5,406.5,149.3445006117269,0.744694709777832,0.0,0.6665215060365619,0.42653921246528625,0.05,0.6840026527643204,200,198.85296075241124,0.015126946014987461,0.00036504431379637964
pair_097,SetB,18,398.5,496.5,142.65010868866182,0.7185410261154175,0.0,0.6703458965000324,0.35760536789894104,0.05,0.705646276473999,200,101.56032689982835,0.014761901701191082,0.002954458512046938
pair_097,SetB,19,537.5,484.5,22.088916033138347,0.7517147660255432,0.0,0.6938796067727999,0.4414981007575989,0.125,0.7164859920740128,200,40.577087130546964,0.011807443189144144,0.0027215647105384034
pair_097,SetB,20,675.5,572.5,176.9055030375406,0.6638756394386292,0.0,0.666832072449575,0.3810540735721588,0.05885254915624212,0.6551064848899841,200,189.88549181019596,0.00908587847860574,0.0010571602649678997
pair_098,SetB,1,477.5,390.5,249.94741939303088,0.3826865553855896,0.0,0.3146987125939914,0.21064963936805725,0.05,0.23399147391319275,197,111.78774530332025,0.8323856895667456,0.04525273355223014
pair_098,SetB,2,465.5,577.5,62.56290476392829,0.38390836119651794,0.0,0.3228005092377248,0.1800011247396469,0.05,0.2390090599656105,197,84.83218728760917,0.7871329560145155,0.22773781362247836
pair_098,SetB,3,466.5,563.5,76.59806136454623,0.38458624482154846,0.0,0.3086741747970919,0.18536150455474854,0.05,0.2391815409064293,197,71.79484661171719,0.5593951423920371,0.09093610209118191
pair_098,SetB,4,472.5,573.5,67.32611186362497,0.2872791886329651,0.0,0.24225064470448082,0.11284522712230682,0.12961646096066226,0.195514976978302,197,78.47611101475404,0.4684590403008552,0.16208399740283141
pair_098,SetB,5,468.5,534.5,105.66665242515492,0.37562790513038635,0.0,0.2965334929913003,0.1877763271331787,0.05,0.23049166798591614,197,46.71723450719231,0.3063750428980238,0.08408614966382158
pair_098,SetB,6,460.5,654.5,14.600740177684884,0.400786817073822,0.0,0.2896540916985492,0.22123569250106812,0.125,0.22244151681661606,197,159.46943280767007,0.22228889323420223,0.10987948342353213
pair_098,SetB,7,475.5,429.5,210.8996651920421,0.31409159302711487,0.0,0.2873640891933956,0.12429796159267426,0.1662132317597294,0.2136290743947029,197,74.63578230312856,0.1124094098106701,0.01867292673432082
pair_098,SetB,8,480.5,347.5,293.0512529293704,0.38949742913246155,0.0,0.30882425399883173,0.20276129245758057,0.14270509831248424,0.24219516664743423,197,153.74166644081885,0.09373648307634928,0.013731589882231263
pair_098,SetB,9,461.5,644.5,4.558669188182543,0.38531169295310974,0.0,0.3082383516514382,0.20131658017635345,0.16249999999999998,0.23237410187721252,197,149.5409642873818,0.08000489319411802,0.0202794503305768
pair_098,SetB,10,523.5,576.5,88.61495501711238,0.2781147062778473,0.0,0.20395135054824026,0.11984620988368988,0.125,0.15006041526794434,197,80.02812005788965,0.05972544286354122,0.0032066340481637645
pair_098,SetB,11,463.5,606.5,33.49535225324035,0.37914538383483887,0.0,0.2932572864538815,0.1778230518102646,0.12961646096066226,0.24855712056159973,197,112.58108189211897,0.05651880881537746,0.011831495788967993
pair_098,SetB,12,481.5,328.5,312.076297437621,0.37934622168540955,0.0,0.29612953818732324,0.20627085864543915,0.12961646096066226,0.23949360102415085,197,172.4949274616503,0.044687313026409464,0.0067171202781400735
pair_098,SetB,13,459.5,615.5,24.53612649398736,0.33823826909065247,0.0,0.2661269897823759,0.16070526838302612,0.125,0.21160763502120972,197,122.39485283295208,0.03797019274826939,0.002251348979985003
pair_098,SetB,14,459.5,668.5,28.636264795357537,0.3608067035675049,0.0,0.3050677644938563,0.19805534183979034,0.05,0.22018365561962128,197,173.29887477995925,0.03571884376828439,0.003159334357969161
pair_098,SetB,15,462.5,625.5,14.469279307137906,0.39059245586395264,0.0,0.31243550314737434,0.2161698341369629,0.2,0.24811071902513504,197,130.98282330137795,0.03255950941031523,0.003557814502651791
pair_098,SetB,16,476.5,409.5,230.92235466133414,0.36985117197036743,0.0,0.30670630006552957,0.17976190149784088,0.16249999999999998,0.20893076062202454,197,93.50133688883813,0.029001694907663435,0.0028458259431185205
pair_098,SetB,17,459.5,562.5,77.47262319831479,0.27701544761657715,0.0,0.1926285303692788,0.0851205438375473,0.125,0.17771272361278534,197,74.47482796220478,0.026155868964544915,0.00038613508713043407
pair_098,SetB,18,534.5,572.5,99.28865458967543,0.2750099301338196,0.0,0.16284982369660164,0.12059576064348221,0.05,0.13188280910253525,197,80.2900990160057,0.02576973387741448,0.001652622646721929
pair_098,SetB,19,475.5,419.5,220.8790031472072,0.37696537375450134,0.0,0.3245811958800302,0.1991274207830429,0.1662132317597294,0.2191971391439438,197,84.14570696119915,0.024117111230692552,0.0061954203341541905
pair_098,SetB,20,476.5,400.5,239.90438222384486,0.3605998754501343,0.0,0.2636635364753489,0.17558430135250092,0.05,0.23487405478954315,197,102.23746866975922,0.01792169089653836,6.514091629252969e-05
pair_099,SetB,1,599.0,396.0,182.67082086171848,0.7275989055633545,0.0,0.6979660625407991,0.392471045255661,0.05,0.48715877532958984,173,143.58621103713267,0.6746987586517531,0.141314420560821
pair_099,SetB,2,417.0,409.0,0.26492742988386947,0.7442545890808105,0.0,0.7140543478987533,0.41690728068351746,0.05,0.48283055424690247,173,123.1665539016173,0.5333843380909321,0.04005764254854394
pair_099,SetB,3,427.0,555.0,146.5068832294847,0.6284608840942383,0.0,0.6534385065466514,0.3156575560569763,0.05,0.45364170521497726,173,91.40021881811882,0.49332669554238817,0.16751209010534612
pair_099,SetB,4,424.0,511.0,102.40482311650842,0.6139275431632996,0.0,0.6636002508351191,0.3078145682811737,0.05,0.4318731278181076,173,76.79192665899195,0.32581460543704205,0.017682398460677984
pair_099,SetB,5,426.0,540.0,131.47367449404564,0.6282320618629456,0.0,0.6590487407786886,0.31102970242500305,0.05,0.45077043026685715,173,84.11896337925236,0.30813220697636406,0.0012506515746634195
pair_099,SetB,6,612.0,571.0,253.77714895072526,0.625856876373291,0.0,0.6503097670123703,0.3165334165096283,0.05,0.457146555185318,173,132.60844618650805,0.30688155540170065,0.012803229976254438
pair_099,SetB,7,609.0,542.0,233.83076239316503,0.6183156967163086,0.0,0.6363524695253646,0.30933311581611633,0.05,0.45622430741786957,173,116.81181447096864,0.2940783254254462,0.003952983725692194
pair_099,SetB,8,597.0,367.0,185.01364681247475,0.6324378252029419,0.0,0.651726061447856,0.32040366530418396,0.05,0.4771617203950882,173,164.61470165206995,0.290125341699754,0.03370148753021407
pair_099,SetB,9,435.0,569.0,161.18300958115105,0.4888741075992584,0.0,0.4871913208995057,0.19292035698890686,0.09358541225631423,0.43238791823387146,173,94.79451460923254,0.25642385416953994,0.02716459040890795
pair_099,SetB,10,611.0,556.0,243.66760470137797,0.6221895813941956,0.0,0.6486433371301705,0.31050485372543335,0.05,0.45506734400987625,173,124.32618388738553,0.229259263760632,0.019247553141833573
pair_099,SetB,11,598.0,381.0,183.3458181842238,0.606964647769928,0.0,0.6540646393074945,0.31260359287261963,0.05,0.4302949756383896,173,154.1590088188167,0.21001171061879842,0.00506148013262836
pair_099,SetB,12,434.0,642.0,233.78503223408774,0.6860912442207336,0.0,0.6777075239387096,0.3194968104362488,0.05,0.473144106566906,173,156.58863304850706,0.20495023048617006,0.00862464542371566
pair_099,SetB,13,607.0,513.0,216.86458021983654,0.6133638620376587,0.0,0.6361144759294761,0.292451947927475,0.05,0.4319957420229912,173,107.78682665335315,0.1963255850624544,0.0031708484798428638
pair_099,SetB,14,608.0,527.0,224.77518922852053,0.6214989423751831,0.0,0.6492958108080505,0.3132275938987732,0.05,0.4541582092642784,173,111.32385189167684,0.19315473658261154,0.0014414452890736396
pair_099,SetB,15,606.0,498.0,209.16812951612468,0.6151687502861023,0.0,0.6532795205437697,0.30865198373794556,0.05,0.43235110491514206,173,106.01886624558857,0.1917132912935379,0.009967488268460334
pair_099,SetB,16,429.0,584.0,175.5757560742962,0.6200554370880127,0.0,0.6498771999961694,0.306155264377594,0.05,0.4557754918932915,173,109.98636279102969,0.18174580302507756,0.003111364938312433
pair_099,SetB,17,613.0,585.0,263.686330454102,0.626137912273407,0.0,0.6593436050680384,0.3030606806278229,0.05,0.4412360191345215,173,141.40014144264495,0.17863443808676513,0.004243889814704999
pair_099,SetB,18,431.0,613.0,204.6446320051021,0.6327145099639893,0.0,0.6524995359289197,0.31348633766174316,0.05,0.4766208902001381,173,132.4009063413087,0.17439054827206013,0.019492041207606864
pair_099,SetB,19,614.0,600.0,274.65145296721346,0.6351996660232544,0.0,0.663749724009762,0.33473828434944153,0.05,0.4766569510102272,173,151.6443206981389,0.15489850706445327,0.03278098697831905
pair_099,SetB,20,616.0,629.0,296.9073928086742,0.7005654573440552,0.0,0.6903821848631393,0.3524182438850403,0.0875,0.4742566719651222,173,173.4848696572701,0.12211752008613422,0.0244321142132721
pair_100,SetB,1,503.5,580.5,108.59142018475467,0.5406409502029419,0.0,0.3992423588895869,0.36034008860588074,0.05,0.3733093589544296,182,80.57605103254937,0.8953471058910994,0.02756471701019836
pair_100,SetB,2,489.5,358.5,113.8496029009573,0.5363172292709351,0.0,0.3737536761353652,0.3882407248020172,0.05,0.372555710375309,182,141.88904115540424,0.8677823888809011,0.02017261184061614
pair_100,SetB,3,490.5,373.5,98.81639397501381,0.5448384881019592,0.0,0.37282591269646514,0.3857840597629547,0.05,0.3791911080479622,182,126.85621782159517,0.847609777040285,0.07271452358641106
pair_100,SetB,4,496.5,472.5,0.4343871138619791,0.6129701733589172,0.0,0.3976093239380066,0.46168607473373413,0.05,0.4023393392562866,182,27.721832551258224,0.7748952534538739,0.15354916532575158
pair_100,SetB,5,507.5,644.5,172.71629801037224,0.5249561071395874,0.0,0.41584580089099404,0.3232317268848419,0.05,0.3615463562309742,182,144.6945057699151,0.6213460881281223,0.13878932375278985
pair_100,SetB,6,501.5,546.5,74.53300444846654,0.5292192697525024,0.0,0.3368710084515933,0.3440205156803131,0.05,0.3640666604042053,182,46.52418725781247,0.48255676437533246,0.19905696507882825
pair_100,SetB,7,488.5,343.5,128.88283222829247,0.5209206342697144,0.0,0.36281236897132496,0.31594717502593994,0.05,0.3638886511325836,182,156.92195512419542,0.2834997992965042,0.06956607882232649
pair_100,SetB,8,503.5,586.5,114.58030067871054,0.4185810387134552,0.0,0.20605879138131106,0.16664548218250275,0.12961646096066226,0.2794536454603076,182,86.57078028988765,0.21393372047417772,0.039074330102567556
pair_100,SetB,9,486.5,309.5,162.94126750936783,0.5335392355918884,0.0,0.38115241745488837,0.35987240076065063,0.05,0.37672314792871475,182,190.97774739482085,0.17485939037161016,0.001885160200914171
pair_100,SetB,10,500.5,412.5,59.74114097175551,0.41847994923591614,0.0,0.20069829770658595,0.2765745520591736,0.16249999999999998,0.3177682235836983,182,87.50142855976695,0.172974230170696,0.023357895675526763
pair_100,SetB,11,491.5,388.5,83.78321643231791,0.5334358811378479,0.0,0.33239893681038607,0.33855611085891724,0.0875,0.37286726757884026,182,111.82352167589787,0.14961633449516923,0.0014725175551087155
pair_100,SetB,12,493.5,417.5,54.71530410348302,0.5206700563430786,0.0,0.3916876686999561,0.32867568731307983,0.16249999999999998,0.3466881327331066,182,82.75566445869431,0.1481438169400605,0.003577908632457244
pair_100,SetB,13,374.5,479.5,122.43470668996322,0.4791542887687683,0.0,0.36988594951366516,0.3542686402797699,0.125,0.3429982662200928,182,127.16328086362037,0.14456590830760327,0.015521110614891642
pair_100,SetB,14,607.5,465.5,110.98552622349682,0.4632863700389862,0.0,0.42978618086402426,0.3300061523914337,0.125,0.33565984293818474,182,112.90039858211307,0.12904479769271163,0.02042739607321324
pair_100,SetB,15,585.5,466.5,88.96560715704898,0.5031910538673401,0.0,0.4149753325890547,0.40483444929122925,0.0875,0.3617558404803276,182,91.82864476839457,0.10861740161949839,0.017916317775360874
pair_100,SetB,16,505.5,615.5,143.648120248807,0.5425989627838135,0.0,0.43155357888566853,0.3669538199901581,0.16249999999999998,0.3749197907745838,182,115.63087822895751,0.09070108384413751,0.007876954317800763
pair_100,SetB,17,506.5,625.5,153.6910519526117,0.5177217721939087,0.0,0.33042183332400266,0.32306480407714844,0.05,0.35838717222213745,182,125.66821396041244,0.08282412952633675,0.015267010168249717
pair_100,SetB,18,491.5,382.5,89.77237097160157,0.4297586977481842,0.0,0.39311127584536165,0.17370423674583435,0.14270509831248424,0.30003982223570347,182,117.80704562970756,0.06755711935808703,0.0035904357019105465
pair_100,SetB,19,508.5,659.5,187.7494799884335,0.5446858406066895,0.0,0.339569121939182,0.3709242343902588,0.16249999999999998,0.36988697201013565,182,159.7263284496329,0.06396668365617648,0.0027569427984831044
pair_100,SetB,20,489.5,472.5,7.222093357146496,0.5215186476707458,0.0,0.42805068164238097,0.388151079416275,0.14270509831248424,0.3686489909887314,182,29.436372059070052,0.06120974085769338,0.0009310816723236762
pair_101,SetB,1,464.0,658.0,153.57932589781583,0.6923115849494934,0.0,0.6292971579772206,0.32823315262794495,0.05,0.595042496919632,200,162.04937519163718,0.9441203569607879,0.07431648036036265
pair_101,SetB,2,448.0,419.0,293.6745900855377,0.6533903479576111,0.0,0.6219027942839745,0.3275217115879059,0.05,0.5820346400141716,200,96.25487000666512,0.8698038766004252,0.06880847376864907
pair_101,SetB,3,642.0,420.0,240.01290701265904,0.6478317379951477,0.0,0.6322914692752415,0.3391321003437042,0.05,0.5847318843007088,200,162.9846618550347,0.8009954028317762,0.006242313494873142
pair_101,SetB,4,608.0,420.0,238.9591166244277,0.6523045897483826,0.0,0.6332691907336585,0.35137641429901123,0.05,0.5885149165987968,200,134.40238093129153,0.794753089336903,0.09523322201646289
pair_101,SetB,5,616.0,420.0,238.7723201225161,0.6518519520759583,0.0,0.6311390155685034,0.35083791613578796,0.05885254915624212,0.5896634683012962,200,140.91131963046828,0.6995198673204401,0.15526004955937567
pair_101,SetB,6,618.0,659.0,0.4825144287211247,0.7192181944847107,0.0,0.6494652272826884,0.3728896379470825,0.05,0.6330142319202423,200,198.00252523642217,0.5442598177610645,0.18267719221178197
pair_101,SetB,7,409.0,657.0,208.5848955964132,0.7223513722419739,0.0,0.6636805891861417,0.38986119627952576,0.05,0.6320036798715591,200,181.46625030566977,0.3615826255492825,0.041772840767115293
pair_101,SetB,8,431.0,657.0,186.5857782028506,0.7213609218597412,0.0,0.6673616462061159,0.3894401788711548,0.08106601717798213,0.6484092026948929,200,171.49344010777787,0.3198097847821672,0.01687805028862538
pair_101,SetB,9,610.0,659.0,7.58098815534376,0.7051289081573486,0.0,0.6457955078270494,0.3549638092517853,0.05,0.6324753761291504,200,193.3416664870767,0.3029317344935418,0.06657492702512202
pair_101,SetB,10,442.0,657.0,175.58630244373205,0.7149338722229004,0.0,0.6604647768085374,0.3728560209274292,0.09358541225631423,0.6429951637983322,200,167.37084572887835,0.2363568074684198,0.14424262129734022
pair_101,SetB,11,450.0,657.0,167.58672693451652,0.7118250131607056,0.0,0.6519002035999111,0.36936476826667786,0.12961646096066226,0.6397509425878525,200,164.76953601925328,0.0921141861710796,0.02121544897852881
pair_101,SetB,12,436.0,523.0,226.72243802443157,0.6308594942092896,0.0,0.6353340509132348,0.3201318383216858,0.125,0.6274865120649338,200,68.00735254367721,0.07089873719255078,0.010003871554745754
pair_101,SetB,13,422.0,419.0,309.41685504498713,0.6434470415115356,0.0,0.6009670336998649,0.2975102961063385,0.05885254915624212,0.5690769702196121,200,112.44998888394787,0.06089486563780503,0.013272264051491844
pair_101,SetB,14,623.0,420.0,238.8286773308567,0.6515807509422302,0.0,0.6362536550400317,0.3463055491447449,0.12961646096066226,0.5883011966943741,200,146.72763884149435,0.047622601586313186,0.004191477651170714
pair_101,SetB,15,457.0,657.0,160.58713305723268,0.709266722202301,0.0,0.6548184730693548,0.3661290109157562,0.1662132317597294,0.6289817988872528,200,162.7820628939196,0.04343112393514247,0.008412944921809544
pair_101,SetB,16,631.0,420.0,239.14409579659065,0.6495293378829956,0.0,0.6328046645398298,0.3424765169620514,0.14270509831248424,0.5873510092496872,200,153.4959282847594,0.03501817901333293,0.0004911280258608833
pair_101,SetB,17,455.0,419.0,289.6889385544877,0.6529600620269775,0.0,0.6319752326897902,0.3337753117084503,0.18713203435596426,0.5805370360612869,200,92.66067126888301,0.034527050987472045,0.00026594639712508583
pair_101,SetB,18,420.0,657.0,197.58531233182535,0.723534345626831,0.0,0.666318921639891,0.3895530104637146,0.1662132317597294,0.6510709822177887,200,176.207264322445,0.03426110459034696,0.0009078560968416513
pair_101,SetB,19,649.0,420.0,240.82589518485022,0.6420119404792786,0.0,0.6329903965782792,0.32683005928993225,0.0875,0.5672521367669106,200,169.11830178901394,0.03335324849350531,0.003023513781132945
pair_101,SetB,20,648.0,659.0,30.42348131843487,0.7052204012870789,0.0,0.6479308641299684,0.3670531213283539,0.05,0.6142462939023972,200,217.22108553268947,0.030329734712372363,0.0014923777337268775
pair_102,SetB,1,580.0,357.0,297.97399828406975,0.5681551694869995,0.0,0.5616008815093225,0.37590986490249634,0.05,0.46386103332042694,194,163.8566446623389,0.8616644019552399,0.13141270003668826
pair_102,SetB,2,572.0,469.0,185.68864838695956,0.5542169213294983,0.0,0.5587822512915456,0.3619256913661957,0.05,0.44960133731365204,194,78.39005038906404,0.7302517019185516,0.019759876073581317
pair_102,SetB,3,576.0,413.0,241.83132323292065,0.560461163520813,0.0,0.5600785777649988,0.3692569434642792,0.05,0.4568304717540741,194,115.52056094046635,0.7104918258449703,0.30004051146925986
pair_102,SetB,4,574.0,441.0,213.759985774187,0.5528343915939331,0.0,0.5570723851262753,0.3549051582813263,0.05,0.45581334829330444,194,94.64142856064674,0.4104513143757104,0.01632725400183943
pair_102,SetB,5,579.0,368.0,286.93076321720616,0.5558247566223145,0.0,0.5648378873496219,0.3622305691242218,0.05,0.4544064551591873,194,153.83432646844463,0.394124060373871,0.2645413227064085
pair_102,SetB,6,578.0,385.0,269.90266074084946,0.563225507736206,0.0,0.5580761943094502,0.3757131099700928,0.125,0.46254047751426697,194,138.95682782792647,0.12958273766746248,0.033704105748963334
pair_102,SetB,7,573.0,458.0,196.7320891790719,0.5396494269371033,0.0,0.530112361068895,0.3448410630226135,0.05,0.45271407067775726,194,84.21995013059554,0.09587863191849914,0.005339674239694919
pair_102,SetB,8,579.0,374.0,280.9460571853189,0.5453771948814392,0.0,0.5285548640248755,0.3624240458011627,0.05,0.45700347423553467,194,148.71785366928881,0.09053895767880422,0.02190746907321238
pair_102,SetB,9,577.0,402.0,252.87473118042408,0.5456477403640747,0.0,0.5293297162204424,0.3565739095211029,0.05,0.454333633184433,194,124.63145670335399,0.06863148860559184,0.001208198895843865
pair_102,SetB,10,567.0,531.0,123.49115408403419,0.4503391981124878,0.0,0.4245018831696893,0.28940480947494507,0.16249999999999998,0.3738083243370056,194,73.824115301167,0.06742328970974798,0.0038454758315985132
pair_102,SetB,11,567.0,542.0,112.5181886520936,0.45406898856163025,0.0,0.40964896984971433,0.28228622674942017,0.05,0.3784533739089966,194,79.07591289387686,0.06357781387814947,0.015707846266319242
pair_102,SetB,12,562.0,604.0,50.320311751606745,0.5109970569610596,0.0,0.5378134326201698,0.3384329080581665,0.16249999999999998,0.4300002008676529,194,121.07848694132248,0.047869967611830225,0.0005774214351751336
pair_102,SetB,13,570.0,497.0,157.61731110944373,0.48900631070137024,0.0,0.5393262852373573,0.3335336446762085,0.16249999999999998,0.42098182439804077,194,70.06425622241343,0.04729254617665509,0.0029814130806329817
pair_102,SetB,14,566.0,553.0,101.47463724774644,0.4598260521888733,0.0,0.41658407656447977,0.27757158875465393,0.125,0.37019917368888855,194,84.64632301523794,0.04431113309602211,0.006997205576214242
pair_102,SetB,15,575.0,424.0,230.78810221412834,0.5404953956604004,0.0,0.5567485451152897,0.33661311864852905,0.05,0.44078250229358673,194,106.77546534667971,0.03731392751980787,0.001668232934369629
pair_102,SetB,16,581.0,459.0,196.47959923508535,0.44281116127967834,0.0,0.4000831115364504,0.24735185503959656,0.16249999999999998,0.353136345744133,194,90.78546139112804,0.03564569458543824,0.004557889975135218
pair_102,SetB,17,440.0,364.0,313.566453278502,0.43868371844291687,0.0,0.41665187853117186,0.18510030210018158,0.12961646096066226,0.3349406570196152,194,148.64723340849636,0.03108780461030302,0.0017149859005474236
pair_102,SetB,18,565.0,446.0,208.30871145826666,0.4609513580799103,0.0,0.45785585379751936,0.24159258604049683,0.1662132317597294,0.3749408423900604,194,84.50443775329198,0.029372818709755597,0.006069556895395713
pair_102,SetB,19,583.0,425.0,230.4948288496217,0.4497658312320709,0.0,0.4255969157870526,0.26516979932785034,0.16249999999999998,0.37344464659690857,194,111.8659912573969,0.023303261814359884,0.0
pair_102,SetB,20,585.0,408.0,247.61098752955732,0.44985291361808777,0.0,0.42046734181123413,0.2391687035560608,0.16249999999999998,0.36710019409656525,194,125.25573839150046,0.023303261814359884,0.0
pair_103,SetB,1,461.0,582.0,0.22131568973202154,0.7669838070869446,0.0,0.7257092509901801,0.4652847647666931,0.05,0.3484930023550987,175,90.80198235721508,0.8026204388292639,0.18067192918140962
pair_103,SetB,2,596.0,574.0,135.13349831998917,0.7588804364204407,0.0,0.7121005094226542,0.46665158867836,0.05,0.3583987206220627,175,121.21056059601408,0.6219485096478543,0.5234808340251517
pair_103,SetB,3,326.0,590.0,135.3404433015886,0.7475780844688416,0.0,0.7282774111259978,0.4320935010910034,0.05,0.33735122298821807,175,195.8979326077741,0.09846767562270264,0.01279037014467757
pair_103,SetB,4,590.0,477.0,166.36147539238436,0.6455292105674744,0.0,0.6140231785609496,0.3781597912311554,0.05,0.40561075136065483,175,92.89241088485109,0.08567730547802507,0.008679143609353762
pair_103,SetB,5,447.0,345.0,237.60878278012768,0.653579592704773,0.0,0.6270268014189889,0.37610718607902527,0.05,0.403061430901289,175,163.8108665504215,0.07699816186867131,0.05754999769880223
pair_103,SetB,6,450.0,399.0,183.52605721569077,0.5712944269180298,0.0,0.5087645142862636,0.27224069833755493,0.05,0.3735104762017727,175,112.69871339105873,0.01944816416986908,0.001245669050469498
pair_103,SetB,7,465.0,647.0,64.92717032918738,0.6472209095954895,0.0,0.6300807464373347,0.3773861229419708,0.05,0.4083474613726139,175,151.10923201446033,0.018202495119399583,0.0013190373953150987
pair_103,SetB,8,453.0,453.0,129.44378586869317,0.6468086242675781,0.0,0.6211438161106249,0.36986106634140015,0.05,0.4011788107454777,175,66.46803743153546,0.016883457724084484,0.00025843574321411655
pair_103,SetB,9,531.0,578.0,70.01058028801305,0.5826520919799805,0.0,0.5726064842337487,0.3953230679035187,0.05,0.17903644777834415,175,83.93449827097318,0.016625021980870368,0.003036197572587966
pair_103,SetB,10,599.0,628.0,145.29605084475494,0.6467747688293457,0.0,0.626900100179586,0.38565364480018616,0.05,0.404694639146328,175,161.8177987738061,0.013588824408282402,0.00381925679137521
pair_103,SetB,11,600.0,639.0,150.05515930656736,0.6464748978614807,0.0,0.6046853786649364,0.3417825698852539,0.05,0.4088878072798252,175,171.2337583538947,0.009769567616907192,0.0012560270387543745
pair_103,SetB,12,586.0,412.0,211.09394124041106,0.6481866240501404,0.0,0.6213267675263144,0.33432239294052124,0.05,0.38809311762452126,175,123.0447073221762,0.008513540578152817,0.00042339688012731774
pair_103,SetB,13,468.0,690.0,108.03045541670102,0.6429435014724731,0.0,0.6106745697589746,0.38346192240715027,0.05,0.3482252284884453,175,192.67589366602144,0.0080901436980255,0.0021155975836581412
pair_103,SetB,14,589.0,466.0,172.78464066951443,0.6243550777435303,0.0,0.6157553416116988,0.3964275121688843,0.05,0.40319996885955334,175,95.2732911156112,0.005974546114367358,9.313809553735362e-05
pair_103,SetB,15,452.0,431.0,151.46368239377986,0.5878573060035706,0.0,0.5992313932873334,0.27306434512138367,0.14270509831248424,0.39667389914393425,175,84.0535543567314,0.005881408018830005,0.00010653899714124348
pair_103,SetB,16,449.0,388.0,194.5667115251201,0.5573975443840027,0.0,0.511278907750501,0.3031748831272125,0.05,0.3419267041608691,175,123.06502346320826,0.005774869021688761,0.0002894176724498026
pair_103,SetB,17,451.0,420.0,162.50427268489318,0.6409707069396973,0.0,0.6199118195585855,0.28253400325775146,0.05,0.37961931084282696,175,93.81364506296512,0.005485451349238959,0.0008053383835086208
pair_103,SetB,18,599.0,617.0,142.21147709936437,0.6373375058174133,0.0,0.6071388113152756,0.38067951798439026,0.05,0.39997765980660915,175,153.26447729333762,0.004680112965730338,0.0003250625743305797
pair_103,SetB,19,466.0,658.0,75.9680583560815,0.6390800476074219,0.0,0.598804036366005,0.35112765431404114,0.05,0.4082670286297798,175,161.6168308066954,0.004355050391399758,0.00012661509572725778
pair_103,SetB,20,316.0,429.0,211.01006351667039,0.6223666071891785,0.0,0.5875540809667674,0.32010617852211,0.05,0.39528247714042664,175,197.2232237846243,0.0042284352956725,0.00013493469615390337
pair_104,SetB,1,490.0,562.0,180.25618817036099,0.3462369441986084,0.0,0.30143339401862146,0.17780494689941406,0.05,0.2298075072467327,199,62.80127387243033,0.3223814382859479,0.1604663850776402
pair_104,SetB,2,467.0,535.0,150.9944952816416,0.34601831436157227,0.0,0.31701585981953007,0.1877385973930359,0.09358541225631423,0.22128517925739288,199,48.104053883222775,0.1619150532083077,0.10487145114513083
pair_104,SetB,3,441.0,627.0,243.6647374353861,0.3210895359516144,0.0,0.27232928028376413,0.1713360846042633,0.05,0.21270652115345,199,140.03570973148243,0.057043602063176886,0.007741128800661613
pair_104,SetB,4,452.0,361.0,24.728992595790668,0.32102450728416443,0.0,0.2833997965691472,0.17242711782455444,0.16249999999999998,0.20614608749747276,199,147.05441169852742,0.04930247326251527,0.0007821359574652215
pair_104,SetB,5,416.0,406.0,49.79054875324594,0.3271433711051941,0.0,0.28242763365041795,0.18739038705825806,0.12961646096066226,0.21064087748527527,199,126.0634760745554,0.04852033730505005,0.00020939160406188012
pair_104,SetB,6,453.0,541.0,157.05488257099614,0.33086857199668884,0.0,0.2864374483411475,0.17933714389801025,0.1662132317597294,0.21213869377970695,199,62.369864518050704,0.04831094570098817,0.001633212659337073
pair_104,SetB,7,417.0,638.0,257.6037810728587,0.32783401012420654,0.0,0.2713689237553615,0.1766662746667862,0.125,0.21375038102269173,199,161.0372627685903,0.0466777330416511,0.017540769286313068
pair_104,SetB,8,453.0,375.0,11.969117184292982,0.3307706117630005,0.0,0.27938850793758885,0.17595037817955017,0.16249999999999998,0.2094586119055748,199,133.5440002396214,0.02913696375533803,0.0021448406425988616
pair_104,SetB,9,432.0,651.0,268.40676229751267,0.3216454088687897,0.0,0.28619239027090315,0.17316821217536926,0.16249999999999998,0.20911341533064842,199,165.60495161679194,0.02699212311273917,0.0012887456390280293
pair_104,SetB,10,450.0,328.0,57.15247873366596,0.32107120752334595,0.0,0.2778410531717851,0.16929052770137787,0.05,0.20746002718806267,199,179.12007146045917,0.02570337747371114,0.0033285235530251395
pair_104,SetB,11,444.0,617.0,233.46481133195303,0.32247158885002136,0.0,0.28386462875461393,0.16369788348674774,0.14270509831248424,0.21265537291765213,199,129.71121771072848,0.022374853920686,0.0018592925912765158
pair_104,SetB,12,488.0,529.0,147.40819558053093,0.3564460873603821,0.0,0.3123387189065366,0.17348013818264008,0.12961646096066226,0.2214856967329979,199,31.38470965295043,0.020515561329409484,0.00059253579621572
pair_104,SetB,13,467.0,374.0,11.916589226906842,0.3217617869377136,0.0,0.2773586420777424,0.16045533120632172,0.12961646096066226,0.20806434378027916,199,130.24976007655445,0.019923025533193764,0.002026159006620249
pair_104,SetB,14,509.0,580.0,201.72395674093556,0.3327273726463318,0.0,0.280120124002341,0.16531042754650116,0.09358541225631423,0.21595025062561035,199,80.50465825031493,0.017896866526573515,0.0008978966435131859
pair_104,SetB,15,463.0,635.0,250.87462900774696,0.3222034275531769,0.0,0.2551635984798956,0.16479110717773438,0.19366069605669878,0.21520613878965378,199,139.97856978837868,0.01699896988306033,0.00014412792581371472
pair_104,SetB,16,442.0,589.0,205.7190918401282,0.3304135203361511,0.0,0.2878561826618695,0.17523780465126038,0.16249999999999998,0.21484437957406044,199,106.23088063270491,0.016854841957246614,0.0002510897395369034
pair_104,SetB,17,651.0,528.0,238.5339961074446,0.32807740569114685,0.0,0.28472546163422796,0.14497430622577667,0.14270509831248424,0.21042441204190254,199,153.57408635573907,0.01660375221770971,0.00013922453675006136
pair_104,SetB,18,509.0,523.0,147.0136546149997,0.3227337896823883,0.0,0.29695206691433534,0.1548648327589035,0.05885254915624212,0.21041184291243553,199,24.698178070456937,0.01646452768095965,6.547259718704332e-05
pair_104,SetB,19,410.0,643.0,263.78895889842397,0.3208480179309845,0.0,0.28723644003480064,0.16183364391326904,0.16249999999999998,0.20880098640918732,199,168.9644933114647,0.016399055083772606,0.00016288152223855462
pair_104,SetB,20,520.0,527.0,154.66997849750268,0.3424328863620758,0.0,0.2847451280250417,0.1495894342660904,0.05,0.21697284653782845,199,33.60059523282288,0.01623617356153405,0.00013979086084065645
pair_105,SetB,1,390.5,437.5,0.21392838477795845,0.7772510647773743,0.0,0.7374812382891858,0.4976034462451935,0.05,0.572654977440834,161,126.0813229626022,0.9146344143057649,0.27371299144802863
pair_105,SetB,2,511.5,621.5,220.13255440608657,0.7432849407196045,0.0,0.7272268145456862,0.5068946480751038,0.05,0.5676397904753685,161,122.04302520013178,0.6409214228577362,0.2555327039056704
pair_105,SetB,3,525.5,448.5,135.5471769189383,0.7741129398345947,0.0,0.7226724187051454,0.4858810007572174,0.05,0.5243600979447365,161,57.467382052778426,0.38538871895206583,0.14507442702767015
pair_105,SetB,4,376.5,610.5,173.37632509661898,0.7461646199226379,0.0,0.712608625023418,0.5203477740287781,0.05,0.6174179911613464,161,165.7181341917655,0.24031429192439568,0.10669778201665747
pair_105,SetB,5,388.5,459.5,21.900708272185543,0.7277455925941467,0.0,0.7380102940794578,0.4962763488292694,0.05,0.6234328970313072,161,118.62756846534451,0.1336165099077382,0.014496460731640737
pair_105,SetB,6,533.5,351.5,167.05959051034338,0.7242878079414368,0.0,0.7354843433900335,0.5255822539329529,0.05,0.5588321313261986,161,152.2317312520619,0.11912004917609748,0.019015926752097234
pair_105,SetB,7,506.5,675.5,264.65201838512206,0.7230843305587769,0.0,0.7393983447686532,0.4976722002029419,0.05,0.5707617700099945,161,175.62032911938184,0.10010412242400024,0.002033212836038925
pair_105,SetB,8,575.5,452.5,185.70692163118417,0.5684571266174316,0.0,0.4468519523033695,0.3881695866584778,0.05,0.4161941930651665,161,89.19921524318474,0.09807090958796132,0.0057614871077728
pair_105,SetB,9,510.5,632.5,228.87144675140985,0.7211014628410339,0.0,0.6694736265110698,0.49587374925613403,0.05,0.5745357200503349,161,132.91538661870567,0.09230942248018852,0.016265641633722697
pair_105,SetB,10,523.5,470.5,137.10081118710977,0.7277154922485352,0.0,0.6701246029203839,0.5040207505226135,0.05,0.5620838552713394,161,37.71604433129222,0.07604378084646582,0.008144321731349283
pair_105,SetB,11,384.5,513.5,76.04748329036384,0.7258016467094421,0.0,0.7292706542803236,0.514203667640686,0.05,0.6199697554111481,161,116.28628465988584,0.06789945911511654,0.024133483605883882
pair_105,SetB,12,375.5,621.5,184.42111520306804,0.7240686416625977,0.0,0.7341863597701184,0.512985110282898,0.05,0.631486251950264,161,173.96120257114802,0.043765975509232655,0.0011003751688865027
pair_105,SetB,13,513.5,589.5,195.4644675506099,0.6455866694450378,0.0,0.6424991404472593,0.34093791246414185,0.05,0.5362836793065071,161,90.51243008559653,0.04266560034034615,0.0009503517473437445
pair_105,SetB,14,531.5,373.5,155.0241982367694,0.5785105228424072,0.0,0.6726958925010402,0.4144122302532196,0.05,0.5228424370288849,161,130.3629548606505,0.04171524859300241,0.0006760680632785995
pair_105,SetB,15,519.5,513.5,149.73037141942538,0.720125675201416,0.0,0.7226893973061701,0.519824206829071,0.0875,0.5731719136238098,161,23.717082451262844,0.04103918052972381,0.004756472712956608
pair_105,SetB,16,524.5,459.5,135.87801440788257,0.7219942212104797,0.0,0.7285786487211172,0.5021560192108154,0.05,0.5783874616026878,161,47.33392018415547,0.0362827078167672,0.008973884808240941
pair_105,SetB,17,519.5,524.5,155.5898811624275,0.7200368642807007,0.0,0.6623539693162837,0.49996867775917053,0.05,0.5679158717393875,161,31.312936623702353,0.02730882300852626,0.005633670337626243
pair_105,SetB,18,389.5,448.5,10.855569726577917,0.7229766845703125,0.0,0.70692467460269,0.5126879811286926,0.05,0.6304668337106705,161,121.91185340236609,0.021675152670900016,0.0014003458687392237
pair_105,SetB,19,507.5,664.5,255.27023564564715,0.7167777419090271,0.0,0.7047702875654248,0.5003070831298828,0.05,0.5620075240731239,161,164.67088388661793,0.020274806802160792,0.002306642559295597
pair_105,SetB,20,384.5,502.5,65.08604090017255,0.7239514589309692,0.0,0.7191894878860887,0.5074841380119324,0.05,0.6247790455818176,161,115.52705310878487,0.017968164242865195,0.006497799329325314
pair_106,SetB,1,591.0,491.0,241.9531302544068,0.36168789863586426,0.0,0.34825013098014823,0.22686484456062317,0.05,0.29635991156101227,196,91.44397191723465,0.8826834735824352,0.0005061679227483795
pair_106,SetB,2,585.0,388.0,239.77001678014932,0.34852278232574463,0.0,0.33098778320196925,0.23908565938472748,0.05,0.3000847101211548,196,140.60227594174995,0.8821773056596868,0.0026674701347459973
pair_106,SetB,3,352.0,434.0,14.118643380208068,0.3573645353317261,0.0,0.3308285297777558,0.20903754234313965,0.05,0.30843785405158997,196,162.04937519163718,0.8795098355249408,0.0198537942293614
pair_106,SetB,4,598.0,617.0,297.6793921852903,0.3736298084259033,0.0,0.366095403745737,0.24178552627563477,0.05,0.3035605251789093,196,152.620444239951,0.8596560412955794,0.10155673850582192
pair_106,SetB,5,586.0,402.0,237.63069467429483,0.3512590229511261,0.0,0.3358363895599132,0.23798111081123352,0.05,0.30494633316993713,196,130.38404810405297,0.7580993027897575,0.018191155966627126
pair_106,SetB,6,353.0,448.0,0.14898165101886465,0.3538312017917633,0.0,0.3257307248735245,0.20321011543273926,0.05,0.3087946027517319,196,155.92626462530293,0.7399081468231303,0.16488845237604566
pair_106,SetB,7,597.0,608.0,291.82944301901034,0.34781593084335327,0.0,0.33242761111779606,0.1943504959344864,0.05,0.28137287497520447,196,145.16542288024377,0.5750196944470847,0.028576968300867422
pair_106,SetB,8,356.0,504.0,55.995810460818184,0.3725901246070862,0.0,0.3514204631182674,0.22877167165279388,0.0875,0.30299612879753113,196,144.05554484295286,0.5464427261462173,0.030293764921280886
pair_106,SetB,9,355.0,490.0,41.96241990792509,0.36785510182380676,0.0,0.3584585355030566,0.20121411979198456,0.09358541225631423,0.31352269649505615,196,145.34441853748632,0.5161489612249364,0.15998842540485825
pair_106,SetB,10,599.0,636.0,309.6510875518694,0.3657030463218689,0.0,0.36143130089608533,0.23479287326335907,0.05,0.3091769963502884,196,168.21712160181556,0.3561605358200781,0.10512315428063124
pair_106,SetB,11,354.0,462.0,13.953791605409172,0.34876951575279236,0.0,0.3222266074364777,0.18901924788951874,0.05,0.30786098539829254,196,150.86417732516887,0.2510373815394469,0.0246586447052779
pair_106,SetB,12,587.0,425.0,235.25389274172062,0.33333611488342285,0.0,0.3325602540514444,0.16790521144866943,0.05,0.2831903249025345,196,114.86513831445988,0.22637873683416898,0.03638004274292711
pair_106,SetB,13,584.0,374.0,242.70347101374188,0.3403882384300232,0.0,0.32309158022101253,0.22379641234874725,0.16249999999999998,0.2744358330965042,196,151.43315356948756,0.18999869409124187,0.025758421947843058
pair_106,SetB,14,600.0,659.0,324.88435330252605,0.3691179156303406,0.0,0.3677161443260449,0.21180780231952667,0.05,0.2934355214238167,196,187.83237207680682,0.1642402721433988,0.027202160590265173
pair_106,SetB,15,358.0,537.0,89.05611929592685,0.30664780735969543,0.0,0.2791379611273471,0.19381090998649597,0.12961646096066226,0.26779547333717346,196,146.74126890551273,0.13703811155313364,0.03382115390728682
pair_106,SetB,16,363.0,630.0,182.19010423473003,0.3546721041202545,0.0,0.3472763283602006,0.1939595490694046,0.05,0.2921820729970932,196,188.86238376129853,0.10321695764584682,0.020849311919753116
pair_106,SetB,17,587.0,416.0,236.30707385946528,0.3539683222770691,0.0,0.32333882261648067,0.22150816023349762,0.125,0.3058260977268219,196,120.93386622447825,0.0823676457260937,0.0027619491921152817
pair_106,SetB,18,362.0,607.0,159.170308419368,0.3085474967956543,0.0,0.3045231667292123,0.17318744957447052,0.05,0.27848386764526367,196,174.62244987400675,0.07960569653397842,0.01324759151728283
pair_106,SetB,19,354.0,476.0,27.93131897877686,0.34876203536987305,0.0,0.3370991262341353,0.19170521199703217,0.12961646096066226,0.3075524866580963,196,147.95945390545344,0.06635810501669559,0.000977591660756727
pair_106,SetB,20,589.0,458.0,236.3257405468551,0.36503204703330994,0.0,0.34374235717755686,0.22865644097328186,0.12961646096066226,0.30987441539764404,196,98.41239759298622,0.06538051335593886,0.006263086265974979
pair_107,SetB,1,567.0,376.0,47.753291139004624,0.7082708477973938,0.0,0.67112491215083,0.3636888265609741,0.05,0.6893340796232224,200,140.9432509913121,0.1305740576314766,0.04365499188982139
pair_107,SetB,2,518.0,406.0,82.59802154541546,0.7133676409721375,0.0,0.6788754234988947,0.3762598931789398,0.05,0.6914553642272949,200,95.70788891204319,0.0869190657416552,0.0022817901355316195
pair_107,SetB,3,567.0,391.0,62.16666977390892,0.707763135433197,0.0,0.6684387921907702,0.3663036823272705,0.05,0.6901780813932419,200,127.94530081249565,0.08463727560612358,0.00489419836805019
pair_107,SetB,4,518.0,376.0,56.60209475693906,0.7074613571166992,0.0,0.6712676317196589,0.36327964067459106,0.05,0.6850839257240295,200,125.29964086141668,0.07974307723807339,0.007820619664138537
pair_107,SetB,5,567.0,406.0,76.8050313908532,0.7099034786224365,0.0,0.6768738462070646,0.36719292402267456,0.05,0.6913323402404785,200,115.43396380615195,0.07192245757393485,0.0064348030157706515
pair_107,SetB,6,537.0,406.0,76.77481503889315,0.7127074003219604,0.0,0.6699634843541198,0.37678152322769165,0.05,0.7105638086795807,200,101.01980003939822,0.0654876545581642,0.010728883859863897
pair_107,SetB,7,518.0,556.0,227.8499798659942,0.702669084072113,0.0,0.6788996998779431,0.35846376419067383,0.05,0.6570516675710678,200,58.82176467941097,0.054758770698300305,0.0032454387545183816
pair_107,SetB,8,567.0,361.0,33.853490195766135,0.7074588537216187,0.0,0.6667794335065651,0.37038588523864746,0.11020817282989959,0.6883235573768616,200,154.30489298787643,0.05151333194378192,0.007461233162921271
pair_107,SetB,9,518.0,421.0,96.47150449427343,0.7134830951690674,0.0,0.6770801231074338,0.3765135705471039,0.125,0.6786118745803833,200,81.02468759581859,0.04405209878086065,0.0013319068574423124
pair_107,SetB,10,533.0,556.0,226.10381163589614,0.7026776671409607,0.0,0.67936056238687,0.36229297518730164,0.125,0.6758506149053574,200,65.0,0.04272019192341834,0.010280319925612777
pair_107,SetB,11,552.0,631.0,300.31061049882777,0.6929261684417725,0.0,0.662589383253337,0.32893598079681396,0.05,0.6911449581384659,200,140.9432509913121,0.03243987199780556,0.007181634565187868
pair_107,SetB,12,371.0,406.0,195.97115632668454,0.6929303407669067,0.0,0.6660399821662226,0.3423050343990326,0.05,0.6928072720766068,200,159.6151621870554,0.025258237432617694,0.0010068794058671997
pair_107,SetB,13,356.0,421.0,215.73523545504264,0.6946001052856445,0.0,0.6679179804683076,0.33943045139312744,0.05,0.6811588257551193,200,164.24676556937126,0.024251358026750495,0.001020417997777301
pair_107,SetB,14,529.0,376.0,50.77891976527131,0.6982841491699219,0.0,0.6657662678790696,0.34669190645217896,0.05,0.695103108882904,200,127.3459854098275,0.023230940028973194,0.0006808602519114242
pair_107,SetB,15,552.0,361.0,30.3106992180647,0.7073459625244141,0.0,0.6671426760407845,0.37533217668533325,0.09358541225631423,0.7057899832725525,200,148.4082207965583,0.02255007977706177,0.0008932298403924385
pair_107,SetB,16,537.0,391.0,62.12933452150079,0.7084900140762329,0.0,0.6658432801203507,0.3719017207622528,0.09358541225631423,0.7078256160020828,200,115.10864433221339,0.02165684993666933,0.0008310109265139212
pair_107,SetB,17,518.0,361.0,45.491527944242584,0.7049000859260559,0.0,0.6666256838518524,0.3626859486103058,0.16249999999999998,0.6849548667669296,200,140.1606221447379,0.02082583901015541,2.6887282444446048e-05
pair_107,SetB,18,552.0,331.0,0.3200855269775295,0.7101609706878662,0.0,0.6732397153270342,0.34530022740364075,0.05,0.6997334510087967,200,176.81911661356077,0.020798951727710964,0.0015836633283014719
pair_107,SetB,19,559.0,556.0,225.42172812149676,0.7005838751792908,0.0,0.6735166401714937,0.3529309332370758,0.05,0.6732315868139267,200,81.34494452638098,0.019215288399409492,0.00036444378893778565
pair_107,SetB,20,544.0,421.0,90.65744896250843,0.7070114016532898,0.0,0.6758265073292716,0.36223360896110535,0.125,0.6909349262714386,200,90.4267659490264,0.018850844610471706,0.0011688376687422238
pair_108,SetB,1,377.5,539.5,131.20451664421577,0.2712631821632385,0.0,0.20900864851856782,0.12100745737552643,0.05,0.1857961006462574,199,128.71091639794972,0.36823853047310506,0.344093820647174
pair_108,SetB,2,395.5,543.5,130.59647719867777,0.2587759792804718,0.0,0.19965042746183614,0.12700271606445312,0.0875,0.17850743606686592,199,113.19231422671771,0.024144709825931084,0.0005637937346049948
pair_108,SetB,3,360.5,554.5,151.24237103810282,0.255720317363739,0.0,0.16879934218175482,0.1230386272072792,0.1662132317597294,0.18262027576565742,199,149.76815415835236,0.02358091609132609,0.0035027900997922426
pair_108,SetB,4,657.5,528.5,264.09088646712087,0.24125324189662933,0.0,0.1486882857985131,0.10359126329421997,0.12961646096066226,0.15881992876529694,199,160.05780205913112,0.020078125991533847,0.00198802370565929
pair_108,SetB,5,545.5,381.5,130.8474694894098,0.23954860866069794,0.0,0.16895027186101336,0.10155396163463593,0.1662132317597294,0.17377272620797157,199,126.93502274786104,0.018090102285874557,6.393474275952216e-05
pair_108,SetB,6,427.5,537.5,122.75330083393044,0.25621533393859863,0.0,0.2009640801258119,0.12012768536806107,0.08106601717798213,0.16919649578630924,199,81.62413858657254,0.018026167543115035,0.0012777846619468763
pair_108,SetB,7,347.5,578.5,178.42358993801554,0.252577006816864,0.0,0.16820280940943128,0.10618238896131516,0.11020817282989959,0.1776510737836361,199,171.5182206064417,0.01674838288116816,0.0016944049558329857
pair_108,SetB,8,417.5,651.5,236.46524069558473,0.2425616830587387,0.0,0.18386254785450107,0.09902393072843552,0.16249999999999998,0.16581226512789726,199,172.5065216158508,0.015053977925335173,0.0010016207636266133
pair_108,SetB,9,358.5,587.5,182.77235279221662,0.24108628928661346,0.0,0.1724357226578008,0.10037726908922195,0.05,0.17713120579719543,199,166.36856674263922,0.01405235716170856,0.0007703768050970131
pair_108,SetB,10,389.5,567.5,155.29270737843103,0.25294822454452515,0.0,0.2013297149753065,0.12733060121536255,0.125,0.18229066208004951,199,129.48552042603066,0.013281980356611546,0.00021910436571667864
pair_108,SetB,11,409.5,538.5,123.82714357446085,0.2510228753089905,0.0,0.16080415298757772,0.09158705919981003,0.08106601717798213,0.1707992609590292,199,98.34886882928548,0.013062875990894868,0.0005319892013346469
pair_108,SetB,12,394.5,600.5,187.07475931288707,0.24370703101158142,0.0,0.13939883862553268,0.10932176560163498,0.14270509831248424,0.17404370941221714,199,145.70689757180338,0.01253088678956022,0.0002492772015619746
pair_108,SetB,13,569.5,366.5,158.111015180706,0.23953291773796082,0.0,0.16961330454288198,0.12160234153270721,0.18713203435596426,0.17415978014469147,199,150.50747489742827,0.012281609587998246,0.00043715140569961647
pair_108,SetB,14,406.5,637.5,222.81259225937,0.23838913440704346,0.0,0.17943516705897825,0.09248828887939453,0.1662132317597294,0.17206605896353722,199,166.2783810361407,0.01184445818229863,0.00027205488837492124
pair_108,SetB,15,620.5,397.5,202.23791505757774,0.2398482859134674,0.0,0.1764373218793864,0.09652046114206314,0.2,0.17042066529393196,199,158.19766117108054,0.011572403293923708,0.0013044904430110846
pair_108,SetB,16,547.5,348.5,144.6844225333422,0.23883871734142303,0.0,0.1714194298347506,0.1254081130027771,0.0875,0.17115356400609016,199,158.7718488901606,0.010267912850912624,6.771821440123595e-05
pair_108,SetB,17,367.5,549.5,143.99414560063286,0.26508134603500366,0.0,0.20399510119823505,0.12926079332828522,0.16249999999999998,0.18424195796251297,199,141.44433534079758,0.010200194636511388,0.0006634289339302428
pair_108,SetB,18,366.5,615.5,207.2272318080108,0.24158675968647003,0.0,0.1949391689901913,0.10270185023546219,0.0875,0.17466502636671066,199,176.5290344390973,0.009536765702581145,0.00035712829223760387
pair_108,SetB,19,354.5,578.5,175.7345723113281,0.24705862998962402,0.0,0.15909453628774967,0.08438346534967422,0.17694368026754387,0.1737192701548338,199,165.325436639375,0.009179637410343541,3.7629173298811894e-05
pair_108,SetB,20,399.5,557.5,143.79198929533257,0.25131481885910034,0.0,0.18960363041345163,0.10926562547683716,0.05885254915624212,0.17910610139369965,199,115.78644134785385,0.00914200823704473,6.959173180647732e-06
pair_109,SetB,1,595.5,558.5,0.49397388479569126,0.736798107624054,0.0,0.6693065780022323,0.4282156527042389,0.05,0.27870194986462593,93,111.99330337122841,0.42020634829011294,0.2691290838309699
pair_109,SetB,2,456.5,427.5,190.54700278881597,0.733081042766571,0.0,0.6607764282549305,0.42635664343833923,0.05,0.28179335221648216,102,84.54880247525686,0.15107726445914305,0.0694123281057348
pair_109,SetB,3,458.5,370.5,232.20937477963366,0.7318949103355408,0.0,0.6707730201987295,0.41334813833236694,0.05,0.2869552727788687,102,135.98713174414704,0.08166493635340824,0.011077489123458559
pair_109,SetB,4,594.5,569.5,11.18675116768147,0.7314477562904358,0.0,0.6663817401669426,0.42735955119132996,0.05,0.30110786110162735,93,117.30515760187188,0.07058744722994968,0.0002186851642717036
pair_109,SetB,5,457.5,404.5,206.34701131634878,0.733645498752594,0.0,0.6885555419630132,0.4245656430721283,0.05,0.30133782885968685,102,104.5299000286521,0.07036876206567798,0.002280035005440134
pair_109,SetB,6,450.5,610.5,153.6659743784615,0.728355884552002,0.0,0.6637510235167847,0.40696099400520325,0.05,0.2729115467518568,102,121.08055170009757,0.06808872706023784,0.003785440402462842
pair_109,SetB,7,593.5,592.5,34.2083994700029,0.7324974536895752,0.0,0.6924366315943078,0.43171176314353943,0.05,0.30261211283504963,93,131.52376211164278,0.064303286657775,0.003146424505949416
pair_109,SetB,8,592.5,615.5,57.23011258866234,0.7377557754516602,0.0,0.6760211302265793,0.4390593469142914,0.05,0.27579551562666893,93,147.97465999285149,0.061156862151825586,0.0007588382686910047
pair_109,SetB,9,452.5,541.5,143.5273261240047,0.7319498062133789,0.0,0.6673066934852891,0.41760361194610596,0.05,0.2750706300139427,102,63.075351762792415,0.06039802388313458,0.007146500223152635
pair_109,SetB,10,451.5,564.5,143.6703328349944,0.7374774813652039,0.0,0.6920676326542452,0.4325585663318634,0.05,0.29966078884899616,102,80.70006195784487,0.053251523659981946,0.007349737687862422
pair_109,SetB,11,601.5,375.5,182.94035257514378,0.7291569709777832,0.0,0.6520159792338056,0.41229933500289917,0.05,0.28303081914782524,93,160.63156601365748,0.045901785972119524,0.011316688539882463
pair_109,SetB,12,458.5,381.5,223.40550102129916,0.7322759032249451,0.0,0.6628316568270887,0.4120466709136963,0.05,0.28754573315382004,102,125.55676007288497,0.03458509743223706,0.000996573349860086
pair_109,SetB,13,599.5,432.5,125.90527843013808,0.724149763584137,0.0,0.6780526637914471,0.3766900300979614,0.05,0.279968798160553,93,120.23518619771835,0.033588524082376975,0.007546815299635329
pair_109,SetB,14,309.5,548.5,285.706643746098,0.7281681299209595,0.0,0.6594440562582369,0.40336480736732483,0.05,0.2783882189542055,93,196.57695694053257,0.026041708782741646,0.0003972138683668233
pair_109,SetB,15,449.5,621.5,158.65727551288265,0.7254936099052429,0.0,0.6645557487748192,0.40168601274490356,0.05,0.2749246135354042,102,131.57697366940766,0.025644494914374823,0.0015964715131403205
pair_109,SetB,16,451.5,576.5,144.68357314512585,0.7210385203361511,0.0,0.6463549663219923,0.39502108097076416,0.05,0.29448808170855045,102,90.57869506677605,0.024048023401234502,0.004142940782484943
pair_109,SetB,17,602.5,341.5,216.95455113151445,0.6605061888694763,0.0,0.5933407586101302,0.31674081087112427,0.09358541225631423,0.2713247947394848,93,188.75513238055277,0.01990508261874956,0.0011598982524400787
pair_109,SetB,18,453.5,507.5,150.38682788284814,0.6554679870605469,0.0,0.5747250552931811,0.3935678005218506,0.05,0.2760057095438242,102,47.10095540432275,0.01874518436630948,0.002479325071627868
pair_109,SetB,19,596.5,501.5,56.84498847220932,0.6517629027366638,0.0,0.5522383983365894,0.3656511902809143,0.05885254915624212,0.27527550514787436,93,96.51165732697787,0.016265859294681613,0.00010552901659969735
pair_109,SetB,20,597.5,489.5,68.87020889196774,0.6571171283721924,0.0,0.5633273857844682,0.3560524880886078,0.05,0.27343822829425335,93,98.06375477208692,0.016160330278081916,0.003325488334757305
pair_110,SetB,1,466.5,659.5,66.94834613131779,0.4628542959690094,0.0,0.18215910587593534,0.3207332193851471,0.16249999999999998,0.013611089438199997,199,162.98006013006622,0.0266760948685493,0.0012814039862768904
pair_110,SetB,2,622.5,571.5,203.2254949417081,0.4620852470397949,0.0,0.17172725238901085,0.2861357629299164,0.14270509831248424,0.01745619624853134,199,141.83969825123006,0.02539469088227241,0.00352919928178665
pair_110,SetB,3,654.5,462.5,274.09917188789274,0.4956333637237549,0.0,0.38296748241041223,0.3568921387195587,0.0875,0.04000023938715458,199,158.98584842683326,0.02186549160048576,0.0011736408110116711
pair_110,SetB,4,489.5,623.5,68.35692098415838,0.46607911586761475,0.0,0.1484176708264923,0.32396504282951355,0.16249999999999998,0.010541368275880814,199,123.9455525624054,0.020691850789474088,0.003988664928325305
pair_110,SetB,5,615.5,599.5,192.99206706330918,0.478769987821579,0.0,0.22353883568557206,0.31472766399383545,0.12961646096066226,0.01644134521484375,199,152.44835190975337,0.016703185861148783,0.0011676978514909252
pair_110,SetB,6,479.5,643.5,66.5118038735394,0.4763210713863373,0.0,0.15234669836721854,0.3372172713279724,0.16249999999999998,0.010498061776161194,199,144.95689014324225,0.015535488009657858,0.0020255597588591627
pair_110,SetB,7,454.5,577.5,44.62244822161661,0.4652567505836487,0.0,0.19393531755251547,0.30433112382888794,0.1340990257669732,0.016990236937999725,199,89.86934961375874,0.013509928250798695,0.00511564320973573
pair_110,SetB,8,684.5,565.5,265.329315984297,0.4612407088279724,0.0,0.22598619862756916,0.34536924958229065,0.14270509831248424,0.012928381562232971,199,195.78176626029298,0.008394285041062965,0.00020731786793475905
pair_110,SetB,9,502.5,599.5,80.31076505047349,0.4796478748321533,0.0,0.2390179256188947,0.36587053537368774,0.125,0.018972128629684448,199,99.5314020799466,0.008186967173128206,0.00020080875978202573
pair_110,SetB,10,601.5,566.5,183.71121720075095,0.46382033824920654,0.0,0.30280434898661596,0.3162173330783844,0.12961646096066226,0.014873988926410675,199,121.34455076351801,0.00798615841334618,0.002326981310861854
pair_110,SetB,11,445.5,654.5,51.022451732526605,0.47398674488067627,0.0,0.2760473746177971,0.36617347598075867,0.05,0.028832213953137398,199,163.83070530276063,0.005659177102484326,0.0001557762575259249
pair_110,SetB,12,619.5,412.5,277.96682524065204,0.4702226519584656,0.0,0.2691228509185065,0.30263301730155945,0.125,0.012077823281288147,199,148.10975659962446,0.005503400844958401,6.252107641285549e-05
pair_110,SetB,13,616.5,579.5,195.9744838111101,0.4777199327945709,0.0,0.19468972239248003,0.31871578097343445,0.16249999999999998,0.019946526736021042,199,141.04077424631504,0.005440879768545546,3.4273367310783814e-05
pair_110,SetB,14,609.5,595.5,187.2416926267874,0.4721199870109558,0.0,0.15721705694043797,0.3008325397968292,0.16249999999999998,0.01937771588563919,199,145.29452845857617,0.005406606401234762,0.00021153216834278888
pair_110,SetB,15,470.5,557.5,70.12277543508866,0.46991869807243347,0.0,0.24368394346480027,0.3583504855632782,0.125,0.006669174879789352,199,64.62584622269948,0.005195074232891973,8.443562468951268e-05
pair_110,SetB,16,455.5,634.5,41.6189761133105,0.47770604491233826,0.0,0.2530319249957107,0.3392081558704376,0.125,0.0058998167514801025,199,141.67039210787834,0.00511063860820246,0.00015664495616431098
pair_110,SetB,17,612.5,436.5,256.3427349376534,0.4770222306251526,0.0,0.34728785843398335,0.3190995454788208,0.18713203435596426,0.019889328628778458,199,129.18397733465247,0.0049539936520381495,4.89128542443696e-05
pair_110,SetB,18,622.5,579.5,201.9088667259013,0.49427735805511475,0.0,0.2561734427934621,0.35655033588409424,0.16249999999999998,0.02218867465853691,199,146.03595447697117,0.00490508079779378,0.0001895285528901204
pair_110,SetB,19,475.5,586.5,57.29963078702479,0.46180087327957153,0.0,0.28147329524897563,0.3050502836704254,0.16249999999999998,0.006534174084663391,199,89.9027252089724,0.0047155522449036594,0.000319299788187938
pair_110,SetB,20,609.5,603.5,186.84228677143696,0.49030718207359314,0.0,0.15775326931159336,0.3450615704059601,0.0875,0.023663140833377838,199,150.67348804617222,0.0043962524567157215,0.000625131490643411
pair_111,SetB,1,641.5,514.5,0.5734421224396048,0.8513476252555847,0.0,0.7958646573032746,0.5640792846679688,0.05,0.4939963147044182,199,142.24099268495002,0.8136343825913175,0.477413246761995
pair_111,SetB,2,539.5,512.5,102.47842464077203,0.7117535471916199,0.0,0.5987282651825108,0.5077986121177673,0.05,0.31687673181295395,199,41.430664971733194,0.3362211358293225,0.0494622961680225
pair_111,SetB,3,531.5,512.5,110.4774459550191,0.7077916264533997,0.0,0.6053181080678749,0.5059618949890137,0.05,0.3072233386337757,199,33.88952640566109,0.2867588396613,0.016803519441886905
pair_111,SetB,4,443.5,558.5,203.35676678565736,0.6618767380714417,0.0,0.7010138959329825,0.5788913369178772,0.05,0.36673654802143574,199,81.32957641596322,0.2699553202194131,0.0018235827733179
pair_111,SetB,5,444.5,510.5,197.49890498035032,0.8597756028175354,0.0,0.7765560901690512,0.6138646602630615,0.05,0.42238471657037735,199,56.48451115128819,0.2681317374460952,0.019610401881008405
pair_111,SetB,6,649.5,514.5,7.542565079468208,0.6852625608444214,0.0,0.6410317670725372,0.44280245900154114,0.05,0.3442261666059494,199,150.20153128380548,0.2485213355650868,0.044639348077132074
pair_111,SetB,7,446.5,384.5,234.5620624507713,0.6699468493461609,0.0,0.7045850506643299,0.5958548784255981,0.05,0.3458512146025896,199,127.28904116223046,0.20388198748795472,0.026089064812313045
pair_111,SetB,8,308.5,508.5,333.5130132063149,0.833533763885498,0.0,0.7585614145465469,0.6190574765205383,0.05,0.42552512511610985,199,191.68854947544466,0.17779292267564167,0.016862408358344877
pair_111,SetB,9,523.5,512.5,118.4765994305793,0.7027384638786316,0.0,0.6050831546882129,0.48480236530303955,0.05885254915624212,0.30257806554436684,199,26.61766330841233,0.1609305143172968,0.01643112978158412
pair_111,SetB,10,634.5,514.5,7.472453765085534,0.6854996085166931,0.0,0.5594764176217767,0.40175631642341614,0.05,0.35690827667713165,199,135.27934062524108,0.14449938453571268,0.0336275607374729
pair_111,SetB,11,420.5,510.5,221.49522142047843,0.5583733320236206,0.0,0.40031743899023653,0.40096354484558105,0.09358541225631423,0.22330967150628567,199,80.19039842774195,0.11087182379823977,0.03722567500704209
pair_111,SetB,12,673.5,514.5,31.5368775294684,0.661149799823761,0.0,0.620506443535411,0.48835018277168274,0.05,0.2913834787905216,199,174.1048534648015,0.07364614879119769,0.011726371264365112
pair_111,SetB,13,574.5,513.5,67.46817970080889,0.557715892791748,0.0,0.43181050497855544,0.3737075626850128,0.09358541225631423,0.2422935925424099,199,75.71327492586752,0.06191977752683257,0.01827336046900413
pair_111,SetB,14,487.5,511.5,154.4878852073324,0.7020196318626404,0.0,0.6274182966942288,0.4711615741252899,0.09358541225631423,0.2851334325969219,199,16.98528775146303,0.04364641705782844,0.006096145761016393
pair_111,SetB,15,436.5,510.5,205.49758153401032,0.6894646286964417,0.0,0.5677712122754419,0.4563277065753937,0.12961646096066226,0.30370911210775375,199,64.3622560201241,0.03755027129681205,0.00907623556791147
pair_111,SetB,16,445.5,447.5,207.46708005078418,0.5102092623710632,0.0,0.4898432128764345,0.5241624712944031,0.05,0.26459689624607563,199,75.67364138192373,0.02847403572890058,0.004683878527900875
pair_111,SetB,17,639.5,640.5,126.35974502643518,0.665844738483429,0.0,0.7148953226294024,0.5662350058555603,0.05,0.4184614568948746,199,197.99116141888757,0.023790157200999706,0.006452821763491764
pair_111,SetB,18,447.5,337.5,262.7296622278968,0.6555787920951843,0.0,0.651122848897822,0.5529333353042603,0.05,0.36576350405812263,199,170.77031357938066,0.017337335437507942,0.000958482541552997
pair_111,SetB,19,443.5,542.5,200.47751036126732,0.6563768982887268,0.0,0.7178332311153468,0.5527704954147339,0.05,0.35108102299273014,199,70.70007072132248,0.016378852895954945,0.0008273413039810006
pair_111,SetB,20,582.5,513.5,59.46861965987495,0.5610085725784302,0.0,0.4171163137095204,0.406134694814682,0.1662132317597294,0.2366020604968071,199,83.59724875855665,0.015551511591973944,0.001746628073520478
pair_112,SetB,1,512.5,428.5,84.54732679519662,0.6366465091705322,0.0,0.14954137691859232,0.4139087498188019,0.125,0.1257864385843277,199,72.58443359288546,0.22264741418536885,0.15866491586768927
pair_112,SetB,2,435.5,531.5,49.328152786256176,0.638908326625824,0.0,0.586137100249688,0.41626855731010437,0.16249999999999998,0.12747698836028576,199,71.78091668403239,0.06398249831767958,0.03043578036878919
pair_112,SetB,3,443.5,536.5,52.78744715049312,0.6319631338119507,0.0,0.3520432074557381,0.3941217362880707,0.1662132317597294,0.12523442972451448,199,67.26440366196671,0.03354671794889039,0.007326266580269924
pair_112,SetB,4,428.5,474.5,22.30150390012419,0.6267760396003723,0.0,0.23375378019394255,0.3962816596031189,0.2,0.12969126552343369,199,75.91113225344488,0.026220451368620463,0.001839402657077039
pair_112,SetB,5,656.5,494.5,208.07498643143737,0.6268867254257202,0.0,0.10774068408775764,0.36692431569099426,0.05,0.12770267901942134,199,156.59661554452575,0.024381048711543424,0.0009991538706658927
pair_112,SetB,6,439.5,458.5,27.07638917423811,0.6228033900260925,0.0,0.32079860562362883,0.3813959062099457,0.19366069605669878,0.1326497863046825,199,73.3655232380987,0.02338189484087753,7.094980208476043e-05
pair_112,SetB,7,658.5,530.5,214.90626494272547,0.6490656733512878,0.0,0.2170020387889981,0.4217105209827423,0.05,0.12367394287139177,199,161.40786845751975,0.02331094503879277,0.00429266108820266
pair_112,SetB,8,462.5,446.5,39.93189017375264,0.6238225102424622,0.0,0.21941603836764761,0.3856283724308014,0.05,0.13232381641864777,199,65.33375850201793,0.01901828395059011,0.0005787369532924171
pair_112,SetB,9,428.5,547.5,66.66302749142869,0.6324242353439331,0.0,0.34723674656517367,0.4147791266441345,0.16249999999999998,0.1162689346820116,199,85.83996738116808,0.018439546997297693,0.005077456887786304
pair_112,SetB,10,641.5,432.5,199.55962136159707,0.6296638250350952,0.0,0.33330974824512194,0.3840525448322296,0.125,0.1268713641911745,199,156.77531693477772,0.01336209010951139,0.0007687239034664325
pair_112,SetB,11,400.5,538.5,72.77449679855044,0.6275569796562195,0.0,0.2191132447473306,0.3986225426197052,0.05,0.13080867938697338,199,106.68879978704419,0.012593366206044957,0.0024431113243902833
pair_112,SetB,12,477.5,435.5,56.38360750423629,0.6348617076873779,0.0,0.5884553218286781,0.41637885570526123,0.19366069605669878,0.1331971101462841,199,68.3117852204142,0.010150254881654674,0.002038209785536855
pair_112,SetB,13,482.5,534.5,60.798317555041706,0.6402201056480408,0.0,0.15287860914639295,0.39827701449394226,0.125,0.12393498700112104,199,38.6846222677694,0.008112045096117819,1.4939604663859185e-05
pair_112,SetB,14,438.5,437.5,47.573000266266405,0.6288142800331116,0.0,0.36054346230356105,0.41043129563331604,0.14270509831248424,0.1286069769412279,199,87.68409205779575,0.00809710549145396,0.00044704132974467906
pair_112,SetB,15,458.5,676.5,192.78119579344343,0.6503573656082153,0.0,0.17184756100993853,0.4269227385520935,0.05,0.11536335200071335,199,181.31326482086192,0.00765006416170928,4.973505347451428e-05
pair_112,SetB,16,681.5,524.5,236.3101901597515,0.634784996509552,0.0,0.3176774369006002,0.38615095615386963,0.125,0.12193393614143133,199,183.14611652994446,0.007600329108234766,0.0005311925219765199
pair_112,SetB,17,406.5,423.5,73.73314679611777,0.6252905130386353,0.0,0.35020750714043597,0.3971100151538849,0.16249999999999998,0.120476926676929,199,120.80769843019111,0.007069136586258246,0.0002660246021615976
pair_112,SetB,18,660.5,415.5,222.59983358547743,0.6330469250679016,0.0,0.327320110879996,0.3811471164226532,0.16249999999999998,0.12951060582417995,199,181.38494976154996,0.0068031119840966485,2.2053918878703338e-05
pair_112,SetB,19,445.5,421.5,62.54996224871314,0.6279719471931458,0.0,0.5912792188485758,0.4110656678676605,0.125,0.11985877528786659,199,95.56411460375699,0.006781058065217945,4.759067027097601e-05
pair_112,SetB,20,668.5,420.5,228.7879669730122,0.6524020433425903,0.0,0.21723257942901025,0.4236747920513153,0.05,0.13072200119495392,199,186.3129088388671,0.006733467394946969,2.8475075229882248e-05
pair_113,SetB,1,492.0,605.0,176.90041551834332,0.7157785296440125,0.0,0.668117794807366,0.430388867855072,0.05,0.7053992003202438,61,105.30432089900205,0.14843595659335854,0.05435772510663216
pair_113,SetB,2,484.0,620.0,164.9547032573967,0.7143181562423706,0.0,0.6675958427246782,0.43475499749183655,0.0875,0.6845103055238724,61,121.06196760337245,0.09407823148672638,0.01084432114614109
pair_113,SetB,3,526.0,606.0,209.14455489813912,0.7178528904914856,0.0,0.6673143117482164,0.4409601390361786,0.09358541225631423,0.6939765363931656,61,109.14210919713803,0.08323391034058529,0.0008281962557776384
pair_113,SetB,4,526.0,621.0,205.6863568873128,0.715910792350769,0.0,0.6699359816186867,0.44203981757164,0.11020817282989959,0.6894141733646393,61,123.76186811776881,0.08240571408480765,0.015310012049764898
pair_113,SetB,5,490.0,378.0,328.2145035117206,0.7056394815444946,0.0,0.6613644121443123,0.41542914509773254,0.12961646096066226,0.6772953271865845,61,122.40914998479485,0.06709570203504275,0.004280179412969015
pair_113,SetB,6,487.0,363.0,339.8001647376191,0.7115614414215088,0.0,0.6643668005678087,0.42096108198165894,0.05885254915624212,0.6705149263143539,61,137.6154061142865,0.06281552262207374,0.004225608529865005
pair_113,SetB,7,485.0,590.0,175.81120819191213,0.7092364430427551,0.0,0.661681151014581,0.422175794839859,0.05,0.6795675456523895,61,91.2414379544733,0.058589914092208734,0.007657129810368875
pair_113,SetB,8,530.0,591.0,217.38348603892837,0.7136569619178772,0.0,0.6674282567954701,0.4454232156276703,0.125,0.6813462525606155,61,95.81753492967766,0.05093278428183986,0.0006778178224080555
pair_113,SetB,9,510.0,651.0,185.9824498223463,0.7130098342895508,0.0,0.6610600394427533,0.43700411915779114,0.11020817282989959,0.7040515542030334,61,151.33076356114773,0.0502549664594318,0.004331552880515524
pair_113,SetB,10,515.0,424.0,304.4424715203722,0.7028784155845642,0.0,0.6592545584607993,0.410655677318573,0.05885254915624212,0.6912509500980377,61,77.46612162745726,0.04592341357891628,0.005103561265147286
pair_113,SetB,11,477.0,620.0,158.18758044836332,0.7076840400695801,0.0,0.6525314122022672,0.42014971375465393,0.05885254915624212,0.6631006598472595,61,122.18428704215611,0.040819852313768994,0.0008278756679442612
pair_113,SetB,12,528.0,379.0,348.13218161117186,0.7056129574775696,0.0,0.6703218498990331,0.4168979823589325,0.1340990257669732,0.6908139437437057,61,124.19742348374221,0.03999197664582473,0.0005593053370884365
pair_113,SetB,13,485.0,605.0,170.27922213803464,0.7111219763755798,0.0,0.6587628602427329,0.4341989755630493,0.05,0.6852877289056778,61,106.06601717798213,0.039432671308736296,0.0024973208365482863
pair_113,SetB,14,533.0,621.0,212.55498330597518,0.7031959295272827,0.0,0.6673518118416077,0.42077529430389404,0.14270509831248424,0.6764150261878967,61,125.41929676090518,0.03693535047218801,0.003976574846224171
pair_113,SetB,15,521.0,651.0,196.96645116740171,0.7130898833274841,0.0,0.6690922575090062,0.4362703859806061,0.0875,0.6948375701904297,61,152.45327152934436,0.03295877562596384,0.0016747726188670944
pair_113,SetB,16,518.0,636.0,195.34373428842883,0.7142165899276733,0.0,0.6633555724336381,0.44171884655952454,0.09358541225631423,0.7042415142059326,61,137.18600511714013,0.031284003007096745,0.006117263722660866
pair_113,SetB,17,524.0,394.0,333.67331435770785,0.7024285197257996,0.0,0.666559622728161,0.4049842953681946,0.05885254915624212,0.695465549826622,61,108.6830253535482,0.025166739284435878,0.00817418873833212
pair_113,SetB,18,534.0,606.0,216.86996171300842,0.7073538899421692,0.0,0.667477098996327,0.4288245737552643,0.16249999999999998,0.6776700019836426,61,111.31936040060597,0.016992550546103758,0.0009265226562870099
pair_113,SetB,19,671.0,398.0,435.35611089076195,0.7077283263206482,0.0,0.662169863797329,0.4269927740097046,0.05,0.6608250737190247,62,199.11052207254141,0.016066027889816748,0.0010462187839856661
pair_113,SetB,20,498.0,666.0,173.75903151538435,0.7042307257652283,0.0,0.6535306688746384,0.4193788766860962,0.05,0.6955014169216156,61,166.01204775557707,0.015019809105831082,0.00154473504868902
pair_114,SetB,1,642.5,522.5,116.59179802423391,0.38672059774398804,0.0,0.23398797927369822,0.2807483375072479,0.05,0.3290775306522846,200,144.2653804625351,0.8727876063532755,0.03119915447200361
pair_114,SetB,2,641.5,466.5,60.58507438685612,0.36708566546440125,0.0,0.28434051011620576,0.2733510136604309,0.05,0.31058861687779427,200,145.41148510348143,0.8415884518812718,0.0953507847705709
pair_114,SetB,3,642.5,536.5,130.5909772698564,0.39234405755996704,0.0,0.24312642647902916,0.2744785249233246,0.05,0.3187202885746956,200,147.10030591402588,0.7462376671107009,0.05605187284164137
pair_114,SetB,4,641.5,410.5,4.596447255359997,0.37143874168395996,0.0,0.27324371127818914,0.29850974678993225,0.05,0.3039938174188137,200,167.4290894677505,0.6901857942690596,0.17334892216171183
pair_114,SetB,5,407.5,492.5,249.1899433243745,0.36619576811790466,0.0,0.28756192170667516,0.24817660450935364,0.05,0.31374306604266167,200,92.80355596635293,0.5168368721073477,0.05650365130551954
pair_114,SetB,6,649.5,494.5,88.97550747139306,0.3164566159248352,0.0,0.23129307020285222,0.13868506252765656,0.14270509831248424,0.283507876098156,200,149.6011363593205,0.4603332208018282,0.015171963771714814
pair_114,SetB,7,641.5,438.5,32.58587551249925,0.37650150060653687,0.0,0.3012620508906727,0.2510901987552643,0.125,0.31635910272598267,200,154.28707009986286,0.4451612570301134,0.12789176368486477
pair_114,SetB,8,641.5,452.5,46.58535457296095,0.37720319628715515,0.0,0.2954314740078728,0.27989524602890015,0.125,0.3183790445327759,200,149.25984054661185,0.3172694933452486,0.11615910565150578
pair_114,SetB,9,634.5,438.5,33.25858932821923,0.3052995502948761,0.0,0.17177937135974425,0.17868967354297638,0.14270509831248424,0.27535856887698174,200,147.89354279345667,0.20111038769374284,0.021207630912540437
pair_114,SetB,10,409.5,674.5,354.6908513043333,0.3659266233444214,0.0,0.2663373653355059,0.2766735255718231,0.05,0.3101485148072243,200,196.57186980847487,0.1799027567812024,0.002083888342375162
pair_114,SetB,11,407.5,464.5,240.89606866543127,0.3651126027107239,0.0,0.2575044868948173,0.24556821584701538,0.05,0.31047457084059715,200,99.07825190222121,0.17781886843882724,0.0004738918900032696
pair_114,SetB,12,465.5,650.5,301.12988116501816,0.3035346567630768,0.0,0.19474272403769244,0.1765967458486557,0.125,0.27953462675213814,200,154.40369166571116,0.17734497654882397,0.06706081764095645
pair_114,SetB,13,642.5,494.5,88.59421770623047,0.3681134879589081,0.0,0.2297184366799455,0.21843481063842773,0.125,0.31267382949590683,200,142.60610085126092,0.11028415890786752,0.019361863205910795
pair_114,SetB,14,642.5,508.5,102.59284277546537,0.38622334599494934,0.0,0.2357860900023569,0.2696397602558136,0.16249999999999998,0.32264215499162674,200,142.75328367501743,0.09092229570195673,0.002127641540428049
pair_114,SetB,15,479.5,650.5,293.1835881629186,0.3030169606208801,0.0,0.173324218702535,0.17519201338291168,0.17694368026754387,0.277459517121315,200,151.8897626570007,0.08879465416152868,0.001983691954027672
pair_114,SetB,16,549.5,649.5,260.26045276239506,0.3151839077472687,0.0,0.2722412252145957,0.1964748352766037,0.16249999999999998,0.2804293781518936,200,157.4817449738223,0.08681096220750101,0.0015005545445311852
pair_114,SetB,17,462.5,412.5,178.7851701271875,0.3108792006969452,0.0,0.17364277789378774,0.2417001873254776,0.18713203435596426,0.27224649861454964,200,95.19716382329885,0.08531040766296982,0.003745140558944801
pair_114,SetB,18,641.5,424.5,18.5871812048977,0.3689696192741394,0.0,0.2865583940320859,0.25365743041038513,0.16249999999999998,0.314148623496294,200,160.382355638019,0.08156526710402502,0.000235731153283944
pair_114,SetB,19,530.5,528.5,165.14650698781367,0.3050234615802765,0.0,0.13598871034950533,0.17350734770298004,0.1662132317597294,0.2746152952313423,200,41.743262929483606,0.08132953595074108,0.009212740863996802
pair_114,SetB,20,479.5,664.5,304.96060785920577,0.3034892678260803,0.0,0.17741240443701006,0.1554289013147354,0.14270509831248424,0.28378643840551376,200,165.7724343791814,0.07211679508674428,0.004600769266363491
pair_115,SetB,1,630.0,568.0,228.85672026744567,0.7637697458267212,0.0,0.7253635927420885,0.5307539105415344,0.05,0.6179398745298386,181,146.71059948074645,0.8804464927246459,0.016416219151719202
pair_115,SetB,2,372.0,559.0,29.300551157792448,0.7881770133972168,0.0,0.691576960499436,0.5728797316551208,0.05,0.655644878745079,181,140.9432509913121,0.8640302735729267,0.02001195506863196
pair_115,SetB,3,520.0,564.0,118.78410200933978,0.7797930240631104,0.0,0.7153295498591381,0.5387815237045288,0.05,0.6307800486683846,181,67.05221845696084,0.8440183185042948,8.345289623734597e-05
pair_115,SetB,4,380.0,559.0,21.30560769605605,0.7934432625770569,0.0,0.7204949541053074,0.5857831835746765,0.05,0.6453896760940552,181,133.71985641631537,0.8439348656080574,0.029899410193403253
pair_115,SetB,5,530.0,565.0,128.81438113330364,0.7782860994338989,0.0,0.6868367931503143,0.5478729605674744,0.05885254915624212,0.6306723207235336,181,71.58910531638176,0.8140354554146542,0.005925973647710636
pair_115,SetB,6,364.0,558.0,37.33486382520485,0.7641319036483765,0.0,0.7220850432527888,0.49679693579673767,0.05,0.6210516393184662,181,147.85127662620977,0.8081094817669435,0.011449590022944878
pair_115,SetB,7,401.0,560.0,0.3080908425932617,0.7961683869361877,0.0,0.7129175435506223,0.6006812453269958,0.05,0.6216345578432083,181,115.76268828944843,0.7966598917439986,0.0607283850499043
pair_115,SetB,8,358.0,558.0,43.3282481873629,0.7448051571846008,0.0,0.7200100032661412,0.5241815447807312,0.05,0.6265132278203964,181,153.3883959105121,0.7359315066940944,0.2568652490346703
pair_115,SetB,9,646.0,569.0,244.88249278791557,0.8016709685325623,0.0,0.7218067427150727,0.6121479272842407,0.09358541225631423,0.6598895192146301,181,161.48374531202822,0.47906625765942407,0.0999306106912155
pair_115,SetB,10,458.0,562.0,56.75221877563524,0.6821764707565308,0.0,0.5600041707648629,0.49122631549835205,0.05885254915624212,0.5806450992822647,181,74.88658090739622,0.37913564696820856,0.005527561144754833
pair_115,SetB,11,536.0,565.0,134.80986519026303,0.7890004515647888,0.0,0.7026264073518889,0.5827787518501282,0.0875,0.6242688298225403,181,74.30343195303969,0.37360808582345373,0.026180806054975303
pair_115,SetB,12,452.0,562.0,50.75686525088693,0.6738396286964417,0.0,0.5370416776436764,0.47388067841529846,0.11020817282989959,0.5675354152917862,181,78.40918313565064,0.3474272797684784,0.010205702011847784
pair_115,SetB,13,664.0,570.0,262.907443393606,0.7819892764091492,0.0,0.6797091407345346,0.5743584036827087,0.05,0.6686119735240936,181,178.31432920547917,0.33722157775663064,0.1649427107197358
pair_115,SetB,14,395.0,560.0,6.288080319653775,0.768324613571167,0.0,0.6624370926140344,0.5435099005699158,0.1340990257669732,0.6258527636528015,181,120.93386622447825,0.17227886703689485,0.024417927170631598
pair_115,SetB,15,386.0,559.0,15.312866653867115,0.7753371596336365,0.0,0.7101249729336432,0.5487030744552612,0.125,0.6303616389632225,181,128.3627671873741,0.14786093986626325,0.018635633859927586
pair_115,SetB,16,549.0,565.0,147.8013379911769,0.6231112480163574,0.0,0.6662238999795337,0.45066002011299133,0.12961646096066226,0.5844884067773819,181,81.40024569987489,0.12922530600633567,0.03849748796020913
pair_115,SetB,17,652.0,569.0,250.87843717602436,0.787197470664978,0.0,0.7196321873264777,0.5844165682792664,0.12961646096066226,0.6587724089622498,181,166.9281282468596,0.09072781804612653,0.00585009546861788
pair_115,SetB,18,493.0,563.0,91.765690340319,0.7464286684989929,0.0,0.7153192483085198,0.5001469850540161,0.09358541225631423,0.6269409209489822,181,63.387695966961914,0.08487772257750865,0.010264481628494568
pair_115,SetB,19,658.0,569.0,256.87457095972985,0.7596398591995239,0.0,0.7115329807542637,0.5090618133544922,0.05885254915624212,0.6526022851467133,181,172.40939649566667,0.07461324094901409,0.020975442318990435
pair_115,SetB,20,568.0,566.0,166.82490778467167,0.6562236547470093,0.0,0.5663949330685045,0.4901280105113983,0.16249999999999998,0.5768920630216599,181,94.76286192385707,0.05363779863002365,0.005115514258844649
pair_116,SetB,1,377.0,598.0,27.20257175032674,0.39305955171585083,0.0,0.3280655908007989,0.16360019147396088,0.05,0.31517237424850464,197,157.26728839781018,0.8127735674402763,0.3599033701919214
pair_116,SetB,2,635.0,591.0,230.89255472707788,0.3920547366142273,0.0,0.28461704305028845,0.15902858972549438,0.05,0.31733810901641846,197,162.8066337714775,0.45287019724835487,0.08636645042238167
pair_116,SetB,3,385.0,598.0,19.20574299845993,0.40001675486564636,0.0,0.27842765348342097,0.16201815009117126,0.05,0.31757286190986633,197,151.09268678529745,0.3665037468259732,0.010822232614801308
pair_116,SetB,4,412.0,597.0,7.813177734383635,0.4057433009147644,0.0,0.30954386267507705,0.16398631036281586,0.0875,0.3267303556203842,197,130.96946208945045,0.3556815142111719,0.23086398809675832
pair_116,SetB,5,532.0,337.0,290.0338407643826,0.30097681283950806,0.0,0.21765759635293364,0.1187993660569191,0.12961646096066226,0.28025978803634644,197,166.1114083980989,0.12481752611441357,0.04865965983827551
pair_116,SetB,6,373.0,588.0,32.567918604344605,0.3305875062942505,0.0,0.2801280124555186,0.12864461541175842,0.12961646096066226,0.2516213357448578,197,154.50889942006577,0.07615786627613806,0.0035549915034468194
pair_116,SetB,7,627.0,591.0,222.8956957280814,0.38122430443763733,0.0,0.32861869859666226,0.14264391362667084,0.05,0.3054794371128082,197,156.236999459155,0.07260287477269124,0.00219283031011
pair_116,SetB,8,424.0,340.0,258.1174171452749,0.39995357394218445,0.0,0.30127306144935817,0.1336338222026825,0.09358541225631423,0.2899874076247215,197,177.13271860387624,0.07041004446258124,0.008691226540951495
pair_116,SetB,9,439.0,596.0,34.83146463321983,0.3886171579360962,0.0,0.3019806537591897,0.13838468492031097,0.08106601717798213,0.2647520452737808,197,113.74093370462545,0.06171881792162975,0.006391278414274872
pair_116,SetB,10,404.0,597.0,0.40631517058832,0.3926267623901367,0.0,0.3584660665970665,0.14918991923332214,0.16249999999999998,0.3143913894891739,197,136.4734406395618,0.055327539507354875,0.01849821395940677
pair_116,SetB,11,335.0,599.0,69.2144746483672,0.39585745334625244,0.0,0.3132487592024505,0.15401825308799744,0.05885254915624212,0.3209282457828522,197,192.42141252989492,0.03682932554794811,0.0036219732017488127
pair_116,SetB,12,435.0,602.0,31.15305374485373,0.30816182494163513,0.0,0.20791686169435106,0.09173130989074707,0.12961646096066226,0.22629038617014885,197,120.95040305844375,0.033207352346199294,0.0012290867750705606
pair_116,SetB,13,524.0,337.0,286.5985836221945,0.2960038185119629,0.0,0.23227119265298019,0.10639027506113052,0.05,0.26544762402772903,197,164.7573974060042,0.03197826557112873,0.0015260132061959905
pair_116,SetB,14,335.0,589.0,69.69772765580392,0.3179788887500763,0.0,0.21849673738873066,0.12491541355848312,0.14270509831248424,0.24432283639907837,197,187.47266467407988,0.030452252364932743,0.003082325069013781
pair_116,SetB,15,566.0,593.0,161.86367794297854,0.380983829498291,0.0,0.2255960869751109,0.15257419645786285,0.14270509831248424,0.2689608037471771,197,114.03946685248927,0.02736992729591896,0.0007464171223694055
pair_116,SetB,16,543.0,337.0,295.0463348157195,0.2969667613506317,0.0,0.2325749385840155,0.09387414902448654,0.05885254915624212,0.2681667059659958,197,168.57639217873896,0.026623510173549556,0.00145274612353391
pair_116,SetB,17,396.0,592.0,9.790265956204006,0.3452642858028412,0.0,0.3543218988743617,0.11092509329319,0.16249999999999998,0.2683306783437729,197,138.85243966167826,0.025170764050015646,2.8356941885913228e-05
pair_116,SetB,18,432.0,340.0,258.8541706985597,0.3825528919696808,0.0,0.22085898169755058,0.1234765350818634,0.125,0.2783775180578232,197,173.85051049680584,0.025142407108129733,0.000310198049507316
pair_116,SetB,19,666.0,580.0,262.3797383131205,0.2981494665145874,0.0,0.1885390669646591,0.08635733276605606,0.05,0.23159980028867722,197,184.27153876819935,0.024832209058622417,0.001758568123937855
pair_116,SetB,20,531.0,594.0,126.84945565807872,0.2966981828212738,0.0,0.19848370151383155,0.1414245218038559,0.125,0.25296732783317566,197,98.97979591815695,0.023073640934684562,0.002814778192736296
pair_117,SetB,1,464.0,378.0,0.6213588652860915,0.7404214143753052,0.0,0.7524293765960639,0.4782331883907318,0.05,0.6501665264368057,168,127.20062892926276,0.46520707857420296,0.09376668949422506
pair_117,SetB,2,478.0,560.0,182.29532911318483,0.7293252348899841,0.0,0.7469763460924425,0.467745840549469,0.05,0.6338331699371338,168,63.90618123468183,0.3714403890799779,0.151678855962491
pair_117,SetB,3,473.0,492.0,114.11406222994896,0.733968198299408,0.0,0.7420057384316538,0.4879980981349945,0.05,0.6710154861211777,168,28.160255680657446,0.2197615331174869,0.09778082312027954
pair_117,SetB,4,614.0,469.0,175.76887200146092,0.7334128022193909,0.0,0.7492281616626127,0.46951568126678467,0.05,0.5880157500505447,168,118.1397477566293,0.12198070999720735,0.043237503505710206
pair_117,SetB,5,616.0,492.0,190.27014745257517,0.7290041446685791,0.0,0.7392020081201545,0.4665747284889221,0.05,0.6091998070478439,168,116.27553482998907,0.07874320649149714,0.007167178511001349
pair_117,SetB,6,470.0,446.0,68.02982265542356,0.6294850707054138,0.0,0.6115821558114738,0.3485147953033447,0.05,0.6119305789470673,168,61.773780845922005,0.0715760279804958,0.015563353130876464
pair_117,SetB,7,476.0,526.0,148.2459258815065,0.7292608618736267,0.0,0.7385517057795647,0.46784108877182007,0.05,0.6867178231477737,168,35.38361202590826,0.05601267484961933,0.005872068041028883
pair_117,SetB,8,474.0,503.0,125.15918621302383,0.7263028621673584,0.0,0.7349668061004906,0.4603317677974701,0.05,0.6688165962696075,168,26.1725046566048,0.05014060680859045,0.013597371683636075
pair_117,SetB,9,477.0,549.0,171.25064765307798,0.7261536121368408,0.0,0.7435565631942138,0.46954184770584106,0.05,0.6516197621822357,168,54.12947441089743,0.036543235124954374,0.003522337272501015
pair_117,SetB,10,617.0,503.0,197.816914611745,0.7249817252159119,0.0,0.7321850158912052,0.4475494623184204,0.05,0.6216635257005692,168,117.03845521878696,0.03302089785245336,0.0029604040156416475
pair_117,SetB,11,335.0,560.0,222.52837392898988,0.7292790412902832,0.0,0.7481907684972642,0.45828184485435486,0.05,0.6537854820489883,168,175.57049866079439,0.03006049383681171,0.001137170345717007
pair_117,SetB,12,620.0,549.0,231.6279217508172,0.7234403491020203,0.0,0.7458283811314467,0.47346848249435425,0.05,0.5682407394051552,168,129.61867149450345,0.028923323491094704,0.0027100912446555367
pair_117,SetB,13,603.0,333.0,146.71556789623023,0.7242724299430847,0.0,0.7362688682160221,0.4826815724372864,0.05,0.6167154684662819,168,196.2090721653818,0.026213232246439167,0.0008096851560936077
pair_117,SetB,14,480.0,583.0,205.381643930131,0.5923967957496643,0.0,0.6853757292006715,0.43039730191230774,0.05,0.605703741312027,168,85.37564055396598,0.02540354709034556,0.0009358454225117177
pair_117,SetB,15,618.0,526.0,213.78835676351497,0.7258932590484619,0.0,0.7442062413843278,0.45675021409988403,0.05,0.607160709798336,168,120.83045973594572,0.02446770166783384,0.006039698536280651
pair_117,SetB,16,484.0,560.0,182.8720979576589,0.509440004825592,0.0,0.4500902876437859,0.2709687650203705,0.12961646096066226,0.4559997618198395,168,62.0966987850401,0.01842800313155319,6.344639039016636e-05
pair_117,SetB,17,608.0,389.0,144.94791683473485,0.6217379570007324,0.0,0.6733649374277634,0.3474560081958771,0.05,0.5486112460494041,168,154.8709139896837,0.018364556741163024,0.0016674230046057406
pair_117,SetB,18,334.0,549.0,214.2430267443835,0.7237745523452759,0.0,0.7448341451678091,0.4608001112937927,0.05,0.6611945927143097,168,173.08090593707902,0.016697133736557283,0.0011847238325248671
pair_117,SetB,19,333.0,526.0,197.06888320448027,0.731290340423584,0.0,0.7341140200440219,0.4680339992046356,0.05885254915624212,0.6876707077026367,168,169.01183390520322,0.015512409904032416,0.0006053037072335683
pair_117,SetB,20,481.0,594.0,216.42648257163177,0.5968730449676514,0.0,0.6312820152744039,0.41211310029029846,0.05,0.5995727330446243,168,95.90099061010788,0.014907106196798848,0.00011919933951817438
pair_118,SetB,1,558.5,375.5,107.74194138399838,0.19903963804244995,0.0,0.16525574694522824,0.0935392677783966,0.05,0.14368709921836853,134,137.5590782173245,0.3185704592667429,0.04089738610538496
pair_118,SetB,2,552.5,375.5,113.7254134025188,0.19281302392482758,0.0,0.15688606249124568,0.10269615799188614,0.05,0.13996789418160915,134,135.11661629866254,0.2776730731613579,0.1806836586414656
pair_118,SetB,3,536.5,667.5,311.9106392144546,0.20638354122638702,0.0,0.16561733409474366,0.12929823994636536,0.05,0.14896599017083645,134,171.43074403385177,0.09698941451989232,0.05812672995295841
pair_118,SetB,4,428.5,367.5,237.98138879011114,0.15807484090328217,0.0,0.1575466021874421,0.11033487319946289,0.125,0.11093356274068356,134,150.56061902104415,0.03886268456693391,0.009335982714052771
pair_118,SetB,5,536.5,673.5,317.37945854040515,0.19826383888721466,0.0,0.12842054483583318,0.12822236120700836,0.05,0.14546003378927708,134,177.2977721236226,0.02952670185288114,0.0031010809640496066
pair_118,SetB,6,440.5,372.5,225.70721929799728,0.15732431411743164,0.0,0.12379445372367268,0.11907526105642319,0.14270509831248424,0.10596807394176722,134,140.70003553659822,0.026425620888831533,0.00292300534541038
pair_118,SetB,7,521.5,666.5,317.53665486273644,0.1784828007221222,0.0,0.15603362964448875,0.13579672574996948,0.05,0.13854805193841457,134,167.88239931571147,0.023502615543421153,0.003990674287067189
pair_118,SetB,8,412.5,367.5,253.94656524188767,0.1566164493560791,0.0,0.13916419564365212,0.12056747078895569,0.11020817282989959,0.1125516900792718,134,158.78444508200417,0.019511941256353964,0.0027977309390085706
pair_118,SetB,9,662.5,390.5,7.606098463460149,0.15726833045482635,0.0,0.1279229500499612,0.12050248682498932,0.16249999999999998,0.10717116855084896,134,195.9502487877982,0.016714210317345393,0.0019100057603592888
pair_118,SetB,10,529.5,376.5,136.6190551243576,0.15937067568302155,0.0,0.1317178465055301,0.123578742146492,0.14270509831248424,0.12108116131275892,134,126.97440687004605,0.014804204556986104,0.0003369616098325024
pair_118,SetB,11,477.5,663.5,337.3240443155918,0.15661804378032684,0.0,0.14892712807192462,0.14588363468647003,0.09358541225631423,0.11181841278448701,134,165.04090402079117,0.014467242947153602,0.0009327075786476971
pair_118,SetB,12,400.5,371.5,265.70935500605685,0.15050092339515686,0.0,0.12290156607492639,0.1349181830883026,0.11020817282989959,0.1118913758546114,134,162.5192296314501,0.013534535368505905,0.0001307315252231326
pair_118,SetB,13,554.5,368.5,112.46200361534216,0.1513097584247589,0.0,0.0887868130533537,0.076955646276474,0.1662132317597294,0.10953507199883461,134,142.3464084548676,0.013403803843282772,0.00013185475106930293
pair_118,SetB,14,560.5,368.5,106.52022595167725,0.15891113877296448,0.0,0.08872289934659552,0.06809695065021515,0.16249999999999998,0.1154650691896677,134,144.7497841103744,0.01327194909221347,0.00027136807126472776
pair_118,SetB,15,564.5,389.5,101.5937392691334,0.15607765316963196,0.0,0.11149906696006814,0.0464661568403244,0.11020817282989959,0.11571605037897825,134,127.94725475757579,0.013000581020948742,0.00039316414745890933
pair_118,SetB,16,434.5,368.5,231.92795576384137,0.15487352013587952,0.0,0.15069286436936546,0.11601117998361588,0.05,0.10970724653452635,134,146.90983629423866,0.012607416873489832,0.00037804782047996636
pair_118,SetB,17,495.5,378.5,170.50827522823485,0.15432730317115784,0.0,0.13134303482379223,0.11616597324609756,0.09358541225631423,0.10815016692504287,134,121.58330477495666,0.012229369053009866,0.0004546206339608432
pair_118,SetB,18,408.5,665.5,381.6737109197037,0.15003778040409088,0.0,0.12454850013299262,0.11236442625522614,0.16249999999999998,0.10178186069242656,134,189.10975649077443,0.011774748419049023,9.600453112282303e-05
pair_118,SetB,19,446.5,372.5,219.7148268161559,0.15310464799404144,0.0,0.1313130055794242,0.11272232234477997,0.08106601717798213,0.10608694422990084,134,138.26966406265691,0.0116787438879262,0.0011576834041824389
pair_118,SetB,20,406.5,367.5,259.9346104668118,0.16602323949337006,0.0,0.12590950487401545,0.12835873663425446,0.11020817282989959,0.1179857263341546,134,162.16812263820532,0.01052106048374376,0.00014852941833630104
pair_119,SetB,1,583.5,652.5,195.07267008903628,0.7408205270767212,0.0,0.6618883875771433,0.6297711730003357,0.05,0.670811653137207,200,173.8634521686487,0.05245011061386379,0.013287477669360608
pair_119,SetB,2,574.5,446.5,13.281400972682034,0.7386445999145508,0.0,0.7105517985961849,0.6214145421981812,0.05,0.628180056810379,200,91.71968163922071,0.03916263294450318,0.00716842146583082
pair_119,SetB,3,606.5,509.5,64.2963556934929,0.7413004040718079,0.0,0.5541185609939563,0.6181996464729309,0.09358541225631423,0.6559877693653107,200,106.92286939658887,0.03199421147867236,0.0017365892893815606
pair_119,SetB,4,607.5,497.5,55.8686932003006,0.739058792591095,0.0,0.5030204708688748,0.6126852631568909,0.05,0.6561190783977509,200,107.52906583803284,0.0302576221892908,0.006706913352009607
pair_119,SetB,5,601.5,448.5,34.891066734404106,0.7391513586044312,0.0,0.7010130214558077,0.6030992269515991,0.05,0.6414114385843277,200,113.81783691495811,0.023550708837281192,0.001976992930881827
pair_119,SetB,6,420.5,446.5,147.89260492203778,0.7388200163841248,0.0,0.7170983135392797,0.5976423025131226,0.05,0.6396301537752151,200,95.82536198731523,0.021573715906399366,0.0021320476254947617
pair_119,SetB,7,605.5,521.5,73.7341971612833,0.7410189509391785,0.0,0.5133597497720352,0.617010772228241,0.05885254915624212,0.6550680100917816,200,107.66847263707236,0.019441668280904604,0.002254431824082012
pair_119,SetB,8,432.5,447.5,135.85117240463262,0.7390698194503784,0.0,0.5712148235508966,0.6101168394088745,0.05885254915624212,0.6679781675338745,200,85.51315688243535,0.017187236456822592,0.002847681856337469
pair_119,SetB,9,433.5,435.5,136.3188562457827,0.740534782409668,0.0,0.5675770489419106,0.6114245653152466,0.0875,0.6426291167736053,200,92.64178322981483,0.014339554600485123,0.0024846420144962796
pair_119,SetB,10,460.5,437.5,109.38839743878624,0.7386236190795898,0.0,0.6007642083353428,0.5979290008544922,0.05,0.6317232996225357,200,73.93578294709538,0.011854912585988843,0.0006530825204475663
pair_119,SetB,11,570.5,506.5,48.518717998339085,0.7394357919692993,0.0,0.722261139665962,0.608010470867157,0.05,0.6553738117218018,200,70.79901129253147,0.011201830065541277,0.0005086264688660413
pair_119,SetB,12,593.5,520.5,67.47898471325522,0.7428016066551208,0.0,0.655718758705911,0.6199583411216736,0.05,0.6700397729873657,200,95.72094859538323,0.010693203596675235,0.00021154128919924874
pair_119,SetB,13,443.5,460.5,124.46513556958563,0.7390864491462708,0.0,0.7018921390370476,0.6128486394882202,0.05,0.6663068979978561,200,68.93837828089663,0.010481662307475987,0.0006568409260615301
pair_119,SetB,14,582.5,507.5,51.54982492006758,0.7428349256515503,0.0,0.5963183415864264,0.6136460304260254,0.05,0.6699603945016861,200,82.84020762890445,0.009824821381414457,0.002794912808219213
pair_119,SetB,15,559.5,638.5,180.64850186842298,0.7421935796737671,0.0,0.7092479002227465,0.6106430292129517,0.05,0.6287409514188766,200,150.73984211216356,0.0070299085731952435,0.0005162550165834787
pair_119,SetB,16,599.5,484.5,41.178100625941326,0.7396999597549438,0.0,0.6466632393522252,0.6064834594726562,0.05,0.6658109426498413,200,100.70004965242073,0.006513653556611765,0.00025098003107575356
pair_119,SetB,17,571.5,639.5,181.48608674053472,0.7388200759887695,0.0,0.5939881122621442,0.6219991445541382,0.1340990257669732,0.644616037607193,200,156.75618010145564,0.006262673525536011,6.520262219239167e-05
pair_119,SetB,18,581.5,676.5,218.87157779569202,0.7460060119628906,0.0,0.660945767675297,0.6337171792984009,0.05,0.6720487624406815,200,194.40807596393725,0.00619747090334362,0.0006099783648654961
pair_119,SetB,19,558.5,650.5,192.6826190990263,0.7397823929786682,0.0,0.7051618285668493,0.6144058108329773,0.05,0.6548974364995956,200,161.46981141996793,0.0055874925384781235,0.0002552652530994704
pair_119,SetB,20,604.5,533.5,83.84176946232613,0.7412856817245483,0.0,0.5579745885735177,0.6204429864883423,0.09358541225631423,0.6249274462461472,200,109.73832511934926,0.005332227285378653,0.0005890048843043465
pair_120,SetB,1,392.0,477.0,61.29658769086473,0.3382408618927002,0.0,0.2763806546074441,0.1534566879272461,0.05885254915624212,0.22572780400514603,197,110.42191811411355,0.08336647899220599,0.025671547994240172
pair_120,SetB,2,344.0,484.0,81.77877374464386,0.33969998359680176,0.0,0.27440871206595097,0.14863897860050201,0.125,0.22622182965278625,197,156.81836627130127,0.05769493099796582,0.012934772273193819
pair_120,SetB,3,356.0,465.0,87.65537511047873,0.3424520492553711,0.0,0.29668354182568324,0.15055325627326965,0.125,0.22371678799390793,197,148.1924424523734,0.044760158724772,0.0055427341186448445
pair_120,SetB,4,310.0,560.0,99.5065190016337,0.33553582429885864,0.0,0.29085610372152637,0.15074072778224945,0.05,0.2306044027209282,197,199.24858845171275,0.039217424606127156,0.011729608839796377
pair_120,SetB,5,396.0,531.0,12.029738567251394,0.35156211256980896,0.0,0.31007780434420806,0.15784668922424316,0.14270509831248424,0.23281607031822205,197,108.52188719332152,0.02748781576633078,0.002045665411617579
pair_120,SetB,6,370.0,539.0,36.77845918613446,0.3372274339199066,0.0,0.29893401563277555,0.13094273209571838,0.05,0.2254936285316944,197,135.72398461583714,0.0254421503547132,0.0003586771748642463
pair_120,SetB,7,326.0,478.0,99.67378991884017,0.34005770087242126,0.0,0.2920255523797813,0.1477516144514084,0.12961646096066226,0.2284499816596508,197,175.38529014715002,0.025083473179848954,0.0004303990283327751
pair_120,SetB,8,402.0,551.0,15.232010355548379,0.34112751483917236,0.0,0.30820784008913377,0.1703225076198578,0.05,0.2235809974372387,197,110.47624178980746,0.02465307415151618,0.00034449354651780104
pair_120,SetB,9,397.0,575.0,39.692666737212335,0.3353460431098938,0.0,0.2912756516591504,0.15657329559326172,0.16249999999999998,0.22423844039440155,197,127.41271522104849,0.024308580604998378,0.0010143121383992468
pair_120,SetB,10,393.0,521.0,20.689728013167716,0.3473886549472809,0.0,0.3065807075826352,0.15734650194644928,0.12961646096066226,0.2300547994673252,197,109.04127658827184,0.02329426846659913,0.0005959763113090877
pair_120,SetB,11,398.0,497.0,40.45455712301134,0.33447131514549255,0.0,0.29446381228071916,0.15822343528270721,0.1662132317597294,0.22560380771756172,197,102.04410811016969,0.022698292155290043,0.0007879311689820909
pair_120,SetB,12,373.0,549.0,35.93473006499029,0.34696096181869507,0.0,0.3064681526164128,0.15381796658039093,0.05,0.22879097610712051,197,136.12494260788506,0.021910360986307952,0.0007786750234990598
pair_120,SetB,13,399.0,541.0,8.908668516337015,0.34030216932296753,0.0,0.30897605604253225,0.156557098031044,0.19366069605669878,0.22588898614048958,197,109.00458705944443,0.021131685962808892,0.0006872578947814678
pair_120,SetB,14,329.0,488.0,91.59429109678531,0.33796510100364685,0.0,0.2841779444067758,0.156226247549057,0.05,0.2244858220219612,197,171.42053552593984,0.020444428068027425,0.0005732758870762092
pair_120,SetB,15,306.0,506.0,105.21456351841195,0.33522829413414,0.0,0.2910929232611196,0.15062491595745087,0.16249999999999998,0.2254686802625656,197,194.09276132818556,0.019871152180951215,1.418185331393887e-05
pair_120,SetB,16,349.0,582.0,73.47110973263698,0.3419591784477234,0.0,0.2871683220545538,0.1557166576385498,0.09358541225631423,0.22474512085318565,197,171.82840277439584,0.019856970327637277,0.0006666841502751923
pair_120,SetB,17,388.0,545.0,20.53188979365334,0.3360273241996765,0.0,0.3038746935119888,0.14877231419086456,0.16249999999999998,0.2257832083851099,197,120.70211265756701,0.019190286177362084,0.00027523596941479017
pair_120,SetB,18,414.0,537.0,7.322434594380725,0.3356926441192627,0.0,0.3136454155469945,0.15062546730041504,0.125,0.22130828723311424,197,93.62157870918435,0.018915050207947294,0.00020455623088596123
pair_120,SetB,19,346.0,572.0,70.30899089453372,0.33922141790390015,0.0,0.2935760040482498,0.16044169664382935,0.12961646096066226,0.22994854673743248,197,170.0,0.018710493977061333,0.002590330847601567
pair_120,SetB,20,374.0,471.0,73.21453560701798,0.3412007987499237,0.0,0.2811146980879963,0.14811132848262787,0.16249999999999998,0.22516804933547974,197,129.29423807734048,0.016120163129459766,0.0029295835192668564
pair_121,SetB,1,512.0,379.0,116.49740780739872,0.7552679777145386,0.0,0.6807318852923034,0.6244254112243652,0.05,0.16982855647802353,192,121.59358535712317,0.20001576038180321,0.13914579256344425
pair_121,SetB,2,506.0,390.0,121.65818778996584,0.7558045387268066,0.0,0.6842864460460358,0.6145032644271851,0.05,0.16590286791324615,192,110.16351483136329,0.060869967818358954,0.01974595971016123
pair_121,SetB,3,506.0,379.0,122.45406059321996,0.7521499395370483,0.0,0.6792725115486036,0.6125476360321045,0.05,0.16676640510559082,192,121.1486689980538,0.041124008108197725,0.008738167215832572
pair_121,SetB,4,486.0,334.0,153.53921740211902,0.7545586228370667,0.0,0.6854709068894809,0.613564670085907,0.05,0.17018543928861618,192,166.5893153836704,0.03238584089236515,0.0035927221263465717
pair_121,SetB,5,614.0,393.0,13.616601486155997,0.7588469982147217,0.0,0.6930537611425174,0.6301848292350769,0.05885254915624212,0.17152461409568787,192,156.348968656656,0.02879311876601858,0.004386806826266944
pair_121,SetB,6,514.0,390.0,113.66139809292815,0.7502728700637817,0.0,0.677375846982133,0.6061381697654724,0.05,0.16486232727766037,192,110.8873302050329,0.024406311939751638,0.00441214361315951
pair_121,SetB,7,501.0,666.0,300.63120416603476,0.7448751926422119,0.0,0.6799804098511288,0.580458402633667,0.05,0.16764143109321594,192,166.00301202086666,0.019994168326592128,0.0012514698418705332
pair_121,SetB,8,481.0,389.0,146.6765337681709,0.7475864291191101,0.0,0.683057264671094,0.607318103313446,0.09358541225631423,0.1634427309036255,192,112.61438629233834,0.018742698484721595,0.002868962895375436
pair_121,SetB,9,468.0,665.0,315.08762758973313,0.7450734376907349,0.0,0.6729480608753469,0.5748584866523743,0.05,0.1700604036450386,192,168.07438829280326,0.01587373558934616,0.0008358365821266502
pair_121,SetB,10,475.0,389.0,152.67402034455637,0.7514725923538208,0.0,0.6830387425934882,0.6118812561035156,0.09358541225631423,0.1649904102087021,192,113.78049041905207,0.015037899007219508,0.004283732223773316
pair_121,SetB,11,480.0,334.0,159.09004434715516,0.7465987205505371,0.0,0.6818293878797912,0.6016426086425781,0.05,0.16909626871347427,192,167.20047846821492,0.010754166783446192,0.0017997656344123335
pair_121,SetB,12,476.0,566.0,229.78457849710327,0.7507374286651611,0.0,0.6849921653610856,0.62228924036026,0.05885254915624212,0.13979972153902054,192,70.22819946431775,0.008954401149033859,0.0001928983698952346
pair_121,SetB,13,475.0,400.0,152.7582213458268,0.7467368841171265,0.0,0.6841960746899522,0.6096752882003784,0.05,0.13815326988697052,192,103.07764064044152,0.008761502779138624,4.700265131512074e-06
pair_121,SetB,14,485.0,356.0,147.417610333989,0.7495842576026917,0.0,0.6810261986638773,0.6050264239311218,0.08106601717798213,0.17047470062971115,192,144.77914214416384,0.008756802514007112,0.0007893286700934293
pair_121,SetB,15,617.0,382.0,15.524776020924353,0.7605791091918945,0.0,0.6933823686251159,0.6303948760032654,0.0875,0.17318717390298843,192,166.1715980545412,0.007967473843913683,0.0007139633470154838
pair_121,SetB,16,494.0,334.0,146.19333103994748,0.7457013726234436,0.0,0.6764417075047936,0.5916311740875244,0.05,0.16982951760292053,192,166.10839834276894,0.007253510496898199,0.00016994911271338547
pair_121,SetB,17,518.0,368.0,112.5014550810261,0.7459699511528015,0.0,0.680748182000372,0.6101505756378174,0.05,0.17049023509025574,192,133.2216198670471,0.007083561384184814,0.0005276619693042614
pair_121,SetB,18,510.0,346.0,126.77911197869474,0.745357871055603,0.0,0.6818734957484613,0.5966379642486572,0.09358541225631423,0.17096371203660965,192,154.3243337908834,0.006555899414880552,0.0005467706912380922
pair_121,SetB,19,477.0,356.0,155.17007790319408,0.747718870639801,0.0,0.6803871723822701,0.6080690026283264,0.05885254915624212,0.17057722806930542,192,145.82523787054146,0.00600912872364246,0.00019061521429962827
pair_121,SetB,20,507.0,357.0,125.96561594196783,0.7452563643455505,0.0,0.6808642779896119,0.5903928279876709,0.05885254915624212,0.16910213232040405,192,143.17122615944868,0.005818513509342832,1.93396693630608e-05
pair_122,SetB,1,455.5,554.5,10.102361303680372,0.3261813223361969,0.0,0.282484938543967,0.16212111711502075,0.05,0.3108614683151245,200,70.35978965289763,0.9354729436767538,0.013384559276740204
pair_122,SetB,2,456.5,350.5,214.10414495322905,0.31664448976516724,0.0,0.2847836518453194,0.14670643210411072,0.05,0.31432561576366425,200,155.70003211303458,0.9220883844000136,0.08358340003278908
pair_122,SetB,3,455.5,564.5,0.19640367559491972,0.36352139711380005,0.0,0.30512008369132115,0.21837443113327026,0.05,0.34261494874954224,200,78.3613425101944,0.8385049843672245,0.006397945859109355
pair_122,SetB,4,454.5,619.5,54.90534055813335,0.3239366412162781,0.0,0.32071977270317326,0.15475589036941528,0.05,0.3231736719608307,200,127.8690736652143,0.8321070385081152,0.07444550478691625
pair_122,SetB,5,455.5,584.5,19.89975666663199,0.3435109555721283,0.0,0.28820958943432107,0.1760641634464264,0.05,0.3500393480062485,200,95.50130889155395,0.7576615337211989,0.030493321346271474
pair_122,SetB,6,455.5,594.5,29.89951815472706,0.3410301208496094,0.0,0.2788765779183513,0.16104288399219513,0.05,0.3368505388498306,200,104.45333886477732,0.7271682123749275,0.20145749559261295
pair_122,SetB,7,456.5,445.5,119.10668812389741,0.31169968843460083,0.0,0.2591333154419517,0.16121482849121094,0.0875,0.30531471967697144,200,69.73162840490677,0.5257107167823145,0.08254931249988373
pair_122,SetB,8,455.5,574.5,9.900477003532496,0.35904809832572937,0.0,0.2984820983280279,0.1817956268787384,0.09358541225631423,0.3535168617963791,200,86.77845354694908,0.4431614042824308,0.25363174031294267
pair_122,SetB,9,456.5,385.5,179.10476803502812,0.33781498670578003,0.0,0.29456549729955084,0.1717677265405655,0.11020817282989959,0.3361579030752182,200,122.4846929211973,0.18952966396948814,0.003266620502829859
pair_122,SetB,10,455.5,604.5,39.89939919821527,0.33018872141838074,0.0,0.271433602673251,0.14753466844558716,0.125,0.3287721127271652,200,113.58036802194295,0.18626304346665828,0.02141910935381794
pair_122,SetB,11,455.5,455.5,109.10108654831345,0.3091820478439331,0.0,0.2886123487420483,0.1250130981206894,0.05885254915624212,0.29599398374557495,200,62.932503525602726,0.16484393411284035,0.05124258799984201
pair_122,SetB,12,456.5,365.5,199.1043851649025,0.32581663131713867,0.0,0.2895192569970502,0.14241908490657806,0.125,0.3235148936510086,200,141.35947085356537,0.11360134611299834,0.0065837210392126755
pair_122,SetB,13,456.5,316.5,248.1037080062988,0.3244630694389343,0.0,0.22715223851205268,0.16168439388275146,0.05,0.3041260838508606,200,188.58552436494165,0.10701762507378566,0.0034444853167341916
pair_122,SetB,14,456.5,405.5,159.10524716007518,0.336037814617157,0.0,0.27400923639433783,0.16467809677124023,0.125,0.3299192935228348,200,104.03124530639822,0.10357313975705147,0.001342049541228435
pair_122,SetB,15,456.5,356.5,208.10423688250447,0.2789909243583679,0.0,0.17655723546299498,0.09040908515453339,0.16249999999999998,0.2863738089799881,200,149.94832443211894,0.10223109021582304,0.0007668433284013648
pair_122,SetB,16,448.5,455.5,109.31463078573371,0.23222482204437256,0.0,0.18383030793054012,0.09390470385551453,0.16249999999999998,0.22448474168777466,200,68.06247130394253,0.10146424688742167,0.014021970995311578
pair_122,SetB,17,463.5,405.5,159.3105089316769,0.27316004037857056,0.0,0.22993676504460567,0.1141863763332367,0.11020817282989959,0.2702750861644745,200,101.30399794677405,0.0874422758921101,0.0010113835738306404
pair_122,SetB,18,456.5,430.5,134.10604703033653,0.3135671317577362,0.0,0.19822040504465172,0.1533263474702835,0.05,0.3172823488712311,200,81.99085314838479,0.08643089231827945,0.005760046721865808
pair_122,SetB,19,454.5,693.5,128.90172560310393,0.3263185918331146,0.0,0.28007215096905347,0.16328638792037964,0.05,0.329789400100708,200,198.7775138188422,0.08067084559641365,0.0025202392318247613
pair_122,SetB,20,456.5,340.5,224.10400267656897,0.30672982335090637,0.0,0.29038479191639854,0.11872364580631256,0.05,0.3082684129476547,200,165.325436639375,0.07815060636458888,0.011383941823083527
pair_123,SetB,1,558.5,438.5,40.47281713730718,0.7951754927635193,0.0,0.7484885375475843,0.5423120856285095,0.05,0.32572327740490437,188,84.87932610477066,0.6453771361127871,0.147889952962578
pair_123,SetB,2,557.5,465.5,13.455757720536225,0.7936408519744873,0.0,0.7250993188660793,0.5360640287399292,0.05,0.3288208842277527,188,67.05594679072095,0.4974871831502091,0.0907075173005345
pair_123,SetB,3,388.5,471.5,168.4244384007503,0.7915036082267761,0.0,0.7206238696529,0.5252780318260193,0.05,0.3061008397489786,188,115.08475137914667,0.4067796658496746,0.003899138325753837
pair_123,SetB,4,556.5,492.5,13.56708902593458,0.7859037518501282,0.0,0.7638067064574441,0.5229666829109192,0.05,0.30026878602802753,188,56.99561386633186,0.4028805275239208,0.008692942684716265
pair_123,SetB,5,389.5,444.5,170.76821414362882,0.7876296043395996,0.0,0.7646178901289136,0.5208518505096436,0.05,0.3267145771533251,188,123.65476133170125,0.3941875848392045,0.030937218480675377
pair_123,SetB,6,387.5,484.5,169.35167945875486,0.7845656275749207,0.0,0.7378508161291577,0.5048370361328125,0.05,0.2936690151691437,188,113.5627579798941,0.36325036635852914,0.07194880997176434
pair_123,SetB,7,549.5,640.5,161.72763740475804,0.7878888249397278,0.0,0.7232085907106753,0.527534544467926,0.05,0.32160244695842266,188,148.96476093358456,0.2913015563867648,0.018463479844635144
pair_123,SetB,8,390.5,417.5,177.24777706081508,0.7850216031074524,0.0,0.7032421418104892,0.519757866859436,0.05,0.32340154983103275,188,137.1003282271782,0.27283807654212966,0.054546156252760686
pair_123,SetB,9,559.5,411.5,67.49103968843599,0.7876566052436829,0.0,0.7612216858052874,0.5200395584106445,0.05,0.3107810579240322,188,106.6419242136975,0.21829192028936897,0.0014027926588275064
pair_123,SetB,10,381.5,619.5,224.6654273503055,0.7858420610427856,0.0,0.7256296386834427,0.5186837911605835,0.05,0.3021968584507704,188,168.29289943428986,0.21688912763054147,0.09763488964077499
pair_123,SetB,11,560.5,398.5,80.52229848516077,0.7780959010124207,0.0,0.7707355312663378,0.5181313753128052,0.05,0.315829461440444,188,118.16302298096474,0.11925423798976648,0.05071481641702366
pair_123,SetB,12,550.5,613.5,134.71013403497537,0.7817551493644714,0.0,0.7447378291807409,0.5156699419021606,0.05,0.3134820135310292,188,124.2276136774751,0.06853942157274281,0.01070334253602765
pair_123,SetB,13,391.5,404.5,181.25003334650089,0.7728490829467773,0.0,0.757917797309006,0.48497167229652405,0.05,0.3024688623845577,188,144.54238132810735,0.057836079036715164,0.011899573104262935
pair_123,SetB,14,559.5,425.5,53.505598231747584,0.7839014530181885,0.0,0.6776334415189219,0.5061477422714233,0.05,0.3191305845975876,188,95.34411360959837,0.04593650593245223,0.002737840116348089
pair_123,SetB,15,386.5,511.5,173.34647335410293,0.6761942505836487,0.0,0.6985682659645014,0.48418742418289185,0.05,0.2988159041851759,188,114.08111149528655,0.04319866581610414,0.00108335028303954
pair_123,SetB,16,389.5,457.5,168.62817789361824,0.7747567296028137,0.0,0.7252809580531259,0.4850899279117584,0.05,0.32222361490130424,188,118.39130035606502,0.0421153155330646,0.0025213291098950055
pair_123,SetB,17,390.5,430.5,173.17174680333366,0.7797172665596008,0.0,0.7271991755490623,0.4924077093601227,0.05,0.3217498194426298,188,129.69387032547067,0.039593986423169594,0.0052859956726659316
pair_123,SetB,18,556.5,478.5,0.5072481902248702,0.7749453783035278,0.0,0.705969366246769,0.4849148988723755,0.05,0.3065797043964267,188,60.45246066125018,0.03430799075050366,0.0011574122132335177
pair_123,SetB,19,553.5,559.5,80.63053247460344,0.6784746050834656,0.0,0.590992383404935,0.44830217957496643,0.05,0.2844671681523323,188,80.01562347441904,0.033150578537270145,0.006977160568611165
pair_123,SetB,20,382.5,605.5,215.37229435470346,0.7676264643669128,0.0,0.7601433247712915,0.48060595989227295,0.05,0.3044262444600463,188,157.9129507038609,0.02617341796865898,0.008759358832411326
pair_124,SetB,1,643.5,511.5,25.43490117962133,0.5786274671554565,0.0,0.3715196068128451,0.311186820268631,0.16249999999999998,0.24159851390868425,199,143.96006390662654,0.07572012972224192,0.019846088428246866
pair_124,SetB,2,404.5,475.5,257.06910538488074,0.5776004791259766,0.0,0.3674530951915215,0.2988243103027344,0.05,0.24402503744931892,199,98.59259607090179,0.05587404129399505,0.0019810098619280417
pair_124,SetB,3,425.5,476.5,236.42830043935373,0.5807462930679321,0.0,0.3628646304746344,0.3038879930973053,0.16249999999999998,0.2422358738258481,199,78.1184997295775,0.05389303143206701,0.008089432897757994
pair_124,SetB,4,611.5,487.5,63.73345358130429,0.5721468329429626,0.0,0.386937375393351,0.32489684224128723,0.16249999999999998,0.23415084555745125,199,112.19848483825439,0.045803598534309015,0.00047418839997617757
pair_124,SetB,5,379.5,479.5,280.65568069475637,0.5816149711608887,0.0,0.3637394003430071,0.31404411792755127,0.08106601717798213,0.24808914435561746,199,122.23133804389118,0.04532941013433284,0.000938802119032682
pair_124,SetB,6,571.5,468.5,106.12203474574638,0.5733354091644287,0.0,0.3246659103345052,0.30426934361457825,0.16249999999999998,0.24140617158263922,199,78.13129974600449,0.044390608015300155,0.003870158318951919
pair_124,SetB,7,387.5,485.5,271.6723327455176,0.5789119601249695,0.0,0.36107706451991006,0.3133988678455353,0.09358541225631423,0.24728610017336905,199,113.43059551990372,0.040520449696348236,0.0043801169889724975
pair_124,SetB,8,409.5,464.5,254.9938248317651,0.5886278748512268,0.0,0.3814698164939125,0.3162131905555725,0.05,0.24714006064459682,199,97.21368216460068,0.03614033270737574,0.0008305258997041293
pair_124,SetB,9,569.5,501.5,91.34752708345567,0.5788626670837402,0.0,0.3678247838621823,0.31585729122161865,0.19366069605669878,0.24107877863571048,199,69.51618516575834,0.03530980680767161,0.0002378389754263341
pair_124,SetB,10,668.5,507.5,30.130516676004877,0.5736187696456909,0.0,0.36779195669936837,0.3038483262062073,0.1662132317597294,0.2333107814192772,199,168.66683135696834,0.035071967832245275,0.002071813285992173
pair_124,SetB,11,417.5,470.5,245.6829175492002,0.5890721082687378,0.0,0.3750377019542677,0.3108644485473633,0.0875,0.24648647056892514,199,87.6156378736125,0.0330001545462531,0.002243198498266808
pair_124,SetB,12,619.5,565.5,47.068294219789884,0.5801021456718445,0.0,0.3928013290885465,0.3083491027355194,0.16249999999999998,0.24524263944476843,199,136.2736218055424,0.030756956047986294,2.2674539801949972e-05
pair_124,SetB,13,403.5,497.5,253.93374514959538,0.5780980587005615,0.0,0.3510074861329443,0.29835739731788635,0.125,0.24318233621306717,199,96.53237798790622,0.030734281508184344,0.0010014654999651214
pair_124,SetB,14,611.5,559.5,50.05176368127798,0.5753621459007263,0.0,0.3930201905006796,0.30376142263412476,0.0875,0.24367267359048128,199,126.38235636353676,0.029732816008219223,0.0004556189920271736
pair_124,SetB,15,411.5,503.5,245.19500851129467,0.5788614153862,0.0,0.3466600743223367,0.29601407051086426,0.125,0.24244705529417843,199,88.56918199915815,0.02927719701619205,0.0012101176415128326
pair_124,SetB,16,659.5,595.5,61.37304527666644,0.5773330330848694,0.0,0.3739639839899026,0.3113405108451843,0.09358541225631423,0.24877694016322494,199,185.90454539897618,0.028067079374679216,0.0033427873993820585
pair_124,SetB,17,635.5,505.5,34.65095849847294,0.5823288559913635,0.0,0.3748959948081436,0.31980639696121216,0.12961646096066226,0.24134097062051296,199,135.61157767683406,0.024724291975297158,0.00011304401615658613
pair_124,SetB,18,420.5,487.5,238.8828488813949,0.5797402858734131,0.0,0.35942926228598765,0.30291426181793213,0.17694368026754387,0.2433739798143506,199,80.47670470390796,0.024611247959140572,1.7866873060250893e-05
pair_124,SetB,19,684.5,519.5,33.231590113496296,0.5788397192955017,0.0,0.36426588555893724,0.3091556429862976,0.09358541225631423,0.2423940347507596,199,185.52762597521695,0.02459338108608032,0.00036572095712145494
pair_124,SetB,20,412.5,481.5,247.94106198154662,0.5857018232345581,0.0,0.36566406452202876,0.31802552938461304,0.2,0.24630602140678093,199,89.43433345198028,0.024227660128958866,0.0005889752595134266
pair_125,SetB,1,610.5,466.5,75.18939131648605,0.7910477519035339,0.0,0.6996664671095343,0.5188833475112915,0.05,0.46827607229352,156,115.4664453423591,0.22675668666303014,0.04571596116672458
pair_125,SetB,2,605.5,541.5,0.2933054029023236,0.7817228436470032,0.0,0.732104863326699,0.506546139717102,0.05,0.4673818275332451,156,113.36886697854928,0.18104072549630557,0.02927037986981562
pair_125,SetB,3,448.5,544.5,157.31813591525366,0.7812053561210632,0.0,0.6966555672272522,0.48123377561569214,0.05,0.4519411139190197,156,68.06247130394253,0.15177034562648994,0.024617128830233787
pair_125,SetB,4,452.5,469.5,169.37513118924397,0.781163215637207,0.0,0.7303048674786119,0.5048903226852417,0.05885254915624212,0.48482783138751984,156,56.449092109616785,0.12715321679625616,0.017129690566741435
pair_125,SetB,5,607.5,516.5,25.10003973186308,0.7800041437149048,0.0,0.7002441058740236,0.5031238794326782,0.05,0.4981253109872341,156,108.75890768116422,0.11002352622951472,0.018368798235428432
pair_125,SetB,6,450.5,519.5,156.84681015032456,0.7773441672325134,0.0,0.7132767809269251,0.4855884611606598,0.05,0.5018891058862209,156,53.2024435529046,0.09165472799408629,0.0044554476506021845
pair_125,SetB,7,454.5,457.5,173.06581310208028,0.7796159982681274,0.0,0.7089230620027231,0.4924352765083313,0.05,0.4674537442624569,156,62.261545114139274,0.0871992803434841,0.013200755186305202
pair_125,SetB,8,608.5,491.5,50.115053627247924,0.7818552255630493,0.0,0.7211116776844174,0.5037572383880615,0.05,0.5039955340325832,156,108.83244001675236,0.0739985251571789,0.003885112830634474
pair_125,SetB,9,460.5,344.5,244.81569838525567,0.7881802320480347,0.0,0.713758517603962,0.5143630504608154,0.09358541225631423,0.4748738966882229,156,160.43846172286743,0.07011341232654443,0.006797460879016906
pair_125,SetB,10,451.5,494.5,161.30228907195578,0.783202052116394,0.0,0.7042904982431786,0.5073016285896301,0.05,0.5049629136919975,156,48.81085944746312,0.06331595144752752,0.026846746500657458
pair_125,SetB,11,441.5,657.5,201.09108885207476,0.7804016470909119,0.0,0.720296461449381,0.5023967027664185,0.05,0.4826759062707424,156,168.01339232335022,0.03646920494687007,0.00444506426491343
pair_125,SetB,12,462.5,319.5,264.2624682817108,0.7853174805641174,0.0,0.7281305948000052,0.49309787154197693,0.05,0.506595566868782,156,184.3542784965947,0.03202414068195664,0.004727401437974139
pair_125,SetB,13,446.5,582.5,164.47183513962906,0.6523337364196777,0.0,0.573196700256903,0.42441725730895996,0.0875,0.41820259019732475,156,98.32853095617772,0.027296739243982498,0.001562155936648435
pair_125,SetB,14,617.5,341.5,200.38417182020544,0.78827303647995,0.0,0.7362648631601476,0.5174453258514404,0.05,0.48613614216446877,156,197.30306637252247,0.025734583307334063,0.0014074467651301464
pair_125,SetB,15,449.5,532.5,156.55164363940702,0.7733877897262573,0.0,0.6720199080880151,0.45675128698349,0.05,0.4710976146161556,156,60.054142238483436,0.024327136542203916,0.0027420303566398282
pair_125,SetB,16,601.5,616.5,75.08093533338526,0.6645213961601257,0.0,0.549856205171365,0.42655864357948303,0.05,0.41614560782909393,156,154.5137534331491,0.021585106185564088,0.001458680606185321
pair_125,SetB,17,445.5,594.5,168.81221317146355,0.6572697758674622,0.0,0.5488670516590142,0.44352608919143677,0.05,0.4178930036723614,156,109.08941286852726,0.020126425579378767,1.982231871348536e-05
pair_125,SetB,18,457.5,394.5,208.8331717037739,0.6870959401130676,0.0,0.5613004061651641,0.4674184322357178,0.05,0.43162770569324493,156,113.738735706003,0.02010660326066528,0.001061675641468928
pair_125,SetB,19,447.5,557.5,159.09271246577623,0.6502243876457214,0.0,0.6839067857940013,0.43575990200042725,0.05,0.44990503042936325,156,77.86205751198719,0.019044927619196354,0.0005559931850896323
pair_125,SetB,20,456.5,407.5,200.63596107309837,0.6735422611236572,0.0,0.5718162897614041,0.4128115773200989,0.05,0.43303681910037994,156,102.21790449818467,0.01848893443410672,0.0010211170316518116
pair_126,SetB,1,537.0,377.0,104.0232360809939,0.2882697284221649,0.0,0.28442812535910134,0.06937480717897415,0.05,0.23984332382678986,197,128.4445405612866,0.7918514283011283,0.03973846031267536
pair_126,SetB,2,539.0,481.0,0.2307793969874171,0.32129594683647156,0.0,0.323069054382099,0.0819011926651001,0.05885254915624212,0.247345969080925,197,43.382023926967726,0.752112967988453,0.46823026931284734
pair_126,SetB,3,538.0,435.0,46.01577649292279,0.28230592608451843,0.0,0.2907816465675211,0.0520142987370491,0.05,0.27135926485061646,197,75.29276193632427,0.2838826986756056,0.11202685218803787
pair_126,SetB,4,538.0,427.0,54.013338233989025,0.2873464822769165,0.0,0.28457197500042075,0.06548918038606644,0.0875,0.26914429664611816,197,82.29823813423954,0.17185584648756774,0.051264709049596
pair_126,SetB,5,536.0,344.0,137.0374033352323,0.2237127125263214,0.0,0.24006296809134142,0.060118209570646286,0.12961646096066226,0.24021406471729279,197,160.099968769516,0.12059113743797174,0.010165498515941798
pair_126,SetB,6,333.0,510.0,208.25987071326375,0.20174357295036316,0.0,0.19891882128509336,0.05993732437491417,0.16249999999999998,0.24293623864650726,197,167.29913329123974,0.11042563892202995,0.01930157374350551
pair_126,SetB,7,543.0,651.0,170.0424662762101,0.27961793541908264,0.0,0.2868228947726462,0.02645004168152809,0.05,0.26475537568330765,197,157.00318468107582,0.09112406517852444,0.0004553663712507927
pair_126,SetB,8,538.0,406.0,75.00941199028007,0.2829318344593048,0.0,0.2908097392687232,0.08219093829393387,0.09358541225631423,0.28221777081489563,197,101.39033484509261,0.09066869880727364,0.01807080521537463
pair_126,SetB,9,544.0,435.0,46.24589004143611,0.19242608547210693,0.0,0.19856679016073756,0.006248896010220051,0.05885254915624212,0.19199491292238235,197,78.49203781276162,0.07259789359189901,7.53241539653976e-05
pair_126,SetB,10,541.0,581.0,100.01633558556469,0.2717035412788391,0.0,0.2851922236715132,0.07138879597187042,0.0875,0.2447138875722885,197,90.78546139112804,0.07252256943793361,0.008153951544395868
pair_126,SetB,11,333.0,593.0,234.6812469229888,0.25212618708610535,0.0,0.2636059438817137,0.06562492251396179,0.09358541225631423,0.24098151177167892,197,191.14915641979695,0.06436861789353775,0.004440558341538614
pair_126,SetB,12,537.0,369.0,112.02152768863165,0.27872660756111145,0.0,0.278129150395256,0.060503482818603516,0.05,0.22647185623645782,197,136.12494260788506,0.05992805955199913,0.0006000676130054478
pair_126,SetB,13,538.0,385.0,96.007203204113,0.27701815962791443,0.0,0.2887008201533804,0.08184253424406052,0.09358541225631423,0.2565423995256424,197,121.1156472137271,0.059327991938993685,0.005303030136102664
pair_126,SetB,14,538.0,414.0,67.01061756315111,0.2831351161003113,0.0,0.27231988595189427,0.054989177733659744,0.0875,0.2716512680053711,197,94.02127418834527,0.05402496180289102,0.015507004132032425
pair_126,SetB,15,330.0,485.0,209.26902329341763,0.2871420979499817,0.0,0.29005016991483473,0.040652085095644,0.0875,0.22951702773571014,197,170.66048165876012,0.038517957670858596,0.0006755818264546493
pair_126,SetB,16,541.0,589.0,108.01517654029742,0.2737187445163727,0.0,0.277479496448008,0.08711930364370346,0.05,0.2576753944158554,197,97.98979538707079,0.03784237584440395,0.0025819449377459808
pair_126,SetB,17,541.0,610.0,129.0128179022664,0.2716829478740692,0.0,0.2665089801850231,0.061863478273153305,0.16249999999999998,0.22271332889795303,197,117.39250401963491,0.035260430906657966,6.863120144619261e-06
pair_126,SetB,18,541.0,564.0,83.0195401905252,0.25275588035583496,0.0,0.27258714007251833,0.08056631684303284,0.05,0.24784933030605316,197,76.00657866263946,0.03525356778651335,0.00025610946037837173
pair_126,SetB,19,541.0,556.0,75.02155073296542,0.2323538362979889,0.0,0.2630881563874121,0.07854849845170975,0.05,0.24049057811498642,197,69.40461079784254,0.034997458326134975,0.004692567513944316
pair_126,SetB,20,333.0,602.0,239.10729810856796,0.23943747580051422,0.0,0.25215183535895996,0.05829215422272682,0.16249999999999998,0.23887981474399567,197,195.68597292601225,0.03030489081219066,0.008696580507716857
pair_127,SetB,1,648.0,523.0,195.69595212902598,0.6904757022857666,0.0,0.6581128014462387,0.43830472230911255,0.05,0.44439078867435455,199,149.77650015940418,0.1685917527402804,0.08986767853333617
pair_127,SetB,2,454.0,514.0,25.611799720376496,0.6779385209083557,0.0,0.6820656571185306,0.45631611347198486,0.05,0.47162504494190216,199,48.08326112068523,0.07872407420694423,0.011148275771163854
pair_127,SetB,3,613.0,488.0,168.10413521591911,0.6796113848686218,0.0,0.6839112941756922,0.45237869024276733,0.05885254915624212,0.4684011787176132,199,113.63538181394033,0.06757579843578038,0.01267464431199046
pair_127,SetB,4,450.0,502.0,37.712820862496365,0.6657416820526123,0.0,0.6421762051513525,0.44406723976135254,0.05,0.46038755774497986,199,50.039984012787215,0.054901154123789916,0.003510233677217957
pair_127,SetB,5,494.0,536.0,41.14839167222609,0.6825279593467712,0.0,0.6672724528165265,0.43401485681533813,0.125,0.4407874122262001,199,36.49657518178932,0.05139092044657196,0.0037446407079947536
pair_127,SetB,6,494.0,460.0,89.52802282272144,0.672942578792572,0.0,0.6677126697375548,0.42511388659477234,0.14270509831248424,0.46914292126893997,199,40.44749683231337,0.047646279738577206,0.01295717585060771
pair_127,SetB,7,340.0,511.0,116.569777221213,0.672497034072876,0.0,0.6689493619987681,0.4286356568336487,0.05,0.4730165973305702,199,160.37767924496225,0.034689103887969495,0.004181002885745678
pair_127,SetB,8,606.0,476.0,165.68145731182625,0.6754738092422485,0.0,0.6662008418236589,0.4332825541496277,0.14270509831248424,0.46513789892196655,199,108.6830253535482,0.030508101002223818,0.0076870351794714915
pair_127,SetB,9,511.0,661.0,134.5464247430762,0.6682146191596985,0.0,0.6726619810931218,0.41985759139060974,0.05,0.4686287045478821,199,161.37533888422976,0.022821065822752326,0.0007593625241287261
pair_127,SetB,10,608.0,463.0,172.88353939591582,0.6715235114097595,0.0,0.6811711289006759,0.4316929578781128,0.12961646096066226,0.46800055354833603,199,114.16216536138407,0.0220617032986236,0.0019487924201742196
pair_127,SetB,11,461.0,488.0,52.207831130066985,0.6687986254692078,0.0,0.6876332530199036,0.43520617485046387,0.11020817282989959,0.4688190929591656,199,40.80441152620633,0.02011291087844938,0.0003614474559975808
pair_127,SetB,12,628.0,474.0,186.8805263268656,0.6796818375587463,0.0,0.6761673235451748,0.44601568579673767,0.05,0.48665936291217804,199,130.61393493804556,0.0197514634224518,0.0019386068488599154
pair_127,SetB,13,459.0,463.0,76.82657808912437,0.6708810329437256,0.0,0.6770142502878573,0.4373925030231476,0.05885254915624212,0.4679567366838455,199,55.226805085936306,0.017812856573591884,0.0018475956141720644
pair_127,SetB,14,615.0,437.0,191.7456949723985,0.6693220138549805,0.0,0.6851854207868731,0.4313351809978485,0.09358541225631423,0.4652145355939865,199,131.12589370524802,0.01596526095941982,0.00028906861690620317
pair_127,SetB,15,459.0,501.0,39.05489385745302,0.6737594604492188,0.0,0.6806237086099614,0.4494401812553406,0.17694368026754387,0.46745967119932175,199,41.012193308819754,0.015676192342513617,0.00016234897544622345
pair_127,SetB,16,461.0,526.0,15.767665161278268,0.6724839806556702,0.0,0.6866619038515542,0.4443267583847046,0.125,0.47112414240837097,199,46.87216658103186,0.015513843367067393,0.0004787949161671832
pair_127,SetB,17,623.0,525.0,170.61644792996557,0.688309907913208,0.0,0.6623904579489416,0.44436419010162354,0.11020817282989959,0.4409756660461426,199,125.51493934986385,0.01503504845090021,0.00012364625014615535
pair_127,SetB,18,452.0,489.0,50.60266548804925,0.6715188026428223,0.0,0.6631077282201066,0.4446031153202057,0.0875,0.46703145653009415,199,49.24428900898052,0.014911402200754055,0.00016185925261073993
pair_127,SetB,19,613.0,526.0,160.56762410282036,0.6895546317100525,0.0,0.6767727817622586,0.4508841931819916,0.0875,0.43617942184209824,199,115.95257651298655,0.014749542948143315,8.340022984914403e-05
pair_127,SetB,20,330.0,550.0,123.44822477671272,0.6820531487464905,0.0,0.6705485738654783,0.43621331453323364,0.05,0.4475218877196312,199,177.2004514666935,0.01466614271829417,0.0013030042088347793
pair_128,SetB,1,391.5,390.5,12.644986437621643,0.5036600828170776,0.0,0.3225169674409919,0.28978919982910156,0.05,0.4055171236395836,200,154.15090009467994,0.7989528330034527,0.1955289971427865
pair_128,SetB,2,399.5,390.5,20.6441641300347,0.49450376629829407,0.0,0.3227543639917443,0.2654564678668976,0.05,0.3975835219025612,200,148.6287320809809,0.6034238358606662,0.26317954979119607
pair_128,SetB,3,615.5,384.5,236.72490095385473,0.5044658184051514,0.0,0.3457893401025538,0.29010453820228577,0.11020817282989959,0.40611667186021805,200,163.3416664540925,0.3402442860694701,0.14489049537866916
pair_128,SetB,4,607.5,384.5,228.72777028815753,0.4892842471599579,0.0,0.3205632122300469,0.2718644142150879,0.05,0.39119143038988113,200,157.78624781646846,0.19535379069080094,0.037690624421514496
pair_128,SetB,5,582.5,385.5,203.71005468949608,0.49716782569885254,0.0,0.31191182260168737,0.28303614258766174,0.11020817282989959,0.3668799176812172,200,141.12583037842506,0.15766316626928645,0.06859580417246404
pair_128,SetB,6,423.5,666.5,279.35849470073185,0.49709615111351013,0.0,0.3520805319020122,0.2660689353942871,0.05,0.4003685638308525,200,183.23345764352098,0.08906736209682241,0.02230493845161953
pair_128,SetB,7,614.5,661.5,358.94715385561796,0.4926261007785797,0.0,0.3419161105027083,0.2627898156642914,0.05,0.3960704728960991,200,197.97095746598794,0.06676242364520288,0.015525439618966692
pair_128,SetB,8,416.5,395.5,37.943674165301154,0.42178264260292053,0.0,0.2701017822704712,0.25097307562828064,0.125,0.3702075332403183,200,133.76284985002374,0.051236984026236186,0.005889376603883847
pair_128,SetB,9,406.5,667.5,278.14537183401836,0.45016077160835266,0.0,0.2684301147182343,0.21974895894527435,0.16249999999999998,0.360413059592247,200,191.82935124740428,0.04534760742235234,0.0001699038006994641
pair_128,SetB,10,432.5,389.5,53.65700199081818,0.4905382990837097,0.0,0.34362993201842196,0.25838199257850647,0.05,0.381763756275177,200,129.48552042603066,0.045177703621652875,0.008365997535328358
pair_128,SetB,11,437.5,400.5,59.45087233176113,0.39405354857444763,0.0,0.24033496787129677,0.20541831851005554,0.1662132317597294,0.3486180678009987,200,117.50106382497138,0.03681170608632452,0.0008001485126844232
pair_128,SetB,12,644.5,383.5,265.7412805085373,0.4996819794178009,0.0,0.38918398576702157,0.27781954407691956,0.09358541225631423,0.39905335009098053,200,185.61384646625908,0.03601155757364009,0.002167751041284992
pair_128,SetB,13,424.5,389.5,45.65947910371394,0.5048540830612183,0.0,0.36466859740792223,0.27959132194519043,0.12961646096066226,0.4002692922949791,200,133.8301161921337,0.0338438065323551,0.0027233918538764473
pair_128,SetB,14,378.5,390.5,0.42568444868142624,0.48420450091362,0.0,0.3576087468362754,0.25965943932533264,0.125,0.38767967373132706,200,163.56191488240776,0.031120414678478654,0.00021131316039672832
pair_128,SetB,15,457.5,388.5,78.67452181003291,0.4315713346004486,0.0,0.3690412297903608,0.2410578429698944,0.19366069605669878,0.35307157784700394,200,119.32518594161084,0.030909101518081926,0.004375291024392318
pair_128,SetB,16,615.5,378.5,236.95876967070055,0.40868744254112244,0.0,0.29922904654024207,0.18984195590019226,0.16249999999999998,0.33852241188287735,200,167.6380028513821,0.026533810493689608,0.0035334719747990642
pair_128,SetB,17,415.5,672.5,284.14099130290737,0.42198100686073303,0.0,0.2655304323059523,0.21964778006076813,0.16249999999999998,0.3709268644452095,200,192.08461677083878,0.023000338518890544,0.001815400091765687
pair_128,SetB,18,582.5,379.5,203.95236251104635,0.4129716157913208,0.0,0.3164571117459143,0.2074030041694641,0.16249999999999998,0.31689679250121117,200,146.03595447697117,0.021184938427124857,0.0010730141808468277
pair_128,SetB,19,345.5,391.5,33.365983534656884,0.5022886991500854,0.0,0.380797616994599,0.28408682346343994,0.09358541225631423,0.4017830267548561,200,188.79221382249852,0.02011192424627803,0.00031796068642796563
pair_128,SetB,20,391.5,401.5,16.607209164538165,0.4080755412578583,0.0,0.30487812614843585,0.21639443933963776,0.05885254915624212,0.3669932410120964,200,146.54180290961347,0.019793963559850063,0.0007960356995446484
pair_129,SetB,1,382.0,545.0,0.3580276258020229,0.7669628262519836,0.0,0.7338543434611229,0.3681776821613312,0.05,0.48373109102249146,200,126.28935030318273,0.8165532914240496,0.25067247330469167
pair_129,SetB,2,568.0,556.0,186.1254881132869,0.748012125492096,0.0,0.721085095210698,0.3843596279621124,0.05,0.479047454893589,200,88.09086218218096,0.565880818119358,0.4634731440106912
pair_129,SetB,3,389.0,426.0,118.90879889376261,0.6074945330619812,0.0,0.5956296593308583,0.30957281589508057,0.05,0.45640382915735245,200,133.4053971921676,0.1024076741086668,0.0305172321276303
pair_129,SetB,4,391.0,396.0,148.974310352168,0.6055732369422913,0.0,0.5966484309244344,0.3198847472667694,0.05,0.460509218275547,200,150.65523555456014,0.0718904419810365,0.007859733256601165
pair_129,SetB,5,380.0,575.0,30.36586065360316,0.6074038147926331,0.0,0.593838807554377,0.328315407037735,0.05,0.43245457112789154,200,141.50971698084905,0.06403070872443534,0.007707303238751295
pair_129,SetB,6,624.0,559.0,242.2046869919924,0.5944547653198242,0.0,0.5421645077045364,0.31198441982269287,0.05,0.43090732395648956,200,137.32079230764728,0.05632340548568404,0.0060599434253402334
pair_129,SetB,7,563.0,645.0,206.73549706177616,0.6058485507965088,0.0,0.5991225406144101,0.3318483233451843,0.05,0.4567100927233696,200,158.09490820390135,0.05026346206034381,0.011321976297979028
pair_129,SetB,8,562.0,556.0,180.136893655592,0.6103795170783997,0.0,0.5560409669854631,0.24023427069187164,0.05,0.4437800496816635,200,83.54639429682169,0.03894148576236478,0.002034843849802029
pair_129,SetB,9,567.0,586.0,189.3389045594778,0.603360116481781,0.0,0.5892354391621628,0.3408183157444,0.05,0.42933881282806396,200,109.01834707974616,0.03690664191256275,0.0032683363871608972
pair_129,SetB,10,560.0,600.0,186.18064591056878,0.4706518054008484,0.0,0.4559943933333125,0.24906118214130402,0.09358541225631423,0.42082130908966064,200,116.61903789690601,0.033638305525401854,0.004220370778569283
pair_129,SetB,11,578.0,392.0,248.30009188843633,0.6022092700004578,0.0,0.5895545341849859,0.3473872244358063,0.05,0.4502614587545395,200,133.2216198670471,0.02941793474683257,0.00013159947973279823
pair_129,SetB,12,574.0,556.0,192.1147943156189,0.6221558451652527,0.0,0.5671087322263944,0.28716495633125305,0.16249999999999998,0.45089076459407806,200,92.80086206496145,0.029286335267099773,0.002311059807319507
pair_129,SetB,13,460.0,549.0,77.90100192437993,0.5808897614479065,0.0,0.5421392311282619,0.2695801258087158,0.0875,0.4230028986930847,200,63.25345840347388,0.026975275459780266,0.0001273490526494704
pair_129,SetB,14,564.0,630.0,200.79488810886858,0.5971297025680542,0.0,0.5911333573382102,0.31652358174324036,0.05,0.45294050872325897,200,144.89996549343965,0.026847926407130795,0.0015613067409730626
pair_129,SetB,15,379.0,589.0,44.401514553569434,0.6021008491516113,0.0,0.6036337959811497,0.324196994304657,0.05,0.4509459659457207,200,150.20652449211386,0.025286619666157733,0.0024847581187965456
pair_129,SetB,16,438.0,548.0,55.879703464321835,0.5968913435935974,0.0,0.5432383711610731,0.2909418046474457,0.05,0.43875526636838913,200,78.40918313565064,0.022801861547361187,0.0001050550003377955
pair_129,SetB,17,566.0,601.0,192.20873922511862,0.6004968881607056,0.0,0.5878910262746747,0.3253076374530792,0.05,0.45597413927316666,200,120.65239326262865,0.022696806547023392,0.0028444491775122954
pair_129,SetB,18,388.0,440.0,104.87474174353933,0.5948656797409058,0.0,0.5994715588288588,0.3056444227695465,0.05,0.4307416006922722,200,127.05904139414872,0.019852357369511096,0.002102269581848972
pair_129,SetB,19,569.0,541.0,186.82001678268497,0.4799591898918152,0.0,0.44509186926834543,0.3098345100879669,0.05,0.4256200008094311,200,80.26207074328447,0.017750087787662124,0.002133263315162009
pair_129,SetB,20,520.0,553.0,138.03192894868172,0.47453808784484863,0.0,0.40864359464840105,0.23467476665973663,0.05885254915624212,0.3458447679877281,200,56.64803615307419,0.015616824472500115,0.0020711336498306886
pair_130,SetB,1,638.5,487.5,230.28342949711794,0.4056612551212311,0.0,0.3279022234836457,0.16093596816062927,0.05,0.3376760184764862,165,139.06293539257683,0.811482317837336,0.023819361555441287
pair_130,SetB,2,416.5,579.5,25.83158135591783,0.3791904151439667,0.0,0.2792116806056647,0.14463898539543152,0.05,0.3229201138019562,165,115.29310473744734,0.7876629562818948,0.0016904025375817922
pair_130,SetB,3,636.5,517.5,221.53939252999933,0.39749762415885925,0.0,0.316422116792739,0.1392880231142044,0.05,0.33533185720443726,165,137.6172227593625,0.785972553744313,0.09160601853706574
pair_130,SetB,4,420.5,519.5,34.30424918480693,0.381693035364151,0.0,0.2923964575426353,0.14919324219226837,0.05,0.33278658986091614,165,81.85658189785352,0.6943665352072472,0.049530393100665426
pair_130,SetB,5,632.5,577.5,215.8754074131076,0.3932839632034302,0.0,0.31245016100899414,0.13401757180690765,0.05,0.3392249494791031,165,153.5008143300875,0.6448361421065818,0.12935752634360909
pair_130,SetB,6,633.5,564.5,215.83033844657052,0.37927794456481934,0.0,0.2920343963066535,0.12941791117191315,0.05885254915624212,0.3380153030157089,165,148.2649655178188,0.5154786157629727,0.21786815983197694
pair_130,SetB,7,635.5,530.5,218.79478735649795,0.386192262172699,0.0,0.2639835773445388,0.13075581192970276,0.05,0.3318187892436981,165,138.8902444378294,0.2976104559309958,0.1059402512289187
pair_130,SetB,8,418.5,549.5,4.245710039600457,0.380067378282547,0.0,0.2861042887346418,0.15205375850200653,0.125,0.3350978493690491,165,95.35460135724966,0.19167020470207707,0.023734235722993796
pair_130,SetB,9,639.5,474.5,235.2934367319668,0.3704793155193329,0.0,0.27433177419569504,0.15298184752464294,0.05885254915624212,0.3249005824327469,165,141.8114945975819,0.16793596897908328,0.032204804786412855
pair_130,SetB,10,430.5,369.5,184.63628788539413,0.36182156205177307,0.0,0.3119738457707022,0.13167870044708252,0.05,0.29047152400016785,165,147.85296750488303,0.13573116419267042,0.027581428625855955
pair_130,SetB,11,644.5,406.5,270.1850663926222,0.3277486562728882,0.0,0.1741827549162377,0.15197248756885529,0.0875,0.2848420590162277,165,172.111882216191,0.10814973556681447,0.0021483782621530695
pair_130,SetB,12,631.5,590.5,216.70636367580263,0.39034777879714966,0.0,0.26216767287221304,0.14006884396076202,0.16249999999999998,0.32760217785835266,165,159.63239019697724,0.1060013573046614,0.004694271716476683
pair_130,SetB,13,423.5,476.5,77.4085294958654,0.3816339373588562,0.0,0.26483915265040836,0.15029610693454742,0.1340990257669732,0.33017387986183167,165,80.02812005788965,0.10130708558818471,0.019640714191665853
pair_130,SetB,14,413.5,613.5,59.9560325848513,0.3054733872413635,0.0,0.24017981981438508,0.10335549712181091,0.12961646096066226,0.26082703471183777,165,142.70423960065096,0.08166637139651886,0.006695028279312967
pair_130,SetB,15,640.5,552.5,222.5636672086168,0.29917511343955994,0.0,0.10785018895779654,0.04668789356946945,0.1662132317597294,0.23839201778173447,165,149.98833287959434,0.0749713431172059,0.012240303295551633
pair_130,SetB,16,425.5,446.5,107.47481517595286,0.32197192311286926,0.0,0.22397034038618763,0.12055177241563797,0.12961646096066226,0.2918860465288162,165,91.71968163922071,0.06273103982165426,0.002263795674658897
pair_130,SetB,17,421.5,454.5,99.27243205740707,0.27543705701828003,0.0,0.22891173187041325,0.1086973026394844,0.12961646096066226,0.24289017915725708,165,90.73312515283489,0.060467244146995364,0.005342518566370601
pair_130,SetB,18,643.5,414.5,265.0594504746548,0.3077133595943451,0.0,0.22297689906863247,0.14670836925506592,0.16249999999999998,0.26370222866535187,165,167.04041427151694,0.05512472558062476,0.00034170365936572744
pair_130,SetB,19,625.5,585.5,209.98097313901908,0.29046252369880676,0.0,0.27910243317368766,0.08116864413022995,0.12961646096066226,0.2404862940311432,165,151.85684047812927,0.054783021921259036,0.0005498116718634649
pair_130,SetB,20,432.5,348.5,205.72447615182742,0.34751296043395996,0.0,0.18359314668752888,0.0928027406334877,0.05,0.2968224138021469,165,165.85686600198378,0.05423321024939557,0.0003391755467163776
pair_131,SetB,1,619.5,408.5,0.2144513298699704,0.7396441698074341,0.0,0.6648915180419057,0.4747200608253479,0.05,0.3652848731726408,200,150.50747489742827,0.6937177946969063,0.0007939704861825714
pair_131,SetB,2,622.5,566.5,158.11382740300306,0.727726399898529,0.0,0.6470097853136769,0.45498907566070557,0.05,0.35877764970064163,200,139.38615426217913,0.6929238242107237,0.059585680426686216
pair_131,SetB,3,623.5,592.5,184.12934550154097,0.7317805290222168,0.0,0.6847974772602163,0.48519501090049744,0.05,0.356255741789937,200,154.3000324044036,0.6333381437840375,0.01860723983467394
pair_131,SetB,4,623.5,579.5,171.13298196624527,0.7247521281242371,0.0,0.6909641438421837,0.4739287495613098,0.05,0.35834852047264576,200,146.8757978701733,0.6147309039493636,0.07622902115711627
pair_131,SetB,5,622.5,553.5,145.11672563098998,0.7186514735221863,0.0,0.6751089496051718,0.43330323696136475,0.05,0.36432812362909317,200,133.67310873919257,0.5385018827922473,0.01187839175270966
pair_131,SetB,6,459.5,622.5,267.146848435937,0.727558434009552,0.0,0.672116500152488,0.4707646667957306,0.05,0.3705648388713598,200,129.02131606831486,0.5266234910395377,0.06189178512470439
pair_131,SetB,7,458.5,556.5,218.598460985722,0.7108662128448486,0.0,0.6317381682423009,0.44069424271583557,0.05,0.3627779921516776,200,70.10349492001095,0.46473170591483326,0.037532816523187906
pair_131,SetB,8,458.5,596.5,247.45061157825876,0.7171449661254883,0.0,0.6436108589494438,0.4412152171134949,0.05,0.3495745472609997,200,105.04522835426653,0.42719888939164535,0.09549752145115603
pair_131,SetB,9,459.5,609.5,256.84688098376216,0.7251982092857361,0.0,0.6969345882905311,0.4605785310268402,0.05885254915624212,0.36955536156892776,200,116.74973233374028,0.3317013679404893,0.05828398028829168
pair_131,SetB,10,623.5,605.5,197.1261886026118,0.7280757427215576,0.0,0.6952247200765198,0.46638378500938416,0.05,0.3727623224258423,200,162.4269066380321,0.27341738765219764,0.03226089887846628
pair_131,SetB,11,457.5,530.5,202.69103010870268,0.719019889831543,0.0,0.663955449974292,0.4635038673877716,0.05,0.3778593596071005,200,52.31156659860226,0.24115648877373136,0.02321430077267339
pair_131,SetB,12,453.5,346.5,176.98611188755473,0.7106849551200867,0.0,0.6395083703771864,0.4446227252483368,0.05,0.36862510815262794,200,160.3885906166645,0.21794218800105797,0.0348179388719482
pair_131,SetB,13,457.5,543.5,210.77659273433005,0.7182285785675049,0.0,0.682753650028525,0.45907577872276306,0.05,0.3772366102784872,200,60.815294129026455,0.18312424912910977,0.02350812193871213
pair_131,SetB,14,454.5,372.5,168.6704397927309,0.7061578631401062,0.0,0.6223290195636297,0.4362601339817047,0.05,0.36141299828886986,200,135.3754039698497,0.15961612719039764,0.013933208159978089
pair_131,SetB,15,458.5,583.5,237.7197652957946,0.7103970646858215,0.0,0.6703950011995632,0.42735421657562256,0.05,0.35085850208997726,200,93.24430277502213,0.14568291903041955,0.06686449883261567
pair_131,SetB,16,453.5,359.5,172.86758562333387,0.7121224999427795,0.0,0.6787896349733897,0.4493211507797241,0.05,0.36548979580402374,200,147.99493234567188,0.07881842019780388,0.01900554143732794
pair_131,SetB,17,454.5,398.5,165.09983033366962,0.6988603472709656,0.0,0.6467492355889228,0.4180392622947693,0.05,0.35698811523616314,200,111.23174007449492,0.059812878760475946,0.01196310364698222
pair_131,SetB,18,621.5,526.5,118.10193753039198,0.7093045711517334,0.0,0.6669872220343089,0.4305969178676605,0.05,0.37639383412897587,200,124.35634282174753,0.047849775113493725,0.0028280762065010026
pair_131,SetB,19,458.5,569.5,227.6058116645813,0.7097614407539368,0.0,0.6535839501809002,0.43929749727249146,0.05,0.3524724505841732,200,80.94751385929032,0.04502169890699272,0.002176874022534775
pair_131,SetB,20,455.5,438.5,166.54089210701537,0.6681228280067444,0.0,0.6125296138810893,0.41504260897636414,0.05,0.3692350946366787,200,75.91113225344488,0.04284482488445795,0.0013426819699659809
pair_132,SetB,1,433.0,360.0,249.57403132858803,0.136125847697258,0.0,0.03442044626471747,0.007035954389721155,0.1662132317597294,0.1079771127551794,184,155.2063143045411,0.047268424397776204,0.01892062411123393
pair_132,SetB,2,439.0,492.0,118.48835655171203,0.15015314519405365,0.0,0.07561444007795476,0.04559412598609924,0.11020817282989959,0.11406520754098892,184,61.5223536610881,0.028347800286542275,0.0021517412498594374
pair_132,SetB,3,428.0,540.0,69.56375116777015,0.1779724657535553,0.0,0.0706372004896477,0.07671979069709778,0.09358541225631423,0.13381516747176647,184,82.365041127896,0.026196059036682838,0.002508768397960645
pair_132,SetB,4,423.0,572.0,37.36245400150209,0.13617141544818878,0.0,0.05317838883951775,0.044167302548885345,0.1662132317597294,0.10988703882321715,184,105.41821474489122,0.023687290638722193,0.0010957675296461161
pair_132,SetB,5,439.0,370.0,239.9158741674944,0.18290579319000244,0.0,0.040003796333240346,0.05144241079688072,0.05,0.13839827477931976,184,143.60013927569847,0.022591523109076077,0.005663044024093705
pair_132,SetB,6,444.0,386.0,224.37493779524482,0.1536896675825119,0.0,0.05598649074445229,0.06211867928504944,0.125,0.1152651198208332,184,127.01181047445942,0.01692847908498237,0.0014388354945728196
pair_132,SetB,7,429.0,641.0,32.26080232190038,0.1537168323993683,0.0,0.0464614665355512,0.05786364525556564,0.17694368026754387,0.11842096596956253,184,157.8670326572334,0.015489643590409552,0.0012299508497129324
pair_132,SetB,8,447.0,331.0,279.42024458807134,0.15225230157375336,0.0,0.03941879159380973,0.0692376047372818,0.17694368026754387,0.12188293691724539,184,177.11578134090706,0.01425969274069662,0.0010018505685781432
pair_132,SetB,9,678.0,476.0,288.0374865707275,0.1515440046787262,0.0,0.04660886564279159,0.05509640648961067,0.1662132317597294,0.10747182741761208,184,179.61069010501575,0.013257842172118476,0.0010809871259870648
pair_132,SetB,10,439.0,483.0,127.40876138352903,0.1540318876504898,0.0,0.06537471869686637,0.020503602921962738,0.2,0.113001748919487,184,63.324560795950255,0.012176855046131412,0.0002330125401803322
pair_132,SetB,11,673.0,552.0,256.7929991144988,0.15372076630592346,0.0,0.04072306963192725,0.05618918687105179,0.08106601717798213,0.10846985690295696,184,180.646062785769,0.01194384250595108,0.0005551609092568008
pair_132,SetB,12,676.0,506.0,273.58125471292294,0.1552814245223999,0.0,0.049100800479478963,0.05852086469531059,0.09358541225631423,0.11268994584679604,184,176.10224302944013,0.011388681596694279,0.0006236456435776173
pair_132,SetB,13,438.0,501.0,109.43664755368519,0.1566992998123169,0.0,0.09323489619927043,0.0368775874376297,0.09358541225631423,0.1227650223299861,184,62.00806399170998,0.010765035953116661,0.0012626052663119065
pair_132,SetB,14,673.0,543.0,258.9520153101311,0.158629909157753,0.0,0.054462132862805136,0.0692269578576088,0.05885254915624212,0.1139927115291357,184,178.2638493918495,0.009502430686804755,0.00021421553806681357
pair_132,SetB,15,434.0,424.0,185.7056024623731,0.14123542606830597,0.0,0.050619276347735775,0.0536709800362587,0.12961646096066226,0.09880480729043484,184,100.65783625729296,0.009288215148737941,0.00016452137585064829
pair_132,SetB,16,681.0,497.0,281.68466345745605,0.14139866828918457,0.0,0.019723540004898114,0.05520540848374367,0.125,0.10308512952178717,184,181.02486017119307,0.009123693772887293,3.5885200790713306e-05
pair_132,SetB,17,437.0,515.0,95.43928375935225,0.15326055884361267,0.0,0.054706418412676976,0.03612114489078522,0.05,0.1144259013235569,184,64.76109943476871,0.00908780857209658,0.00018511194677972229
pair_132,SetB,18,444.0,379.0,231.34426661682647,0.14681431651115417,0.0,0.05091295431246688,0.06534277647733688,0.0875,0.11927486211061478,184,133.33041663476493,0.008902696625316857,0.00018168282742435544
pair_132,SetB,19,428.0,549.0,60.59384158123701,0.17618660628795624,0.0,0.05718136291320787,0.07306797057390213,0.12961646096066226,0.13327178917825222,184,87.09190547921202,0.008721013797892502,5.305064130772287e-05
pair_132,SetB,20,440.0,351.0,258.9400736726542,0.1890261322259903,0.0,0.06552771619727651,0.052650824189186096,0.125,0.14190061390399933,184,160.6268968759591,0.008667963156584779,4.395338925790304e-05
pair_133,SetB,1,592.5,394.5,0.4237567681768715,0.7933622002601624,0.0,0.7693444425174352,0.5341577529907227,0.05,0.42772600799798965,138,140.30858847554558,0.9349201190929795,0.10520242118386214
pair_133,SetB,2,443.5,404.5,149.08630803702155,0.7921266555786133,0.0,0.7467326465234687,0.5466419458389282,0.05,0.43185801804065704,138,110.96170510586073,0.8297176979091173,0.5173879054978026
pair_133,SetB,3,457.5,594.5,241.41648014418402,0.7155896425247192,0.0,0.628008650467482,0.4801468849182129,0.05,0.5048063695430756,138,103.61708353355638,0.3123297924113148,0.10925441353004467
pair_133,SetB,4,605.5,583.5,189.78981911760647,0.7033903002738953,0.0,0.6252304446045276,0.3844616115093231,0.05,0.48427441716194153,138,134.54553132675943,0.20307537888127014,0.12328755488988827
pair_133,SetB,5,532.5,398.5,59.88473349794558,0.6326647996902466,0.0,0.5910342949384344,0.47738969326019287,0.05,0.2529902011156082,14,106.57626377388166,0.07978782399138187,0.031565909618540076
pair_133,SetB,6,586.5,394.5,5.737557734161756,0.6565289497375488,0.0,0.5893824832194547,0.420392245054245,0.16249999999999998,0.3133143484592438,138,136.42763649642254,0.0482219143728418,0.01899282473871018
pair_133,SetB,7,515.5,399.5,76.91290576480041,0.6314510107040405,0.0,0.5069935623883964,0.47373321652412415,0.05,0.25334348157048225,14,101.68824907529877,0.029229089634131615,0.00938737333850068
pair_133,SetB,8,491.5,401.5,100.9943361896671,0.6313426494598389,0.0,0.46584172915647515,0.45819756388664246,0.05,0.260091669857502,14,98.86607102540285,0.019841716295630935,0.0018694136182030446
pair_133,SetB,9,441.5,369.5,152.73465648889362,0.5422371029853821,0.0,0.4193542994157815,0.4373621344566345,0.05,0.4739275276660919,138,143.01223723863632,0.01797230267742789,0.0019073517486550805
pair_133,SetB,10,363.5,410.5,229.310189881889,0.63656085729599,0.0,0.575797632761534,0.46716922521591187,0.11020817282989959,0.24125510826706886,138,163.22530441080514,0.01606495092877281,0.004460147721561392
pair_133,SetB,11,302.5,510.5,312.2083655336158,0.6323404908180237,0.0,0.5808223028745183,0.5257153511047363,0.05,0.4825975224375725,138,197.77891697549563,0.011604803207211419,0.0020546575681003546
pair_133,SetB,12,449.5,404.5,143.10131811117398,0.6529533267021179,0.0,0.5431153485481597,0.39299625158309937,0.16249999999999998,0.3177652806043625,138,108.03008840133381,0.009550145639111064,0.0008883830276806941
pair_133,SetB,13,528.5,589.5,205.4586123305007,0.5534940958023071,0.0,0.40127038842105744,0.37066417932510376,0.09358541225631423,0.32931406423449516,14,93.92816404039844,0.00866176261143037,0.0008481595363663882
pair_133,SetB,14,386.5,599.5,290.6588935326759,0.5494129061698914,0.0,0.42539200982475245,0.37300050258636475,0.12961646096066226,0.298094280064106,138,150.93872929106035,0.007813603075063982,0.00015898067875288677
pair_133,SetB,15,642.5,390.5,50.40579826171745,0.6389052271842957,0.0,0.5943448374831576,0.4690141975879669,0.05885254915624212,0.2615007683634758,138,179.71227003184842,0.007654622396311095,5.764077184132986e-05
pair_133,SetB,16,522.5,589.5,207.39812289345636,0.5372082591056824,0.0,0.44186726818771427,0.3140915334224701,0.09358541225631423,0.30459919944405556,14,92.28488500290825,0.007596981624469765,0.000720424687348069
pair_133,SetB,17,450.5,499.5,176.57950635523488,0.6291499137878418,0.0,0.5553691239492439,0.5031276941299438,0.05,0.5585479289293289,138,49.502525188115406,0.006876556937121696,0.00039487721873305345
pair_133,SetB,18,463.5,594.5,238.12008921183642,0.5528337955474854,0.0,0.42021545053927445,0.30916067957878113,0.05,0.3726104199886322,138,101.30399794677405,0.006481679718388643,0.00017244910636098586
pair_133,SetB,19,448.5,464.5,160.01084373669522,0.5884129405021667,0.0,0.5582212740416097,0.44207656383514404,0.05,0.5014669746160507,138,62.54998001598402,0.006309230612027657,0.0005799809578736423
pair_133,SetB,20,439.5,345.5,160.29715576108194,0.6318857669830322,0.0,0.48010466002137875,0.5111221075057983,0.05,0.5577440783381462,138,165.92317499373016,0.0057292496541540144,3.361534303918806e-05
pair_134,SetB,1,609.5,560.5,173.70838723605718,0.5981066823005676,0.0,0.3540266729018327,0.46197453141212463,0.05,0.33543455600738525,195,125.10195841792405,0.35671413168314264,0.2938459889189857
pair_134,SetB,2,642.5,505.5,212.2363814392882,0.590765118598938,0.0,0.34774135439776643,0.427041232585907,0.16249999999999998,0.34987712651491165,195,142.60610085126092,0.06286814276415693,0.0005886886138382272
pair_134,SetB,3,411.5,469.5,88.07394192441917,0.5873823761940002,0.0,0.47027840838255935,0.4225121736526489,0.14270509831248424,0.3411007225513458,195,93.60822613424527,0.06227945415031871,0.013784833360887566
pair_134,SetB,4,615.5,569.5,180.24834597328925,0.5823004841804504,0.0,0.46452224741992976,0.4388189911842346,0.16249999999999998,0.3451100140810013,195,134.79799701775988,0.04849462078943114,0.008006595343227715
pair_134,SetB,5,418.5,465.5,90.31772052306287,0.5845634341239929,0.0,0.3468119408306755,0.4101852774620056,0.11020817282989959,0.3370159789919853,195,88.50141241810776,0.040488025446203425,4.858655086492636e-05
pair_134,SetB,6,634.5,579.5,200.20603184330213,0.5941295623779297,0.0,0.38234327706497906,0.45768213272094727,0.0875,0.34372875839471817,195,156.23859958409764,0.0404394388953385,0.009605263116328814
pair_134,SetB,7,613.5,547.5,177.71482990976418,0.5843145251274109,0.0,0.46480726838705133,0.4393951892852783,0.16249999999999998,0.33265504986047745,195,123.03861182571916,0.030834175779009685,0.00024423067089520203
pair_134,SetB,8,633.5,544.5,197.8255764420078,0.5942574143409729,0.0,0.3445569256265695,0.4545310437679291,0.125,0.35484883189201355,195,140.72135587749287,0.030589945108114483,0.006749219040807393
pair_134,SetB,9,666.5,489.5,239.4757534801879,0.5861512422561646,0.0,0.3357455319513989,0.42782795429229736,0.125,0.3519997224211693,195,166.83075256079138,0.02384072606730709,0.0001526335616763401
pair_134,SetB,10,481.5,504.5,67.38783236935905,0.5839340686798096,0.0,0.32201318383157984,0.40600070357322693,0.16249999999999998,0.3487471640110016,195,19.03943276465977,0.02368809250563075,0.0026429838248593004
pair_134,SetB,11,660.5,480.5,236.35095530788348,0.5860145092010498,0.0,0.20206700056375138,0.41678759455680847,0.16249999999999998,0.3390692248940468,195,161.6802399800297,0.02104510868077145,0.0005647000121666093
pair_134,SetB,12,454.5,463.5,92.51142148351931,0.5842365026473999,0.0,0.4072797421600298,0.3937702476978302,0.0875,0.342133529484272,195,58.33095233235953,0.02048040866860484,0.00022885829588195628
pair_134,SetB,13,659.5,493.5,231.6643371572923,0.5911869406700134,0.0,0.45790751717421974,0.42725419998168945,0.16249999999999998,0.35019346326589584,195,159.63239019697724,0.020251550372722884,0.001782211957825363
pair_134,SetB,14,637.5,531.5,202.8568846953859,0.5948565006256104,0.0,0.46681093225667913,0.44720178842544556,0.05,0.354389525949955,195,141.06204308743014,0.01846933841489752,6.40303128149472e-05
pair_134,SetB,15,647.5,580.5,213.22894202434486,0.585639238357544,0.0,0.27710159814780255,0.4282933473587036,0.05,0.3363383486866951,195,168.03719826276563,0.018405308102082574,6.323061099058197e-05
pair_134,SetB,16,655.5,506.5,224.69625750515556,0.5971450209617615,0.0,0.32841883992778487,0.44903284311294556,0.05,0.35642270743846893,195,155.6357927984434,0.018342077491091992,0.0012515936648822383
pair_134,SetB,17,617.5,486.5,193.7741732433756,0.5823032259941101,0.0,0.3770560483659694,0.4288135766983032,0.16249999999999998,0.33634210377931595,195,118.27298930863293,0.017090483826209753,4.279459699857782e-05
pair_134,SetB,18,653.5,484.5,228.4589737361459,0.586886465549469,0.0,0.3049665321716538,0.4184855818748474,0.09358541225631423,0.34807275235652924,195,154.28058853919376,0.017047689229211176,0.0010001391085426026
pair_134,SetB,19,443.5,484.5,70.03671916053321,0.5842857360839844,0.0,0.3749075119978003,0.4274563193321228,0.05,0.3507445529103279,195,58.58754133772811,0.016047550120668573,0.0008847675256743164
pair_134,SetB,20,484.5,561.5,49.14795926098695,0.5821130871772766,0.0,0.38804918958269163,0.4267517328262329,0.05885254915624212,0.34594906121492386,195,63.42318188170631,0.015162782594994257,0.0008484305765008755
pair_135,SetB,1,396.5,526.5,217.882526730019,0.7713989019393921,0.0,0.669377784470701,0.4680195748806,0.05,0.6138889938592911,200,106.83866341357889,0.8852441613051509,0.06586568970757123
pair_135,SetB,2,397.5,432.5,196.3362961075184,0.7618728876113892,0.0,0.6208312764382047,0.4413895606994629,0.05,0.6125114783644676,200,122.72937708633577,0.8193784715975797,0.003522773686293168
pair_135,SetB,3,593.5,434.5,0.5020447723683664,0.7644516229629517,0.0,0.669576262072733,0.4236927330493927,0.05,0.6109428107738495,200,114.15997547301768,0.8158556979112865,0.011394482262465089
pair_135,SetB,4,592.5,528.5,94.38806245490885,0.7685216665267944,0.0,0.6623890110959569,0.44077086448669434,0.05,0.6101942509412766,200,96.79101197941883,0.8044612156488214,0.00432264838449592
pair_135,SetB,5,593.5,512.5,78.37939026709903,0.7617936730384827,0.0,0.6139545448110181,0.43609464168548584,0.05,0.6032490879297256,200,94.33186100146652,0.8001385672643255,0.11096718211924994
pair_135,SetB,6,593.5,481.5,47.37984370661592,0.7726035118103027,0.0,0.6090997685124776,0.4651716947555542,0.05,0.621284082531929,200,95.31264344251501,0.6891713851450756,0.10079805964538069
pair_135,SetB,7,593.5,418.5,15.624779589563364,0.7040457725524902,0.0,0.666806033374133,0.4101397395133972,0.05,0.5922485515475273,200,124.03426945808162,0.5883733254996949,0.014560226179696989
pair_135,SetB,8,594.5,402.5,31.628408462533777,0.6963052749633789,0.0,0.6275470225433286,0.4204777181148529,0.05,0.5858504548668861,200,135.78107379160028,0.5738130993199979,0.13105904767238685
pair_135,SetB,9,394.5,668.5,307.67785730875624,0.7130293846130371,0.0,0.6324682272056896,0.39890041947364807,0.05,0.5881078168749809,200,198.8026659781,0.44275405164761106,0.007866427096694162
pair_135,SetB,10,396.5,495.5,206.65506581083028,0.7626342177391052,0.0,0.6054984460881979,0.44447192549705505,0.05,0.6030858680605888,200,103.59777989899204,0.4348876245509169,0.11951070143072651
pair_135,SetB,11,593.5,497.5,63.37955428522971,0.7528420090675354,0.0,0.5572347512754832,0.4099704921245575,0.05,0.6020710095763206,200,93.53341648844011,0.3153769231201904,0.14371678569531332
pair_135,SetB,12,397.5,416.5,197.11880391654196,0.7196930646896362,0.0,0.634836170204882,0.45204025506973267,0.11020817282989959,0.5984680354595184,200,132.20627821703476,0.17166013742487707,0.06588077606701809
pair_135,SetB,13,593.5,449.5,15.382228908753756,0.7642822265625,0.0,0.6715038733984715,0.4394915997982025,0.09358541225631423,0.6189336255192757,200,106.26617523934885,0.10577936135785898,0.008671646466627408
pair_135,SetB,14,396.5,463.5,199.50458541551504,0.7522687911987305,0.0,0.6422024327120549,0.4240496754646301,0.11020817282989959,0.6128092408180237,200,109.74743732771167,0.09710771489123157,0.032752930652485454
pair_135,SetB,15,593.5,465.5,31.38042826241105,0.7745961546897888,0.0,0.6484862828837403,0.4642846882343292,0.09358541225631423,0.6281891763210297,200,99.66192853843438,0.06435478423874612,0.006615311617815915
pair_135,SetB,16,396.5,510.5,211.59555085711614,0.7683044075965881,0.0,0.6612455263844917,0.4714902639389038,0.12961646096066226,0.6061203554272652,200,104.03124530639822,0.0577394726209302,0.0016861496107132348
pair_135,SetB,17,585.5,512.5,78.82006373754378,0.6365334987640381,0.0,0.6114754108435282,0.35250696539878845,0.09358541225631423,0.49570295959711075,200,86.40891157745247,0.05605332301021697,0.0005911292981536295
pair_135,SetB,18,396.5,542.5,225.1331023327944,0.7379606366157532,0.0,0.6646729948530359,0.417463481426239,0.11020817282989959,0.6072833687067032,200,111.88610280101814,0.05546219371206334,0.001163000280469187
pair_135,SetB,19,396.5,479.5,202.48011732895546,0.7663798332214355,0.0,0.6305330850771689,0.4607209265232086,0.16249999999999998,0.6153203248977661,200,105.5106629682517,0.05429919343159415,0.005295281314837703
pair_135,SetB,20,397.5,447.5,196.78491325929173,0.7425363063812256,0.0,0.6156705507990762,0.4115590453147888,0.11020817282989959,0.604174979031086,200,115.16292806281021,0.04900391211675645,0.006099217796901847
pair_136,SetB,1,635.0,484.0,285.5162717828511,0.48110532760620117,0.0,0.36103431761556753,0.3193136155605316,0.05,0.39643335342407227,197,135.94484175576505,0.8739981091547598,0.20260532472061954
pair_136,SetB,2,392.0,443.0,181.76039104489467,0.4627726078033447,0.0,0.3322717869818459,0.2904098331928253,0.05,0.37952036410570145,197,122.11879462228572,0.6713927844341403,0.004592542655733722
pair_136,SetB,3,637.0,417.0,325.3571613910273,0.4673917889595032,0.0,0.3853151508792419,0.3040189743041992,0.09358541225631423,0.39439572393894196,197,160.18114745499858,0.6668002417784066,0.39752263481218747
pair_136,SetB,4,386.0,639.0,14.331864467245662,0.4643239676952362,0.0,0.3747477686233618,0.3112756013870239,0.05,0.3871106058359146,197,179.76929659983654,0.2692776069662191,0.13003779061435844
pair_136,SetB,5,395.0,467.0,157.90499994655912,0.4632045030593872,0.0,0.3079829970626568,0.2776493728160858,0.05,0.38457758724689484,197,110.06361796706484,0.13923981635186067,0.024179388488814
pair_136,SetB,6,621.0,474.0,278.69771798389104,0.4510535001754761,0.0,0.3346574511784438,0.3167721629142761,0.05,0.3790627270936966,197,123.76186811776881,0.11506042786304667,0.013098705852553114
pair_136,SetB,7,635.0,374.0,352.94309085810266,0.47517940402030945,0.0,0.2833284443682106,0.33710309863090515,0.05,0.3754679411649704,197,184.66456075814872,0.10196172201049356,0.012226188312173675
pair_136,SetB,8,387.0,615.0,9.68917662858712,0.4659927785396576,0.0,0.34190491481104135,0.30054768919944763,0.16249999999999998,0.3724043667316437,197,161.22654868228122,0.08973553369831988,0.017399800290878717
pair_136,SetB,9,631.0,498.0,275.3269231653385,0.47502321004867554,0.0,0.41810609260622045,0.32339078187942505,0.2,0.3800937309861183,197,131.01526628603247,0.07233573340744116,0.00754382359467079
pair_136,SetB,10,628.0,484.0,279.4462275605898,0.4310165345668793,0.0,0.23625636773175357,0.30303409695625305,0.16249999999999998,0.3634726032614708,197,128.9961239727768,0.06479190981277037,0.012573920496797543
pair_136,SetB,11,632.0,460.0,295.5780644727364,0.48465198278427124,0.0,0.40524166995348754,0.3319063186645508,0.19366069605669878,0.40221984684467316,197,137.92751719653333,0.05221798931597283,0.004788383736799122
pair_136,SetB,12,634.0,407.0,329.57113562927924,0.4471644461154938,0.0,0.37967511525576947,0.25882992148399353,0.0875,0.37141334265470505,197,163.11039206623224,0.04742960557917371,0.0017238310341565338
pair_136,SetB,13,637.0,427.0,319.0669384344131,0.4287993013858795,0.0,0.16822971499640393,0.22339202463626862,0.05,0.3581559509038925,197,155.23530526268823,0.045705774545017175,0.00434675562782709
pair_136,SetB,14,396.0,429.0,195.90678034687755,0.41951876878738403,0.0,0.23638665003937442,0.2022932767868042,0.1340990257669732,0.3531637191772461,197,125.92458060283545,0.041359018917190085,6.62864955489964e-05
pair_136,SetB,15,391.0,601.0,24.09371239196359,0.43083855509757996,0.0,0.2648314018844846,0.2692719101905823,0.125,0.354376956820488,197,148.60013458944107,0.04129273242164109,0.0075838856154565384
pair_136,SetB,16,633.0,436.0,310.3850350807551,0.49117571115493774,0.0,0.3705548311420589,0.34320566058158875,0.1662132317597294,0.40710070729255676,197,147.59742545180114,0.03370884680618455,0.006634441814412369
pair_136,SetB,17,389.0,663.0,38.399890552413055,0.4627344310283661,0.0,0.3300643675146895,0.2740156352519989,0.0875,0.38797491043806076,197,197.20547659738054,0.02707440499177218,0.0035725928017358854
pair_136,SetB,18,631.0,618.0,244.54459597685397,0.4653986096382141,0.0,0.28646907191909676,0.27980732917785645,0.09358541225631423,0.3810031861066818,197,176.30938715791623,0.023501812190036296,0.0011421349630626222
pair_136,SetB,19,624.0,383.0,338.81062089271785,0.42674556374549866,0.0,0.29973099142523824,0.2684057056903839,0.16249999999999998,0.3538045436143875,197,170.48460341039598,0.022359677226973674,0.0009158628166421358
pair_136,SetB,20,634.0,398.0,335.58359253670085,0.47954773902893066,0.0,0.3149879044420907,0.32720687985420227,0.16249999999999998,0.3985268101096153,197,168.40427548016706,0.021443814410331538,0.004119633994730958
pair_137,SetB,1,414.5,652.5,203.87377841696812,0.664727509021759,0.0,0.571852899265335,0.3683015704154968,0.05,0.5578199476003647,198,174.8327772472885,0.16705623175105297,0.047578870153492034
pair_137,SetB,2,519.5,452.5,103.89692851573948,0.6459456086158752,0.0,0.5567869276321102,0.32964739203453064,0.1662132317597294,0.5427582040429115,198,51.34685968976097,0.11947736159756094,0.021938153762360676
pair_137,SetB,3,405.5,642.5,194.13722740021623,0.6544895768165588,0.0,0.5593600009572183,0.3605162799358368,0.05,0.5667559057474136,198,170.98684159899557,0.09753920783520026,0.009244468886528509
pair_137,SetB,4,567.5,642.5,246.2448020237697,0.6501388549804688,0.0,0.5606077211189665,0.34351587295532227,0.05,0.5408853814005852,198,157.67847031221478,0.08829473894867175,0.010424998108142805
pair_137,SetB,5,388.5,482.5,43.42458047278683,0.6475234627723694,0.0,0.5588507256277104,0.32621875405311584,0.05,0.5452608987689018,198,112.86496356265748,0.07786974084052894,0.004492338793991996
pair_137,SetB,6,559.5,578.5,193.7831143902886,0.6518838405609131,0.0,0.5625122332507222,0.3493231534957886,0.16249999999999998,0.5652495250105858,198,98.50126902735822,0.07337740204653695,0.014562325168858428
pair_137,SetB,7,656.5,432.5,241.3643612989097,0.6448731422424316,0.0,0.5578826085592544,0.3256138265132904,0.16249999999999998,0.5480095148086548,198,170.43620507392203,0.05881507687767852,0.006394032637731591
pair_137,SetB,8,661.5,464.5,246.33657479553565,0.6424055099487305,0.0,0.5624365169090335,0.2959813177585602,0.1662132317597294,0.554483637213707,198,165.35567725360988,0.05242104423994693,0.0035688924372511907
pair_137,SetB,9,412.5,416.5,32.2861203101076,0.6489315032958984,0.0,0.558883957462383,0.3401125371456146,0.05,0.5547370314598083,198,120.94833607784771,0.04885215180269574,0.007396915884359576
pair_137,SetB,10,399.5,492.5,46.757329962383764,0.6430925130844116,0.0,0.5607854172735183,0.29262489080429077,0.05885254915624212,0.5514526441693306,198,100.77946219344496,0.041455235918336164,0.00537504921480636
pair_137,SetB,11,408.5,631.5,183.01110166393508,0.6549755930900574,0.0,0.5850881995590564,0.3692348599433899,0.05,0.5763626992702484,198,160.20143569893497,0.036080186703529804,0.00802948297804388
pair_137,SetB,12,395.5,632.5,184.97394133491497,0.6480124592781067,0.0,0.5500241448964922,0.34817150235176086,0.09358541225631423,0.5390306785702705,198,168.7498148147132,0.028050703725485925,0.00018227492782220758
pair_137,SetB,13,517.5,409.5,109.08445740728904,0.6374977827072144,0.0,0.5643764231237587,0.327579140663147,0.05,0.527928851544857,198,92.17646120349815,0.027868428797663717,0.0057011037616309344
pair_137,SetB,14,544.5,579.5,183.63793674216424,0.6476097106933594,0.0,0.576177184370013,0.35265588760375977,0.0875,0.5671459063887596,198,91.10707985661708,0.022167325036032783,0.00045681896258657415
pair_137,SetB,15,556.5,460.5,141.32421657142692,0.6405043601989746,0.0,0.5671016748522575,0.32670652866363525,0.11020817282989959,0.5539354532957077,198,68.93837828089663,0.02171050607344621,0.001489888438644539
pair_137,SetB,16,526.5,591.5,180.81506554884928,0.6395692229270935,0.0,0.577252115113447,0.349346399307251,0.16249999999999998,0.5366166457533836,198,95.2601700607342,0.02022061763480167,0.0026343455760957334
pair_137,SetB,17,432.5,640.5,192.60664943738433,0.6499708294868469,0.0,0.5778257350260732,0.3439842462539673,0.08106601717798213,0.5698582231998444,198,155.873346021698,0.017586272058705936,0.003590319111962512
pair_137,SetB,18,527.5,462.5,112.6817491525111,0.649502158164978,0.0,0.5731642940033146,0.33808839321136475,0.12961646096066226,0.5574784502387047,198,46.502688094345686,0.013995952946743424,8.664430714488101e-05
pair_137,SetB,19,525.5,312.5,174.90786128659082,0.6482036113739014,0.0,0.5545940761754774,0.32524314522743225,0.05,0.5418729037046432,198,189.22605528837724,0.013909308639598543,0.0008877132749594355
pair_137,SetB,20,420.5,652.5,203.92747554910025,0.6497814655303955,0.0,0.511164228734529,0.3428393602371216,0.16249999999999998,0.5500190705060959,198,171.97819629243702,0.013021595364639107,0.00145035192433993
pair_138,SetB,1,532.5,667.5,175.04258939667977,0.4260850250720978,0.0,0.2966474897575093,0.303151935338974,0.09358541225631423,0.2765998840332031,198,170.62385530751556,0.0690884275204207,0.029374295529247994
pair_138,SetB,2,528.5,653.5,160.88157798949297,0.42593011260032654,0.0,0.3071775559158117,0.3122773766517639,0.16249999999999998,0.27366214990615845,198,156.1233486702101,0.039714131991172706,0.016295035276284255
pair_138,SetB,3,567.5,647.5,161.02186002255743,0.4170878827571869,0.0,0.3175743778291962,0.2933233380317688,0.09358541225631423,0.27687113732099533,198,162.21128197508335,0.02341909671488845,0.011964143242681921
pair_138,SetB,4,546.5,662.5,171.39111783943312,0.41673269867897034,0.0,0.23795932770944073,0.2819490134716034,0.16249999999999998,0.2790639139711857,198,169.02218789259592,0.01145495347220653,0.00021176078185910878
pair_138,SetB,5,630.5,408.5,136.44025942994304,0.41567933559417725,0.0,0.2526863462238884,0.25416484475135803,0.0875,0.2763419821858406,198,159.38161750967393,0.01124319269034742,0.002239054674514993
pair_138,SetB,6,560.5,652.5,164.1005729062705,0.4167906641960144,0.0,0.2469821352753377,0.3106454014778137,0.125,0.2833479940891266,198,164.06248809523765,0.009004138015832427,2.9099019660505307e-05
pair_138,SetB,7,609.5,636.5,167.73014175723932,0.4175013601779938,0.0,0.2963442550595759,0.2663615942001343,0.12961646096066226,0.2702857591211796,198,174.9928569970786,0.008975038996171922,0.0001345293886586569
pair_138,SetB,8,415.5,671.5,208.69654507705232,0.42106327414512634,0.0,0.3163194466350101,0.2839469015598297,0.05,0.2817484848201275,198,191.18708115351308,0.008840509607513265,2.3813613732041883e-05
pair_138,SetB,9,634.5,422.5,131.63954709590683,0.415686696767807,0.0,0.26460813315695153,0.2619513273239136,0.18713203435596426,0.28018322587013245,198,155.23047381232848,0.008816695993781223,0.0007228969747155745
pair_138,SetB,10,589.5,670.5,189.77117407364724,0.42133018374443054,0.0,0.2915128931106803,0.3035317063331604,0.08106601717798213,0.2889336049556732,198,192.56297671151637,0.008093799019065649,7.734905348042408e-05
pair_138,SetB,11,592.5,651.5,173.27756323293298,0.4175427556037903,0.0,0.2930498146379236,0.2854272723197937,0.0875,0.28286174684762955,198,177.50633791501645,0.008016449965585225,0.00040777185520102406
pair_138,SetB,12,393.5,648.5,202.6800158450055,0.41675764322280884,0.0,0.29608230005620095,0.2486700713634491,0.125,0.273646242916584,198,182.74162087493917,0.007608678110384201,0.00045329851248032335
pair_138,SetB,13,375.5,644.5,211.75476406142698,0.41966959834098816,0.0,0.292036402943481,0.26756420731544495,0.0875,0.2748098187148571,198,190.73672955149462,0.007155379597903877,0.0001606085487723518
pair_138,SetB,14,641.5,635.5,185.4656743057337,0.41557252407073975,0.0,0.31423367837833277,0.2829785943031311,0.1662132317597294,0.2649475261569023,198,195.91452217740266,0.0069947710491315256,0.0008748812826083275
pair_138,SetB,15,624.5,446.5,111.39081457644988,0.4154038429260254,0.0,0.26825665173029783,0.2553647756576538,0.05885254915624212,0.2851494997739792,198,135.50830232867654,0.006119889766523198,0.0008633906767424107
pair_138,SetB,16,401.5,681.5,224.58888034179782,0.41605791449546814,0.0,0.3177782618388534,0.28320857882499695,0.16249999999999998,0.2861187793314457,198,206.50544787002593,0.005256499089780787,0.0002843451367275148
pair_138,SetB,17,627.5,427.5,123.05254561632441,0.4213344156742096,0.0,0.3165634318959749,0.2752666175365448,0.2,0.2842034697532654,198,146.6714014387263,0.004972153953053273,0.00012528505123200404
pair_138,SetB,18,596.5,665.5,187.71824601313642,0.4213506579399109,0.0,0.2987238843485732,0.2959469258785248,0.14270509831248424,0.2890204042196274,198,191.57896544245142,0.0048468689018212685,0.00044824852736504404
pair_138,SetB,19,603.5,660.5,186.0408053713117,0.4196060299873352,0.0,0.2935271535172579,0.28693142533302307,0.1340990257669732,0.2889842353761196,198,190.97774739482085,0.0043986203744562245,1.872168531411294e-05
pair_138,SetB,20,529.5,686.5,193.89660309567589,0.4168342053890228,0.0,0.3044786672850567,0.2889171540737152,0.09358541225631423,0.27667325735092163,198,188.81869610819794,0.0043798986891421116,9.620411129867158e-05
pair_139,SetB,1,468.5,617.5,0.4930703095079857,0.7747732996940613,0.0,0.67204662670999,0.49093684554100037,0.05,0.7162797152996063,199,121.64908548772571,0.7586307664258533,0.06446159789815775
pair_139,SetB,2,503.5,404.5,215.36453105048133,0.744550883769989,0.0,0.6470015682418307,0.4672013819217682,0.05,0.7409539222717285,199,95.56411460375699,0.6941691685276955,0.07975354719971417
pair_139,SetB,3,478.5,616.5,9.966677040948923,0.7874206304550171,0.0,0.6435484785015373,0.5560190081596375,0.05,0.7831737697124481,199,118.46729506492498,0.6144156213279813,0.16285894095506986
pair_139,SetB,4,518.5,615.5,49.976455590666106,0.7689633369445801,0.0,0.6351680940208513,0.5151466727256775,0.05,0.7143669128417969,199,116.97221892398211,0.45155668037291147,0.08152132624685049
pair_139,SetB,5,498.5,616.5,29.957991767547334,0.7907768487930298,0.0,0.5975494057664141,0.5585050582885742,0.05,0.7849923670291901,199,116.50965625217508,0.370035354126061,0.07263522162569314
pair_139,SetB,6,480.5,405.5,211.8466294256448,0.7374007701873779,0.0,0.6499687450593574,0.4242156147956848,0.05885254915624212,0.729868084192276,199,96.49093221645234,0.29740013250036784,0.11326978778937752
pair_139,SetB,7,657.5,612.5,189.0074596105617,0.7804238200187683,0.0,0.6754015781156313,0.5316454172134399,0.05,0.7729556262493134,199,193.5523185084591,0.18413034471099032,0.03747322687343829
pair_139,SetB,8,642.5,401.5,276.95496910080175,0.7494561672210693,0.0,0.676547519342755,0.4606797993183136,0.05,0.7438628375530243,199,173.2296164055096,0.14665711783755203,0.037473216710786975
pair_139,SetB,9,513.5,404.5,217.21177349385707,0.7463534474372864,0.0,0.6209239802170967,0.4620562195777893,0.0875,0.694495439529419,199,96.44946863513557,0.10918390112676506,0.010834266859492861
pair_139,SetB,10,643.5,613.5,174.9888537353979,0.7709544897079468,0.0,0.6828405517558367,0.5003731846809387,0.05,0.7664304077625275,199,182.96037822435764,0.0983496342672722,0.008505581700517378
pair_139,SetB,11,504.5,616.5,35.95726987128181,0.778304934501648,0.0,0.5961747083999828,0.5284298062324524,0.0875,0.7722273468971252,199,116.586877477699,0.08984405256675482,0.023714220491857008
pair_139,SetB,12,470.5,405.5,211.51813418535428,0.746285617351532,0.0,0.6662646117211969,0.4554414451122284,0.09358541225631423,0.7321014106273651,199,98.99747471526736,0.06612983207489781,0.024485634378781887
pair_139,SetB,13,511.5,616.5,42.956682523482186,0.7732900381088257,0.0,0.5839020264815893,0.5008736252784729,0.125,0.7559013962745667,199,117.06622057621917,0.04164419769611592,0.00221941214970018
pair_139,SetB,14,485.5,616.5,16.961307970366786,0.7824704647064209,0.0,0.6556801399916183,0.5489106774330139,0.09358541225631423,0.7782191932201385,199,117.39889266939446,0.03942478554641574,0.0008772865236780086
pair_139,SetB,15,457.5,405.5,211.7973696403587,0.6892270445823669,0.0,0.6815052592866868,0.43524080514907837,0.05,0.6837465465068817,199,103.61708353355638,0.038547499022737734,0.005390110457656097
pair_139,SetB,16,468.5,471.5,145.50911895492266,0.6292219758033752,0.0,0.647501290564328,0.5327941179275513,0.09358541225631423,0.5968906879425049,199,42.47940677551889,0.03315738856508164,0.0038063354249618826
pair_139,SetB,17,670.5,612.5,202.00399771073077,0.7951376438140869,0.0,0.6228321005122068,0.5713185667991638,0.05,0.7889427840709686,199,204.27065379050413,0.029351053140119755,0.006760537698088338
pair_139,SetB,18,501.5,457.5,162.87756366485823,0.627937912940979,0.0,0.669079723039023,0.5434092283248901,0.1662132317597294,0.6220589280128479,199,42.52646234992984,0.022590515442031417,0.011165165518657302
pair_139,SetB,19,392.5,618.5,76.06094754243031,0.6636642813682556,0.0,0.5201444176676053,0.45596081018447876,0.05,0.6593670547008514,199,159.99531243133345,0.011425349923374115,0.0003139989419521892
pair_139,SetB,20,668.5,400.5,294.7162427456946,0.7188369631767273,0.0,0.6551499472779252,0.41746148467063904,0.05,0.7146919071674347,199,195.68469536476275,0.011111350981421925,0.0005133305964902836
